  63   63
1 1
     0.537973433232552    -0.079871764865205    -0.079871764865205
    -0.079871764865205     0.537973433232552    -0.079871764865205
    -0.079871764865205    -0.079871764865205     0.537973433232552
1 2
    -0.003838840576971     0.000692022833207     0.000692022833207
     0.002591147833207    -0.013503652084908    -0.028467909706475
     0.002591147833207    -0.028467909706475    -0.013503652084908
1 3
     0.009637296327790    -0.000643048595364    -0.000643048595364
    -0.001834677563618     0.000018984819854    -0.003923459309650
    -0.001834677563618    -0.003923459309650     0.000018984819854
1 4
    -0.013503652084908     0.002591147833207    -0.028467909706475
     0.000692022833207    -0.003838840576971     0.000692022833207
    -0.028467909706475     0.002591147833207    -0.013503652084908
1 5
     0.000018984819854    -0.001834677563618    -0.003923459309650
    -0.000643048595364     0.009637296327790    -0.000643048595364
    -0.003923459309650    -0.001834677563618     0.000018984819854
1 6
    -0.013503652084908    -0.028467909706475     0.002591147833207
    -0.028467909706475    -0.013503652084908     0.002591147833207
     0.000692022833207     0.000692022833207    -0.003838840576971
1 7
     0.000018984819854    -0.003923459309650    -0.001834677563618
    -0.003923459309650     0.000018984819854    -0.001834677563618
    -0.000643048595364    -0.000643048595364     0.009637296327790
1 8
     0.000438387597631    -0.000641681531872     0.000107917674477
    -0.000641681531872     0.000438387597631     0.000107917674477
     0.000412235134795     0.000412235134795    -0.001144860418241
1 9
     0.001643653470647     0.000575407753842    -0.002246770817586
     0.000575407753842     0.001643653470647    -0.002246770817586
    -0.004222508912824    -0.004222508912824     0.005186308232552
1 10
     0.029501498708743    -0.010202747008063     0.013286054579239
     0.018430030769715    -0.022421467561098     0.029785010928445
    -0.022833917642983     0.033346931563366    -0.031803902084908
1 11
     0.003287990772235     0.000775955372890     0.000356626007811
     0.005131649817334     0.003725605851600    -0.002576185500126
    -0.002770096214412    -0.002265522801713     0.002307847915092
1 12
    -0.022421467561098     0.018430030769715     0.029785010928445
    -0.010202747008063     0.029501498708743     0.013286054579239
     0.033346931563366    -0.022833917642983    -0.031803902084908
1 13
     0.003725605851600     0.005131649817334    -0.002576185500126
     0.000775955372890     0.003287990772235     0.000356626007811
    -0.002265522801713    -0.002770096214412     0.002307847915092
1 14
     0.001065201089695    -0.000526675579491     0.001154729182414
    -0.000526675579491     0.001065201089695     0.001154729182414
     0.000432306563366     0.000432306563366     0.002019964978584
1 15
     0.001308903470647    -0.000819122008063     0.001235913706223
    -0.000819122008063     0.001308903470647     0.001235913706223
     0.001405639896699     0.001405639896699     0.001445695137314
1 16
     0.000438387597631     0.000107917674477    -0.000641681531872
     0.000412235134795    -0.001144860418241     0.000412235134795
    -0.000641681531872     0.000107917674477     0.000438387597631
1 17
     0.001643653470647    -0.002246770817586     0.000575407753842
    -0.004222508912824     0.005186308232552    -0.004222508912824
     0.000575407753842    -0.002246770817586     0.001643653470647
1 18
     0.029501498708743     0.013286054579239    -0.010202747008063
    -0.022833917642983    -0.031803902084908     0.033346931563366
     0.018430030769715     0.029785010928445    -0.022421467561098
1 19
     0.003287990772235     0.000356626007811     0.000775955372890
    -0.002770096214412     0.002307847915092    -0.002265522801713
     0.005131649817334    -0.002576185500126     0.003725605851600
1 20
     0.001065201089695     0.001154729182414    -0.000526675579491
     0.000432306563366     0.002019964978584     0.000432306563366
    -0.000526675579491     0.001154729182414     0.001065201089695
1 21
     0.001308903470647     0.001235913706223    -0.000819122008063
     0.001405639896699     0.001445695137314     0.001405639896699
    -0.000819122008063     0.001235913706223     0.001308903470647
1 22
    -0.022421467561098     0.029785010928445     0.018430030769715
     0.033346931563366    -0.031803902084908    -0.022833917642983
    -0.010202747008063     0.013286054579239     0.029501498708743
1 23
     0.003725605851600    -0.002576185500126     0.005131649817334
    -0.002265522801713     0.002307847915092    -0.002770096214412
     0.000775955372890     0.000356626007811     0.003287990772235
1 24
    -0.001507634227765    -0.000139540658856    -0.000139540658856
     0.004692487118922    -0.005061775100781    -0.000180256928698
     0.004692487118922    -0.000180256928697    -0.005061775100781
1 25
     0.006388580057949    -0.001358995023935    -0.001358995023936
    -0.011043455341396    -0.002889003275384    -0.006272223198539
    -0.011043455341396    -0.006272223198539    -0.002889003275384
1 26
     0.011103214978584     0.006096001007811     0.006096001007810
     0.028317510928446    -0.034845003275384    -0.044087223198539
     0.028317510928446    -0.044087223198539    -0.034845003275384
1 27
    -0.114215372323003     0.056425314499874     0.056425314499874
    -0.020612673595364    -0.160421396132527     0.024720935531620
    -0.020612673595364     0.024720935531620    -0.160421396132527
1 28
     0.000502211010330     0.001850852198287    -0.000693280738221
    -0.001880574389015     0.003626605851600    -0.000494510896951
    -0.000302090262031    -0.001804052563618    -0.000552747323003
1 29
    -0.001726298910305     0.003968159737969    -0.006521534706475
     0.004571381960191    -0.002091211608718     0.008299943468128
    -0.005588199389015     0.005483713309398    -0.004676459624591
1 30
     0.000502211010330    -0.000693280738221     0.001850852198287
    -0.000302090262031    -0.000552747323003    -0.001804052563618
    -0.001880574389015    -0.000494510896951     0.003626605851600
1 31
    -0.001726298910305    -0.006521534706475     0.003968159737969
    -0.005588199389015    -0.004676459624591     0.005483713309398
     0.004571381960191     0.008299943468128    -0.002091211608718
1 32
    -0.001144860418241     0.000412235134795     0.000412235134795
     0.000107917674477     0.000438387597631    -0.000641681531872
     0.000107917674477    -0.000641681531872     0.000438387597631
1 33
     0.005186308232552    -0.004222508912824    -0.004222508912824
    -0.002246770817586     0.001643653470647     0.000575407753842
    -0.002246770817586     0.000575407753842     0.001643653470647
1 34
     0.002019964978584     0.000432306563366     0.000432306563366
     0.001154729182414     0.001065201089695    -0.000526675579491
     0.001154729182414    -0.000526675579491     0.001065201089695
1 35
     0.001445695137314     0.001405639896699     0.001405639896699
     0.001235913706223     0.001308903470647    -0.000819122008063
     0.001235913706223    -0.000819122008063     0.001308903470647
1 36
    -0.031803902084908    -0.022833917642983     0.033346931563366
     0.013286054579239     0.029501498708743    -0.010202747008063
     0.029785010928445     0.018430030769715    -0.022421467561098
1 37
     0.002307847915092    -0.002770096214412    -0.002265522801713
     0.000356626007811     0.003287990772235     0.000775955372890
    -0.002576185500126     0.005131649817334     0.003725605851600
1 38
    -0.031803902084908     0.033346931563366    -0.022833917642983
     0.029785010928445    -0.022421467561098     0.018430030769715
     0.013286054579239    -0.010202747008063     0.029501498708743
1 39
     0.002307847915092    -0.002265522801713    -0.002770096214412
    -0.002576185500126     0.003725605851600     0.005131649817334
     0.000356626007811     0.000775955372890     0.003287990772235
1 40
    -0.005061775100781     0.004692487118922    -0.000180256928697
    -0.000139540658856    -0.001507634227765    -0.000139540658856
    -0.000180256928698     0.004692487118922    -0.005061775100781
1 41
    -0.002889003275384    -0.011043455341396    -0.006272223198539
    -0.001358995023936     0.006388580057949    -0.001358995023935
    -0.006272223198539    -0.011043455341396    -0.002889003275384
1 42
     0.003626605851600    -0.001880574389015    -0.000494510896951
     0.001850852198287     0.000502211010330    -0.000693280738221
    -0.001804052563618    -0.000302090262031    -0.000552747323003
1 43
    -0.002091211608718     0.004571381960191     0.008299943468128
     0.003968159737969    -0.001726298910305    -0.006521534706475
     0.005483713309398    -0.005588199389015    -0.004676459624591
1 44
    -0.034845003275384     0.028317510928446    -0.044087223198539
     0.006096001007810     0.011103214978584     0.006096001007811
    -0.044087223198539     0.028317510928446    -0.034845003275384
1 45
    -0.160421396132527    -0.020612673595364     0.024720935531620
     0.056425314499874    -0.114215372323003     0.056425314499874
     0.024720935531620    -0.020612673595364    -0.160421396132527
1 46
    -0.000552747323003    -0.000302090262031    -0.001804052563618
    -0.000693280738221     0.000502211010330     0.001850852198287
    -0.000494510896951    -0.001880574389015     0.003626605851600
1 47
    -0.004676459624591    -0.005588199389015     0.005483713309398
    -0.006521534706475    -0.001726298910305     0.003968159737969
     0.008299943468128     0.004571381960191    -0.002091211608718
1 48
    -0.005061775100781    -0.000180256928698     0.004692487118922
    -0.000180256928697    -0.005061775100781     0.004692487118922
    -0.000139540658856    -0.000139540658856    -0.001507634227765
1 49
    -0.002889003275384    -0.006272223198539    -0.011043455341396
    -0.006272223198539    -0.002889003275384    -0.011043455341396
    -0.001358995023935    -0.001358995023936     0.006388580057949
1 50
     0.003626605851600    -0.000494510896951    -0.001880574389015
    -0.001804052563618    -0.000552747323003    -0.000302090262031
     0.001850852198287    -0.000693280738221     0.000502211010330
1 51
    -0.002091211608718     0.008299943468128     0.004571381960191
     0.005483713309398    -0.004676459624591    -0.005588199389015
     0.003968159737969    -0.006521534706475    -0.001726298910305
1 52
    -0.000552747323003    -0.001804052563618    -0.000302090262031
    -0.000494510896951     0.003626605851600    -0.001880574389015
    -0.000693280738221     0.001850852198287     0.000502211010330
1 53
    -0.004676459624591     0.005483713309398    -0.005588199389015
     0.008299943468128    -0.002091211608718     0.004571381960191
    -0.006521534706475     0.003968159737969    -0.001726298910305
1 54
    -0.034845003275384    -0.044087223198539     0.028317510928446
    -0.044087223198539    -0.034845003275384     0.028317510928446
     0.006096001007811     0.006096001007810     0.011103214978584
1 55
    -0.160421396132527     0.024720935531620    -0.020612673595364
     0.024720935531620    -0.160421396132527    -0.020612673595364
     0.056425314499874     0.056425314499874    -0.114215372323003
1 56
    -0.000761798910305     0.000194931563366     0.000194931563366
     0.000194931563366    -0.000761798910305     0.000194931563366
     0.000194931563366     0.000194931563366    -0.000761798910305
1 57
     0.001385603867473    -0.000734788674729    -0.000734788674729
    -0.000734788674729     0.001385603867473    -0.000734788674729
    -0.000734788674729    -0.000734788674729     0.001385603867473
1 58
     0.003040556248425     0.000957784737969     0.000957784737969
     0.000786501007811    -0.000187983434114    -0.000262919627110
     0.000786501007811    -0.000262919627110    -0.000187983434115
1 59
     0.006389252676997     0.004974213309398     0.004974213309398
     0.001880778785588     0.001203310216679     0.002882318468128
     0.001880778785588     0.002882318468128     0.001203310216679
1 60
    -0.000187983434115     0.000786501007811    -0.000262919627110
     0.000957784737969     0.003040556248425     0.000957784737969
    -0.000262919627110     0.000786501007811    -0.000187983434114
1 61
     0.001203310216679     0.001880778785588     0.002882318468128
     0.004974213309398     0.006389252676997     0.004974213309398
     0.002882318468128     0.001880778785588     0.001203310216679
1 62
    -0.000187983434114    -0.000262919627110     0.000786501007811
    -0.000262919627110    -0.000187983434115     0.000786501007811
     0.000957784737969     0.000957784737969     0.003040556248425
1 63
     0.001203310216679     0.002882318468128     0.001880778785588
     0.002882318468128     0.001203310216679     0.001880778785588
     0.004974213309398     0.004974213309398     0.006389252676997
2 1
    -0.003838840576971     0.002591147833207     0.002591147833207
     0.000692022833207    -0.013503652084908    -0.028467909706475
     0.000692022833207    -0.028467909706475    -0.013503652084908
2 2
     0.621148885613504     0.105663560531620     0.105663560531620
     0.105663560531620     0.665156012597632    -0.086772554547745
     0.105663560531620    -0.086772554547745     0.665156012597633
2 3
    -0.155028977481733    -0.072137385896951    -0.072137385896951
    -0.037994264865205    -0.182733475497606    -0.018916604150919
    -0.037994264865205    -0.018916604150920    -0.182733475497606
2 4
     0.000771449105568     0.010379060531620    -0.007218747008062
     0.002091310531620     0.000771449105568     0.003022252991937
     0.003022252991938    -0.007218747008062     0.004181262597631
2 5
    -0.001631538989670    -0.004696514865205    -0.000716046611237
     0.002828114103049    -0.001448913989670     0.004208181563366
    -0.000618671611237     0.008208552595112     0.001243524502394
2 6
     0.000771449105568    -0.007218747008062     0.010379060531620
     0.003022252991937     0.004181262597631    -0.007218747008062
     0.002091310531620     0.003022252991938     0.000771449105568
2 7
    -0.001631538989670    -0.000716046611237    -0.004696514865205
    -0.000618671611237     0.001243524502394     0.008208552595112
     0.002828114103048     0.004208181563366    -0.001448913989670
2 8
     0.028298988788108     0.013089606166541    -0.010491169627110
    -0.012184643833459    -0.024473572719829     0.030677772833207
     0.014686272833207     0.032163465293525    -0.031606320735702
2 9
     0.002756129661124    -0.000323054547745     0.002637141880826
     0.000275695452255     0.002738943153187    -0.003170540658856
     0.004085528785588    -0.003335778754094     0.003384472915092
2 10
    -0.000445775100781    -0.000257084309650     0.001840717277652
     0.000225818468128    -0.001353677878559    -0.001140883912824
     0.000532370055430     0.000003911722096    -0.001182112402368
2 11
     0.004154841962711    -0.005195506928697     0.002869663706223
    -0.005519187484253     0.002030520534140    -0.000450330341396
     0.002146066484001     0.003018332357017    -0.003680487402368
2 12
    -0.000421241370622     0.000709818468128     0.000714298626858
    -0.000668584309650     0.000024288391283    -0.000817840262031
    -0.000093530738221     0.000155937515747     0.001731387597632
2 13
    -0.002416542957924     0.005221687515747     0.004095477198287
    -0.001111256928698    -0.005999094545225     0.001158356166541
     0.003958389896699    -0.000203366055682    -0.004095737402368
2 14
    -0.023410697719829    -0.012021637881078    -0.030775233119173
     0.013696487118922     0.028275240772235     0.012686334341144
    -0.032381405738221    -0.014398838277904    -0.029439370338876
2 15
    -0.002651620338876     0.002880665690350    -0.003884798595364
     0.005441415690350    -0.007237181846813     0.004227018864953
    -0.002800197404888     0.003568495055430    -0.003354515180146
2 16
     0.028298988788108    -0.010491169627110     0.013089606166541
     0.014686272833207    -0.031606320735702     0.032163465293525
    -0.012184643833459     0.030677772833207    -0.024473572719829
2 17
     0.002756129661124     0.002637141880826    -0.000323054547745
     0.004085528785588     0.003384472915092    -0.003335778754094
     0.000275695452255    -0.003170540658856     0.002738943153187
2 18
    -0.000445775100781     0.001840717277652    -0.000257084309650
     0.000532370055430    -0.001182112402368     0.000003911722096
     0.000225818468128    -0.001140883912824    -0.001353677878559
2 19
     0.004154841962711     0.002869663706223    -0.005195506928697
     0.002146066484001    -0.003680487402368     0.003018332357017
    -0.005519187484253    -0.000450330341396     0.002030520534139
2 20
    -0.023410697719829    -0.030775233119173    -0.012021637881078
    -0.032381405738221    -0.029439370338876    -0.014398838277904
     0.013696487118922     0.012686334341144     0.028275240772235
2 21
    -0.002651620338876    -0.003884798595364     0.002880665690350
    -0.002800197404888    -0.003354515180146     0.003568495055430
     0.005441415690350     0.004227018864953    -0.007237181846813
2 22
    -0.000421241370622     0.000714298626858     0.000709818468128
    -0.000093530738221     0.001731387597631     0.000155937515747
    -0.000668584309650    -0.000817840262031     0.000024288391283
2 23
    -0.002416542957924     0.004095477198287     0.005221687515747
     0.003958389896699    -0.004095737402368    -0.000203366055682
    -0.001111256928698     0.001158356166541    -0.005999094545225
2 24
     0.017632466962711    -0.002312377960443    -0.002312377960443
    -0.013083475182666    -0.032487485418241    -0.040584901769967
    -0.013083475182666    -0.040584901769967    -0.032487485418241
2 25
     0.001883181248425     0.001998167674477     0.001998167674477
     0.004208832357017    -0.005383713592845    -0.003375118039808
     0.004208832357017    -0.003375118039809    -0.005383713592844
2 26
     0.003612941169060     0.000694288706223     0.000694288706223
    -0.000422201373142    -0.003553838592845    -0.001038868039808
    -0.000422201373142    -0.001038868039809    -0.003553838592844
2 27
     0.004165353867473    -0.000745147801713    -0.000745147801713
     0.000678864103049    -0.004493731449987    -0.004985709309650
     0.000678864103048    -0.004985709309650    -0.004493731449987
2 28
    -0.001351312799194     0.002792389896699    -0.000189993039809
     0.003817963309398    -0.001625729465861    -0.000644905738221
    -0.000389177563618    -0.000058447404888     0.001887792359536
2 29
     0.000770552280171    -0.000822052563618     0.001001002991938
    -0.000690705341396     0.000605953073822     0.000561048626858
     0.001480088309398     0.000535943468128     0.000590580057949
2 30
    -0.001351312799194    -0.000189993039809     0.002792389896699
    -0.000389177563618     0.001887792359536    -0.000058447404888
     0.003817963309398    -0.000644905738221    -0.001625729465861
2 31
     0.000770552280171     0.001001002991938    -0.000822052563618
     0.001480088309398     0.000590580057949     0.000535943468128
    -0.000690705341396     0.000561048626858     0.000605953073822
2 32
     0.000755865772235    -0.000165977166793    -0.000165977166793
     0.000518205372890    -0.000048572719829     0.000168798626858
     0.000518205372890     0.000168798626858    -0.000048572719829
2 33
     0.002598409423029     0.004116403785588     0.004116403785588
     0.002609016880826     0.002299193153187     0.000572887912573
     0.002609016880826     0.000572887912573     0.002299193153187
2 34
    -0.003128308830940     0.000398094261779     0.000398094261779
     0.001518766880826    -0.001933759227765    -0.000131820420761
     0.001518766880826    -0.000131820420761    -0.001933759227765
2 35
     0.002667046327790    -0.004268822404888    -0.004268822404888
    -0.000454048595364     0.002159818153187     0.001358983150668
    -0.000454048595364     0.001358983150668     0.002159818153187
2 36
    -0.031456425894432    -0.030860254944570     0.014657219261779
    -0.031544657722348    -0.023187461608717     0.013810733150668
    -0.011626701373142    -0.013485489071555     0.029682322121441
2 37
    -0.175022675894432    -0.042818933515999     0.014048389896700
    -0.070987086293777    -0.165256469545225     0.069030685531620
     0.017678477198287     0.035872254976064    -0.179147979465860
2 38
    -0.031456425894432     0.014657219261779    -0.030860254944570
    -0.011626701373142     0.029682322121441    -0.013485489071555
    -0.031544657722348     0.013810733150668    -0.023187461608717
2 39
    -0.175022675894432     0.014048389896700    -0.042818933515999
     0.017678477198287    -0.179147979465860     0.035872254976064
    -0.070987086293777     0.069030685531620    -0.165256469545225
2 40
     0.002210951089695     0.003182649817334     0.001538280769715
    -0.000315877960443     0.001570905454774    -0.002484935500126
    -0.000148719230284    -0.005370532722348    -0.001717485418242
2 41
    -0.000916652084908     0.004791707357017     0.002934314499874
     0.002768917674478    -0.002843880259511    -0.002398764865205
     0.003736314499874    -0.004195600182666    -0.005381963592845
2 42
    -0.002878542957924    -0.002119161690602    -0.000457723198539
     0.000393014896699     0.008256000692870    -0.000163675579491
     0.000028110134795     0.000664764896699    -0.002738582640464
2 43
    -0.003773985418241    -0.004052455341396    -0.003568143833459
    -0.004029802563618    -0.006763509227765    -0.005755554547745
    -0.003516248992190    -0.002880094230285    -0.002737294942051
2 44
    -0.002095277084908     0.002954048626858     0.001934064499874
     0.001477663706223     0.000889754661124     0.000592981166541
     0.000638689499874    -0.001090883912824     0.002470786407155
2 45
     0.001301955057949    -0.000161010896951    -0.001410026769967
    -0.002713647801713     0.000428667359536    -0.001145455341396
     0.000749473230033     0.002020681563366    -0.000804606449987
2 46
    -0.033333021132527    -0.009371427563618     0.041158360134795
    -0.003037493039809     0.021590375692870     0.003990707357017
     0.040818776801461     0.013346030769715    -0.032817229465861
2 47
     0.001577766565886    -0.001548661690602    -0.001190998992189
    -0.001536872008063     0.001814865772235     0.001501639896699
    -0.003780268833459     0.003480737118922     0.003175078073822
2 48
     0.002210951089695     0.001538280769715     0.003182649817334
    -0.000148719230285    -0.001717485418241    -0.005370532722348
    -0.000315877960444    -0.002484935500126     0.001570905454774
2 49
    -0.000916652084908     0.002934314499874     0.004791707357017
     0.003736314499874    -0.005381963592844    -0.004195600182666
     0.002768917674477    -0.002398764865205    -0.002843880259511
2 50
    -0.002878542957924    -0.000457723198539    -0.002119161690602
     0.000028110134794    -0.002738582640464     0.000664764896699
     0.000393014896699    -0.000163675579491     0.008256000692870
2 51
    -0.003773985418241    -0.003568143833459    -0.004052455341396
    -0.003516248992190    -0.002737294942051    -0.002880094230285
    -0.004029802563618    -0.005755554547745    -0.006763509227765
2 52
    -0.033333021132527     0.041158360134795    -0.009371427563618
     0.040818776801461    -0.032817229465861     0.013346030769715
    -0.003037493039809     0.003990707357017     0.021590375692870
2 53
     0.001577766565886    -0.001190998992189    -0.001548661690602
    -0.003780268833459     0.003175078073822     0.003480737118922
    -0.001536872008063     0.001501639896699     0.001814865772235
2 54
    -0.002095277084908     0.001934064499874     0.002954048626858
     0.000638689499874     0.002470786407155    -0.001090883912824
     0.001477663706223     0.000592981166541     0.000889754661124
2 55
     0.001301955057949    -0.001410026769967    -0.000161010896951
     0.000749473230033    -0.000804606449987     0.002020681563366
    -0.002713647801713    -0.001145455341396     0.000428667359536
2 56
     0.002521177280171     0.001056219261779     0.001056219261779
    -0.000464405738221    -0.001133134227765     0.000907286722096
    -0.000464405738221     0.000907286722096    -0.001133134227765
2 57
     0.000869955057949     0.001123874023684     0.001123874023684
     0.001218124023684     0.000522518550013    -0.001205683515999
     0.001218124023684    -0.001205683515999     0.000522518550013
2 58
    -0.001159092561098     0.000653197436382     0.000653197436382
     0.000461413706223    -0.000625443751575    -0.000391814468380
     0.000461413706223    -0.000391814468380    -0.000625443751574
2 59
     0.000956228867473    -0.000629248992189    -0.000629248992190
    -0.000422683515999     0.000505974899219    -0.001567701373142
    -0.000422683515999    -0.001567701373142     0.000505974899219
2 60
    -0.001547257243638    -0.000640211293777    -0.000268756928697
    -0.001163302563618    -0.000561279069035     0.000682514896699
     0.000700618071303    -0.000823143833459     0.002765181248425
2 61
    -0.006318213592845    -0.004319558515999     0.005912606166541
    -0.004116873992189    -0.003320207640464     0.002657818468128
     0.002969356166541     0.003817383944318    -0.002081400100781
2 62
    -0.001547257243638    -0.000268756928698    -0.000640211293777
     0.000700618071303     0.002765181248426    -0.000823143833459
    -0.001163302563618     0.000682514896700    -0.000561279069035
2 63
    -0.006318213592844     0.005912606166541    -0.004319558515999
     0.002969356166541    -0.002081400100781     0.003817383944318
    -0.004116873992190     0.002657818468128    -0.003320207640464
3 1
     0.009637296327790    -0.001834677563618    -0.001834677563618
    -0.000643048595364     0.000018984819854    -0.003923459309650
    -0.000643048595364    -0.003923459309650     0.000018984819854
3 2
    -0.155028977481733    -0.037994264865205    -0.037994264865205
    -0.072137385896951    -0.182733475497606    -0.018916604150920
    -0.072137385896951    -0.018916604150919    -0.182733475497606
3 3
     0.854044159423028    -0.003938336293777    -0.003938336293777
    -0.003938336293777     0.829941036407155    -0.063587153754094
    -0.003938336293777    -0.063587153754094     0.829941036407155
3 4
    -0.001448913989670    -0.004696514865205     0.008208552595112
     0.002828114103048    -0.001631538989670    -0.000618671611237
     0.004208181563366    -0.000716046611237     0.001243524502394
3 5
    -0.030527777084908     0.038795909737969    -0.016575497008062
     0.029831667674477    -0.030527777084908     0.014702006960192
     0.014702006960191    -0.016575497008062     0.027394786407155
3 6
    -0.001448913989670     0.008208552595112    -0.004696514865205
     0.004208181563366     0.001243524502394    -0.000716046611237
     0.002828114103049    -0.000618671611237    -0.001631538989670
3 7
    -0.030527777084908    -0.016575497008062     0.038795909737969
     0.014702006960192     0.027394786407155    -0.016575497008062
     0.029831667674477     0.014702006960191    -0.030527777084908
3 8
     0.003850875692870     0.002432780769715     0.001042629976065
     0.001657284737969     0.002349064184933    -0.003054276769967
     0.000288576404636    -0.002188709309650     0.004112691169060
3 9
     0.031297266565886    -0.016128129944570     0.016390066484001
     0.016734499023684    -0.028568669942051     0.032144284737969
    -0.016617792642983     0.032140546642731    -0.028345765180146
3 10
     0.003506986803981    -0.000756659706475    -0.002860358119174
    -0.000038752960443     0.003678209026203    -0.001807933515999
    -0.001512951373142    -0.002933262881078     0.003067399502394
3 11
    -0.001765646132527     0.000113917674477    -0.000108286690602
     0.000538991087176    -0.000988592561098    -0.000267004944570
     0.000989745055430     0.000208407753842    -0.001307225497606
3 12
    -0.006603479465860    -0.005485881928697     0.005330473230033
    -0.004279155738221    -0.002276949703956     0.003830110134795
     0.004512897833207     0.003624887912572    -0.001707600497606
3 13
    -0.001097031053162    -0.007025887881078    -0.000851723198539
    -0.001063203357269     0.000543042359536     0.000109056563366
     0.001135318468128     0.000401459341144     0.002791774502394
3 14
    -0.197386060815067     0.044440411722096    -0.045512058515999
     0.048963665690350    -0.197333497323003     0.055145534737969
    -0.043543227166793     0.046675362118922    -0.194849358434114
3 15
    -0.029166108434114     0.017803715293525    -0.031335123992189
    -0.017553905738221     0.031196830057949    -0.018423155738221
    -0.032546643833459     0.017351820452255    -0.028463878275384
3 16
     0.003850875692870     0.001042629976065     0.002432780769715
     0.000288576404636     0.004112691169060    -0.002188709309650
     0.001657284737969    -0.003054276769967     0.002349064184933
3 17
     0.031297266565886     0.016390066484001    -0.016128129944570
    -0.016617792642983    -0.028345765180146     0.032140546642731
     0.016734499023684     0.032144284737969    -0.028568669942051
3 18
     0.003506986803981    -0.002860358119174    -0.000756659706475
    -0.001512951373142     0.003067399502394    -0.002933262881078
    -0.000038752960443    -0.001807933515999     0.003678209026203
3 19
    -0.001765646132527    -0.000108286690602     0.000113917674477
     0.000989745055430    -0.001307225497606     0.000208407753842
     0.000538991087176    -0.000267004944570    -0.000988592561099
3 20
    -0.197386060815067    -0.045512058515999     0.044440411722096
    -0.043543227166793    -0.194849358434114     0.046675362118922
     0.048963665690350     0.055145534737969    -0.197333497323003
3 21
    -0.029166108434114    -0.031335123992189     0.017803715293525
    -0.032546643833459    -0.028463878275384     0.017351820452255
    -0.017553905738221    -0.018423155738221     0.031196830057949
3 22
    -0.006603479465860     0.005330473230033    -0.005485881928697
     0.004512897833207    -0.001707600497606     0.003624887912572
    -0.004279155738221     0.003830110134795    -0.002276949703956
3 23
    -0.001097031053162    -0.000851723198539    -0.007025887881078
     0.001135318468128     0.002791774502393     0.000401459341144
    -0.001063203357269     0.000109056563366     0.000543042359536
3 24
    -0.190606271132527     0.058388796642731     0.058388796642731
     0.037777953388763    -0.181801098513479    -0.031600701373142
     0.037777953388763    -0.031600701373142    -0.181801098513480
3 25
     0.027165318153187    -0.016055032722348    -0.016055032722348
     0.017341135928445    -0.029555326688083    -0.034177167642983
     0.017341135928445    -0.034177167642983    -0.029555326688083
3 26
    -0.004368921926178    -0.004545161690602    -0.004545161690602
    -0.005284522801713    -0.001511451688083    -0.002439292642983
    -0.005284522801713    -0.002439292642983    -0.001511451688083
3 27
     0.006914115772235    -0.001735848198539    -0.001735848198539
     0.002379042674477    -0.000334469545226     0.000881866087176
     0.002379042674477     0.000881866087176    -0.000334469545226
3 28
     0.005818074105568    -0.000989560500126     0.002062556563366
    -0.000766358119174     0.005005657438901     0.001771669658604
     0.002024751007810     0.002925877991938     0.002051429264298
3 29
    -0.000364935815067     0.001261622039557     0.001426177595112
     0.001167973230033    -0.000477910021416     0.000459499023684
    -0.000582108119174    -0.000735856135047     0.002929466962711
3 30
     0.005818074105568     0.002062556563366    -0.000989560500126
     0.002024751007810     0.002051429264298     0.002925877991938
    -0.000766358119174     0.001771669658604     0.005005657438901
3 31
    -0.000364935815067     0.001426177595112     0.001261622039557
    -0.000582108119174     0.002929466962711    -0.000735856135047
     0.001167973230033     0.000459499023684    -0.000477910021416
3 32
     0.002119002676997     0.001600697436382     0.001600697436382
     0.000933633944319     0.001388689184933    -0.001200625976316
     0.000933633944319    -0.001200625976316     0.001388689184933
3 33
     0.003434171327790     0.000309078388763     0.000309078388763
    -0.000280554547745    -0.000027669942051     0.001733963309398
    -0.000280554547745     0.001733963309398    -0.000027669942051
3 34
     0.001504078073822    -0.002454106135047    -0.002454106135047
    -0.002624054547745     0.004509627676997    -0.001001870023936
    -0.002624054547745    -0.001001870023936     0.004509627676997
3 35
    -0.000773066767448     0.000075352198287     0.000075352198287
     0.000137754976065    -0.001236544942051     0.000109183547493
     0.000137754976065     0.000109183547493    -0.001236544942051
3 36
    -0.000614413989670    -0.003959580341396     0.005279018864953
    -0.006025729150920    -0.004207824703956     0.005340933547493
     0.002918852198287     0.003693711325271    -0.005171790973797
3 37
    -0.027225538989670    -0.031091758912824    -0.015616435500126
    -0.023878782722348    -0.029870082640464    -0.025127614071554
     0.022827905769715     0.017276830372890     0.023790657438901
3 38
    -0.000614413989670     0.005279018864953    -0.003959580341396
     0.002918852198287    -0.005171790973797     0.003693711325271
    -0.006025729150920     0.005340933547493    -0.004207824703956
3 39
    -0.027225538989670    -0.015616435500126    -0.031091758912824
     0.022827905769715     0.023790657438901     0.017276830372890
    -0.023878782722348    -0.025127614071555    -0.029870082640464
3 40
    -0.001866037005543     0.000630574420509     0.003053955372890
     0.003530425610985    -0.001391957640464    -0.003313860103301
     0.004886334341144    -0.005368707325523    -0.005153973513479
3 41
     0.000960859819854    -0.000128243039808     0.001470489103049
     0.001417096245906    -0.000841618354749    -0.001599939468380
     0.000198118071303    -0.000989524785840    -0.001226201688083
3 42
    -0.002581031053162    -0.001806487087428    -0.002469423595364
    -0.004356181531872    -0.006634237402368    -0.004346225182666
    -0.003225586293777    -0.004404534706475    -0.002034320735702
3 43
    -0.000866723513479    -0.000912905738221     0.000197905769715
     0.000005501007811     0.008608252676997    -0.000135354150920
    -0.000658820420761    -0.001819643833459    -0.001766783037289
3 44
     0.001532859819854    -0.001976151769967     0.001336614103049
    -0.001251032722348     0.001660516565886     0.001266806563366
     0.001610743071303     0.001579316484001     0.001686548311917
3 45
     0.000262966962711     0.002652538706223     0.000594897833207
     0.001280530769715    -0.001026820735702    -0.000926879944570
     0.000236276801461     0.001553381960191     0.002144030454775
3 46
     0.002764740772235     0.002082997039557    -0.003775090262031
     0.001575185531620     0.006705262597632     0.000058282753842
    -0.003410919627110     0.001875481166541     0.004393782438902
3 47
    -0.027078596529352     0.017599637912572     0.030062050610985
    -0.015079068436634     0.030646627676997     0.012923340293525
     0.033187659737969    -0.016027937484253    -0.030469035021416
3 48
    -0.001866037005543     0.003053955372890     0.000630574420509
     0.004886334341144    -0.005153973513480    -0.005368707325523
     0.003530425610985    -0.003313860103301    -0.001391957640464
3 49
     0.000960859819854     0.001470489103049    -0.000128243039808
     0.000198118071303    -0.001226201688083    -0.000989524785840
     0.001417096245906    -0.001599939468380    -0.000841618354749
3 50
    -0.002581031053162    -0.002469423595364    -0.001806487087428
    -0.003225586293777    -0.002034320735702    -0.004404534706475
    -0.004356181531872    -0.004346225182666    -0.006634237402368
3 51
    -0.000866723513479     0.000197905769715    -0.000912905738221
    -0.000658820420761    -0.001766783037289    -0.001819643833459
     0.000005501007811    -0.000135354150920     0.008608252676997
3 52
     0.002764740772235    -0.003775090262031     0.002082997039557
    -0.003410919627110     0.004393782438902     0.001875481166541
     0.001575185531620     0.000058282753842     0.006705262597632
3 53
    -0.027078596529352     0.030062050610985     0.017599637912572
     0.033187659737969    -0.030469035021416    -0.016027937484253
    -0.015079068436634     0.012923340293525     0.030646627676997
3 54
     0.001532859819854     0.001336614103049    -0.001976151769967
     0.001610743071303     0.001686548311917     0.001579316484001
    -0.001251032722348     0.001266806563366     0.001660516565886
3 55
     0.000262966962711     0.000594897833207     0.002652538706223
     0.000236276801461     0.002144030454774     0.001553381960192
     0.001280530769715    -0.000926879944570    -0.001026820735702
3 56
     0.002176939184933     0.002416518864953     0.002416518864953
     0.002562522833207     0.005295002676997    -0.000481637881078
     0.002562522833207    -0.000481637881078     0.005295002676997
3 57
     0.003316591962711    -0.000723201373142    -0.000723201373142
     0.001274302595112    -0.000454594545225     0.001063516880826
     0.001274302595112     0.001063516880826    -0.000454594545225
3 58
     0.001343169343663    -0.001329502960443    -0.001329502960443
    -0.001183407722348     0.001569068153187    -0.001004989071555
    -0.001183407722348    -0.001004989071554     0.001569068153187
3 59
    -0.000244384227765    -0.000341074389015    -0.000341074389015
     0.000252245055430    -0.000146513196019    -0.000073375976317
     0.000252245055430    -0.000073375976316    -0.000146513196019
3 60
    -0.002171870338876    -0.004264411690602     0.003517292674477
    -0.004670873992190    -0.005331892164273     0.004780465293525
     0.003290046642731     0.004720806563366    -0.001682681846813
3 61
     0.000452923311917    -0.001740133912824     0.000440280769715
    -0.001689820420761    -0.000626945735702    -0.000938856135047
    -0.000364715262031     0.000377959341144     0.002994111803981
3 62
    -0.002171870338876     0.003517292674477    -0.004264411690602
     0.003290046642731    -0.001682681846813     0.004720806563366
    -0.004670873992189     0.004780465293525    -0.005331892164273
3 63
     0.000452923311917     0.000440280769715    -0.001740133912824
    -0.000364715262031     0.002994111803981     0.000377959341144
    -0.001689820420761    -0.000938856135047    -0.000626945735702
4 1
    -0.013503652084908     0.000692022833207    -0.028467909706475
     0.002591147833207    -0.003838840576971     0.002591147833207
    -0.028467909706475     0.000692022833207    -0.013503652084908
4 2
     0.000771449105568     0.002091310531620     0.003022252991938
     0.010379060531620     0.000771449105568    -0.007218747008062
    -0.007218747008062     0.003022252991937     0.004181262597631
4 3
    -0.001448913989670     0.002828114103048     0.004208181563366
    -0.004696514865205    -0.001631538989670    -0.000716046611237
     0.008208552595112    -0.000618671611237     0.001243524502394
4 4
     0.665156012597633     0.105663560531620    -0.086772554547745
     0.105663560531620     0.621148885613504     0.105663560531620
    -0.086772554547745     0.105663560531620     0.665156012597631
4 5
    -0.182733475497606    -0.037994264865205    -0.018916604150920
    -0.072137385896951    -0.155028977481733    -0.072137385896951
    -0.018916604150919    -0.037994264865205    -0.182733475497606
4 6
     0.004181262597631     0.003022252991938    -0.007218747008062
    -0.007218747008062     0.000771449105568     0.010379060531620
     0.003022252991937     0.002091310531620     0.000771449105568
4 7
     0.001243524502394    -0.000618671611237     0.008208552595112
    -0.000716046611237    -0.001631538989670    -0.004696514865205
     0.004208181563366     0.002828114103049    -0.001448913989670
4 8
    -0.024473572719829    -0.012184643833459     0.030677772833207
     0.013089606166541     0.028298988788108    -0.010491169627110
     0.032163465293525     0.014686272833207    -0.031606320735702
4 9
     0.002738943153187     0.000275695452255    -0.003170540658856
    -0.000323054547745     0.002756129661124     0.002637141880826
    -0.003335778754094     0.004085528785588     0.003384472915092
4 10
     0.000024288391283    -0.000668584309650    -0.000817840262031
     0.000709818468128    -0.000421241370622     0.000714298626858
     0.000155937515747    -0.000093530738221     0.001731387597631
4 11
    -0.005999094545225    -0.001111256928698     0.001158356166541
     0.005221687515747    -0.002416542957924     0.004095477198287
    -0.000203366055682     0.003958389896699    -0.004095737402368
4 12
    -0.001353677878559     0.000225818468128    -0.001140883912824
    -0.000257084309650    -0.000445775100781     0.001840717277652
     0.000003911722096     0.000532370055430    -0.001182112402368
4 13
     0.002030520534139    -0.005519187484253    -0.000450330341396
    -0.005195506928697     0.004154841962711     0.002869663706223
     0.003018332357017     0.002146066484001    -0.003680487402368
4 14
     0.028275240772235     0.013696487118922     0.012686334341144
    -0.012021637881078    -0.023410697719829    -0.030775233119173
    -0.014398838277904    -0.032381405738221    -0.029439370338876
4 15
    -0.007237181846813     0.005441415690350     0.004227018864953
     0.002880665690350    -0.002651620338876    -0.003884798595364
     0.003568495055430    -0.002800197404888    -0.003354515180146
4 16
    -0.000048572719829     0.000518205372890     0.000168798626858
    -0.000165977166793     0.000755865772235    -0.000165977166793
     0.000168798626858     0.000518205372890    -0.000048572719829
4 17
     0.002299193153187     0.002609016880826     0.000572887912573
     0.004116403785588     0.002598409423029     0.004116403785588
     0.000572887912573     0.002609016880826     0.002299193153187
4 18
    -0.023187461608717    -0.031544657722348     0.013810733150668
    -0.030860254944570    -0.031456425894432     0.014657219261779
    -0.013485489071555    -0.011626701373142     0.029682322121441
4 19
    -0.165256469545225    -0.070987086293777     0.069030685531620
    -0.042818933515999    -0.175022675894432     0.014048389896700
     0.035872254976064     0.017678477198287    -0.179147979465860
4 20
    -0.001933759227765     0.001518766880826    -0.000131820420761
     0.000398094261779    -0.003128308830940     0.000398094261779
    -0.000131820420761     0.001518766880826    -0.001933759227765
4 21
     0.002159818153187    -0.000454048595364     0.001358983150668
    -0.004268822404888     0.002667046327790    -0.004268822404888
     0.001358983150668    -0.000454048595364     0.002159818153187
4 22
     0.029682322121441    -0.011626701373142    -0.013485489071555
     0.014657219261779    -0.031456425894432    -0.030860254944570
     0.013810733150668    -0.031544657722348    -0.023187461608717
4 23
    -0.179147979465860     0.017678477198287     0.035872254976064
     0.014048389896700    -0.175022675894432    -0.042818933515999
     0.069030685531620    -0.070987086293777    -0.165256469545225
4 24
     0.001570905454774    -0.000315877960444    -0.002484935500126
     0.003182649817334     0.002210951089695     0.001538280769715
    -0.005370532722348    -0.000148719230285    -0.001717485418241
4 25
    -0.002843880259511     0.002768917674477    -0.002398764865205
     0.004791707357017    -0.000916652084908     0.002934314499874
    -0.004195600182666     0.003736314499874    -0.005381963592844
4 26
     0.000889754661124     0.001477663706223     0.000592981166541
     0.002954048626858    -0.002095277084908     0.001934064499874
    -0.001090883912824     0.000638689499874     0.002470786407155
4 27
     0.000428667359536    -0.002713647801713    -0.001145455341396
    -0.000161010896951     0.001301955057949    -0.001410026769967
     0.002020681563366     0.000749473230033    -0.000804606449987
4 28
     0.008256000692870     0.000393014896699    -0.000163675579491
    -0.002119161690602    -0.002878542957924    -0.000457723198539
     0.000664764896699     0.000028110134794    -0.002738582640464
4 29
    -0.006763509227765    -0.004029802563618    -0.005755554547745
    -0.004052455341396    -0.003773985418241    -0.003568143833459
    -0.002880094230285    -0.003516248992190    -0.002737294942051
4 30
     0.021590375692870    -0.003037493039809     0.003990707357017
    -0.009371427563618    -0.033333021132527     0.041158360134795
     0.013346030769715     0.040818776801461    -0.032817229465861
4 31
     0.001814865772235    -0.001536872008063     0.001501639896699
    -0.001548661690602     0.001577766565886    -0.001190998992189
     0.003480737118922    -0.003780268833459     0.003175078073822
4 32
    -0.031606320735702     0.014686272833207     0.032163465293525
    -0.010491169627110     0.028298988788108     0.013089606166541
     0.030677772833207    -0.012184643833459    -0.024473572719829
4 33
     0.003384472915092     0.004085528785588    -0.003335778754094
     0.002637141880826     0.002756129661124    -0.000323054547745
    -0.003170540658856     0.000275695452255     0.002738943153187
4 34
    -0.029439370338876    -0.032381405738221    -0.014398838277904
    -0.030775233119173    -0.023410697719829    -0.012021637881078
     0.012686334341144     0.013696487118922     0.028275240772235
4 35
    -0.003354515180146    -0.002800197404888     0.003568495055430
    -0.003884798595364    -0.002651620338876     0.002880665690350
     0.004227018864953     0.005441415690350    -0.007237181846813
4 36
    -0.001182112402368     0.000532370055430     0.000003911722096
     0.001840717277652    -0.000445775100781    -0.000257084309650
    -0.001140883912824     0.000225818468128    -0.001353677878559
4 37
    -0.003680487402368     0.002146066484001     0.003018332357017
     0.002869663706223     0.004154841962711    -0.005195506928697
    -0.000450330341396    -0.005519187484253     0.002030520534140
4 38
     0.001731387597632    -0.000093530738221     0.000155937515747
     0.000714298626858    -0.000421241370622     0.000709818468128
    -0.000817840262031    -0.000668584309650     0.000024288391283
4 39
    -0.004095737402368     0.003958389896699    -0.000203366055682
     0.004095477198287    -0.002416542957924     0.005221687515747
     0.001158356166541    -0.001111256928698    -0.005999094545225
4 40
    -0.032487485418241    -0.013083475182666    -0.040584901769967
    -0.002312377960443     0.017632466962711    -0.002312377960443
    -0.040584901769967    -0.013083475182666    -0.032487485418241
4 41
    -0.005383713592844     0.004208832357017    -0.003375118039809
     0.001998167674477     0.001883181248425     0.001998167674477
    -0.003375118039808     0.004208832357017    -0.005383713592845
4 42
    -0.001625729465861     0.003817963309398    -0.000644905738221
     0.002792389896699    -0.001351312799194    -0.000189993039809
    -0.000058447404888    -0.000389177563618     0.001887792359536
4 43
     0.000605953073822    -0.000690705341396     0.000561048626858
    -0.000822052563618     0.000770552280171     0.001001002991938
     0.000535943468128     0.001480088309398     0.000590580057949
4 44
    -0.003553838592844    -0.000422201373142    -0.001038868039809
     0.000694288706223     0.003612941169060     0.000694288706223
    -0.001038868039808    -0.000422201373142    -0.003553838592845
4 45
    -0.004493731449987     0.000678864103048    -0.004985709309650
    -0.000745147801713     0.004165353867473    -0.000745147801713
    -0.004985709309650     0.000678864103049    -0.004493731449987
4 46
     0.001887792359536    -0.000389177563618    -0.000058447404888
    -0.000189993039809    -0.001351312799194     0.002792389896699
    -0.000644905738221     0.003817963309398    -0.001625729465861
4 47
     0.000590580057949     0.001480088309398     0.000535943468128
     0.001001002991938     0.000770552280171    -0.000822052563618
     0.000561048626858    -0.000690705341396     0.000605953073822
4 48
    -0.001717485418242    -0.000148719230284    -0.005370532722348
     0.001538280769715     0.002210951089695     0.003182649817334
    -0.002484935500126    -0.000315877960443     0.001570905454774
4 49
    -0.005381963592845     0.003736314499874    -0.004195600182666
     0.002934314499874    -0.000916652084908     0.004791707357017
    -0.002398764865205     0.002768917674478    -0.002843880259511
4 50
    -0.032817229465861     0.040818776801461     0.013346030769715
     0.041158360134795    -0.033333021132527    -0.009371427563618
     0.003990707357017    -0.003037493039809     0.021590375692870
4 51
     0.003175078073822    -0.003780268833459     0.003480737118922
    -0.001190998992189     0.001577766565886    -0.001548661690602
     0.001501639896699    -0.001536872008063     0.001814865772235
4 52
    -0.002738582640464     0.000028110134795     0.000664764896699
    -0.000457723198539    -0.002878542957924    -0.002119161690602
    -0.000163675579491     0.000393014896699     0.008256000692870
4 53
    -0.002737294942051    -0.003516248992190    -0.002880094230285
    -0.003568143833459    -0.003773985418241    -0.004052455341396
    -0.005755554547745    -0.004029802563618    -0.006763509227765
4 54
     0.002470786407155     0.000638689499874    -0.001090883912824
     0.001934064499874    -0.002095277084908     0.002954048626858
     0.000592981166541     0.001477663706223     0.000889754661124
4 55
    -0.000804606449987     0.000749473230033     0.002020681563366
    -0.001410026769967     0.001301955057949    -0.000161010896951
    -0.001145455341396    -0.002713647801713     0.000428667359536
4 56
    -0.001133134227765    -0.000464405738221     0.000907286722096
     0.001056219261779     0.002521177280171     0.001056219261779
     0.000907286722096    -0.000464405738221    -0.001133134227765
4 57
     0.000522518550013     0.001218124023684    -0.001205683515999
     0.001123874023684     0.000869955057949     0.001123874023684
    -0.001205683515999     0.001218124023684     0.000522518550013
4 58
    -0.000561279069035    -0.001163302563618     0.000682514896700
    -0.000640211293777    -0.001547257243638    -0.000268756928698
    -0.000823143833459     0.000700618071303     0.002765181248426
4 59
    -0.003320207640464    -0.004116873992190     0.002657818468128
    -0.004319558515999    -0.006318213592844     0.005912606166541
     0.003817383944318     0.002969356166541    -0.002081400100781
4 60
    -0.000625443751574     0.000461413706223    -0.000391814468380
     0.000653197436382    -0.001159092561098     0.000653197436382
    -0.000391814468380     0.000461413706223    -0.000625443751575
4 61
     0.000505974899219    -0.000422683515999    -0.001567701373142
    -0.000629248992190     0.000956228867473    -0.000629248992189
    -0.001567701373142    -0.000422683515999     0.000505974899219
4 62
     0.002765181248425     0.000700618071303    -0.000823143833459
    -0.000268756928697    -0.001547257243638    -0.000640211293777
     0.000682514896699    -0.001163302563618    -0.000561279069035
4 63
    -0.002081400100781     0.002969356166541     0.003817383944318
     0.005912606166541    -0.006318213592845    -0.004319558515999
     0.002657818468128    -0.004116873992189    -0.003320207640464
5 1
     0.000018984819854    -0.000643048595364    -0.003923459309650
    -0.001834677563618     0.009637296327790    -0.001834677563618
    -0.003923459309650    -0.000643048595364     0.000018984819854
5 2
    -0.001631538989670     0.002828114103049    -0.000618671611237
    -0.004696514865205    -0.001448913989670     0.008208552595112
    -0.000716046611237     0.004208181563366     0.001243524502394
5 3
    -0.030527777084908     0.029831667674477     0.014702006960191
     0.038795909737969    -0.030527777084908    -0.016575497008062
    -0.016575497008062     0.014702006960192     0.027394786407155
5 4
    -0.182733475497606    -0.072137385896951    -0.018916604150919
    -0.037994264865205    -0.155028977481733    -0.037994264865205
    -0.018916604150920    -0.072137385896951    -0.182733475497606
5 5
     0.829941036407155    -0.003938336293777    -0.063587153754094
    -0.003938336293777     0.854044159423028    -0.003938336293777
    -0.063587153754094    -0.003938336293777     0.829941036407155
5 6
     0.001243524502394     0.004208181563366    -0.000716046611237
     0.008208552595112    -0.001448913989670    -0.004696514865205
    -0.000618671611237     0.002828114103048    -0.001631538989670
5 7
     0.027394786407155     0.014702006960191    -0.016575497008062
    -0.016575497008062    -0.030527777084908     0.038795909737969
     0.014702006960192     0.029831667674477    -0.030527777084908
5 8
     0.002349064184933     0.001657284737969    -0.003054276769967
     0.002432780769715     0.003850875692870     0.001042629976065
    -0.002188709309650     0.000288576404636     0.004112691169060
5 9
    -0.028568669942051     0.016734499023684     0.032144284737969
    -0.016128129944570     0.031297266565886     0.016390066484001
     0.032140546642731    -0.016617792642983    -0.028345765180146
5 10
    -0.002276949703956    -0.004279155738221     0.003830110134795
    -0.005485881928697    -0.006603479465860     0.005330473230033
     0.003624887912572     0.004512897833207    -0.001707600497606
5 11
     0.000543042359536    -0.001063203357269     0.000109056563366
    -0.007025887881078    -0.001097031053162    -0.000851723198539
     0.000401459341144     0.001135318468128     0.002791774502393
5 12
     0.003678209026203    -0.000038752960443    -0.001807933515999
    -0.000756659706475     0.003506986803981    -0.002860358119174
    -0.002933262881078    -0.001512951373142     0.003067399502394
5 13
    -0.000988592561099     0.000538991087176    -0.000267004944570
     0.000113917674477    -0.001765646132527    -0.000108286690602
     0.000208407753842     0.000989745055430    -0.001307225497606
5 14
    -0.197333497323003     0.048963665690350     0.055145534737969
     0.044440411722096    -0.197386060815067    -0.045512058515999
     0.046675362118922    -0.043543227166793    -0.194849358434114
5 15
     0.031196830057949    -0.017553905738221    -0.018423155738221
     0.017803715293525    -0.029166108434114    -0.031335123992189
     0.017351820452255    -0.032546643833459    -0.028463878275384
5 16
     0.001388689184933     0.000933633944319    -0.001200625976316
     0.001600697436382     0.002119002676997     0.001600697436382
    -0.001200625976316     0.000933633944319     0.001388689184933
5 17
    -0.000027669942051    -0.000280554547745     0.001733963309398
     0.000309078388763     0.003434171327790     0.000309078388763
     0.001733963309398    -0.000280554547745    -0.000027669942051
5 18
    -0.004207824703956    -0.006025729150920     0.005340933547493
    -0.003959580341396    -0.000614413989670     0.005279018864953
     0.003693711325271     0.002918852198287    -0.005171790973797
5 19
    -0.029870082640464    -0.023878782722348    -0.025127614071555
    -0.031091758912824    -0.027225538989670    -0.015616435500126
     0.017276830372890     0.022827905769715     0.023790657438901
5 20
     0.004509627676997    -0.002624054547745    -0.001001870023936
    -0.002454106135047     0.001504078073822    -0.002454106135047
    -0.001001870023936    -0.002624054547745     0.004509627676997
5 21
    -0.001236544942051     0.000137754976065     0.000109183547493
     0.000075352198287    -0.000773066767448     0.000075352198287
     0.000109183547493     0.000137754976065    -0.001236544942051
5 22
    -0.005171790973797     0.002918852198287     0.003693711325271
     0.005279018864953    -0.000614413989670    -0.003959580341396
     0.005340933547493    -0.006025729150920    -0.004207824703956
5 23
     0.023790657438901     0.022827905769715     0.017276830372890
    -0.015616435500126    -0.027225538989670    -0.031091758912824
    -0.025127614071554    -0.023878782722348    -0.029870082640464
5 24
    -0.001391957640464     0.003530425610985    -0.003313860103301
     0.000630574420509    -0.001866037005543     0.003053955372890
    -0.005368707325523     0.004886334341144    -0.005153973513480
5 25
    -0.000841618354749     0.001417096245906    -0.001599939468380
    -0.000128243039808     0.000960859819854     0.001470489103049
    -0.000989524785840     0.000198118071303    -0.001226201688083
5 26
     0.001660516565886    -0.001251032722348     0.001266806563366
    -0.001976151769967     0.001532859819854     0.001336614103049
     0.001579316484001     0.001610743071303     0.001686548311917
5 27
    -0.001026820735702     0.001280530769715    -0.000926879944570
     0.002652538706223     0.000262966962711     0.000594897833207
     0.001553381960192     0.000236276801461     0.002144030454774
5 28
    -0.006634237402368    -0.004356181531872    -0.004346225182666
    -0.001806487087428    -0.002581031053162    -0.002469423595364
    -0.004404534706475    -0.003225586293777    -0.002034320735702
5 29
     0.008608252676997     0.000005501007811    -0.000135354150920
    -0.000912905738221    -0.000866723513479     0.000197905769715
    -0.001819643833459    -0.000658820420761    -0.001766783037289
5 30
     0.006705262597632     0.001575185531620     0.000058282753842
     0.002082997039557     0.002764740772235    -0.003775090262031
     0.001875481166541    -0.003410919627110     0.004393782438902
5 31
     0.030646627676997    -0.015079068436634     0.012923340293525
     0.017599637912572    -0.027078596529352     0.030062050610985
    -0.016027937484253     0.033187659737969    -0.030469035021416
5 32
     0.004112691169060     0.000288576404636    -0.002188709309650
     0.001042629976065     0.003850875692870     0.002432780769715
    -0.003054276769967     0.001657284737969     0.002349064184933
5 33
    -0.028345765180146    -0.016617792642983     0.032140546642731
     0.016390066484001     0.031297266565886    -0.016128129944570
     0.032144284737969     0.016734499023684    -0.028568669942051
5 34
    -0.194849358434114    -0.043543227166793     0.046675362118922
    -0.045512058515999    -0.197386060815067     0.044440411722096
     0.055145534737969     0.048963665690350    -0.197333497323003
5 35
    -0.028463878275384    -0.032546643833459     0.017351820452255
    -0.031335123992189    -0.029166108434114     0.017803715293525
    -0.018423155738221    -0.017553905738221     0.031196830057949
5 36
     0.003067399502394    -0.001512951373142    -0.002933262881078
    -0.002860358119174     0.003506986803981    -0.000756659706475
    -0.001807933515999    -0.000038752960443     0.003678209026203
5 37
    -0.001307225497606     0.000989745055430     0.000208407753842
    -0.000108286690602    -0.001765646132527     0.000113917674477
    -0.000267004944570     0.000538991087176    -0.000988592561098
5 38
    -0.001707600497606     0.004512897833207     0.003624887912572
     0.005330473230033    -0.006603479465860    -0.005485881928697
     0.003830110134795    -0.004279155738221    -0.002276949703956
5 39
     0.002791774502394     0.001135318468128     0.000401459341144
    -0.000851723198539    -0.001097031053162    -0.007025887881078
     0.000109056563366    -0.001063203357269     0.000543042359536
5 40
    -0.181801098513480     0.037777953388763    -0.031600701373142
     0.058388796642731    -0.190606271132527     0.058388796642731
    -0.031600701373142     0.037777953388763    -0.181801098513479
5 41
    -0.029555326688083     0.017341135928445    -0.034177167642983
    -0.016055032722348     0.027165318153187    -0.016055032722348
    -0.034177167642983     0.017341135928445    -0.029555326688083
5 42
     0.005005657438902    -0.000766358119174     0.001771669658604
    -0.000989560500126     0.005818074105568     0.002062556563366
     0.002925877991938     0.002024751007810     0.002051429264298
5 43
    -0.000477910021416     0.001167973230033     0.000459499023684
     0.001261622039557    -0.000364935815067     0.001426177595112
    -0.000735856135047    -0.000582108119174     0.002929466962711
5 44
    -0.001511451688083    -0.005284522801713    -0.002439292642983
    -0.004545161690602    -0.004368921926178    -0.004545161690602
    -0.002439292642983    -0.005284522801713    -0.001511451688083
5 45
    -0.000334469545226     0.002379042674477     0.000881866087176
    -0.001735848198539     0.006914115772235    -0.001735848198539
     0.000881866087176     0.002379042674477    -0.000334469545226
5 46
     0.002051429264298     0.002024751007810     0.002925877991938
     0.002062556563366     0.005818074105568    -0.000989560500126
     0.001771669658604    -0.000766358119174     0.005005657438901
5 47
     0.002929466962711    -0.000582108119174    -0.000735856135047
     0.001426177595112    -0.000364935815067     0.001261622039557
     0.000459499023684     0.001167973230033    -0.000477910021416
5 48
    -0.005153973513479     0.004886334341144    -0.005368707325523
     0.003053955372890    -0.001866037005543     0.000630574420509
    -0.003313860103301     0.003530425610985    -0.001391957640464
5 49
    -0.001226201688083     0.000198118071303    -0.000989524785840
     0.001470489103049     0.000960859819854    -0.000128243039808
    -0.001599939468380     0.001417096245906    -0.000841618354749
5 50
     0.004393782438902    -0.003410919627110     0.001875481166541
    -0.003775090262031     0.002764740772235     0.002082997039557
     0.000058282753842     0.001575185531620     0.006705262597632
5 51
    -0.030469035021416     0.033187659737969    -0.016027937484253
     0.030062050610985    -0.027078596529352     0.017599637912572
     0.012923340293525    -0.015079068436634     0.030646627676997
5 52
    -0.002034320735702    -0.003225586293777    -0.004404534706475
    -0.002469423595364    -0.002581031053162    -0.001806487087428
    -0.004346225182666    -0.004356181531872    -0.006634237402368
5 53
    -0.001766783037289    -0.000658820420761    -0.001819643833459
     0.000197905769715    -0.000866723513479    -0.000912905738221
    -0.000135354150920     0.000005501007811     0.008608252676997
5 54
     0.001686548311917     0.001610743071303     0.001579316484001
     0.001336614103049     0.001532859819854    -0.001976151769967
     0.001266806563366    -0.001251032722348     0.001660516565886
5 55
     0.002144030454775     0.000236276801461     0.001553381960191
     0.000594897833207     0.000262966962711     0.002652538706223
    -0.000926879944570     0.001280530769715    -0.001026820735702
5 56
     0.005295002676997     0.002562522833207    -0.000481637881078
     0.002416518864953     0.002176939184933     0.002416518864953
    -0.000481637881078     0.002562522833207     0.005295002676997
5 57
    -0.000454594545225     0.001274302595112     0.001063516880826
    -0.000723201373142     0.003316591962711    -0.000723201373142
     0.001063516880826     0.001274302595112    -0.000454594545225
5 58
    -0.005331892164273    -0.004670873992189     0.004780465293525
    -0.004264411690602    -0.002171870338876     0.003517292674477
     0.004720806563366     0.003290046642731    -0.001682681846813
5 59
    -0.000626945735702    -0.001689820420761    -0.000938856135047
    -0.001740133912824     0.000452923311917     0.000440280769715
     0.000377959341144    -0.000364715262031     0.002994111803981
5 60
     0.001569068153187    -0.001183407722348    -0.001004989071554
    -0.001329502960443     0.001343169343663    -0.001329502960443
    -0.001004989071555    -0.001183407722348     0.001569068153187
5 61
    -0.000146513196019     0.000252245055430    -0.000073375976316
    -0.000341074389015    -0.000244384227765    -0.000341074389015
    -0.000073375976317     0.000252245055430    -0.000146513196019
5 62
    -0.001682681846813     0.003290046642731     0.004720806563366
     0.003517292674477    -0.002171870338876    -0.004264411690602
     0.004780465293525    -0.004670873992190    -0.005331892164273
5 63
     0.002994111803981    -0.000364715262031     0.000377959341144
     0.000440280769715     0.000452923311917    -0.001740133912824
    -0.000938856135047    -0.001689820420761    -0.000626945735702
6 1
    -0.013503652084908    -0.028467909706475     0.000692022833207
    -0.028467909706475    -0.013503652084908     0.000692022833207
     0.002591147833207     0.002591147833207    -0.003838840576971
6 2
     0.000771449105568     0.003022252991937     0.002091310531620
    -0.007218747008062     0.004181262597631     0.003022252991938
     0.010379060531620    -0.007218747008062     0.000771449105568
6 3
    -0.001448913989670     0.004208181563366     0.002828114103049
     0.008208552595112     0.001243524502394    -0.000618671611237
    -0.004696514865205    -0.000716046611237    -0.001631538989670
6 4
     0.004181262597631    -0.007218747008062     0.003022252991937
     0.003022252991938     0.000771449105568     0.002091310531620
    -0.007218747008062     0.010379060531620     0.000771449105568
6 5
     0.001243524502394     0.008208552595112    -0.000618671611237
     0.004208181563366    -0.001448913989670     0.002828114103048
    -0.000716046611237    -0.004696514865205    -0.001631538989670
6 6
     0.665156012597632    -0.086772554547745     0.105663560531620
    -0.086772554547745     0.665156012597633     0.105663560531620
     0.105663560531620     0.105663560531620     0.621148885613504
6 7
    -0.182733475497606    -0.018916604150919    -0.037994264865205
    -0.018916604150920    -0.182733475497606    -0.037994264865205
    -0.072137385896951    -0.072137385896951    -0.155028977481733
6 8
    -0.000048572719829     0.000168798626858     0.000518205372890
     0.000168798626858    -0.000048572719829     0.000518205372890
    -0.000165977166793    -0.000165977166793     0.000755865772235
6 9
     0.002299193153187     0.000572887912573     0.002609016880826
     0.000572887912573     0.002299193153187     0.002609016880826
     0.004116403785588     0.004116403785588     0.002598409423029
6 10
    -0.023187461608717     0.013810733150668    -0.031544657722348
    -0.013485489071555     0.029682322121441    -0.011626701373142
    -0.030860254944570     0.014657219261779    -0.031456425894432
6 11
    -0.165256469545225     0.069030685531620    -0.070987086293777
     0.035872254976064    -0.179147979465860     0.017678477198287
    -0.042818933515999     0.014048389896700    -0.175022675894432
6 12
     0.029682322121441    -0.013485489071555    -0.011626701373142
     0.013810733150668    -0.023187461608717    -0.031544657722348
     0.014657219261779    -0.030860254944570    -0.031456425894432
6 13
    -0.179147979465860     0.035872254976064     0.017678477198287
     0.069030685531620    -0.165256469545225    -0.070987086293777
     0.014048389896700    -0.042818933515999    -0.175022675894432
6 14
    -0.001933759227765    -0.000131820420761     0.001518766880826
    -0.000131820420761    -0.001933759227765     0.001518766880826
     0.000398094261779     0.000398094261779    -0.003128308830940
6 15
     0.002159818153187     0.001358983150668    -0.000454048595364
     0.001358983150668     0.002159818153187    -0.000454048595364
    -0.004268822404888    -0.004268822404888     0.002667046327790
6 16
    -0.024473572719829     0.030677772833207    -0.012184643833459
     0.032163465293525    -0.031606320735702     0.014686272833207
     0.013089606166541    -0.010491169627110     0.028298988788108
6 17
     0.002738943153187    -0.003170540658856     0.000275695452255
    -0.003335778754094     0.003384472915092     0.004085528785588
    -0.000323054547745     0.002637141880826     0.002756129661124
6 18
     0.000024288391283    -0.000817840262031    -0.000668584309650
     0.000155937515747     0.001731387597632    -0.000093530738221
     0.000709818468128     0.000714298626858    -0.000421241370622
6 19
    -0.005999094545225     0.001158356166541    -0.001111256928698
    -0.000203366055682    -0.004095737402368     0.003958389896699
     0.005221687515747     0.004095477198287    -0.002416542957924
6 20
     0.028275240772235     0.012686334341144     0.013696487118922
    -0.014398838277904    -0.029439370338876    -0.032381405738221
    -0.012021637881078    -0.030775233119173    -0.023410697719829
6 21
    -0.007237181846813     0.004227018864953     0.005441415690350
     0.003568495055430    -0.003354515180146    -0.002800197404888
     0.002880665690350    -0.003884798595364    -0.002651620338876
6 22
    -0.001353677878559    -0.001140883912824     0.000225818468128
     0.000003911722096    -0.001182112402368     0.000532370055430
    -0.000257084309650     0.001840717277652    -0.000445775100781
6 23
     0.002030520534140    -0.000450330341396    -0.005519187484253
     0.003018332357017    -0.003680487402368     0.002146066484001
    -0.005195506928697     0.002869663706223     0.004154841962711
6 24
     0.001570905454774    -0.002484935500126    -0.000315877960443
    -0.005370532722348    -0.001717485418242    -0.000148719230284
     0.003182649817334     0.001538280769715     0.002210951089695
6 25
    -0.002843880259511    -0.002398764865205     0.002768917674478
    -0.004195600182666    -0.005381963592845     0.003736314499874
     0.004791707357017     0.002934314499874    -0.000916652084908
6 26
     0.000889754661124     0.000592981166541     0.001477663706223
    -0.001090883912824     0.002470786407155     0.000638689499874
     0.002954048626858     0.001934064499874    -0.002095277084908
6 27
     0.000428667359536    -0.001145455341396    -0.002713647801713
     0.002020681563366    -0.000804606449987     0.000749473230033
    -0.000161010896951    -0.001410026769967     0.001301955057949
6 28
     0.021590375692870     0.003990707357017    -0.003037493039809
     0.013346030769715    -0.032817229465861     0.040818776801461
    -0.009371427563618     0.041158360134795    -0.033333021132527
6 29
     0.001814865772235     0.001501639896699    -0.001536872008063
     0.003480737118922     0.003175078073822    -0.003780268833459
    -0.001548661690602    -0.001190998992189     0.001577766565886
6 30
     0.008256000692870    -0.000163675579491     0.000393014896699
     0.000664764896699    -0.002738582640464     0.000028110134795
    -0.002119161690602    -0.000457723198539    -0.002878542957924
6 31
    -0.006763509227765    -0.005755554547745    -0.004029802563618
    -0.002880094230285    -0.002737294942051    -0.003516248992190
    -0.004052455341396    -0.003568143833459    -0.003773985418241
6 32
    -0.031606320735702     0.032163465293525     0.014686272833207
     0.030677772833207    -0.024473572719829    -0.012184643833459
    -0.010491169627110     0.013089606166541     0.028298988788108
6 33
     0.003384472915092    -0.003335778754094     0.004085528785588
    -0.003170540658856     0.002738943153187     0.000275695452255
     0.002637141880826    -0.000323054547745     0.002756129661124
6 34
    -0.029439370338876    -0.014398838277904    -0.032381405738221
     0.012686334341144     0.028275240772235     0.013696487118922
    -0.030775233119173    -0.012021637881078    -0.023410697719829
6 35
    -0.003354515180146     0.003568495055430    -0.002800197404888
     0.004227018864953    -0.007237181846813     0.005441415690350
    -0.003884798595364     0.002880665690350    -0.002651620338876
6 36
     0.001731387597631     0.000155937515747    -0.000093530738221
    -0.000817840262031     0.000024288391283    -0.000668584309650
     0.000714298626858     0.000709818468128    -0.000421241370622
6 37
    -0.004095737402368    -0.000203366055682     0.003958389896699
     0.001158356166541    -0.005999094545225    -0.001111256928698
     0.004095477198287     0.005221687515747    -0.002416542957924
6 38
    -0.001182112402368     0.000003911722096     0.000532370055430
    -0.001140883912824    -0.001353677878559     0.000225818468128
     0.001840717277652    -0.000257084309650    -0.000445775100781
6 39
    -0.003680487402368     0.003018332357017     0.002146066484001
    -0.000450330341396     0.002030520534139    -0.005519187484253
     0.002869663706223    -0.005195506928697     0.004154841962711
6 40
    -0.001717485418241    -0.005370532722348    -0.000148719230285
    -0.002484935500126     0.001570905454774    -0.000315877960444
     0.001538280769715     0.003182649817334     0.002210951089695
6 41
    -0.005381963592844    -0.004195600182666     0.003736314499874
    -0.002398764865205    -0.002843880259511     0.002768917674477
     0.002934314499874     0.004791707357017    -0.000916652084908
6 42
    -0.032817229465861     0.013346030769715     0.040818776801461
     0.003990707357017     0.021590375692870    -0.003037493039809
     0.041158360134795    -0.009371427563618    -0.033333021132527
6 43
     0.003175078073822     0.003480737118922    -0.003780268833459
     0.001501639896699     0.001814865772235    -0.001536872008063
    -0.001190998992189    -0.001548661690602     0.001577766565886
6 44
     0.002470786407155    -0.001090883912824     0.000638689499874
     0.000592981166541     0.000889754661124     0.001477663706223
     0.001934064499874     0.002954048626858    -0.002095277084908
6 45
    -0.000804606449987     0.002020681563366     0.000749473230033
    -0.001145455341396     0.000428667359536    -0.002713647801713
    -0.001410026769967    -0.000161010896951     0.001301955057949
6 46
    -0.002738582640464     0.000664764896699     0.000028110134794
    -0.000163675579491     0.008256000692870     0.000393014896699
    -0.000457723198539    -0.002119161690602    -0.002878542957924
6 47
    -0.002737294942051    -0.002880094230285    -0.003516248992190
    -0.005755554547745    -0.006763509227765    -0.004029802563618
    -0.003568143833459    -0.004052455341396    -0.003773985418241
6 48
    -0.032487485418241    -0.040584901769967    -0.013083475182666
    -0.040584901769967    -0.032487485418241    -0.013083475182666
    -0.002312377960443    -0.002312377960443     0.017632466962711
6 49
    -0.005383713592845    -0.003375118039808     0.004208832357017
    -0.003375118039809    -0.005383713592844     0.004208832357017
     0.001998167674477     0.001998167674477     0.001883181248425
6 50
    -0.001625729465861    -0.000644905738221     0.003817963309398
    -0.000058447404888     0.001887792359536    -0.000389177563618
     0.002792389896699    -0.000189993039809    -0.001351312799194
6 51
     0.000605953073822     0.000561048626858    -0.000690705341396
     0.000535943468128     0.000590580057949     0.001480088309398
    -0.000822052563618     0.001001002991938     0.000770552280171
6 52
     0.001887792359536    -0.000058447404888    -0.000389177563618
    -0.000644905738221    -0.001625729465861     0.003817963309398
    -0.000189993039809     0.002792389896699    -0.001351312799194
6 53
     0.000590580057949     0.000535943468128     0.001480088309398
     0.000561048626858     0.000605953073822    -0.000690705341396
     0.001001002991938    -0.000822052563618     0.000770552280171
6 54
    -0.003553838592845    -0.001038868039808    -0.000422201373142
    -0.001038868039809    -0.003553838592844    -0.000422201373142
     0.000694288706223     0.000694288706223     0.003612941169060
6 55
    -0.004493731449987    -0.004985709309650     0.000678864103049
    -0.004985709309650    -0.004493731449987     0.000678864103048
    -0.000745147801713    -0.000745147801713     0.004165353867473
6 56
    -0.001133134227765     0.000907286722096    -0.000464405738221
     0.000907286722096    -0.001133134227765    -0.000464405738221
     0.001056219261779     0.001056219261779     0.002521177280171
6 57
     0.000522518550013    -0.001205683515999     0.001218124023684
    -0.001205683515999     0.000522518550013     0.001218124023684
     0.001123874023684     0.001123874023684     0.000869955057949
6 58
    -0.000561279069035     0.000682514896699    -0.001163302563618
    -0.000823143833459     0.002765181248425     0.000700618071303
    -0.000640211293777    -0.000268756928697    -0.001547257243638
6 59
    -0.003320207640464     0.002657818468128    -0.004116873992189
     0.003817383944318    -0.002081400100781     0.002969356166541
    -0.004319558515999     0.005912606166541    -0.006318213592845
6 60
     0.002765181248426    -0.000823143833459     0.000700618071303
     0.000682514896700    -0.000561279069035    -0.001163302563618
    -0.000268756928698    -0.000640211293777    -0.001547257243638
6 61
    -0.002081400100781     0.003817383944318     0.002969356166541
     0.002657818468128    -0.003320207640464    -0.004116873992190
     0.005912606166541    -0.004319558515999    -0.006318213592844
6 62
    -0.000625443751575    -0.000391814468380     0.000461413706223
    -0.000391814468380    -0.000625443751574     0.000461413706223
     0.000653197436382     0.000653197436382    -0.001159092561098
6 63
     0.000505974899219    -0.001567701373142    -0.000422683515999
    -0.001567701373142     0.000505974899219    -0.000422683515999
    -0.000629248992189    -0.000629248992190     0.000956228867473
7 1
     0.000018984819854    -0.003923459309650    -0.000643048595364
    -0.003923459309650     0.000018984819854    -0.000643048595364
    -0.001834677563618    -0.001834677563618     0.009637296327790
7 2
    -0.001631538989670    -0.000618671611237     0.002828114103048
    -0.000716046611237     0.001243524502394     0.004208181563366
    -0.004696514865205     0.008208552595112    -0.001448913989670
7 3
    -0.030527777084908     0.014702006960192     0.029831667674477
    -0.016575497008062     0.027394786407155     0.014702006960191
     0.038795909737969    -0.016575497008062    -0.030527777084908
7 4
     0.001243524502394    -0.000716046611237     0.004208181563366
    -0.000618671611237    -0.001631538989670     0.002828114103049
     0.008208552595112    -0.004696514865205    -0.001448913989670
7 5
     0.027394786407155    -0.016575497008062     0.014702006960192
     0.014702006960191    -0.030527777084908     0.029831667674477
    -0.016575497008062     0.038795909737969    -0.030527777084908
7 6
    -0.182733475497606    -0.018916604150920    -0.072137385896951
    -0.018916604150919    -0.182733475497606    -0.072137385896951
    -0.037994264865205    -0.037994264865205    -0.155028977481733
7 7
     0.829941036407155    -0.063587153754094    -0.003938336293777
    -0.063587153754094     0.829941036407155    -0.003938336293777
    -0.003938336293777    -0.003938336293777     0.854044159423028
7 8
     0.001388689184933    -0.001200625976316     0.000933633944319
    -0.001200625976316     0.001388689184933     0.000933633944319
     0.001600697436382     0.001600697436382     0.002119002676997
7 9
    -0.000027669942051     0.001733963309398    -0.000280554547745
     0.001733963309398    -0.000027669942051    -0.000280554547745
     0.000309078388763     0.000309078388763     0.003434171327790
7 10
    -0.004207824703956     0.005340933547493    -0.006025729150920
     0.003693711325271    -0.005171790973797     0.002918852198287
    -0.003959580341396     0.005279018864953    -0.000614413989670
7 11
    -0.029870082640464    -0.025127614071554    -0.023878782722348
     0.017276830372890     0.023790657438901     0.022827905769715
    -0.031091758912824    -0.015616435500126    -0.027225538989670
7 12
    -0.005171790973797     0.003693711325271     0.002918852198287
     0.005340933547493    -0.004207824703956    -0.006025729150920
     0.005279018864953    -0.003959580341396    -0.000614413989670
7 13
     0.023790657438901     0.017276830372890     0.022827905769715
    -0.025127614071555    -0.029870082640464    -0.023878782722348
    -0.015616435500126    -0.031091758912824    -0.027225538989670
7 14
     0.004509627676997    -0.001001870023936    -0.002624054547745
    -0.001001870023936     0.004509627676997    -0.002624054547745
    -0.002454106135047    -0.002454106135047     0.001504078073822
7 15
    -0.001236544942051     0.000109183547493     0.000137754976065
     0.000109183547493    -0.001236544942051     0.000137754976065
     0.000075352198287     0.000075352198287    -0.000773066767448
7 16
     0.002349064184933    -0.003054276769967     0.001657284737969
    -0.002188709309650     0.004112691169060     0.000288576404636
     0.002432780769715     0.001042629976065     0.003850875692870
7 17
    -0.028568669942051     0.032144284737969     0.016734499023684
     0.032140546642731    -0.028345765180146    -0.016617792642983
    -0.016128129944570     0.016390066484001     0.031297266565886
7 18
    -0.002276949703956     0.003830110134795    -0.004279155738221
     0.003624887912572    -0.001707600497606     0.004512897833207
    -0.005485881928697     0.005330473230033    -0.006603479465860
7 19
     0.000543042359536     0.000109056563366    -0.001063203357269
     0.000401459341144     0.002791774502394     0.001135318468128
    -0.007025887881078    -0.000851723198539    -0.001097031053162
7 20
    -0.197333497323003     0.055145534737969     0.048963665690350
     0.046675362118922    -0.194849358434114    -0.043543227166793
     0.044440411722096    -0.045512058515999    -0.197386060815067
7 21
     0.031196830057949    -0.018423155738221    -0.017553905738221
     0.017351820452255    -0.028463878275384    -0.032546643833459
     0.017803715293525    -0.031335123992189    -0.029166108434114
7 22
     0.003678209026203    -0.001807933515999    -0.000038752960443
    -0.002933262881078     0.003067399502394    -0.001512951373142
    -0.000756659706475    -0.002860358119174     0.003506986803981
7 23
    -0.000988592561098    -0.000267004944570     0.000538991087176
     0.000208407753842    -0.001307225497606     0.000989745055430
     0.000113917674477    -0.000108286690602    -0.001765646132527
7 24
    -0.001391957640464    -0.003313860103301     0.003530425610985
    -0.005368707325523    -0.005153973513479     0.004886334341144
     0.000630574420509     0.003053955372890    -0.001866037005543
7 25
    -0.000841618354749    -0.001599939468380     0.001417096245906
    -0.000989524785840    -0.001226201688083     0.000198118071303
    -0.000128243039808     0.001470489103049     0.000960859819854
7 26
     0.001660516565886     0.001266806563366    -0.001251032722348
     0.001579316484001     0.001686548311917     0.001610743071303
    -0.001976151769967     0.001336614103049     0.001532859819854
7 27
    -0.001026820735702    -0.000926879944570     0.001280530769715
     0.001553381960191     0.002144030454775     0.000236276801461
     0.002652538706223     0.000594897833207     0.000262966962711
7 28
     0.006705262597632     0.000058282753842     0.001575185531620
     0.001875481166541     0.004393782438902    -0.003410919627110
     0.002082997039557    -0.003775090262031     0.002764740772235
7 29
     0.030646627676997     0.012923340293525    -0.015079068436634
    -0.016027937484253    -0.030469035021416     0.033187659737969
     0.017599637912572     0.030062050610985    -0.027078596529352
7 30
    -0.006634237402368    -0.004346225182666    -0.004356181531872
    -0.004404534706475    -0.002034320735702    -0.003225586293777
    -0.001806487087428    -0.002469423595364    -0.002581031053162
7 31
     0.008608252676997    -0.000135354150920     0.000005501007811
    -0.001819643833459    -0.001766783037289    -0.000658820420761
    -0.000912905738221     0.000197905769715    -0.000866723513479
7 32
     0.004112691169060    -0.002188709309650     0.000288576404636
    -0.003054276769967     0.002349064184933     0.001657284737969
     0.001042629976065     0.002432780769715     0.003850875692870
7 33
    -0.028345765180146     0.032140546642731    -0.016617792642983
     0.032144284737969    -0.028568669942051     0.016734499023684
     0.016390066484001    -0.016128129944570     0.031297266565886
7 34
    -0.194849358434114     0.046675362118922    -0.043543227166793
     0.055145534737969    -0.197333497323003     0.048963665690350
    -0.045512058515999     0.044440411722096    -0.197386060815067
7 35
    -0.028463878275384     0.017351820452255    -0.032546643833459
    -0.018423155738221     0.031196830057949    -0.017553905738221
    -0.031335123992189     0.017803715293525    -0.029166108434114
7 36
    -0.001707600497606     0.003624887912572     0.004512897833207
     0.003830110134795    -0.002276949703956    -0.004279155738221
     0.005330473230033    -0.005485881928697    -0.006603479465860
7 37
     0.002791774502393     0.000401459341144     0.001135318468128
     0.000109056563366     0.000543042359536    -0.001063203357269
    -0.000851723198539    -0.007025887881078    -0.001097031053162
7 38
     0.003067399502394    -0.002933262881078    -0.001512951373142
    -0.001807933515999     0.003678209026203    -0.000038752960443
    -0.002860358119174    -0.000756659706475     0.003506986803981
7 39
    -0.001307225497606     0.000208407753842     0.000989745055430
    -0.000267004944570    -0.000988592561099     0.000538991087176
    -0.000108286690602     0.000113917674477    -0.001765646132527
7 40
    -0.005153973513480    -0.005368707325523     0.004886334341144
    -0.003313860103301    -0.001391957640464     0.003530425610985
     0.003053955372890     0.000630574420509    -0.001866037005543
7 41
    -0.001226201688083    -0.000989524785840     0.000198118071303
    -0.001599939468380    -0.000841618354749     0.001417096245906
     0.001470489103049    -0.000128243039808     0.000960859819854
7 42
     0.004393782438902     0.001875481166541    -0.003410919627110
     0.000058282753842     0.006705262597632     0.001575185531620
    -0.003775090262031     0.002082997039557     0.002764740772235
7 43
    -0.030469035021416    -0.016027937484253     0.033187659737969
     0.012923340293525     0.030646627676997    -0.015079068436634
     0.030062050610985     0.017599637912572    -0.027078596529352
7 44
     0.001686548311917     0.001579316484001     0.001610743071303
     0.001266806563366     0.001660516565886    -0.001251032722348
     0.001336614103049    -0.001976151769967     0.001532859819854
7 45
     0.002144030454774     0.001553381960192     0.000236276801461
    -0.000926879944570    -0.001026820735702     0.001280530769715
     0.000594897833207     0.002652538706223     0.000262966962711
7 46
    -0.002034320735702    -0.004404534706475    -0.003225586293777
    -0.004346225182666    -0.006634237402368    -0.004356181531872
    -0.002469423595364    -0.001806487087428    -0.002581031053162
7 47
    -0.001766783037289    -0.001819643833459    -0.000658820420761
    -0.000135354150920     0.008608252676997     0.000005501007811
     0.000197905769715    -0.000912905738221    -0.000866723513479
7 48
    -0.181801098513479    -0.031600701373142     0.037777953388763
    -0.031600701373142    -0.181801098513480     0.037777953388763
     0.058388796642731     0.058388796642731    -0.190606271132527
7 49
    -0.029555326688083    -0.034177167642983     0.017341135928445
    -0.034177167642983    -0.029555326688083     0.017341135928445
    -0.016055032722348    -0.016055032722348     0.027165318153187
7 50
     0.005005657438901     0.001771669658604    -0.000766358119174
     0.002925877991938     0.002051429264298     0.002024751007810
    -0.000989560500126     0.002062556563366     0.005818074105568
7 51
    -0.000477910021416     0.000459499023684     0.001167973230033
    -0.000735856135047     0.002929466962711    -0.000582108119174
     0.001261622039557     0.001426177595112    -0.000364935815067
7 52
     0.002051429264298     0.002925877991938     0.002024751007810
     0.001771669658604     0.005005657438901    -0.000766358119174
     0.002062556563366    -0.000989560500126     0.005818074105568
7 53
     0.002929466962711    -0.000735856135047    -0.000582108119174
     0.000459499023684    -0.000477910021416     0.001167973230033
     0.001426177595112     0.001261622039557    -0.000364935815067
7 54
    -0.001511451688083    -0.002439292642983    -0.005284522801713
    -0.002439292642983    -0.001511451688083    -0.005284522801713
    -0.004545161690602    -0.004545161690602    -0.004368921926178
7 55
    -0.000334469545226     0.000881866087176     0.002379042674477
     0.000881866087176    -0.000334469545226     0.002379042674477
    -0.001735848198539    -0.001735848198539     0.006914115772235
7 56
     0.005295002676997    -0.000481637881078     0.002562522833207
    -0.000481637881078     0.005295002676997     0.002562522833207
     0.002416518864953     0.002416518864953     0.002176939184933
7 57
    -0.000454594545225     0.001063516880826     0.001274302595112
     0.001063516880826    -0.000454594545225     0.001274302595112
    -0.000723201373142    -0.000723201373142     0.003316591962711
7 58
    -0.005331892164273     0.004780465293525    -0.004670873992190
     0.004720806563366    -0.001682681846813     0.003290046642731
    -0.004264411690602     0.003517292674477    -0.002171870338876
7 59
    -0.000626945735702    -0.000938856135047    -0.001689820420761
     0.000377959341144     0.002994111803981    -0.000364715262031
    -0.001740133912824     0.000440280769715     0.000452923311917
7 60
    -0.001682681846813     0.004720806563366     0.003290046642731
     0.004780465293525    -0.005331892164273    -0.004670873992189
     0.003517292674477    -0.004264411690602    -0.002171870338876
7 61
     0.002994111803981     0.000377959341144    -0.000364715262031
    -0.000938856135047    -0.000626945735702    -0.001689820420761
     0.000440280769715    -0.001740133912824     0.000452923311917
7 62
     0.001569068153187    -0.001004989071555    -0.001183407722348
    -0.001004989071554     0.001569068153187    -0.001183407722348
    -0.001329502960443    -0.001329502960443     0.001343169343663
7 63
    -0.000146513196019    -0.000073375976317     0.000252245055430
    -0.000073375976316    -0.000146513196019     0.000252245055430
    -0.000341074389015    -0.000341074389015    -0.000244384227765
8 1
     0.000438387597631    -0.000641681531872     0.000412235134795
    -0.000641681531872     0.000438387597631     0.000412235134795
     0.000107917674477     0.000107917674477    -0.001144860418241
8 2
     0.028298988788108    -0.012184643833459     0.014686272833207
     0.013089606166541    -0.024473572719829     0.032163465293525
    -0.010491169627110     0.030677772833207    -0.031606320735702
8 3
     0.003850875692870     0.001657284737969     0.000288576404636
     0.002432780769715     0.002349064184933    -0.002188709309650
     0.001042629976065    -0.003054276769967     0.004112691169060
8 4
    -0.024473572719829     0.013089606166541     0.032163465293525
    -0.012184643833459     0.028298988788108     0.014686272833207
     0.030677772833207    -0.010491169627110    -0.031606320735702
8 5
     0.002349064184933     0.002432780769715    -0.002188709309650
     0.001657284737969     0.003850875692870     0.000288576404636
    -0.003054276769967     0.001042629976065     0.004112691169060
8 6
    -0.000048572719829     0.000168798626858    -0.000165977166793
     0.000168798626858    -0.000048572719829    -0.000165977166793
     0.000518205372890     0.000518205372890     0.000755865772235
8 7
     0.001388689184933    -0.001200625976316     0.001600697436382
    -0.001200625976316     0.001388689184933     0.001600697436382
     0.000933633944319     0.000933633944319     0.002119002676997
8 8
     0.879299841962711    -0.001895348198539     0.003254417674477
    -0.001895348198539     0.879299841962710     0.003254417674477
     0.003254417674477     0.003254417674477     0.876210345930965
8 9
    -0.199044642164273    -0.045672133912824    -0.046176020817586
    -0.045672133912824    -0.199044642164273    -0.046176020817586
    -0.043988076373142    -0.043988076373142    -0.198537235418241
8 10
     0.031533828073822     0.017525336325271     0.016946554579239
    -0.017503635896951    -0.029421638196019    -0.032776864071555
    -0.017004110103301    -0.032962510896951    -0.029469320735702
8 11
    -0.006993429862686     0.004054663706223     0.004258001007811
     0.004799733150668    -0.002114939783321    -0.003379810500126
     0.005106336325271    -0.003696965262031    -0.001765070735702
8 12
    -0.029421638196019    -0.017503635896951    -0.032776864071555
     0.017525336325271     0.031533828073822     0.016946554579239
    -0.032962510896951    -0.017004110103301    -0.029469320735702
8 13
    -0.002114939783321     0.004799733150668    -0.003379810500126
     0.004054663706223    -0.006993429862686     0.004258001007811
    -0.003696965262031     0.005106336325271    -0.001765070735702
8 14
    -0.028487344545225    -0.031265092246158    -0.016560520817586
    -0.031265092246158    -0.028487344545225    -0.016560520817586
     0.016403114103049     0.016403114103049     0.032002546327790
8 15
    -0.002225892164273    -0.004260163674729     0.004265413706223
    -0.004260163674729    -0.002225892164273     0.004265413706223
     0.004589697436382     0.004589697436382    -0.005873598513479
8 16
     0.009848341962711     0.000489376007811     0.000218818468128
     0.000218818468128    -0.000768781053162    -0.000201514865205
     0.000489376007811     0.000059100214160    -0.000768781053162
8 17
    -0.006159642164273    -0.004622062484253    -0.004646217246158
    -0.004395300579491    -0.002621862402368    -0.004080508912824
    -0.004165909706475    -0.004200213277904    -0.002665515180146
8 18
     0.030504453073822    -0.017383987087428    -0.016940497008062
     0.016525540690350    -0.026824447719829    -0.030913693436634
     0.016642088309398    -0.029281181531872    -0.027081761211892
8 19
    -0.197080054862686     0.047462209341144     0.043745205372890
     0.045120862118922    -0.197439322719829    -0.046934272801713
     0.042138457357017    -0.054341752960443    -0.193411062799194
8 20
     0.000059405454775     0.000810312515747    -0.001353675579491
    -0.000950860103301     0.003153044343663     0.000635056563366
    -0.001402618039809    -0.000578963277904    -0.000408092561099
8 21
    -0.002122767164273     0.003798747039557    -0.005038497008062
     0.003862723230033    -0.002341225497606     0.004279639896699
    -0.004430564468380     0.004023471245906    -0.005551765180146
8 22
     0.000028236803981    -0.001425780738221     0.000861530769715
    -0.001165235103301    -0.000437697719829    -0.000739417642983
    -0.000862439468380     0.000750362118922     0.003221330057949
8 23
    -0.004640189783321    -0.003347602166793     0.002494274817334
    -0.005272314468380    -0.004542322719829     0.005787403785588
     0.006235512912572     0.002342558547493    -0.000596552878559
8 24
    -0.001012929862686     0.000275792674477     0.000045459341144
     0.000248945452255    -0.002197945735702    -0.000177381928697
    -0.000527330341396     0.000158925610985    -0.000871068751575
8 25
     0.003863159423028    -0.002815786690602    -0.000362745023936
    -0.002493997008062     0.002185076089695    -0.002482098198539
    -0.000416272801713    -0.003070040658856     0.004886828073822
8 26
     0.031787169343663     0.017357834341144    -0.017431248992189
    -0.017289280738221    -0.028225173910305     0.032057401801461
     0.016632568468128     0.032666834341144    -0.028199796926178
8 27
     0.004377582042076     0.000563897833207     0.002163814499874
     0.000775534737969     0.004824433232552    -0.002349939468380
     0.002857633944318    -0.003270631928697     0.001624060216679
8 28
     0.000235040375409    -0.000888064468380     0.001421844261779
     0.001005758944318     0.003328560216679     0.000729364103049
     0.001726092277652    -0.000515120023936    -0.000689290973797
8 29
     0.001479155454775     0.001091243071303    -0.001171534706475
     0.001002840293525     0.001472367756362     0.001256943468128
    -0.001245016849332     0.001246270849080     0.001505746724616
8 30
    -0.029143959624591     0.033767677595112     0.017572102198287
     0.031685618071303    -0.028812042957924    -0.016899427563618
    -0.017365016849332     0.017143296642731     0.027688812200806
8 31
     0.001847905454774    -0.002671576373142     0.002653909737969
    -0.002560116055682     0.004890619740489     0.000334213309398
     0.002747564499874     0.000639626007811     0.004859369740489
8 32
    -0.000768781053162     0.000218818468128    -0.000201514865205
     0.000489376007811     0.009848341962711     0.000218818468128
     0.000059100214160     0.000489376007811    -0.000768781053162
8 33
    -0.002621862402368    -0.004395300579491    -0.004080508912824
    -0.004622062484253    -0.006159642164273    -0.004646217246158
    -0.004200213277904    -0.004165909706475    -0.002665515180146
8 34
     0.003153044343663    -0.000950860103301     0.000635056563366
     0.000810312515747     0.000059405454775    -0.001353675579491
    -0.000578963277904    -0.001402618039809    -0.000408092561099
8 35
    -0.002341225497606     0.003862723230033     0.004279639896699
     0.003798747039557    -0.002122767164273    -0.005038497008062
     0.004023471245906    -0.004430564468380    -0.005551765180146
8 36
    -0.026824447719829     0.016525540690350    -0.030913693436634
    -0.017383987087428     0.030504453073822    -0.016940497008062
    -0.029281181531872     0.016642088309398    -0.027081761211892
8 37
    -0.197439322719829     0.045120862118922    -0.046934272801713
     0.047462209341144    -0.197080054862686     0.043745205372890
    -0.054341752960443     0.042138457357017    -0.193411062799194
8 38
    -0.000437697719829    -0.001165235103301    -0.000739417642983
    -0.001425780738221     0.000028236803981     0.000861530769715
     0.000750362118922    -0.000862439468380     0.003221330057949
8 39
    -0.004542322719829    -0.005272314468380     0.005787403785588
    -0.003347602166793    -0.004640189783321     0.002494274817334
     0.002342558547493     0.006235512912572    -0.000596552878559
8 40
    -0.002197945735702     0.000248945452255    -0.000177381928697
     0.000275792674477    -0.001012929862686     0.000045459341144
     0.000158925610985    -0.000527330341396    -0.000871068751575
8 41
     0.002185076089695    -0.002493997008062    -0.002482098198539
    -0.002815786690602     0.003863159423028    -0.000362745023936
    -0.003070040658856    -0.000416272801713     0.004886828073822
8 42
     0.003328560216679     0.001005758944318     0.000729364103049
    -0.000888064468380     0.000235040375409     0.001421844261779
    -0.000515120023936     0.001726092277652    -0.000689290973797
8 43
     0.001472367756362     0.001002840293525     0.001256943468128
     0.001091243071303     0.001479155454775    -0.001171534706475
     0.001246270849080    -0.001245016849332     0.001505746724616
8 44
    -0.028225173910305    -0.017289280738221     0.032057401801461
     0.017357834341144     0.031787169343663    -0.017431248992189
     0.032666834341144     0.016632568468128    -0.028199796926178
8 45
     0.004824433232552     0.000775534737969    -0.002349939468380
     0.000563897833207     0.004377582042076     0.002163814499874
    -0.003270631928697     0.002857633944318     0.001624060216679
8 46
    -0.028812042957924     0.031685618071303    -0.016899427563618
     0.033767677595112    -0.029143959624591     0.017572102198287
     0.017143296642731    -0.017365016849332     0.027688812200806
8 47
     0.004890619740489    -0.002560116055682     0.000334213309398
    -0.002671576373142     0.001847905454774     0.002653909737969
     0.000639626007811     0.002747564499874     0.004859369740489
8 48
    -0.000234445735702    -0.000042798595364    -0.000243387881078
    -0.000042798595364    -0.000234445735702    -0.000243387881078
    -0.000120233119174    -0.000120233119174    -0.000398552878559
8 49
     0.001639576089695    -0.001623264865205    -0.001287580341396
    -0.001623264865205     0.001639576089695    -0.001287580341396
    -0.001527562484253    -0.001527562484253     0.002064036407155
8 50
     0.003023560216679    -0.000858177563618    -0.000073574389015
     0.001064280769715    -0.000429167957924     0.000935909737969
     0.000734409737969     0.001484776801461    -0.000986582640464
8 51
     0.001916992756362     0.002448026801461     0.002539381960191
     0.002376171642731     0.004741744740489    -0.000492699389015
     0.002241217277652    -0.000445727166793     0.004725532438901
8 52
    -0.000429167957924     0.001064280769715     0.000935909737969
    -0.000858177563618     0.003023560216679    -0.000073574389015
     0.001484776801461     0.000734409737969    -0.000986582640464
8 53
     0.004741744740489     0.002376171642731    -0.000492699389015
     0.002448026801461     0.001916992756362     0.002539381960191
    -0.000445727166793     0.002241217277652     0.004725532438901
8 54
    -0.000177048910305     0.001306985134795     0.000701385928445
     0.001306985134795    -0.000177048910305     0.000701385928445
    -0.000788066452507    -0.000788066452507     0.002782546327790
8 55
     0.004514433232552    -0.000757981135047     0.003011826404636
    -0.000757981135047     0.004514433232552     0.003011826404636
     0.002692872039557     0.002692872039557     0.000787334026203
8 56
    -0.001402844545225     0.000151764896699    -0.000041568436634
     0.000151764896699    -0.001402844545225    -0.000041568436634
    -0.000036635896951    -0.000036635896951     0.010130657438901
8 57
    -0.002256566767448    -0.004055080341396    -0.004279288674729
    -0.004055080341396    -0.002256566767448    -0.004279288674729
    -0.004960106135047    -0.004960106135047    -0.006214564783321
8 58
     0.003300010613505     0.000668743071303    -0.000643465262031
    -0.000806915658856    -0.000141779069035    -0.001435544627110
     0.000792933547493    -0.001465737087428    -0.000323402084908
8 59
    -0.002095292957924     0.004451421642731     0.003617213309398
     0.004508362118922    -0.006456735418241    -0.004792806531872
     0.003686086325271    -0.004377123992189    -0.002233108434114
8 60
    -0.000141779069035    -0.000806915658856    -0.001435544627110
     0.000668743071303     0.003300010613505    -0.000643465262031
    -0.001465737087428     0.000792933547493    -0.000323402084908
8 61
    -0.006456735418241     0.004508362118922    -0.004792806531872
     0.004451421642731    -0.002095292957924     0.003617213309398
    -0.004377123992189     0.003686086325271    -0.002233108434114
8 62
    -0.028537904069035    -0.031781461293777     0.017129251007811
    -0.031781461293777    -0.028537904069035     0.017129251007811
    -0.016631157722348    -0.016631157722348     0.031811512597632
8 63
    -0.201268360418241    -0.044936723198539     0.044192903785588
    -0.044936723198539    -0.201268360418241     0.044192903785588
     0.044456770849080     0.044456770849080    -0.198488790973797
9 1
     0.001643653470647     0.000575407753842    -0.004222508912824
     0.000575407753842     0.001643653470647    -0.004222508912824
    -0.002246770817586    -0.002246770817586     0.005186308232552
9 2
     0.002756129661124     0.000275695452255     0.004085528785588
    -0.000323054547745     0.002738943153187    -0.003335778754094
     0.002637141880826    -0.003170540658856     0.003384472915092
9 3
     0.031297266565886     0.016734499023684    -0.016617792642983
    -0.016128129944570    -0.028568669942051     0.032140546642731
     0.016390066484001     0.032144284737969    -0.028345765180146
9 4
     0.002738943153187    -0.000323054547745    -0.003335778754094
     0.000275695452255     0.002756129661124     0.004085528785588
    -0.003170540658856     0.002637141880826     0.003384472915092
9 5
    -0.028568669942051    -0.016128129944570     0.032140546642731
     0.016734499023684     0.031297266565886    -0.016617792642983
     0.032144284737969     0.016390066484001    -0.028345765180146
9 6
     0.002299193153187     0.000572887912573     0.004116403785588
     0.000572887912573     0.002299193153187     0.004116403785588
     0.002609016880826     0.002609016880826     0.002598409423029
9 7
    -0.000027669942051     0.001733963309398     0.000309078388763
     0.001733963309398    -0.000027669942051     0.000309078388763
    -0.000280554547745    -0.000280554547745     0.003434171327790
9 8
    -0.199044642164273    -0.045672133912824    -0.043988076373142
    -0.045672133912824    -0.199044642164273    -0.043988076373142
    -0.046176020817586    -0.046176020817586    -0.198537235418241
9 9
     0.882929623708742    -0.000528669627110    -0.000491139865205
    -0.000528669627110     0.882929623708742    -0.000491139865205
    -0.000491139865205    -0.000491139865205     0.872798933232553
9 10
    -0.199738031053162     0.044402925610985     0.045113810531620
     0.044881828388763    -0.198904622323003    -0.044447108119174
     0.046191826404636    -0.045207574389015    -0.198611652084908
9 11
     0.031905711010330    -0.016545122008062    -0.016173368039808
     0.015543572436382    -0.028288548910305    -0.032891054547745
     0.015620397833207    -0.031902778754094    -0.028803402084908
9 12
    -0.198904622323003     0.044881828388763    -0.044447108119174
     0.044402925610985    -0.199738031053162     0.045113810531620
    -0.045207574389015     0.046191826404636    -0.198611652084908
9 13
    -0.028288548910305     0.015543572436382    -0.032891054547745
    -0.016545122008062     0.031905711010330    -0.016173368039808
    -0.031902778754094     0.015620397833207    -0.028803402084908
9 14
    -0.198865328672210    -0.044954252960443     0.044051360134795
    -0.044954252960443    -0.198865328672210     0.044051360134795
     0.045218300610985     0.045218300610985    -0.198355910021416
9 15
    -0.028369001291257    -0.031197824389015     0.016964919658604
    -0.031197824389015    -0.028369001291257     0.016964919658604
    -0.017578741055682    -0.017578741055682     0.031203195137314
9 16
    -0.006159642164273    -0.004165909706475    -0.004395300579491
    -0.004646217246158    -0.002665515180146    -0.004080508912824
    -0.004622062484253    -0.004200213277904    -0.002621862402368
9 17
     0.009909123708743     0.000197526801461    -0.000086586293777
    -0.000086586293777    -0.000862971529352     0.000074247039557
     0.000197526801461     0.000066723230033    -0.000862971529352
9 18
    -0.006035031053162     0.004185352198287     0.004344258944318
     0.004299129976065    -0.002751681846813    -0.004062437484253
     0.004114399817334    -0.004337245023936    -0.002613467561099
9 19
     0.031773586010330     0.016612548626858     0.016358336325271
    -0.015732173595364    -0.028126931846813    -0.032368516849332
    -0.015747106135047    -0.031503941452507    -0.028485144148400
9 20
    -0.006214078672210     0.004015776801461    -0.004026169627110
     0.004523604182414    -0.002694314783321     0.004068437515747
    -0.004606556531872     0.004236223230033    -0.002934548910305
9 21
    -0.000207251291257    -0.000608538674729    -0.001241116055682
     0.000823687515747     0.003248290375409    -0.000668354150920
    -0.001400002960443     0.000760282753842    -0.000371221529352
9 22
    -0.006017622323003    -0.004339191452507     0.004420286722096
    -0.004271645817586    -0.002494181846813     0.003599713309398
     0.004307747039557     0.004052298626858    -0.002634626291257
9 23
    -0.000337798910305    -0.001571387881078    -0.000579594230285
    -0.001805475182666    -0.000123681846813     0.000484409737969
    -0.000100175579491     0.000069620055430     0.002505615772235
9 24
     0.004387586010330    -0.002220368039809    -0.000797534706475
    -0.002735715262031     0.001567945137314    -0.002710250976316
     0.000228356166541    -0.002558887881078     0.005043974899219
9 25
    -0.000473324703956     0.000094302595112     0.000139635928445
     0.000092967277652    -0.001578033037289     0.000058782753842
    -0.000306586293777    -0.000023729150920    -0.000545253275384
9 26
     0.004313810216679     0.002319173626858     0.000977006960191
     0.002319433547493     0.001854341962711    -0.002710342246158
     0.000150629976064    -0.003170229150920     0.004589746724616
9 27
     0.033035722915092    -0.016630012881078     0.016279820452255
     0.016909624023683    -0.029138550894432     0.033361941484001
    -0.016840679547745     0.033299054579239    -0.029351396132527
9 28
     0.004438306248425     0.002184274817334    -0.000779899785840
     0.002489348230033     0.001562326089695     0.002893745055430
     0.000230403785588     0.002620941484001     0.005055252676997
9 29
    -0.000266328672210     0.000821832357017     0.001253846245906
    -0.000681445420761     0.003165883629378    -0.000645425579491
     0.001431169658604     0.000775082357017    -0.000237334624591
9 30
     0.004483181248425    -0.002399483119174     0.000627983150668
    -0.002530792642983     0.001539722915092     0.002761328388763
     0.000002669658604     0.002525483150668     0.005082105851600
9 31
    -0.028173078672210     0.031362887912572    -0.017242834309650
     0.031508848230033    -0.028220489386495     0.016961219261779
     0.016909876007811    -0.017470187484253     0.030622288391282
9 32
    -0.002665515180146    -0.004646217246158    -0.004080508912824
    -0.004165909706475    -0.006159642164273    -0.004395300579491
    -0.004200213277904    -0.004622062484253    -0.002621862402368
9 33
    -0.000862971529352    -0.000086586293777     0.000074247039557
     0.000197526801461     0.009909123708743    -0.000086586293777
     0.000066723230033     0.000197526801461    -0.000862971529352
9 34
    -0.002694314783321     0.004523604182414     0.004068437515747
     0.004015776801461    -0.006214078672210    -0.004026169627110
     0.004236223230033    -0.004606556531872    -0.002934548910305
9 35
     0.003248290375409     0.000823687515747    -0.000668354150920
    -0.000608538674729    -0.000207251291257    -0.001241116055682
     0.000760282753842    -0.001400002960443    -0.000371221529352
9 36
    -0.002751681846813     0.004299129976065    -0.004062437484253
     0.004185352198287    -0.006035031053162     0.004344258944318
    -0.004337245023936     0.004114399817334    -0.002613467561099
9 37
    -0.028126931846813    -0.015732173595364    -0.032368516849332
     0.016612548626858     0.031773586010330     0.016358336325271
    -0.031503941452507    -0.015747106135047    -0.028485144148400
9 38
    -0.002494181846813    -0.004271645817586     0.003599713309398
    -0.004339191452507    -0.006017622323003     0.004420286722096
     0.004052298626858     0.004307747039557    -0.002634626291257
9 39
    -0.000123681846813    -0.001805475182666     0.000484409737969
    -0.001571387881078    -0.000337798910305    -0.000579594230285
     0.000069620055430    -0.000100175579491     0.002505615772235
9 40
     0.001567945137314    -0.002735715262031    -0.002710250976316
    -0.002220368039809     0.004387586010330    -0.000797534706475
    -0.002558887881078     0.000228356166541     0.005043974899219
9 41
    -0.001578033037289     0.000092967277652     0.000058782753842
     0.000094302595112    -0.000473324703956     0.000139635928445
    -0.000023729150920    -0.000306586293777    -0.000545253275384
9 42
     0.001562326089695     0.002489348230033     0.002893745055430
     0.002184274817334     0.004438306248425    -0.000779899785840
     0.002620941484001     0.000230403785588     0.005055252676997
9 43
     0.003165883629378    -0.000681445420761    -0.000645425579491
     0.000821832357017    -0.000266328672210     0.001253846245906
     0.000775082357017     0.001431169658604    -0.000237334624591
9 44
     0.001854341962711     0.002319433547493    -0.002710342246158
     0.002319173626858     0.004313810216679     0.000977006960191
    -0.003170229150920     0.000150629976064     0.004589746724616
9 45
    -0.029138550894432     0.016909624023683     0.033361941484001
    -0.016630012881078     0.033035722915092     0.016279820452255
     0.033299054579239    -0.016840679547745    -0.029351396132527
9 46
     0.001539722915092    -0.002530792642983     0.002761328388763
    -0.002399483119174     0.004483181248425     0.000627983150668
     0.002525483150668     0.000002669658604     0.005082105851600
9 47
    -0.028220489386495     0.031508848230033     0.016961219261779
     0.031362887912572    -0.028173078672210    -0.017242834309650
    -0.017470187484253     0.016909876007811     0.030622288391282
9 48
     0.001415445137314    -0.001095459309650    -0.001109756928697
    -0.001095459309650     0.001415445137314    -0.001109756928697
    -0.001319046611237    -0.001319046611237     0.001124740772235
9 49
     0.000106966962711     0.000111324420509    -0.000040449389015
     0.000111324420509     0.000106966962711    -0.000040449389015
    -0.000069125976316    -0.000069125976316    -0.000387419942051
9 50
     0.001558076089695     0.001090786722096     0.001274681563366
     0.001024620055430     0.001504722915092    -0.001195584309650
     0.001116971245906    -0.001229411690602     0.001610461010330
9 51
     0.003201383629378     0.000716991087176     0.000647637912572
    -0.000692364071555    -0.000312239386495     0.001172056563366
    -0.000725471214412     0.001548459341144    -0.000235048910305
9 52
     0.001504722915092     0.001024620055430    -0.001195584309650
     0.001090786722096     0.001558076089695     0.001274681563366
    -0.001229411690602     0.001116971245906     0.001610461010330
9 53
    -0.000312239386495    -0.000692364071555     0.001172056563366
     0.000716991087176     0.003201383629378     0.000647637912572
     0.001548459341144    -0.000725471214412    -0.000235048910305
9 54
     0.001399341962711    -0.001243550579491     0.001276266880826
    -0.001243550579491     0.001399341962711     0.001276266880826
     0.001122495055430     0.001122495055430     0.001574714978584
9 55
    -0.000110800894432     0.001864108150668    -0.000792667642983
     0.001864108150668    -0.000110800894432    -0.000792667642983
     0.001110058547493     0.001110058547493     0.002219627676997
9 56
    -0.002169078672210    -0.003614395817586    -0.004391062484253
    -0.003614395817586    -0.002169078672210    -0.004391062484253
    -0.004686574389015    -0.004686574389015    -0.006389173910305
9 57
    -0.000997175894432    -0.000029741055682    -0.000075032722348
    -0.000029741055682    -0.000997175894432    -0.000075032722348
     0.000129080372890     0.000129080372890     0.009938353867473
9 58
    -0.002242723513479     0.003585457357017     0.004401415690350
     0.003502173626858    -0.002166888196019    -0.004335288674729
     0.004452620055430    -0.004490300579491    -0.006183233434114
9 59
     0.003254097915092    -0.000703239071555     0.000613219261779
     0.000749326404636    -0.000225969545225    -0.001329300579491
    -0.000684352166793    -0.001332687484253    -0.000335564783321
9 60
    -0.002166888196019     0.003502173626858    -0.004335288674729
     0.003585457357017    -0.002242723513479     0.004401415690350
    -0.004490300579491     0.004452620055430    -0.006183233434114
9 61
    -0.000225969545225     0.000749326404636    -0.001329300579491
    -0.000703239071555     0.003254097915092     0.000613219261779
    -0.001332687484253    -0.000684352166793    -0.000335564783321
9 62
    -0.002214013196019    -0.003634747008062     0.004427506960191
    -0.003634747008062    -0.002214013196019     0.004427506960191
     0.004259653785588     0.004259653785588    -0.006591693751575
9 63
    -0.028504469545225    -0.031338258912824    -0.017428590262031
    -0.031338258912824    -0.028504469545225    -0.017428590262031
     0.017949832357017     0.017949832357017     0.030740127676997
10 1
     0.029501498708743     0.018430030769715    -0.022833917642983
    -0.010202747008063    -0.022421467561098     0.033346931563366
     0.013286054579239     0.029785010928445    -0.031803902084908
10 2
    -0.000445775100781     0.000225818468128     0.000532370055430
    -0.000257084309650    -0.001353677878559     0.000003911722096
     0.001840717277652    -0.001140883912824    -0.001182112402368
10 3
     0.003506986803981    -0.000038752960443    -0.001512951373142
    -0.000756659706475     0.003678209026203    -0.002933262881078
    -0.002860358119174    -0.001807933515999     0.003067399502394
10 4
     0.000024288391283     0.000709818468128     0.000155937515747
    -0.000668584309650    -0.000421241370622    -0.000093530738221
    -0.000817840262031     0.000714298626858     0.001731387597631
10 5
    -0.002276949703956    -0.005485881928697     0.003624887912572
    -0.004279155738221    -0.006603479465860     0.004512897833207
     0.003830110134795     0.005330473230033    -0.001707600497606
10 6
    -0.023187461608717    -0.013485489071555    -0.030860254944570
     0.013810733150668     0.029682322121441     0.014657219261779
    -0.031544657722348    -0.011626701373142    -0.031456425894432
10 7
    -0.004207824703956     0.003693711325271    -0.003959580341396
     0.005340933547493    -0.005171790973797     0.005279018864953
    -0.006025729150920     0.002918852198287    -0.000614413989670
10 8
     0.031533828073822    -0.017503635896951    -0.017004110103301
     0.017525336325271    -0.029421638196019    -0.032962510896951
     0.016946554579239    -0.032776864071555    -0.029469320735702
10 9
    -0.199738031053162     0.044881828388763     0.046191826404636
     0.044402925610985    -0.198904622323003    -0.045207574389015
     0.045113810531620    -0.044447108119174    -0.198611652084908
10 10
     0.888256064184933     0.004500423626858    -0.004488223198539
     0.004500423626858     0.874654631645251     0.004059582357017
    -0.004488223198539     0.004059582357017     0.869522512597631
10 11
    -0.198944693751575    -0.048275248992189    -0.042727651769967
    -0.046055707325523    -0.198858419942051    -0.045809864071555
    -0.041717401769967    -0.053989997008062    -0.194166862402368
10 12
    -0.027803277084908     0.030286076404636     0.016441733150668
     0.031451020849080    -0.027803277084908    -0.016820373992189
    -0.016820373992189     0.016441733150668     0.031831262597632
10 13
     0.002432796327790    -0.002299429547745     0.002742286722096
    -0.001985401769967     0.004200714978584    -0.000191052563618
     0.003272421642731     0.000764804579239     0.004194262597632
10 14
    -0.028931983434114     0.017330620055430     0.033060076404636
    -0.017134032722348     0.031804550296044     0.016377175610985
     0.032665376007811    -0.016631542642983    -0.029397745338876
10 15
     0.001899343946838     0.002559798626858    -0.002685239071555
     0.002481645849080     0.004734502676997     0.000335235134795
    -0.002702165658856     0.000612665690350     0.004564859819854
10 16
     0.030504453073822     0.016642088309398     0.016525540690350
    -0.016940497008062    -0.027081761211892    -0.030913693436634
    -0.017383987087428    -0.029281181531872    -0.026824447719829
10 17
    -0.006035031053162     0.004114399817334     0.004299129976065
     0.004344258944318    -0.002613467561099    -0.004062437484253
     0.004185352198287    -0.004337245023936    -0.002751681846813
10 18
     0.009967314184933     0.000206475214160    -0.000457149785840
    -0.000457149785840    -0.000705427878559    -0.000234622008062
     0.000206475214160     0.000162286722096    -0.000705427878559
10 19
    -0.006828443751575    -0.004290453357269    -0.003700072404888
    -0.005058953357269    -0.002355927878559    -0.003336451373142
    -0.005085655738221    -0.003854034706475    -0.001782729465860
10 20
     0.000105516565886     0.001373274817334    -0.001008953357269
     0.001077824420509    -0.000324560815067    -0.000655372008062
     0.000895393864953     0.000635004976064     0.003277865772235
10 21
     0.001420843946838    -0.001298415658856     0.001234850214160
    -0.001008217246158     0.001399794343663     0.001355711325271
     0.001211072436382     0.001258939499874     0.001445443153187
10 22
     0.000275597915092    -0.000763818436634     0.001368752991938
     0.001251074420509     0.002880197121441     0.000429403785588
     0.001397322436382    -0.000395544627110     0.000027288391282
10 23
     0.001499296327790     0.001127735134795    -0.001635127960443
     0.001158120055430     0.001541447121441     0.001267725214160
    -0.001121600182666     0.001103151801461     0.001734530454775
10 24
     0.031908806248425    -0.016267120023935     0.016886681563366
     0.017356629976064    -0.027652800894432     0.031728439499874
    -0.016100318436634     0.031973643864953    -0.028395860418241
10 25
     0.003889145534140     0.002911175610985     0.000417602198287
     0.002126312515747     0.002043220930965    -0.002584401769967
     0.000416364103049    -0.003242947404888     0.004589161407155
10 26
    -0.002088344545226    -0.000097578357269     0.000050348230033
     0.000094528785588    -0.001797154069035     0.000039348230033
    -0.000194669627110    -0.000239197404888    -0.001098713592845
10 27
     0.005534318153187    -0.001062764865205     0.000372036722096
    -0.002043780738221    -0.000036546926178    -0.002906743039809
    -0.000877354150920    -0.000773038674729     0.004413143550013
10 28
    -0.029045598513479    -0.034567477166793    -0.017475308515999
    -0.031866056531872    -0.029588669942051    -0.016922689468380
     0.017599479182414     0.017232598230033     0.028106792359536
10 29
    -0.002228358434114    -0.003944669627110     0.005265062515747
    -0.003801850182666    -0.002390987402368     0.004721764896699
     0.004256745055430     0.004081364103049    -0.005796919942051
10 30
     0.000272651486521     0.000906139896699    -0.001527425579491
    -0.001019197404888     0.003344851883346     0.000676518864953
    -0.001542254944570    -0.000267360103301    -0.000625729465860
10 31
    -0.002159608434114     0.004485385928445    -0.004373743039809
     0.004117068468128    -0.002146485418241     0.004287034737969
    -0.004336673595364     0.004434844261779    -0.005877296926178
10 32
     0.003221330057949     0.000861530769715    -0.000739417642983
    -0.000862439468380     0.000028236803981    -0.001165235103301
     0.000750362118922    -0.001425780738221    -0.000437697719829
10 33
    -0.002634626291257     0.004420286722096     0.003599713309398
     0.004307747039557    -0.006017622323003    -0.004271645817586
     0.004052298626858    -0.004339191452507    -0.002494181846813
10 34
    -0.000819094545225    -0.000082397801713     0.000029153785588
    -0.000362877960443     0.009911675296044     0.000457645849080
    -0.000160076373142     0.000334475214160    -0.000770384227765
10 35
    -0.002373364386495    -0.004554189468380    -0.003735637881078
    -0.004503318436634    -0.006258497323003    -0.004898425579491
    -0.003826766849332    -0.004700471214412    -0.001997181846813
10 36
     0.000027288391282     0.001368752991938     0.000429403785588
     0.001397322436382     0.000275597915092     0.001251074420509
    -0.000395544627110    -0.000763818436634     0.002880197121441
10 37
     0.003992913391282    -0.000245925579491     0.002632074420509
     0.000373393864953     0.004570464978584     0.001338401801461
     0.001837633944318     0.002408925610985     0.002937145534140
10 38
    -0.025903961608718    -0.016142522801713     0.029767429579239
     0.016913278785588     0.030404131645251    -0.016142522801713
     0.032401374023684     0.016913278785588    -0.025903961608718
10 39
     0.004280788391282     0.000765147833207    -0.002413373992189
     0.000858457357017     0.004316705057949     0.003013346245906
    -0.002867054547745     0.002799106166541     0.001348280454775
10 40
     0.003467915375409    -0.000471342246158    -0.000703659706475
     0.000783477198287     0.000426089978584     0.001035155769715
     0.000746437515747     0.001358887912572    -0.000716110418241
10 41
     0.002326562200806     0.002149215293525     0.002607374023684
     0.001964397833207     0.004376804264298    -0.000693548595364
     0.003446346245906    -0.000250554547745     0.004735911407155
10 42
    -0.002240578672210    -0.000352153754094     0.000008461325271
     0.000008620055430    -0.001493314783321    -0.000145584309650
    -0.000406358119174    -0.000345689468380    -0.000857707640464
10 43
     0.001875728867473    -0.001894447404888    -0.001922584309650
    -0.002859947404888     0.004659300296044    -0.000319963277904
    -0.001786092246158    -0.000935298595364     0.004730705057949
10 44
    -0.028491312799194    -0.031144568436634     0.018038749023684
    -0.034553981135047    -0.026598435815067     0.016989322436382
    -0.018210028754094    -0.017563588277904     0.030409286407155
10 45
    -0.208183080656337    -0.053471377960443     0.053733907753842
    -0.048698417642983    -0.194345148116654     0.037464260928445
     0.050229504976065     0.038723602198287    -0.191835106449987
10 46
    -0.027640431846813     0.017065830372890    -0.032306455341396
    -0.016929762881078     0.031801935216679    -0.016326951373142
    -0.032312316452507     0.016598701404636    -0.029091854465860
10 47
    -0.200928144148400     0.045648721245906    -0.045043314468380
     0.044066733150668    -0.200383449703956     0.046738231166541
    -0.044299487087428     0.047694032753842    -0.198240921926178
10 48
     0.003624290375409     0.001180663706223     0.000079834341144
    -0.000828614071555    -0.000225925894432     0.000815433547493
    -0.000759346214412     0.001411360134795    -0.000773344545226
10 49
     0.001763312200806     0.001579197436382     0.001686891880826
     0.001374294658604     0.001743345930965    -0.001278758912824
     0.001545074420509    -0.001508094230285     0.002257494740489
10 50
    -0.000298578672210     0.000146909737969     0.000063022833207
     0.000032215293525    -0.000172648116654    -0.000106268833459
     0.000057046642731     0.000029120055430    -0.000100499307130
10 51
     0.001431103867473    -0.001305260896951    -0.001286020817586
    -0.001238768833459     0.001374514581759    -0.001256002960443
    -0.001215645817586    -0.001315258912824     0.001546740772235
10 52
    -0.000248806846813    -0.001218881928697    -0.000970618039809
    -0.001278618039808     0.000133330057949     0.000731747039557
     0.000823163706223    -0.000602247008062     0.002792500692870
10 53
    -0.006650144148400    -0.004736866055682     0.004944772833207
    -0.004420538674729    -0.002502612402368     0.003763828388763
     0.004204909737969     0.004082810531620    -0.002069509227765
10 54
     0.000456562200806    -0.000104427563618    -0.001599266849332
     0.000753044658604     0.003256845930965    -0.000230792642983
    -0.001050179547745     0.001064026801461    -0.000742995338876
10 55
    -0.006539955656337     0.004043231166541    -0.003704076373142
     0.003869578388763    -0.003812796926178     0.003516772833207
    -0.003810116055682     0.004552215293525    -0.001066957640464
10 56
     0.003338391565886    -0.000674022801713     0.000509403785588
     0.000856824420509    -0.000045574703956    -0.001422247008062
    -0.000620873992189    -0.001382167642983    -0.000282509227765
10 57
    -0.002225455656337     0.003980131960191     0.004358308547493
     0.004149104182414    -0.002471171926178    -0.004713217246158
     0.004534030769715    -0.004630262881078    -0.005869856449987
10 58
    -0.001659878275384    -0.000391294627110    -0.000049618039809
    -0.000185856135047    -0.001578259227765     0.000009151801461
     0.000018320452255     0.000078481166541     0.010194181248425
10 59
    -0.002681806846813    -0.003824366055682    -0.004629564468380
    -0.004119703357269    -0.002188965576972    -0.004758860103301
    -0.004317526769967    -0.004346280738221    -0.006255025100781
10 60
    -0.028613417957924     0.031619921642731    -0.017348447404888
     0.031806177595112    -0.028763594545225     0.018215231166541
     0.016717649817334    -0.016619723198539     0.030286431248425
10 61
     0.004708500692870    -0.002661800579491     0.000424415690350
    -0.002384893833459     0.001739351883346     0.002621409737969
     0.000289512912572     0.002280429579239     0.004762474899219
10 62
    -0.000007542957924     0.000879126007811     0.001194848230033
    -0.000649026769967     0.003459990772235    -0.000575302563618
     0.001421354182414     0.000803060531620    -0.000200529069035
10 63
     0.005014125692870     0.002563114103049    -0.000575123992189
     0.002858336325271     0.002068659423028     0.002900975214160
    -0.000541592246158     0.002898239103049     0.004587917359536
11 1
     0.003287990772235     0.005131649817334    -0.002770096214412
     0.000775955372890     0.003725605851600    -0.002265522801713
     0.000356626007811    -0.002576185500126     0.002307847915092
11 2
     0.004154841962711    -0.005519187484253     0.002146066484001
    -0.005195506928697     0.002030520534140     0.003018332357017
     0.002869663706223    -0.000450330341396    -0.003680487402368
11 3
    -0.001765646132527     0.000538991087176     0.000989745055430
     0.000113917674477    -0.000988592561098     0.000208407753842
    -0.000108286690602    -0.000267004944570    -0.001307225497606
11 4
    -0.005999094545225     0.005221687515747    -0.000203366055682
    -0.001111256928698    -0.002416542957924     0.003958389896699
     0.001158356166541     0.004095477198287    -0.004095737402368
11 5
     0.000543042359536    -0.007025887881078     0.000401459341144
    -0.001063203357269    -0.001097031053162     0.001135318468128
     0.000109056563366    -0.000851723198539     0.002791774502393
11 6
    -0.165256469545225     0.035872254976064    -0.042818933515999
     0.069030685531620    -0.179147979465860     0.014048389896700
    -0.070987086293777     0.017678477198287    -0.175022675894432
11 7
    -0.029870082640464     0.017276830372890    -0.031091758912824
    -0.025127614071554     0.023790657438901    -0.015616435500126
    -0.023878782722348     0.022827905769715    -0.027225538989670
11 8
    -0.006993429862686     0.004799733150668     0.005106336325271
     0.004054663706223    -0.002114939783321    -0.003696965262031
     0.004258001007811    -0.003379810500126    -0.001765070735702
11 9
     0.031905711010330     0.015543572436382     0.015620397833207
    -0.016545122008062    -0.028288548910305    -0.031902778754094
    -0.016173368039808    -0.032891054547745    -0.028803402084908
11 10
    -0.198944693751575    -0.046055707325523    -0.041717401769967
    -0.048275248992189    -0.198858419942051    -0.053989997008062
    -0.042727651769967    -0.045809864071555    -0.194166862402368
11 11
     0.863045048311917     0.006624370055430    -0.005507205341396
     0.006624370055430     0.821091278470647     0.070595681563366
    -0.005507205341396     0.070595681563366     0.820419762597631
11 12
     0.004200714978584    -0.002299429547745     0.000764804579239
    -0.001985401769967     0.002432796327790     0.003272421642731
    -0.000191052563618     0.002742286722096     0.004194262597632
11 13
    -0.028249836608718     0.032601064499874    -0.016094016849332
     0.025100175610985    -0.028249836608718     0.024315243071303
     0.024315243071303    -0.016094016849332     0.021798012597632
11 14
     0.004568258629378     0.000738489103049    -0.002999102166793
    -0.000314205341396     0.003945748708743     0.002291346245906
    -0.001630177563618     0.002597135928445     0.002598004661124
11 15
    -0.027359913989670    -0.017260832325523     0.029973457357017
     0.015076973230033     0.030145451089695    -0.013194969230285
     0.033576030769715     0.016407219261779    -0.029993640180146
11 16
    -0.197080054862686     0.042138457357017     0.045120862118922
     0.043745205372890    -0.193411062799194    -0.046934272801713
     0.047462209341144    -0.054341752960443    -0.197439322719829
11 17
     0.031773586010330    -0.015747106135047    -0.015732173595364
     0.016358336325271    -0.028485144148400    -0.032368516849332
     0.016612548626858    -0.031503941452507    -0.028126931846813
11 18
    -0.006828443751575    -0.005085655738221    -0.005058953357269
    -0.003700072404888    -0.001782729465860    -0.003336451373142
    -0.004290453357269    -0.003854034706475    -0.002355927878559
11 19
     0.015433298311917     0.001477915690350    -0.001083875976316
    -0.001083875976316    -0.001020104465860    -0.000646030738221
     0.001477915690350    -0.000269106135046    -0.001020104465860
11 20
     0.004831133629378    -0.000973606135047     0.001989993071303
     0.000223526801461     0.004538637597632     0.002384173626858
     0.001278090293525     0.002835183547493     0.002441490772235
11 21
     0.000040211010330     0.001826828388763     0.000585296642731
     0.001330235134795    -0.000890132243638     0.001004006960191
    -0.000327856135047    -0.000137881928697     0.002691068153187
11 22
     0.004570464978584     0.002408925610985    -0.000245925579491
     0.001338401801461     0.002937145534140     0.002632074420509
     0.000373393864953     0.001837633944318     0.003992913391282
11 23
    -0.000524461608718     0.001072729182414     0.004715693468128
    -0.000025177563618     0.002305645534140    -0.000614354150920
     0.001707846245906     0.000969080372890    -0.000056219545225
11 24
     0.005328798311917     0.000290374023684     0.001627502991938
     0.000387832357017     0.005047522518267    -0.002315889865205
     0.002149377991938    -0.002860427563618     0.002104389581759
11 25
     0.028030137597632     0.016106544658604    -0.015327326373142
    -0.015397235103301    -0.031420705656337     0.034590643864953
     0.015461310531620     0.035749231166541    -0.030527213592844
11 26
     0.004299397518267    -0.001979709309650     0.000101544658604
    -0.002271268833459     0.002956294343663    -0.002161606135047
    -0.000253973198539    -0.003122268833459     0.004374036407156
11 27
    -0.000139064783321     0.000264479182414    -0.000136016849332
     0.001363296642731    -0.002620098513479    -0.001062822404888
    -0.000470657722348     0.000547264896699    -0.000321856449987
11 28
    -0.193312981449987    -0.060605108119174     0.060010887912572
    -0.040516604150920    -0.175965346529352     0.026392606166541
     0.040169175610985     0.026311026801461    -0.176782957640464
11 29
    -0.027536741370622    -0.030154675579491     0.017232758944318
    -0.033378022801713    -0.030212913989670     0.015780060531620
    -0.015305308515999    -0.013320582325523     0.030735955057949
11 30
    -0.006765231449987     0.003019633944318    -0.003060354150920
     0.004707254976064    -0.000343449703956     0.002072064499874
    -0.005062933515999     0.001379693468128    -0.000843729465861
11 31
     0.000209883629378    -0.000675870023936    -0.001864046611237
     0.000538020849080     0.002621212994457    -0.000306419627110
    -0.001413477166793     0.000962397833207    -0.000747421926178
11 32
    -0.000596552878559     0.002494274817334     0.005787403785588
     0.006235512912572    -0.004640189783321    -0.005272314468380
     0.002342558547493    -0.003347602166793    -0.004542322719829
11 33
     0.002505615772235    -0.000579594230285     0.000484409737969
    -0.000100175579491    -0.000337798910305    -0.001805475182666
     0.000069620055430    -0.001571387881078    -0.000123681846813
11 34
    -0.001421102481733    -0.006065278754094    -0.003092524785840
    -0.003240550579491    -0.005178001291257    -0.003617808515999
    -0.005929879944570    -0.005005096214412    -0.004428634227765
11 35
    -0.000577747323003     0.001290054579239    -0.000179066452507
     0.000005633944319     0.008696576089695     0.000403995055430
     0.000080554579239     0.001789457357017    -0.001343806846813
11 36
     0.001734530454775    -0.001635127960443     0.001267725214160
    -0.001121600182666     0.001499296327790     0.001158120055430
     0.001103151801461     0.001127735134795     0.001541447121441
11 37
    -0.000056219545225     0.004715693468128    -0.000614354150920
     0.001707846245906    -0.000524461608718    -0.000025177563618
     0.000969080372890     0.001072729182414     0.002305645534140
11 38
     0.001348280454775     0.003013346245906    -0.002413373992189
     0.002799106166541     0.004316705057949     0.000765147833207
    -0.002867054547745     0.000858457357017     0.004280788391282
11 39
    -0.029675969545225     0.016360141880826     0.033674322436382
    -0.014443340262031     0.026053278470648     0.016360141880826
     0.031986766880826    -0.014443340262031    -0.029675969545225
11 40
     0.001866907438901     0.003447651801461     0.001516536722096
     0.001348179579239     0.001686538391282    -0.001013673595364
     0.001093758944319    -0.001380558515999     0.001288639581759
11 41
     0.002783554264298     0.000590584341144     0.001326070452255
    -0.000751274785840    -0.001017497323003     0.001419997039557
     0.000281292674477     0.001219499023683    -0.001142213592845
11 42
     0.002783288391282    -0.002850159706475    -0.003582967246158
    -0.001374552563618     0.005689508629378    -0.000150038674729
    -0.003009411690602    -0.001373385896951     0.004138542359536
11 43
    -0.000864404069035    -0.000242328357269    -0.000030012881078
    -0.000218245023935    -0.000932751291257    -0.000423292642983
     0.000249854182414    -0.000393370023936    -0.001011794942051
11 44
    -0.002223320735702    -0.002621324389015     0.004008445452255
    -0.003660653754094    -0.000502362402368     0.004009743071303
     0.004279542674477     0.003862590293525    -0.006998838592845
11 45
    -0.030862838592844    -0.034075133912824    -0.018821770817586
    -0.033882590262031    -0.030571699703956    -0.016052818436634
     0.018207701404636     0.017394655769715     0.031538768550012
11 46
    -0.002462814783321     0.001886574420509    -0.002511133912824
     0.004058064499874    -0.006218116370622     0.003904719261779
    -0.003488620023936     0.003828004976065    -0.001455854465860
11 47
    -0.029045152084908    -0.016184409706475    -0.031950743039809
     0.017797060531620     0.031265748708743     0.017756401801461
    -0.032615540658856    -0.016621288674729    -0.028809171926178
11 48
     0.002483657438901     0.003356407753842     0.002092780769715
     0.002435213309398     0.003656522518266    -0.001916520817586
     0.001314975214160     0.000073663706223     0.005348155454774
11 49
     0.003008929264298    -0.001155683515999     0.000028213309398
     0.000476997039557    -0.001209705656337     0.001048286722096
     0.000990520849080     0.001548834341144    -0.000389255259511
11 50
     0.001519788391282    -0.001453971214412    -0.002728530738221
    -0.001327832325523     0.001523300296044    -0.001421223198539
    -0.001237631928697    -0.001386701373142     0.001048750692870
11 51
    -0.000252654069035     0.000166983150668    -0.000294949389015
    -0.000174566452507    -0.000288912005543     0.000220292674477
     0.000200050610985     0.000179669658604    -0.000238884227765
11 52
    -0.002441064783321    -0.004239762881078     0.002652078388763
    -0.004215290658856    -0.005564346529352     0.005550167674477
     0.003268235134795     0.003844806563366    -0.001739624307130
11 53
    -0.000586402084908    -0.001200997008062     0.000834719261779
    -0.001452836293777    -0.000561913989670    -0.000652375976317
    -0.000596268833459     0.000742614103049     0.002932865772235
11 54
    -0.001365195735702     0.002767066484001    -0.003706570420761
     0.003244372039557    -0.001826080656337     0.003728127991938
    -0.004702358119174     0.004526205372890    -0.006091120338876
11 55
     0.000579161407155     0.001694850214160    -0.000364754944570
    -0.001156219230285     0.002554651486520     0.001556193468128
    -0.001766294627110    -0.000677981135047    -0.000177207640463
11 56
    -0.002313116370622     0.003898846245906     0.003369850214160
     0.004717901801461    -0.005290876291257    -0.004542326373142
     0.002878822436382    -0.004794114071555    -0.002081509227765
11 57
     0.003170286407155     0.000944126007811    -0.000927995023936
    -0.001191193436634    -0.000339723513479    -0.001386796611237
     0.001241352198287    -0.001415584309650    -0.000383231449988
11 58
    -0.002304636211892    -0.003660675579491    -0.004042671611237
    -0.002662028754094    -0.001488435815067    -0.004410427563618
    -0.005272983119174    -0.005189715262031    -0.005891318751575
11 59
    -0.000578314783321     0.000576502991938    -0.001029493039809
     0.000009624023684    -0.001576642164273     0.001743685531620
     0.000508044658604     0.000534272833207     0.008990849899219
11 60
     0.002044949105568    -0.002640084309650     0.002587374023684
    -0.002605995023936     0.004999353867473     0.000277276801461
     0.002464721245906     0.000419705372890     0.005091931248425
11 61
    -0.028862007243638     0.031545193468128     0.016018987118922
     0.032115058547493    -0.028813699703956    -0.016471044627110
    -0.017313790658856     0.018235108150668     0.030836724899219
11 62
     0.001385824105568     0.001039370055430    -0.001156080341396
     0.001107175610985     0.001613189184933     0.001118118071303
    -0.001222074389015     0.001058364103049     0.001520845930965
11 63
    -0.000321632243638    -0.000754891849332     0.001121822436382
     0.000742163706223     0.003073607835727     0.000854770849080
     0.001484729182414    -0.000521957325523    -0.000506707640464
12 1
    -0.022421467561098    -0.010202747008063     0.033346931563366
     0.018430030769715     0.029501498708743    -0.022833917642983
     0.029785010928445     0.013286054579239    -0.031803902084908
12 2
    -0.000421241370622    -0.000668584309650    -0.000093530738221
     0.000709818468128     0.000024288391283     0.000155937515747
     0.000714298626858    -0.000817840262031     0.001731387597632
12 3
    -0.006603479465860    -0.004279155738221     0.004512897833207
    -0.005485881928697    -0.002276949703956     0.003624887912572
     0.005330473230033     0.003830110134795    -0.001707600497606
12 4
    -0.001353677878559    -0.000257084309650     0.000003911722096
     0.000225818468128    -0.000445775100781     0.000532370055430
    -0.001140883912824     0.001840717277652    -0.001182112402368
12 5
     0.003678209026203    -0.000756659706475    -0.002933262881078
    -0.000038752960443     0.003506986803981    -0.001512951373142
    -0.001807933515999    -0.002860358119174     0.003067399502394
12 6
     0.029682322121441     0.013810733150668     0.014657219261779
    -0.013485489071555    -0.023187461608717    -0.030860254944570
    -0.011626701373142    -0.031544657722348    -0.031456425894432
12 7
    -0.005171790973797     0.005340933547493     0.005279018864953
     0.003693711325271    -0.004207824703956    -0.003959580341396
     0.002918852198287    -0.006025729150920    -0.000614413989670
12 8
    -0.029421638196019     0.017525336325271    -0.032962510896951
    -0.017503635896951     0.031533828073822    -0.017004110103301
    -0.032776864071555     0.016946554579239    -0.029469320735702
12 9
    -0.198904622323003     0.044402925610985    -0.045207574389015
     0.044881828388763    -0.199738031053162     0.046191826404636
    -0.044447108119174     0.045113810531620    -0.198611652084908
12 10
    -0.027803277084908     0.031451020849080    -0.016820373992189
     0.030286076404636    -0.027803277084908     0.016441733150668
     0.016441733150668    -0.016820373992189     0.031831262597632
12 11
     0.004200714978584    -0.001985401769967    -0.000191052563618
    -0.002299429547745     0.002432796327790     0.002742286722096
     0.000764804579239     0.003272421642731     0.004194262597632
12 12
     0.874654631645250     0.004500423626858     0.004059582357017
     0.004500423626858     0.888256064184933    -0.004488223198539
     0.004059582357017    -0.004488223198539     0.869522512597631
12 13
    -0.198858419942051    -0.046055707325523    -0.045809864071555
    -0.048275248992189    -0.198944693751575    -0.042727651769967
    -0.053989997008062    -0.041717401769967    -0.194166862402368
12 14
     0.031804550296044    -0.017134032722348     0.016377175610985
     0.017330620055430    -0.028931983434114     0.033060076404636
    -0.016631542642983     0.032665376007811    -0.029397745338876
12 15
     0.004734502676997     0.002481645849080     0.000335235134795
     0.002559798626858     0.001899343946838    -0.002685239071555
     0.000612665690350    -0.002702165658856     0.004564859819854
12 16
     0.000028236803981    -0.000862439468380    -0.001165235103301
     0.000861530769715     0.003221330057949    -0.000739417642983
    -0.001425780738221     0.000750362118922    -0.000437697719829
12 17
    -0.006017622323003     0.004307747039557    -0.004271645817586
     0.004420286722096    -0.002634626291257     0.003599713309398
    -0.004339191452507     0.004052298626858    -0.002494181846813
12 18
     0.000275597915092     0.001397322436382     0.001251074420509
     0.001368752991938     0.000027288391282     0.000429403785588
    -0.000763818436634    -0.000395544627110     0.002880197121441
12 19
     0.004570464978584     0.000373393864953     0.001338401801461
    -0.000245925579491     0.003992913391282     0.002632074420509
     0.002408925610985     0.001837633944318     0.002937145534140
12 20
     0.009911675296044    -0.000362877960443     0.000457645849080
    -0.000082397801713    -0.000819094545225     0.000029153785588
     0.000334475214160    -0.000160076373142    -0.000770384227765
12 21
    -0.006258497323003    -0.004503318436634    -0.004898425579491
    -0.004554189468380    -0.002373364386495    -0.003735637881078
    -0.004700471214412    -0.003826766849332    -0.001997181846813
12 22
     0.030404131645251     0.016913278785588    -0.016142522801713
    -0.016142522801713    -0.025903961608718     0.029767429579239
     0.016913278785588     0.032401374023684    -0.025903961608718
12 23
     0.004316705057949     0.000858457357017     0.003013346245906
     0.000765147833207     0.004280788391282    -0.002413373992189
     0.002799106166541    -0.002867054547745     0.001348280454775
12 24
     0.000426089978584     0.000783477198287     0.001035155769715
    -0.000471342246158     0.003467915375409    -0.000703659706475
     0.001358887912572     0.000746437515747    -0.000716110418241
12 25
     0.004376804264298     0.001964397833207    -0.000693548595364
     0.002149215293525     0.002326562200806     0.002607374023684
    -0.000250554547745     0.003446346245906     0.004735911407155
12 26
    -0.026598435815067    -0.034553981135047     0.016989322436382
    -0.031144568436634    -0.028491312799194     0.018038749023684
    -0.017563588277904    -0.018210028754094     0.030409286407155
12 27
    -0.194345148116654    -0.048698417642983     0.037464260928445
    -0.053471377960443    -0.208183080656337     0.053733907753842
     0.038723602198287     0.050229504976064    -0.191835106449987
12 28
    -0.001493314783321     0.000008620055430    -0.000145584309650
    -0.000352153754094    -0.002240578672210     0.000008461325271
    -0.000345689468380    -0.000406358119174    -0.000857707640464
12 29
     0.004659300296044    -0.002859947404888    -0.000319963277904
    -0.001894447404888     0.001875728867473    -0.001922584309650
    -0.000935298595364    -0.001786092246158     0.004730705057949
12 30
     0.031801935216679    -0.016929762881078    -0.016326951373142
     0.017065830372890    -0.027640431846813    -0.032306455341396
     0.016598701404636    -0.032312316452507    -0.029091854465860
12 31
    -0.200383449703956     0.044066733150668     0.046738231166541
     0.045648721245906    -0.200928144148400    -0.045043314468380
     0.047694032753842    -0.044299487087428    -0.198240921926178
12 32
    -0.027081761211892    -0.016940497008062    -0.030913693436634
     0.016642088309398     0.030504453073822     0.016525540690350
    -0.029281181531872    -0.017383987087428    -0.026824447719829
12 33
    -0.002613467561099     0.004344258944318    -0.004062437484253
     0.004114399817334    -0.006035031053162     0.004299129976065
    -0.004337245023936     0.004185352198287    -0.002751681846813
12 34
    -0.000324560815067     0.001077824420509    -0.000655372008062
     0.001373274817334     0.000105516565886    -0.001008953357269
     0.000635004976064     0.000895393864953     0.003277865772235
12 35
     0.001399794343663    -0.001008217246158     0.001355711325271
    -0.001298415658856     0.001420843946838     0.001234850214160
     0.001258939499874     0.001211072436382     0.001445443153187
12 36
    -0.000705427878559    -0.000457149785840    -0.000234622008062
     0.000206475214160     0.009967314184933    -0.000457149785840
     0.000162286722096     0.000206475214160    -0.000705427878559
12 37
    -0.002355927878559    -0.005058953357269    -0.003336451373142
    -0.004290453357269    -0.006828443751575    -0.003700072404888
    -0.003854034706475    -0.005085655738221    -0.001782729465860
12 38
     0.002880197121441     0.001251074420509     0.000429403785588
    -0.000763818436634     0.000275597915092     0.001368752991938
    -0.000395544627110     0.001397322436382     0.000027288391282
12 39
     0.001541447121441     0.001158120055430     0.001267725214160
     0.001127735134795     0.001499296327790    -0.001635127960443
     0.001103151801461    -0.001121600182666     0.001734530454775
12 40
    -0.027652800894432     0.017356629976064     0.031728439499874
    -0.016267120023935     0.031908806248425     0.016886681563366
     0.031973643864953    -0.016100318436634    -0.028395860418241
12 41
     0.002043220930965     0.002126312515747    -0.002584401769967
     0.002911175610985     0.003889145534140     0.000417602198287
    -0.003242947404888     0.000416364103049     0.004589161407155
12 42
    -0.029588669942051    -0.031866056531872    -0.016922689468380
    -0.034567477166793    -0.029045598513479    -0.017475308515999
     0.017232598230033     0.017599479182414     0.028106792359536
12 43
    -0.002390987402368    -0.003801850182666     0.004721764896699
    -0.003944669627110    -0.002228358434114     0.005265062515747
     0.004081364103049     0.004256745055430    -0.005796919942051
12 44
    -0.001797154069035     0.000094528785588     0.000039348230033
    -0.000097578357269    -0.002088344545226     0.000050348230033
    -0.000239197404888    -0.000194669627110    -0.001098713592845
12 45
    -0.000036546926178    -0.002043780738221    -0.002906743039809
    -0.001062764865205     0.005534318153187     0.000372036722096
    -0.000773038674729    -0.000877354150920     0.004413143550013
12 46
     0.003344851883346    -0.001019197404888     0.000676518864953
     0.000906139896699     0.000272651486521    -0.001527425579491
    -0.000267360103301    -0.001542254944570    -0.000625729465860
12 47
    -0.002146485418241     0.004117068468128     0.004287034737969
     0.004485385928445    -0.002159608434114    -0.004373743039809
     0.004434844261779    -0.004336673595364    -0.005877296926178
12 48
    -0.000225925894432    -0.000828614071555     0.000815433547493
     0.001180663706223     0.003624290375409     0.000079834341144
     0.001411360134795    -0.000759346214412    -0.000773344545226
12 49
     0.001743345930965     0.001374294658604    -0.001278758912824
     0.001579197436382     0.001763312200806     0.001686891880826
    -0.001508094230285     0.001545074420509     0.002257494740489
12 50
     0.000133330057949    -0.001278618039808     0.000731747039557
    -0.001218881928697    -0.000248806846813    -0.000970618039809
    -0.000602247008062     0.000823163706223     0.002792500692870
12 51
    -0.002502612402368    -0.004420538674729     0.003763828388763
    -0.004736866055682    -0.006650144148400     0.004944772833207
     0.004082810531620     0.004204909737969    -0.002069509227765
12 52
    -0.000172648116654     0.000032215293525    -0.000106268833459
     0.000146909737969    -0.000298578672210     0.000063022833207
     0.000029120055430     0.000057046642731    -0.000100499307130
12 53
     0.001374514581759    -0.001238768833459    -0.001256002960443
    -0.001305260896951     0.001431103867473    -0.001286020817586
    -0.001315258912824    -0.001215645817586     0.001546740772235
12 54
     0.003256845930965     0.000753044658604    -0.000230792642983
    -0.000104427563618     0.000456562200806    -0.001599266849332
     0.001064026801461    -0.001050179547745    -0.000742995338876
12 55
    -0.003812796926178     0.003869578388763     0.003516772833207
     0.004043231166541    -0.006539955656337    -0.003704076373142
     0.004552215293525    -0.003810116055681    -0.001066957640464
12 56
    -0.000045574703956     0.000856824420509    -0.001422247008062
    -0.000674022801713     0.003338391565886     0.000509403785588
    -0.001382167642983    -0.000620873992189    -0.000282509227765
12 57
    -0.002471171926178     0.004149104182414    -0.004713217246158
     0.003980131960191    -0.002225455656337     0.004358308547493
    -0.004630262881078     0.004534030769715    -0.005869856449987
12 58
    -0.028763594545225     0.031806177595112     0.018215231166541
     0.031619921642731    -0.028613417957924    -0.017348447404888
    -0.016619723198539     0.016717649817334     0.030286431248425
12 59
     0.001739351883346    -0.002384893833459     0.002621409737969
    -0.002661800579491     0.004708500692870     0.000424415690350
     0.002280429579239     0.000289512912572     0.004762474899219
12 60
    -0.001578259227765    -0.000185856135047     0.000009151801461
    -0.000391294627110    -0.001659878275384    -0.000049618039809
     0.000078481166541     0.000018320452255     0.010194181248425
12 61
    -0.002188965576972    -0.004119703357269    -0.004758860103301
    -0.003824366055682    -0.002681806846813    -0.004629564468380
    -0.004346280738221    -0.004317526769967    -0.006255025100781
12 62
     0.003459990772235    -0.000649026769967    -0.000575302563618
     0.000879126007811    -0.000007542957924     0.001194848230033
     0.000803060531620     0.001421354182414    -0.000200529069035
12 63
     0.002068659423028     0.002858336325271     0.002900975214160
     0.002563114103049     0.005014125692870    -0.000575123992189
     0.002898239103049    -0.000541592246158     0.004587917359536
13 1
     0.003725605851600     0.000775955372890    -0.002265522801713
     0.005131649817334     0.003287990772235    -0.002770096214412
    -0.002576185500126     0.000356626007811     0.002307847915092
13 2
    -0.002416542957924    -0.001111256928698     0.003958389896699
     0.005221687515747    -0.005999094545225    -0.000203366055682
     0.004095477198287     0.001158356166541    -0.004095737402368
13 3
    -0.001097031053162    -0.001063203357269     0.001135318468128
    -0.007025887881078     0.000543042359536     0.000401459341144
    -0.000851723198539     0.000109056563366     0.002791774502394
13 4
     0.002030520534139    -0.005195506928697     0.003018332357017
    -0.005519187484253     0.004154841962711     0.002146066484001
    -0.000450330341396     0.002869663706223    -0.003680487402368
13 5
    -0.000988592561099     0.000113917674477     0.000208407753842
     0.000538991087176    -0.001765646132527     0.000989745055430
    -0.000267004944570    -0.000108286690602    -0.001307225497606
13 6
    -0.179147979465860     0.069030685531620     0.014048389896700
     0.035872254976064    -0.165256469545225    -0.042818933515999
     0.017678477198287    -0.070987086293777    -0.175022675894432
13 7
     0.023790657438901    -0.025127614071555    -0.015616435500126
     0.017276830372890    -0.029870082640464    -0.031091758912824
     0.022827905769715    -0.023878782722348    -0.027225538989670
13 8
    -0.002114939783321     0.004054663706223    -0.003696965262031
     0.004799733150668    -0.006993429862686     0.005106336325271
    -0.003379810500126     0.004258001007811    -0.001765070735702
13 9
    -0.028288548910305    -0.016545122008062    -0.031902778754094
     0.015543572436382     0.031905711010330     0.015620397833207
    -0.032891054547745    -0.016173368039808    -0.028803402084908
13 10
     0.002432796327790    -0.001985401769967     0.003272421642731
    -0.002299429547745     0.004200714978584     0.000764804579239
     0.002742286722096    -0.000191052563618     0.004194262597632
13 11
    -0.028249836608718     0.025100175610985     0.024315243071303
     0.032601064499874    -0.028249836608718    -0.016094016849332
    -0.016094016849332     0.024315243071303     0.021798012597632
13 12
    -0.198858419942051    -0.048275248992189    -0.053989997008062
    -0.046055707325523    -0.198944693751575    -0.041717401769967
    -0.045809864071555    -0.042727651769967    -0.194166862402368
13 13
     0.821091278470647     0.006624370055430     0.070595681563366
     0.006624370055430     0.863045048311917    -0.005507205341396
     0.070595681563366    -0.005507205341396     0.820419762597631
13 14
     0.003945748708743    -0.000314205341396     0.002291346245906
     0.000738489103049     0.004568258629378    -0.002999102166793
     0.002597135928445    -0.001630177563618     0.002598004661124
13 15
     0.030145451089695     0.015076973230033    -0.013194969230285
    -0.017260832325523    -0.027359913989670     0.029973457357017
     0.016407219261779     0.033576030769715    -0.029993640180146
13 16
    -0.004640189783321     0.006235512912572    -0.005272314468380
     0.002494274817334    -0.000596552878559     0.005787403785588
    -0.003347602166793     0.002342558547493    -0.004542322719829
13 17
    -0.000337798910305    -0.000100175579491    -0.001805475182666
    -0.000579594230285     0.002505615772235     0.000484409737969
    -0.001571387881078     0.000069620055430    -0.000123681846813
13 18
     0.001499296327790    -0.001121600182666     0.001158120055430
    -0.001635127960443     0.001734530454775     0.001267725214160
     0.001127735134795     0.001103151801461     0.001541447121441
13 19
    -0.000524461608718     0.001707846245906    -0.000025177563618
     0.004715693468128    -0.000056219545225    -0.000614354150920
     0.001072729182414     0.000969080372890     0.002305645534140
13 20
    -0.005178001291257    -0.003240550579491    -0.003617808515999
    -0.006065278754094    -0.001421102481733    -0.003092524785840
    -0.005005096214412    -0.005929879944570    -0.004428634227765
13 21
     0.008696576089695     0.000005633944319     0.000403995055430
     0.001290054579239    -0.000577747323003    -0.000179066452507
     0.001789457357017     0.000080554579239    -0.001343806846813
13 22
     0.004316705057949     0.002799106166541     0.000765147833207
     0.003013346245906     0.001348280454775    -0.002413373992189
     0.000858457357017    -0.002867054547745     0.004280788391282
13 23
     0.026053278470648    -0.014443340262031     0.016360141880826
     0.016360141880826    -0.029675969545225     0.033674322436382
    -0.014443340262031     0.031986766880826    -0.029675969545225
13 24
     0.001686538391282     0.001348179579239    -0.001013673595364
     0.003447651801461     0.001866907438901     0.001516536722096
    -0.001380558515999     0.001093758944318     0.001288639581759
13 25
    -0.001017497323003    -0.000751274785840     0.001419997039556
     0.000590584341144     0.002783554264298     0.001326070452255
     0.001219499023683     0.000281292674477    -0.001142213592844
13 26
    -0.000502362402368    -0.003660653754094     0.004009743071302
    -0.002621324389015    -0.002223320735702     0.004008445452255
     0.003862590293525     0.004279542674477    -0.006998838592844
13 27
    -0.030571699703956    -0.033882590262031    -0.016052818436634
    -0.034075133912824    -0.030862838592844    -0.018821770817586
     0.017394655769715     0.018207701404636     0.031538768550013
13 28
     0.005689508629378    -0.001374552563618    -0.000150038674729
    -0.002850159706475     0.002783288391282    -0.003582967246158
    -0.001373385896951    -0.003009411690602     0.004138542359536
13 29
    -0.000932751291257    -0.000218245023935    -0.000423292642983
    -0.000242328357269    -0.000864404069035    -0.000030012881078
    -0.000393370023936     0.000249854182414    -0.001011794942051
13 30
    -0.006218116370622     0.004058064499874     0.003904719261779
     0.001886574420509    -0.002462814783321    -0.002511133912824
     0.003828004976065    -0.003488620023936    -0.001455854465860
13 31
     0.031265748708743     0.017797060531620     0.017756401801461
    -0.016184409706475    -0.029045152084908    -0.031950743039809
    -0.016621288674729    -0.032615540658856    -0.028809171926178
13 32
    -0.193411062799194     0.043745205372890    -0.046934272801713
     0.042138457357017    -0.197080054862686     0.045120862118922
    -0.054341752960443     0.047462209341144    -0.197439322719829
13 33
    -0.028485144148400     0.016358336325271    -0.032368516849332
    -0.015747106135047     0.031773586010330    -0.015732173595364
    -0.031503941452507     0.016612548626858    -0.028126931846813
13 34
     0.004538637597632     0.000223526801461     0.002384173626858
    -0.000973606135047     0.004831133629378     0.001989993071303
     0.002835183547493     0.001278090293525     0.002441490772235
13 35
    -0.000890132243638     0.001330235134795     0.001004006960191
     0.001826828388763     0.000040211010330     0.000585296642731
    -0.000137881928697    -0.000327856135047     0.002691068153187
13 36
    -0.001782729465860    -0.003700072404888    -0.003336451373142
    -0.005085655738221    -0.006828443751575    -0.005058953357269
    -0.003854034706475    -0.004290453357269    -0.002355927878559
13 37
    -0.001020104465860    -0.001083875976316    -0.000646030738221
     0.001477915690350     0.015433298311917    -0.001083875976316
    -0.000269106135046     0.001477915690350    -0.001020104465860
13 38
     0.002937145534140     0.001338401801461     0.002632074420509
     0.002408925610985     0.004570464978584    -0.000245925579491
     0.001837633944318     0.000373393864953     0.003992913391282
13 39
     0.002305645534140    -0.000025177563618    -0.000614354150920
     0.001072729182414    -0.000524461608718     0.004715693468128
     0.000969080372890     0.001707846245906    -0.000056219545225
13 40
     0.005047522518266     0.000387832357017    -0.002315889865205
     0.000290374023684     0.005328798311917     0.001627502991938
    -0.002860427563618     0.002149377991938     0.002104389581759
13 41
    -0.031420705656337    -0.015397235103301     0.034590643864953
     0.016106544658604     0.028030137597632    -0.015327326373142
     0.035749231166541     0.015461310531620    -0.030527213592845
13 42
    -0.175965346529352    -0.040516604150920     0.026392606166541
    -0.060605108119174    -0.193312981449987     0.060010887912572
     0.026311026801461     0.040169175610985    -0.176782957640464
13 43
    -0.030212913989670    -0.033378022801713     0.015780060531620
    -0.030154675579491    -0.027536741370622     0.017232758944318
    -0.013320582325523    -0.015305308515999     0.030735955057949
13 44
     0.002956294343663    -0.002271268833459    -0.002161606135047
    -0.001979709309650     0.004299397518267     0.000101544658604
    -0.003122268833459    -0.000253973198539     0.004374036407155
13 45
    -0.002620098513480     0.001363296642731    -0.001062822404888
     0.000264479182414    -0.000139064783321    -0.000136016849332
     0.000547264896699    -0.000470657722348    -0.000321856449987
13 46
    -0.000343449703956     0.004707254976064     0.002072064499874
     0.003019633944318    -0.006765231449987    -0.003060354150920
     0.001379693468128    -0.005062933515999    -0.000843729465861
13 47
     0.002621212994457     0.000538020849080    -0.000306419627110
    -0.000675870023936     0.000209883629378    -0.001864046611237
     0.000962397833207    -0.001413477166793    -0.000747421926178
13 48
     0.003656522518267     0.002435213309398    -0.001916520817586
     0.003356407753842     0.002483657438901     0.002092780769715
     0.000073663706223     0.001314975214160     0.005348155454774
13 49
    -0.001209705656337     0.000476997039557     0.001048286722096
    -0.001155683515999     0.003008929264298     0.000028213309398
     0.001548834341144     0.000990520849080    -0.000389255259511
13 50
    -0.005564346529352    -0.004215290658856     0.005550167674477
    -0.004239762881078    -0.002441064783321     0.002652078388763
     0.003844806563366     0.003268235134795    -0.001739624307130
13 51
    -0.000561913989670    -0.001452836293777    -0.000652375976317
    -0.001200997008062    -0.000586402084908     0.000834719261779
     0.000742614103049    -0.000596268833459     0.002932865772235
13 52
     0.001523300296044    -0.001327832325523    -0.001421223198539
    -0.001453971214412     0.001519788391282    -0.002728530738221
    -0.001386701373142    -0.001237631928697     0.001048750692870
13 53
    -0.000288912005543    -0.000174566452507     0.000220292674477
     0.000166983150668    -0.000252654069035    -0.000294949389015
     0.000179669658604     0.000200050610985    -0.000238884227765
13 54
    -0.001826080656337     0.003244372039556     0.003728127991938
     0.002767066484001    -0.001365195735702    -0.003706570420761
     0.004526205372890    -0.004702358119173    -0.006091120338876
13 55
     0.002554651486521    -0.001156219230285     0.001556193468128
     0.001694850214160     0.000579161407156    -0.000364754944570
    -0.000677981135047    -0.001766294627110    -0.000177207640463
13 56
    -0.005290876291257     0.004717901801461    -0.004542326373142
     0.003898846245906    -0.002313116370622     0.003369850214160
    -0.004794114071555     0.002878822436382    -0.002081509227765
13 57
    -0.000339723513479    -0.001191193436634    -0.001386796611237
     0.000944126007811     0.003170286407155    -0.000927995023936
    -0.001415584309650     0.001241352198287    -0.000383231449988
13 58
     0.004999353867473    -0.002605995023936     0.000277276801461
    -0.002640084309650     0.002044949105568     0.002587374023684
     0.000419705372890     0.002464721245906     0.005091931248425
13 59
    -0.028813699703956     0.032115058547493    -0.016471044627110
     0.031545193468128    -0.028862007243638     0.016018987118922
     0.018235108150668    -0.017313790658856     0.030836724899219
13 60
    -0.001488435815067    -0.002662028754094    -0.004410427563618
    -0.003660675579491    -0.002304636211892    -0.004042671611237
    -0.005189715262031    -0.005272983119174    -0.005891318751575
13 61
    -0.001576642164273     0.000009624023684     0.001743685531620
     0.000576502991938    -0.000578314783321    -0.001029493039809
     0.000534272833207     0.000508044658604     0.008990849899219
13 62
     0.001613189184933     0.001107175610985     0.001118118071303
     0.001039370055430     0.001385824105568    -0.001156080341396
     0.001058364103049    -0.001222074389015     0.001520845930965
13 63
     0.003073607835727     0.000742163706223     0.000854770849080
    -0.000754891849332    -0.000321632243638     0.001121822436382
    -0.000521957325523     0.001484729182414    -0.000506707640464
14 1
     0.001065201089695    -0.000526675579491     0.000432306563366
    -0.000526675579491     0.001065201089695     0.000432306563366
     0.001154729182414     0.001154729182414     0.002019964978584
14 2
    -0.023410697719829     0.013696487118922    -0.032381405738221
    -0.012021637881078     0.028275240772235    -0.014398838277904
    -0.030775233119173     0.012686334341144    -0.029439370338876
14 3
    -0.197386060815067     0.048963665690350    -0.043543227166793
     0.044440411722096    -0.197333497323003     0.046675362118922
    -0.045512058515999     0.055145534737969    -0.194849358434114
14 4
     0.028275240772235    -0.012021637881078    -0.014398838277904
     0.013696487118922    -0.023410697719829    -0.032381405738221
     0.012686334341144    -0.030775233119173    -0.029439370338876
14 5
    -0.197333497323003     0.044440411722096     0.046675362118922
     0.048963665690350    -0.197386060815067    -0.043543227166793
     0.055145534737969    -0.045512058515999    -0.194849358434114
14 6
    -0.001933759227765    -0.000131820420761     0.000398094261779
    -0.000131820420761    -0.001933759227765     0.000398094261779
     0.001518766880826     0.001518766880826    -0.003128308830940
14 7
     0.004509627676997    -0.001001870023936    -0.002454106135047
    -0.001001870023936     0.004509627676997    -0.002454106135047
    -0.002624054547745    -0.002624054547745     0.001504078073822
14 8
    -0.028487344545225    -0.031265092246158     0.016403114103049
    -0.031265092246158    -0.028487344545225     0.016403114103049
    -0.016560520817586    -0.016560520817586     0.032002546327790
14 9
    -0.198865328672210    -0.044954252960443     0.045218300610985
    -0.044954252960443    -0.198865328672210     0.045218300610985
     0.044051360134795     0.044051360134795    -0.198355910021416
14 10
    -0.028931983434114    -0.017134032722348     0.032665376007811
     0.017330620055430     0.031804550296044    -0.016631542642983
     0.033060076404636     0.016377175610985    -0.029397745338876
14 11
     0.004568258629378    -0.000314205341396    -0.001630177563618
     0.000738489103049     0.003945748708743     0.002597135928445
    -0.002999102166793     0.002291346245906     0.002598004661124
14 12
     0.031804550296044     0.017330620055430    -0.016631542642983
    -0.017134032722348    -0.028931983434114     0.032665376007811
     0.016377175610985     0.033060076404636    -0.029397745338876
14 13
     0.003945748708743     0.000738489103049     0.002597135928445
    -0.000314205341396     0.004568258629378    -0.001630177563618
     0.002291346245906    -0.002999102166793     0.002598004661124
14 14
     0.878790718946837    -0.003028836293777    -0.002625199389015
    -0.003028836293777     0.878790718946837    -0.002625199389015
    -0.002625199389015    -0.002625199389015     0.873812996724617
14 15
    -0.201354953672210    -0.045552907722348    -0.043734639865205
    -0.045552907722348    -0.201354953672210    -0.043734639865205
    -0.045321491055682    -0.045321491055682    -0.198834648116654
14 16
     0.000059405454775    -0.001402618039809    -0.000950860103301
    -0.001353675579491    -0.000408092561099     0.000635056563366
     0.000810312515747    -0.000578963277904     0.003153044343663
14 17
    -0.006214078672210    -0.004606556531872     0.004523604182414
    -0.004026169627110    -0.002934548910305     0.004068437515747
     0.004015776801461     0.004236223230033    -0.002694314783321
14 18
     0.000105516565886     0.000895393864953     0.001077824420509
    -0.001008953357269     0.003277865772235    -0.000655372008062
     0.001373274817334     0.000635004976064    -0.000324560815067
14 19
     0.004831133629378     0.001278090293525     0.000223526801461
     0.001989993071303     0.002441490772235     0.002384173626858
    -0.000973606135047     0.002835183547493     0.004538637597632
14 20
     0.030248968946838    -0.017072431531872     0.016732395849080
     0.016732395849080    -0.026212767164273     0.030069627991937
    -0.017072431531872     0.029361723230033    -0.026212767164273
14 21
     0.004646921327790     0.002444002991938     0.000566449420509
     0.002300479182414     0.001845212994457    -0.002627913674729
     0.000652247039557    -0.002446217246158     0.004710435216679
14 22
     0.009911675296044     0.000334475214160    -0.000082397801713
     0.000457645849080    -0.000770384227765     0.000029153785588
    -0.000362877960443    -0.000160076373142    -0.000819094545225
14 23
    -0.005178001291257    -0.005005096214412    -0.006065278754094
    -0.003617808515999    -0.004428634227765    -0.003092524785840
    -0.003240550579491    -0.005929879944570    -0.001421102481733
14 24
    -0.029248491370622     0.033620673626858    -0.017761594230285
     0.032186576404636    -0.029036757243638     0.017395064499874
     0.017818606166541    -0.017377387881078     0.027956756645251
14 25
     0.004072222915092    -0.002848905738221     0.000205701404636
    -0.002940241055682     0.002152139581759     0.002948973230033
     0.000214288706223     0.002739270849080     0.005013028470648
14 26
     0.000483607835727    -0.000749784706475    -0.001545677563618
     0.000980975214160     0.003685764581759    -0.000670276769967
    -0.001220245023936     0.000769395849080    -0.000540971529352
14 27
    -0.007173854465860     0.004381528785588    -0.004061239071555
     0.005519915690350    -0.002478878275384     0.002985131960192
    -0.005205679547745     0.003043429579239    -0.002409489386495
14 28
     0.032456728867473     0.017207816484001     0.016754040690350
    -0.016516610103301    -0.027512626291257    -0.032374064468380
    -0.015846471214412    -0.032274433515999    -0.028414840576972
14 29
    -0.006420906053162     0.004535874023684     0.004774911722096
     0.004275471245906    -0.002017568751575    -0.003568360103301
     0.004339169658604    -0.003809042642983    -0.002087302878559
14 30
    -0.001551271132527    -0.000029191452507     0.000138673626858
     0.000475624023684    -0.002220854465860     0.000122268864953
     0.000198669658604     0.000085108150668    -0.001012737402368
14 31
     0.004794718946838    -0.002592570420761    -0.000334393833459
    -0.002692860103301     0.001891558232552    -0.002638465262031
    -0.000500123992189    -0.002846812484253     0.004734445137314
14 32
    -0.000408092561099    -0.001353675579491     0.000635056563366
    -0.001402618039809     0.000059405454775    -0.000950860103301
    -0.000578963277904     0.000810312515747     0.003153044343663
14 33
    -0.002934548910305    -0.004026169627110     0.004068437515747
    -0.004606556531872    -0.006214078672210     0.004523604182414
     0.004236223230033     0.004015776801461    -0.002694314783321
14 34
    -0.026212767164273     0.016732395849080     0.030069627991937
    -0.017072431531872     0.030248968946838     0.016732395849080
     0.029361723230033    -0.017072431531872    -0.026212767164273
14 35
     0.001845212994457     0.002300479182414    -0.002627913674729
     0.002444002991938     0.004646921327790     0.000566449420509
    -0.002446217246158     0.000652247039557     0.004710435216679
14 36
     0.003277865772235    -0.001008953357269    -0.000655372008062
     0.000895393864953     0.000105516565886     0.001077824420509
     0.000635004976064     0.001373274817334    -0.000324560815067
14 37
     0.002441490772235     0.001989993071303     0.002384173626858
     0.001278090293525     0.004831133629378     0.000223526801461
     0.002835183547493    -0.000973606135047     0.004538637597632
14 38
    -0.000770384227765     0.000457645849080     0.000029153785588
     0.000334475214160     0.009911675296044    -0.000082397801713
    -0.000160076373142    -0.000362877960443    -0.000819094545225
14 39
    -0.004428634227765    -0.003617808515999    -0.003092524785840
    -0.005005096214412    -0.005178001291257    -0.006065278754094
    -0.005929879944570    -0.003240550579491    -0.001421102481733
14 40
    -0.029036757243638     0.032186576404636     0.017395064499874
     0.033620673626858    -0.029248491370622    -0.017761594230285
    -0.017377387881078     0.017818606166541     0.027956756645251
14 41
     0.002152139581759    -0.002940241055682     0.002948973230033
    -0.002848905738221     0.004072222915092     0.000205701404636
     0.002739270849080     0.000214288706223     0.005013028470648
14 42
    -0.027512626291257    -0.016516610103301    -0.032374064468380
     0.017207816484001     0.032456728867473     0.016754040690350
    -0.032274433515999    -0.015846471214412    -0.028414840576972
14 43
    -0.002017568751575     0.004275471245906    -0.003568360103301
     0.004535874023684    -0.006420906053162     0.004774911722096
    -0.003809042642983     0.004339169658604    -0.002087302878559
14 44
     0.003685764581759     0.000980975214160    -0.000670276769967
    -0.000749784706475     0.000483607835727    -0.001545677563618
     0.000769395849080    -0.001220245023936    -0.000540971529352
14 45
    -0.002478878275384     0.005519915690350     0.002985131960192
     0.004381528785588    -0.007173854465860    -0.004061239071555
     0.003043429579239    -0.005205679547745    -0.002409489386495
14 46
    -0.002220854465860     0.000475624023684     0.000122268864953
    -0.000029191452507    -0.001551271132527     0.000138673626858
     0.000085108150668     0.000198669658604    -0.001012737402368
14 47
     0.001891558232552    -0.002692860103301    -0.002638465262031
    -0.002592570420761     0.004794718946838    -0.000334393833459
    -0.002846812484253    -0.000500123992189     0.004734445137314
14 48
    -0.000171882243638     0.001146332357017    -0.000891941452507
     0.001146332357017    -0.000171882243638    -0.000891941452507
     0.000537203388763     0.000537203388763     0.002526897518267
14 49
     0.001576139581759    -0.001628883912824     0.001311366087176
    -0.001628883912824     0.001576139581759     0.001311366087176
     0.001337124023684     0.001337124023684     0.002061486803981
14 50
    -0.000393376291257     0.001291578388763    -0.001229127960443
    -0.000921838277904     0.003176270534140     0.000153106166541
    -0.001519653754094    -0.000434036690602    -0.000801257243638
14 51
    -0.002467318751575     0.003873157753842    -0.004255796611237
     0.003901052595112    -0.002100691767448     0.004878622039557
    -0.004034846214412     0.004507459341144    -0.005511767164273
14 52
     0.003176270534140    -0.000921838277904     0.000153106166541
     0.001291578388763    -0.000393376291257    -0.001229127960443
    -0.000434036690602    -0.001519653754094    -0.000801257243638
14 53
    -0.002100691767448     0.003901052595112     0.004878622039557
     0.003873157753842    -0.002467318751575    -0.004255796611237
     0.004507459341144    -0.004034846214412    -0.005511767164273
14 54
    -0.000165860418241     0.000025241087176     0.000080332357017
     0.000025241087176    -0.000165860418241     0.000080332357017
    -0.000023129944570    -0.000023129944570    -0.000337753275384
14 55
     0.001285121724616    -0.001577225182666    -0.001028602166793
    -0.001577225182666     0.001285121724616    -0.001028602166793
    -0.000888066452507    -0.000888066452507     0.001867909423028
14 56
    -0.028847656053162    -0.032131229150920    -0.017515622008062
    -0.032131229150920    -0.028847656053162    -0.017515622008062
     0.016826175610985     0.016826175610985     0.031134607835727
14 57
    -0.002431628275384    -0.004194699389015     0.004474407753842
    -0.004194699389015    -0.002431628275384     0.004474407753842
     0.004650455372890     0.004650455372890    -0.006117864386495
14 58
    -0.000024675894432    -0.000761875976316     0.001336606166541
     0.000853965293525     0.003317534423028     0.000563401801461
     0.001386745055430    -0.000750675579491    -0.000315451688083
14 59
     0.001444895534140     0.000979552595112    -0.001347090262031
     0.001251868071303     0.001456828073822     0.001162389896699
    -0.001340227166793     0.001350937515747     0.001472716962711
14 60
     0.003317534423028     0.000853965293525     0.000563401801461
    -0.000761875976316    -0.000024675894432     0.001336606166541
    -0.000750675579491     0.001386745055430    -0.000315451688083
14 61
     0.001456828073822     0.001251868071303     0.001162389896699
     0.000979552595112     0.001444895534140    -0.001347090262031
     0.001350937515747    -0.001340227166793     0.001472716962711
14 62
    -0.001419465576972     0.000071294658604     0.000126697436382
     0.000071294658604    -0.001419465576972     0.000126697436382
     0.000043028785588     0.000043028785588     0.009980962994457
14 63
    -0.002587171926178    -0.004570092246158    -0.004015899785840
    -0.004570092246158    -0.002587171926178    -0.004015899785840
    -0.004799042642983    -0.004799042642983    -0.005986840576972
15 1
     0.001308903470647    -0.000819122008063     0.001405639896699
    -0.000819122008063     0.001308903470647     0.001405639896699
     0.001235913706223     0.001235913706223     0.001445695137314
15 2
    -0.002651620338876     0.005441415690350    -0.002800197404888
     0.002880665690350    -0.007237181846813     0.003568495055430
    -0.003884798595364     0.004227018864953    -0.003354515180146
15 3
    -0.029166108434114    -0.017553905738221    -0.032546643833459
     0.017803715293525     0.031196830057949     0.017351820452255
    -0.031335123992189    -0.018423155738221    -0.028463878275384
15 4
    -0.007237181846813     0.002880665690350     0.003568495055430
     0.005441415690350    -0.002651620338876    -0.002800197404888
     0.004227018864953    -0.003884798595364    -0.003354515180146
15 5
     0.031196830057949     0.017803715293525     0.017351820452255
    -0.017553905738221    -0.029166108434114    -0.032546643833459
    -0.018423155738221    -0.031335123992189    -0.028463878275384
15 6
     0.002159818153187     0.001358983150668    -0.004268822404888
     0.001358983150668     0.002159818153187    -0.004268822404888
    -0.000454048595364    -0.000454048595364     0.002667046327790
15 7
    -0.001236544942051     0.000109183547493     0.000075352198287
     0.000109183547493    -0.001236544942051     0.000075352198287
     0.000137754976065     0.000137754976065    -0.000773066767448
15 8
    -0.002225892164273    -0.004260163674729     0.004589697436382
    -0.004260163674729    -0.002225892164273     0.004589697436382
     0.004265413706223     0.004265413706223    -0.005873598513479
15 9
    -0.028369001291257    -0.031197824389015    -0.017578741055682
    -0.031197824389015    -0.028369001291257    -0.017578741055682
     0.016964919658604     0.016964919658604     0.031203195137314
15 10
     0.001899343946838     0.002481645849080    -0.002702165658856
     0.002559798626858     0.004734502676997     0.000612665690350
    -0.002685239071555     0.000335235134795     0.004564859819854
15 11
    -0.027359913989670     0.015076973230033     0.033576030769715
    -0.017260832325523     0.030145451089695     0.016407219261779
     0.029973457357017    -0.013194969230285    -0.029993640180146
15 12
     0.004734502676997     0.002559798626858     0.000612665690350
     0.002481645849080     0.001899343946838    -0.002702165658856
     0.000335235134795    -0.002685239071555     0.004564859819854
15 13
     0.030145451089695    -0.017260832325523     0.016407219261779
     0.015076973230033    -0.027359913989670     0.033576030769715
    -0.013194969230285     0.029973457357017    -0.029993640180146
15 14
    -0.201354953672210    -0.045552907722348    -0.045321491055682
    -0.045552907722348    -0.201354953672210    -0.045321491055682
    -0.043734639865205    -0.043734639865205    -0.198834648116654
15 15
     0.884057873708742     0.001113520849080    -0.000539431531872
     0.001113520849080     0.884057873708742    -0.000539431531872
    -0.000539431531872    -0.000539431531872     0.884947957042076
15 16
    -0.002122767164273    -0.004430564468380     0.003862723230033
    -0.005038497008062    -0.005551765180146     0.004279639896699
     0.003798747039557     0.004023471245906    -0.002341225497606
15 17
    -0.000207251291257    -0.001400002960443     0.000823687515747
    -0.001241116055682    -0.000371221529352    -0.000668354150920
    -0.000608538674729     0.000760282753842     0.003248290375409
15 18
     0.001420843946838     0.001211072436382    -0.001008217246158
     0.001234850214160     0.001445443153187     0.001355711325271
    -0.001298415658856     0.001258939499874     0.001399794343663
15 19
     0.000040211010330    -0.000327856135047     0.001330235134795
     0.000585296642731     0.002691068153187     0.001004006960191
     0.001826828388763    -0.000137881928697    -0.000890132243638
15 20
     0.004646921327790     0.000652247039557     0.002300479182414
     0.000566449420509     0.004710435216679    -0.002627913674729
     0.002444002991938    -0.002446217246158     0.001845212994457
15 21
     0.031157373708743     0.017339681563366    -0.017385342246158
    -0.017385342246158    -0.028299209624591     0.031505044658604
     0.017339681563366     0.032057592277652    -0.028299209624591
15 22
    -0.006258497323003    -0.004700471214412    -0.004554189468380
    -0.004898425579491    -0.001997181846813    -0.003735637881078
    -0.004503318436634    -0.003826766849332    -0.002373364386495
15 23
     0.008696576089695     0.001789457357017     0.001290054579239
     0.000403995055430    -0.001343806846813    -0.000179066452507
     0.000005633944319     0.000080554579239    -0.000577747323003
15 24
     0.001745211010330    -0.002881022801713     0.002375989103049
    -0.002514870023935     0.004301820137314     0.000696397833207
     0.002586665690350     0.000110546642731     0.004797361803981
15 25
    -0.028098574703956     0.031667772833207     0.016931409737969
     0.031303062515747    -0.028293908037289    -0.016243693436634
    -0.016599276769967     0.017378830372890     0.029748883629378
15 26
    -0.001944939783321     0.003672768864953    -0.004529969230285
     0.003721778785588    -0.002076783037289     0.004454806563366
    -0.004575810500126     0.004426080372890    -0.005839366370622
15 27
    -0.000536777084908     0.001007957357017    -0.001712155738221
    -0.000694905738221     0.002863449105568     0.000485090293525
    -0.001647370023936    -0.001156510896951    -0.000729134227765
15 28
    -0.197784818751575     0.046863495055430     0.044663249023684
     0.045563568468128    -0.199937298910305    -0.044826356135047
     0.043620838309398    -0.048395998992189    -0.198332610418241
15 29
     0.030873921327790    -0.017129947404888    -0.017086004944570
     0.017451024817334    -0.028501116370622    -0.032159276769967
     0.017459354182414    -0.031611483119174    -0.028192322719829
15 30
     0.004384556248425    -0.002505887881078    -0.000453243039808
    -0.002303447404888     0.002148972915092    -0.002842647801713
    -0.000293645817586    -0.002889832325523     0.004855117756362
15 31
    -0.001041203672210    -0.000012266849332    -0.000069935500126
    -0.000061181531872    -0.000851989386495     0.000047368071303
     0.000014685531620     0.000111872039557    -0.000960074703956
15 32
    -0.005551765180146    -0.005038497008062     0.004279639896699
    -0.004430564468380    -0.002122767164273     0.003862723230033
     0.004023471245906     0.003798747039557    -0.002341225497606
15 33
    -0.000371221529352    -0.001241116055682    -0.000668354150920
    -0.001400002960443    -0.000207251291257     0.000823687515747
     0.000760282753842    -0.000608538674729     0.003248290375409
15 34
     0.004710435216679     0.000566449420509    -0.002627913674729
     0.000652247039557     0.004646921327790     0.002300479182414
    -0.002446217246158     0.002444002991938     0.001845212994457
15 35
    -0.028299209624591    -0.017385342246158     0.031505044658604
     0.017339681563366     0.031157373708743    -0.017385342246158
     0.032057592277652     0.017339681563366    -0.028299209624591
15 36
     0.001445443153187     0.001234850214160     0.001355711325271
     0.001211072436382     0.001420843946838    -0.001008217246158
     0.001258939499874    -0.001298415658856     0.001399794343663
15 37
     0.002691068153187     0.000585296642731     0.001004006960191
    -0.000327856135047     0.000040211010330     0.001330235134795
    -0.000137881928697     0.001826828388763    -0.000890132243638
15 38
    -0.001997181846813    -0.004898425579491    -0.003735637881078
    -0.004700471214412    -0.006258497323003    -0.004554189468380
    -0.003826766849332    -0.004503318436634    -0.002373364386495
15 39
    -0.001343806846813     0.000403995055430    -0.000179066452507
     0.001789457357017     0.008696576089695     0.001290054579239
     0.000080554579239     0.000005633944319    -0.000577747323003
15 40
     0.004301820137314    -0.002514870023935     0.000696397833207
    -0.002881022801713     0.001745211010330     0.002375989103049
     0.000110546642731     0.002586665690350     0.004797361803981
15 41
    -0.028293908037289     0.031303062515747    -0.016243693436634
     0.031667772833207    -0.028098574703956     0.016931409737969
     0.017378830372890    -0.016599276769967     0.029748883629378
15 42
    -0.199937298910305     0.045563568468128    -0.044826356135047
     0.046863495055430    -0.197784818751575     0.044663249023684
    -0.048395998992189     0.043620838309398    -0.198332610418241
15 43
    -0.028501116370622     0.017451024817334    -0.032159276769967
    -0.017129947404888     0.030873921327790    -0.017086004944570
    -0.031611483119174     0.017459354182414    -0.028192322719829
15 44
    -0.002076783037289     0.003721778785588     0.004454806563366
     0.003672768864953    -0.001944939783321    -0.004529969230285
     0.004426080372890    -0.004575810500126    -0.005839366370622
15 45
     0.002863449105568    -0.000694905738221     0.000485090293525
     0.001007957357017    -0.000536777084908    -0.001712155738221
    -0.001156510896951    -0.001647370023936    -0.000729134227765
15 46
     0.002148972915092    -0.002303447404888    -0.002842647801713
    -0.002505887881078     0.004384556248425    -0.000453243039808
    -0.002889832325523    -0.000293645817586     0.004855117756362
15 47
    -0.000851989386495    -0.000061181531872     0.000047368071303
    -0.000012266849332    -0.001041203672210    -0.000069935500126
     0.000111872039557     0.000014685531620    -0.000960074703956
15 48
     0.004854695137314    -0.000838489071555     0.002319141880826
    -0.000838489071555     0.004854695137314     0.002319141880826
     0.002475512912572     0.002475512912572     0.002165127676997
15 49
    -0.000417408037289     0.001503294658604     0.000725449420509
     0.001503294658604    -0.000417408037289     0.000725449420509
    -0.000579566452507    -0.000579566452507     0.003150966962711
15 50
    -0.006122673910305     0.003756881960191    -0.003937544627110
     0.004125465293525    -0.002286027084908     0.003712939499874
    -0.004709344230285     0.003804647833207    -0.002193902084908
15 51
    -0.000160241370622    -0.000690288674729    -0.001349963277904
     0.000770106166541     0.003303010613505    -0.000667294627110
    -0.001365786690602     0.000719268864953    -0.000233287005543
15 52
    -0.002286027084908     0.004125465293525     0.003712939499874
     0.003756881960191    -0.006122673910305    -0.003937544627110
     0.003804647833207    -0.004709344230285    -0.002193902084908
15 53
     0.003303010613505     0.000770106166541    -0.000667294627110
    -0.000690288674729    -0.000160241370622    -0.001349963277904
     0.000719268864953    -0.001365786690602    -0.000233287005543
15 54
     0.001462466962711    -0.001231580341396    -0.001319584309650
    -0.001231580341396     0.001462466962711    -0.001319584309650
    -0.001373445420761    -0.001373445420761     0.001372101883346
15 55
    -0.000239050894432    -0.000236796611237     0.000198356166541
    -0.000236796611237    -0.000239050894432     0.000198356166541
     0.000337243071303     0.000337243071303    -0.000224985418241
15 56
    -0.200106953672210    -0.046231800579491     0.045852961325271
    -0.046231800579491    -0.200106953672210     0.045852961325271
     0.046158235134795     0.046158235134795    -0.200180662005543
15 57
    -0.028425550894432    -0.031885270817586     0.017244241087176
    -0.031885270817586    -0.028425550894432     0.017244241087176
    -0.017261110103301    -0.017261110103301     0.031329115772235
15 58
     0.004656151486521     0.002408052595112    -0.000442435500126
     0.002470643864953     0.001972111803981     0.002513610134795
    -0.000597820420761     0.002456508944318     0.004705028470648
15 59
    -0.000099652084908     0.000702606166541     0.001290368071303
    -0.000686953357269     0.003275155454775    -0.000666526769967
     0.001244832357017     0.000908247039557    -0.000165927878559
15 60
     0.001972111803981     0.002470643864953     0.002513610134795
     0.002408052595112     0.004656151486521    -0.000442435500126
     0.002456508944318    -0.000597820420761     0.004705028470648
15 61
     0.003275155454775    -0.000686953357269    -0.000666526769967
     0.000702606166541    -0.000099652084908     0.001290368071303
     0.000908247039557     0.001244832357017    -0.000165927878559
15 62
    -0.002289638196019    -0.003757901769967    -0.004606844230285
    -0.003757901769967    -0.002289638196019    -0.004606844230285
    -0.004585911690602    -0.004585911690602    -0.006340431846813
15 63
    -0.001185594545225     0.000132211325271    -0.000020191452507
     0.000132211325271    -0.001185594545225    -0.000020191452507
     0.000166641880826     0.000166641880826     0.009497764581759
16 1
     0.000438387597631     0.000412235134795    -0.000641681531872
     0.000107917674477    -0.001144860418241     0.000107917674477
    -0.000641681531872     0.000412235134795     0.000438387597631
16 2
     0.028298988788108     0.014686272833207    -0.012184643833459
    -0.010491169627110    -0.031606320735702     0.030677772833207
     0.013089606166541     0.032163465293525    -0.024473572719829
16 3
     0.003850875692870     0.000288576404636     0.001657284737969
     0.001042629976065     0.004112691169060    -0.003054276769967
     0.002432780769715    -0.002188709309650     0.002349064184933
16 4
    -0.000048572719829    -0.000165977166793     0.000168798626858
     0.000518205372890     0.000755865772235     0.000518205372890
     0.000168798626858    -0.000165977166793    -0.000048572719829
16 5
     0.001388689184933     0.001600697436382    -0.001200625976316
     0.000933633944319     0.002119002676997     0.000933633944319
    -0.001200625976316     0.001600697436382     0.001388689184933
16 6
    -0.024473572719829     0.032163465293525     0.013089606166541
     0.030677772833207    -0.031606320735702    -0.010491169627110
    -0.012184643833459     0.014686272833207     0.028298988788108
16 7
     0.002349064184933    -0.002188709309650     0.002432780769715
    -0.003054276769967     0.004112691169060     0.001042629976065
     0.001657284737969     0.000288576404636     0.003850875692870
16 8
     0.009848341962711     0.000218818468128     0.000489376007811
     0.000489376007811    -0.000768781053162     0.000059100214160
     0.000218818468128    -0.000201514865205    -0.000768781053162
16 9
    -0.006159642164273    -0.004646217246158    -0.004622062484253
    -0.004165909706475    -0.002665515180146    -0.004200213277904
    -0.004395300579491    -0.004080508912824    -0.002621862402368
16 10
     0.030504453073822    -0.016940497008062    -0.017383987087428
     0.016642088309398    -0.027081761211892    -0.029281181531872
     0.016525540690350    -0.030913693436634    -0.026824447719829
16 11
    -0.197080054862686     0.043745205372890     0.047462209341144
     0.042138457357017    -0.193411062799194    -0.054341752960443
     0.045120862118922    -0.046934272801713    -0.197439322719829
16 12
     0.000028236803981     0.000861530769715    -0.001425780738221
    -0.000862439468380     0.003221330057949     0.000750362118922
    -0.001165235103301    -0.000739417642983    -0.000437697719829
16 13
    -0.004640189783321     0.002494274817334    -0.003347602166793
     0.006235512912572    -0.000596552878559     0.002342558547493
    -0.005272314468380     0.005787403785588    -0.004542322719829
16 14
     0.000059405454775    -0.001353675579491     0.000810312515747
    -0.001402618039809    -0.000408092561099    -0.000578963277904
    -0.000950860103301     0.000635056563366     0.003153044343663
16 15
    -0.002122767164273    -0.005038497008062     0.003798747039557
    -0.004430564468380    -0.005551765180146     0.004023471245906
     0.003862723230033     0.004279639896699    -0.002341225497606
16 16
     0.879299841962710     0.003254417674477    -0.001895348198539
     0.003254417674477     0.876210345930965     0.003254417674477
    -0.001895348198539     0.003254417674477     0.879299841962710
16 17
    -0.199044642164273    -0.046176020817586    -0.045672133912824
    -0.043988076373142    -0.198537235418241    -0.043988076373142
    -0.045672133912824    -0.046176020817586    -0.199044642164273
16 18
     0.031533828073822     0.016946554579239     0.017525336325271
    -0.017004110103301    -0.029469320735702    -0.032962510896951
    -0.017503635896951    -0.032776864071555    -0.029421638196019
16 19
    -0.006993429862686     0.004258001007811     0.004054663706223
     0.005106336325271    -0.001765070735702    -0.003696965262031
     0.004799733150668    -0.003379810500126    -0.002114939783321
16 20
    -0.028487344545225    -0.016560520817586    -0.031265092246158
     0.016403114103049     0.032002546327790     0.016403114103049
    -0.031265092246158    -0.016560520817586    -0.028487344545225
16 21
    -0.002225892164273     0.004265413706223    -0.004260163674729
     0.004589697436382    -0.005873598513479     0.004589697436382
    -0.004260163674729     0.004265413706223    -0.002225892164273
16 22
    -0.029421638196019    -0.032776864071555    -0.017503635896951
    -0.032962510896951    -0.029469320735702    -0.017004110103301
     0.017525336325271     0.016946554579239     0.031533828073822
16 23
    -0.002114939783321    -0.003379810500126     0.004799733150668
    -0.003696965262031    -0.001765070735702     0.005106336325271
     0.004054663706223     0.004258001007811    -0.006993429862686
16 24
    -0.001012929862686     0.000045459341144     0.000275792674477
    -0.000527330341396    -0.000871068751575     0.000158925610985
     0.000248945452255    -0.000177381928697    -0.002197945735702
16 25
     0.003863159423028    -0.000362745023936    -0.002815786690602
    -0.000416272801713     0.004886828073822    -0.003070040658856
    -0.002493997008062    -0.002482098198539     0.002185076089695
16 26
     0.031787169343663    -0.017431248992189     0.017357834341144
     0.016632568468128    -0.028199796926178     0.032666834341144
    -0.017289280738221     0.032057401801461    -0.028225173910305
16 27
     0.004377582042076     0.002163814499874     0.000563897833207
     0.002857633944318     0.001624060216679    -0.003270631928697
     0.000775534737969    -0.002349939468380     0.004824433232552
16 28
    -0.029143959624591     0.017572102198287     0.033767677595112
    -0.017365016849332     0.027688812200806     0.017143296642731
     0.031685618071303    -0.016899427563618    -0.028812042957924
16 29
     0.001847905454774     0.002653909737969    -0.002671576373142
     0.002747564499874     0.004859369740489     0.000639626007811
    -0.002560116055682     0.000334213309398     0.004890619740489
16 30
     0.000235040375409     0.001421844261779    -0.000888064468380
     0.001726092277652    -0.000689290973797    -0.000515120023936
     0.001005758944318     0.000729364103049     0.003328560216679
16 31
     0.001479155454775    -0.001171534706475     0.001091243071303
    -0.001245016849332     0.001505746724616     0.001246270849080
     0.001002840293525     0.001256943468128     0.001472367756362
16 32
    -0.000768781053162    -0.000201514865205     0.000218818468128
     0.000059100214160    -0.000768781053162     0.000489376007811
     0.000489376007811     0.000218818468128     0.009848341962711
16 33
    -0.002621862402368    -0.004080508912824    -0.004395300579491
    -0.004200213277904    -0.002665515180146    -0.004165909706475
    -0.004622062484253    -0.004646217246158    -0.006159642164273
16 34
     0.003153044343663     0.000635056563366    -0.000950860103301
    -0.000578963277904    -0.000408092561099    -0.001402618039809
     0.000810312515747    -0.001353675579491     0.000059405454775
16 35
    -0.002341225497606     0.004279639896699     0.003862723230033
     0.004023471245906    -0.005551765180146    -0.004430564468380
     0.003798747039557    -0.005038497008062    -0.002122767164273
16 36
    -0.000437697719829    -0.000739417642983    -0.001165235103301
     0.000750362118922     0.003221330057949    -0.000862439468380
    -0.001425780738221     0.000861530769715     0.000028236803981
16 37
    -0.004542322719829     0.005787403785588    -0.005272314468380
     0.002342558547493    -0.000596552878559     0.006235512912572
    -0.003347602166793     0.002494274817334    -0.004640189783321
16 38
    -0.026824447719829    -0.030913693436634     0.016525540690350
    -0.029281181531872    -0.027081761211892     0.016642088309398
    -0.017383987087428    -0.016940497008062     0.030504453073822
16 39
    -0.197439322719829    -0.046934272801713     0.045120862118922
    -0.054341752960443    -0.193411062799194     0.042138457357017
     0.047462209341144     0.043745205372890    -0.197080054862686
16 40
    -0.000234445735702    -0.000243387881078    -0.000042798595364
    -0.000120233119174    -0.000398552878559    -0.000120233119174
    -0.000042798595364    -0.000243387881078    -0.000234445735702
16 41
     0.001639576089695    -0.001287580341396    -0.001623264865205
    -0.001527562484253     0.002064036407155    -0.001527562484253
    -0.001623264865205    -0.001287580341396     0.001639576089695
16 42
     0.003023560216679    -0.000073574389015    -0.000858177563618
     0.000734409737969    -0.000986582640464     0.001484776801461
     0.001064280769715     0.000935909737969    -0.000429167957924
16 43
     0.001916992756362     0.002539381960191     0.002448026801461
     0.002241217277652     0.004725532438901    -0.000445727166793
     0.002376171642731    -0.000492699389015     0.004741744740489
16 44
    -0.000177048910305     0.000701385928445     0.001306985134795
    -0.000788066452507     0.002782546327790    -0.000788066452507
     0.001306985134795     0.000701385928445    -0.000177048910305
16 45
     0.004514433232552     0.003011826404636    -0.000757981135047
     0.002692872039557     0.000787334026203     0.002692872039557
    -0.000757981135047     0.003011826404636     0.004514433232552
16 46
    -0.000429167957924     0.000935909737969     0.001064280769715
     0.001484776801461    -0.000986582640464     0.000734409737969
    -0.000858177563618    -0.000073574389015     0.003023560216679
16 47
     0.004741744740489    -0.000492699389015     0.002376171642731
    -0.000445727166793     0.004725532438901     0.002241217277652
     0.002448026801461     0.002539381960191     0.001916992756362
16 48
    -0.002197945735702    -0.000177381928697     0.000248945452255
     0.000158925610985    -0.000871068751575    -0.000527330341396
     0.000275792674477     0.000045459341144    -0.001012929862686
16 49
     0.002185076089695    -0.002482098198539    -0.002493997008062
    -0.003070040658856     0.004886828073822    -0.000416272801713
    -0.002815786690602    -0.000362745023936     0.003863159423028
16 50
     0.003328560216679     0.000729364103049     0.001005758944318
    -0.000515120023936    -0.000689290973797     0.001726092277652
    -0.000888064468380     0.001421844261779     0.000235040375409
16 51
     0.001472367756362     0.001256943468128     0.001002840293525
     0.001246270849080     0.001505746724616    -0.001245016849332
     0.001091243071303    -0.001171534706475     0.001479155454775
16 52
    -0.028812042957924    -0.016899427563618     0.031685618071303
     0.017143296642731     0.027688812200806    -0.017365016849332
     0.033767677595112     0.017572102198287    -0.029143959624591
16 53
     0.004890619740489     0.000334213309398    -0.002560116055682
     0.000639626007811     0.004859369740489     0.002747564499874
    -0.002671576373142     0.002653909737969     0.001847905454774
16 54
    -0.028225173910305     0.032057401801461    -0.017289280738221
     0.032666834341144    -0.028199796926178     0.016632568468128
     0.017357834341144    -0.017431248992189     0.031787169343663
16 55
     0.004824433232552    -0.002349939468380     0.000775534737969
    -0.003270631928697     0.001624060216679     0.002857633944318
     0.000563897833207     0.002163814499874     0.004377582042076
16 56
    -0.001402844545225    -0.000041568436634     0.000151764896699
    -0.000036635896951     0.010130657438901    -0.000036635896951
     0.000151764896699    -0.000041568436634    -0.001402844545225
16 57
    -0.002256566767448    -0.004279288674729    -0.004055080341396
    -0.004960106135047    -0.006214564783321    -0.004960106135047
    -0.004055080341396    -0.004279288674729    -0.002256566767448
16 58
     0.003300010613505    -0.000643465262031     0.000668743071303
     0.000792933547493    -0.000323402084908    -0.001465737087428
    -0.000806915658856    -0.001435544627110    -0.000141779069035
16 59
    -0.002095292957924     0.003617213309398     0.004451421642731
     0.003686086325271    -0.002233108434114    -0.004377123992189
     0.004508362118922    -0.004792806531872    -0.006456735418241
16 60
    -0.028537904069035     0.017129251007811    -0.031781461293777
    -0.016631157722348     0.031811512597632    -0.016631157722348
    -0.031781461293777     0.017129251007811    -0.028537904069035
16 61
    -0.201268360418241     0.044192903785588    -0.044936723198539
     0.044456770849080    -0.198488790973797     0.044456770849080
    -0.044936723198539     0.044192903785588    -0.201268360418241
16 62
    -0.000141779069035    -0.001435544627110    -0.000806915658856
    -0.001465737087428    -0.000323402084908     0.000792933547493
     0.000668743071303    -0.000643465262031     0.003300010613505
16 63
    -0.006456735418241    -0.004792806531872     0.004508362118922
    -0.004377123992189    -0.002233108434114     0.003686086325271
     0.004451421642731     0.003617213309398    -0.002095292957924
17 1
     0.001643653470647    -0.004222508912824     0.000575407753842
    -0.002246770817586     0.005186308232552    -0.002246770817586
     0.000575407753842    -0.004222508912824     0.001643653470647
17 2
     0.002756129661124     0.004085528785588     0.000275695452255
     0.002637141880826     0.003384472915092    -0.003170540658856
    -0.000323054547745    -0.003335778754094     0.002738943153187
17 3
     0.031297266565886    -0.016617792642983     0.016734499023684
     0.016390066484001    -0.028345765180146     0.032144284737969
    -0.016128129944570     0.032140546642731    -0.028568669942051
17 4
     0.002299193153187     0.004116403785588     0.000572887912573
     0.002609016880826     0.002598409423029     0.002609016880826
     0.000572887912573     0.004116403785588     0.002299193153187
17 5
    -0.000027669942051     0.000309078388763     0.001733963309398
    -0.000280554547745     0.003434171327790    -0.000280554547745
     0.001733963309398     0.000309078388763    -0.000027669942051
17 6
     0.002738943153187    -0.003335778754094    -0.000323054547745
    -0.003170540658856     0.003384472915092     0.002637141880826
     0.000275695452255     0.004085528785588     0.002756129661124
17 7
    -0.028568669942051     0.032140546642731    -0.016128129944570
     0.032144284737969    -0.028345765180146     0.016390066484001
     0.016734499023684    -0.016617792642983     0.031297266565886
17 8
    -0.006159642164273    -0.004395300579491    -0.004165909706475
    -0.004622062484253    -0.002621862402368    -0.004200213277904
    -0.004646217246158    -0.004080508912824    -0.002665515180146
17 9
     0.009909123708743    -0.000086586293777     0.000197526801461
     0.000197526801461    -0.000862971529352     0.000066723230033
    -0.000086586293777     0.000074247039557    -0.000862971529352
17 10
    -0.006035031053162     0.004344258944318     0.004185352198287
     0.004114399817334    -0.002613467561099    -0.004337245023936
     0.004299129976065    -0.004062437484253    -0.002751681846813
17 11
     0.031773586010330     0.016358336325271     0.016612548626858
    -0.015747106135047    -0.028485144148400    -0.031503941452507
    -0.015732173595364    -0.032368516849332    -0.028126931846813
17 12
    -0.006017622323003     0.004420286722096    -0.004339191452507
     0.004307747039557    -0.002634626291257     0.004052298626858
    -0.004271645817586     0.003599713309398    -0.002494181846813
17 13
    -0.000337798910305    -0.000579594230285    -0.001571387881078
    -0.000100175579491     0.002505615772235     0.000069620055430
    -0.001805475182666     0.000484409737969    -0.000123681846813
17 14
    -0.006214078672210    -0.004026169627110     0.004015776801461
    -0.004606556531872    -0.002934548910305     0.004236223230033
     0.004523604182414     0.004068437515747    -0.002694314783321
17 15
    -0.000207251291257    -0.001241116055682    -0.000608538674729
    -0.001400002960443    -0.000371221529352     0.000760282753842
     0.000823687515747    -0.000668354150920     0.003248290375409
17 16
    -0.199044642164273    -0.043988076373142    -0.045672133912824
    -0.046176020817586    -0.198537235418241    -0.046176020817586
    -0.045672133912824    -0.043988076373142    -0.199044642164273
17 17
     0.882929623708742    -0.000491139865205    -0.000528669627110
    -0.000491139865205     0.872798933232553    -0.000491139865205
    -0.000528669627110    -0.000491139865205     0.882929623708742
17 18
    -0.199738031053162     0.045113810531620     0.044402925610985
     0.046191826404636    -0.198611652084908    -0.045207574389015
     0.044881828388763    -0.044447108119174    -0.198904622323003
17 19
     0.031905711010330    -0.016173368039808    -0.016545122008062
     0.015620397833207    -0.028803402084908    -0.031902778754094
     0.015543572436382    -0.032891054547745    -0.028288548910305
17 20
    -0.198865328672210     0.044051360134795    -0.044954252960443
     0.045218300610985    -0.198355910021416     0.045218300610985
    -0.044954252960443     0.044051360134795    -0.198865328672210
17 21
    -0.028369001291257     0.016964919658604    -0.031197824389015
    -0.017578741055682     0.031203195137314    -0.017578741055682
    -0.031197824389015     0.016964919658604    -0.028369001291257
17 22
    -0.198904622323003    -0.044447108119174     0.044881828388763
    -0.045207574389015    -0.198611652084908     0.046191826404636
     0.044402925610985     0.045113810531620    -0.199738031053162
17 23
    -0.028288548910305    -0.032891054547745     0.015543572436382
    -0.031902778754094    -0.028803402084908     0.015620397833207
    -0.016545122008062    -0.016173368039808     0.031905711010330
17 24
     0.004387586010330    -0.000797534706475    -0.002220368039809
     0.000228356166541     0.005043974899219    -0.002558887881078
    -0.002735715262031    -0.002710250976316     0.001567945137314
17 25
    -0.000473324703956     0.000139635928445     0.000094302595112
    -0.000306586293777    -0.000545253275384    -0.000023729150920
     0.000092967277652     0.000058782753842    -0.001578033037289
17 26
     0.004313810216679     0.000977006960191     0.002319173626858
     0.000150629976064     0.004589746724616    -0.003170229150920
     0.002319433547493    -0.002710342246158     0.001854341962711
17 27
     0.033035722915092     0.016279820452255    -0.016630012881078
    -0.016840679547745    -0.029351396132527     0.033299054579239
     0.016909624023683     0.033361941484001    -0.029138550894432
17 28
     0.004483181248425     0.000627983150668    -0.002399483119174
     0.000002669658604     0.005082105851600     0.002525483150668
    -0.002530792642983     0.002761328388763     0.001539722915092
17 29
    -0.028173078672210    -0.017242834309650     0.031362887912572
     0.016909876007811     0.030622288391282    -0.017470187484253
     0.031508848230033     0.016961219261779    -0.028220489386495
17 30
     0.004438306248425    -0.000779899785840     0.002184274817334
     0.000230403785588     0.005055252676997     0.002620941484001
     0.002489348230033     0.002893745055430     0.001562326089695
17 31
    -0.000266328672210     0.001253846245906     0.000821832357017
     0.001431169658604    -0.000237334624591     0.000775082357017
    -0.000681445420761    -0.000645425579491     0.003165883629378
17 32
    -0.002665515180146    -0.004080508912824    -0.004646217246158
    -0.004200213277904    -0.002621862402368    -0.004622062484253
    -0.004165909706475    -0.004395300579491    -0.006159642164273
17 33
    -0.000862971529352     0.000074247039557    -0.000086586293777
     0.000066723230033    -0.000862971529352     0.000197526801461
     0.000197526801461    -0.000086586293777     0.009909123708743
17 34
    -0.002694314783321     0.004068437515747     0.004523604182414
     0.004236223230033    -0.002934548910305    -0.004606556531872
     0.004015776801461    -0.004026169627110    -0.006214078672210
17 35
     0.003248290375409    -0.000668354150920     0.000823687515747
     0.000760282753842    -0.000371221529352    -0.001400002960443
    -0.000608538674729    -0.001241116055682    -0.000207251291257
17 36
    -0.002494181846813     0.003599713309398    -0.004271645817586
     0.004052298626858    -0.002634626291257     0.004307747039557
    -0.004339191452507     0.004420286722096    -0.006017622323003
17 37
    -0.000123681846813     0.000484409737969    -0.001805475182666
     0.000069620055430     0.002505615772235    -0.000100175579491
    -0.001571387881078    -0.000579594230285    -0.000337798910305
17 38
    -0.002751681846813    -0.004062437484253     0.004299129976065
    -0.004337245023936    -0.002613467561099     0.004114399817334
     0.004185352198287     0.004344258944318    -0.006035031053162
17 39
    -0.028126931846813    -0.032368516849332    -0.015732173595364
    -0.031503941452507    -0.028485144148400    -0.015747106135047
     0.016612548626858     0.016358336325271     0.031773586010330
17 40
     0.001415445137314    -0.001109756928697    -0.001095459309650
    -0.001319046611237     0.001124740772235    -0.001319046611237
    -0.001095459309650    -0.001109756928697     0.001415445137314
17 41
     0.000106966962711    -0.000040449389015     0.000111324420509
    -0.000069125976316    -0.000387419942051    -0.000069125976316
     0.000111324420509    -0.000040449389015     0.000106966962711
17 42
     0.001558076089695     0.001274681563366     0.001090786722096
     0.001116971245906     0.001610461010330    -0.001229411690602
     0.001024620055430    -0.001195584309650     0.001504722915092
17 43
     0.003201383629378     0.000647637912572     0.000716991087176
    -0.000725471214412    -0.000235048910305     0.001548459341144
    -0.000692364071555     0.001172056563366    -0.000312239386495
17 44
     0.001399341962711     0.001276266880826    -0.001243550579491
     0.001122495055430     0.001574714978584     0.001122495055430
    -0.001243550579491     0.001276266880826     0.001399341962711
17 45
    -0.000110800894432    -0.000792667642983     0.001864108150668
     0.001110058547493     0.002219627676997     0.001110058547493
     0.001864108150668    -0.000792667642983    -0.000110800894432
17 46
     0.001504722915092    -0.001195584309650     0.001024620055430
    -0.001229411690602     0.001610461010330     0.001116971245906
     0.001090786722096     0.001274681563366     0.001558076089695
17 47
    -0.000312239386495     0.001172056563366    -0.000692364071555
     0.001548459341144    -0.000235048910305    -0.000725471214412
     0.000716991087176     0.000647637912572     0.003201383629378
17 48
     0.001567945137314    -0.002710250976316    -0.002735715262031
    -0.002558887881078     0.005043974899219     0.000228356166541
    -0.002220368039809    -0.000797534706475     0.004387586010330
17 49
    -0.001578033037289     0.000058782753842     0.000092967277652
    -0.000023729150920    -0.000545253275384    -0.000306586293777
     0.000094302595112     0.000139635928445    -0.000473324703956
17 50
     0.001562326089695     0.002893745055430     0.002489348230033
     0.002620941484001     0.005055252676997     0.000230403785588
     0.002184274817334    -0.000779899785840     0.004438306248425
17 51
     0.003165883629378    -0.000645425579491    -0.000681445420761
     0.000775082357017    -0.000237334624591     0.001431169658604
     0.000821832357017     0.001253846245906    -0.000266328672210
17 52
     0.001539722915092     0.002761328388763    -0.002530792642983
     0.002525483150668     0.005082105851600     0.000002669658604
    -0.002399483119174     0.000627983150668     0.004483181248425
17 53
    -0.028220489386495     0.016961219261779     0.031508848230033
    -0.017470187484253     0.030622288391282     0.016909876007811
     0.031362887912572    -0.017242834309650    -0.028173078672210
17 54
     0.001854341962711    -0.002710342246158     0.002319433547493
    -0.003170229150920     0.004589746724616     0.000150629976064
     0.002319173626858     0.000977006960191     0.004313810216679
17 55
    -0.029138550894432     0.033361941484001     0.016909624023683
     0.033299054579239    -0.029351396132527    -0.016840679547745
    -0.016630012881078     0.016279820452255     0.033035722915092
17 56
    -0.002169078672210    -0.004391062484253    -0.003614395817586
    -0.004686574389015    -0.006389173910305    -0.004686574389015
    -0.003614395817586    -0.004391062484253    -0.002169078672210
17 57
    -0.000997175894432    -0.000075032722348    -0.000029741055682
     0.000129080372890     0.009938353867473     0.000129080372890
    -0.000029741055682    -0.000075032722348    -0.000997175894432
17 58
    -0.002242723513479     0.004401415690350     0.003585457357017
     0.004452620055430    -0.006183233434114    -0.004490300579491
     0.003502173626858    -0.004335288674729    -0.002166888196019
17 59
     0.003254097915092     0.000613219261779    -0.000703239071555
    -0.000684352166793    -0.000335564783321    -0.001332687484253
     0.000749326404636    -0.001329300579491    -0.000225969545225
17 60
    -0.002214013196019     0.004427506960191    -0.003634747008062
     0.004259653785588    -0.006591693751575     0.004259653785588
    -0.003634747008062     0.004427506960191    -0.002214013196019
17 61
    -0.028504469545225    -0.017428590262031    -0.031338258912824
     0.017949832357017     0.030740127676997     0.017949832357017
    -0.031338258912824    -0.017428590262031    -0.028504469545225
17 62
    -0.002166888196019    -0.004335288674729     0.003502173626858
    -0.004490300579491    -0.006183233434114     0.004452620055430
     0.003585457357017     0.004401415690350    -0.002242723513479
17 63
    -0.000225969545225    -0.001329300579491     0.000749326404636
    -0.001332687484253    -0.000335564783321    -0.000684352166793
    -0.000703239071555     0.000613219261779     0.003254097915092
18 1
     0.029501498708743    -0.022833917642983     0.018430030769715
     0.013286054579239    -0.031803902084908     0.029785010928445
    -0.010202747008063     0.033346931563366    -0.022421467561098
18 2
    -0.000445775100781     0.000532370055430     0.000225818468128
     0.001840717277652    -0.001182112402368    -0.001140883912824
    -0.000257084309650     0.000003911722096    -0.001353677878559
18 3
     0.003506986803981    -0.001512951373142    -0.000038752960443
    -0.002860358119174     0.003067399502394    -0.001807933515999
    -0.000756659706475    -0.002933262881078     0.003678209026203
18 4
    -0.023187461608717    -0.030860254944570    -0.013485489071555
    -0.031544657722348    -0.031456425894432    -0.011626701373142
     0.013810733150668     0.014657219261779     0.029682322121441
18 5
    -0.004207824703956    -0.003959580341396     0.003693711325271
    -0.006025729150920    -0.000614413989670     0.002918852198287
     0.005340933547493     0.005279018864953    -0.005171790973797
18 6
     0.000024288391283     0.000155937515747     0.000709818468128
    -0.000817840262031     0.001731387597632     0.000714298626858
    -0.000668584309650    -0.000093530738221    -0.000421241370622
18 7
    -0.002276949703956     0.003624887912572    -0.005485881928697
     0.003830110134795    -0.001707600497606     0.005330473230033
    -0.004279155738221     0.004512897833207    -0.006603479465860
18 8
     0.030504453073822     0.016525540690350     0.016642088309398
    -0.017383987087428    -0.026824447719829    -0.029281181531872
    -0.016940497008062    -0.030913693436634    -0.027081761211892
18 9
    -0.006035031053162     0.004299129976065     0.004114399817334
     0.004185352198287    -0.002751681846813    -0.004337245023936
     0.004344258944318    -0.004062437484253    -0.002613467561099
18 10
     0.009967314184933    -0.000457149785840     0.000206475214160
     0.000206475214160    -0.000705427878559     0.000162286722096
    -0.000457149785840    -0.000234622008062    -0.000705427878559
18 11
    -0.006828443751575    -0.003700072404888    -0.004290453357269
    -0.005085655738221    -0.001782729465860    -0.003854034706475
    -0.005058953357269    -0.003336451373142    -0.002355927878559
18 12
     0.000275597915092     0.001368752991938    -0.000763818436634
     0.001397322436382     0.000027288391282    -0.000395544627110
     0.001251074420509     0.000429403785588     0.002880197121441
18 13
     0.001499296327790    -0.001635127960443     0.001127735134795
    -0.001121600182666     0.001734530454775     0.001103151801461
     0.001158120055430     0.001267725214160     0.001541447121441
18 14
     0.000105516565886    -0.001008953357269     0.001373274817334
     0.000895393864953     0.003277865772235     0.000635004976064
     0.001077824420509    -0.000655372008062    -0.000324560815067
18 15
     0.001420843946838     0.001234850214160    -0.001298415658856
     0.001211072436382     0.001445443153187     0.001258939499874
    -0.001008217246158     0.001355711325271     0.001399794343663
18 16
     0.031533828073822    -0.017004110103301    -0.017503635896951
     0.016946554579239    -0.029469320735702    -0.032776864071555
     0.017525336325271    -0.032962510896951    -0.029421638196019
18 17
    -0.199738031053162     0.046191826404636     0.044881828388763
     0.045113810531620    -0.198611652084908    -0.044447108119174
     0.044402925610985    -0.045207574389015    -0.198904622323003
18 18
     0.888256064184933    -0.004488223198539     0.004500423626858
    -0.004488223198539     0.869522512597631     0.004059582357017
     0.004500423626858     0.004059582357017     0.874654631645251
18 19
    -0.198944693751575    -0.042727651769967    -0.048275248992189
    -0.041717401769967    -0.194166862402368    -0.053989997008062
    -0.046055707325523    -0.045809864071555    -0.198858419942051
18 20
    -0.028931983434114     0.033060076404636     0.017330620055430
     0.032665376007811    -0.029397745338876    -0.016631542642983
    -0.017134032722348     0.016377175610985     0.031804550296044
18 21
     0.001899343946838    -0.002685239071555     0.002559798626858
    -0.002702165658856     0.004564859819854     0.000612665690350
     0.002481645849080     0.000335235134795     0.004734502676997
18 22
    -0.027803277084908     0.016441733150668     0.030286076404636
    -0.016820373992189     0.031831262597632     0.016441733150668
     0.031451020849080    -0.016820373992189    -0.027803277084908
18 23
     0.002432796327790     0.002742286722096    -0.002299429547745
     0.003272421642731     0.004194262597632     0.000764804579239
    -0.001985401769967    -0.000191052563618     0.004200714978584
18 24
     0.031908806248425     0.016886681563366    -0.016267120023935
    -0.016100318436634    -0.028395860418241     0.031973643864953
     0.017356629976064     0.031728439499874    -0.027652800894432
18 25
     0.003889145534140     0.000417602198287     0.002911175610985
     0.000416364103049     0.004589161407155    -0.003242947404888
     0.002126312515747    -0.002584401769967     0.002043220930965
18 26
    -0.002088344545226     0.000050348230033    -0.000097578357269
    -0.000194669627110    -0.001098713592845    -0.000239197404888
     0.000094528785588     0.000039348230033    -0.001797154069035
18 27
     0.005534318153187     0.000372036722096    -0.001062764865205
    -0.000877354150920     0.004413143550013    -0.000773038674729
    -0.002043780738221    -0.002906743039809    -0.000036546926178
18 28
     0.000272651486521    -0.001527425579491     0.000906139896699
    -0.001542254944570    -0.000625729465860    -0.000267360103301
    -0.001019197404888     0.000676518864953     0.003344851883346
18 29
    -0.002159608434114    -0.004373743039809     0.004485385928445
    -0.004336673595364    -0.005877296926178     0.004434844261779
     0.004117068468128     0.004287034737969    -0.002146485418241
18 30
    -0.029045598513479    -0.017475308515999    -0.034567477166793
     0.017599479182414     0.028106792359536     0.017232598230033
    -0.031866056531872    -0.016922689468380    -0.029588669942051
18 31
    -0.002228358434114     0.005265062515747    -0.003944669627110
     0.004256745055430    -0.005796919942051     0.004081364103049
    -0.003801850182666     0.004721764896699    -0.002390987402368
18 32
     0.003221330057949    -0.000739417642983     0.000861530769715
     0.000750362118922    -0.000437697719829    -0.001425780738221
    -0.000862439468380    -0.001165235103301     0.000028236803981
18 33
    -0.002634626291257     0.003599713309398     0.004420286722096
     0.004052298626858    -0.002494181846813    -0.004339191452507
     0.004307747039557    -0.004271645817586    -0.006017622323003
18 34
    -0.000819094545225     0.000029153785588    -0.000082397801713
    -0.000160076373142    -0.000770384227765     0.000334475214160
    -0.000362877960443     0.000457645849080     0.009911675296044
18 35
    -0.002373364386495    -0.003735637881078    -0.004554189468380
    -0.003826766849332    -0.001997181846813    -0.004700471214412
    -0.004503318436634    -0.004898425579491    -0.006258497323003
18 36
    -0.025903961608718     0.029767429579239    -0.016142522801713
     0.032401374023684    -0.025903961608718     0.016913278785588
     0.016913278785588    -0.016142522801713     0.030404131645251
18 37
     0.004280788391282    -0.002413373992189     0.000765147833207
    -0.002867054547745     0.001348280454775     0.002799106166541
     0.000858457357017     0.003013346245906     0.004316705057949
18 38
     0.000027288391282     0.000429403785588     0.001368752991938
    -0.000395544627110     0.002880197121441    -0.000763818436634
     0.001397322436382     0.001251074420509     0.000275597915092
18 39
     0.003992913391282     0.002632074420509    -0.000245925579491
     0.001837633944318     0.002937145534140     0.002408925610985
     0.000373393864953     0.001338401801461     0.004570464978584
18 40
     0.003624290375409     0.000079834341144     0.001180663706223
    -0.000759346214412    -0.000773344545226     0.001411360134795
    -0.000828614071555     0.000815433547493    -0.000225925894432
18 41
     0.001763312200806     0.001686891880826     0.001579197436382
     0.001545074420509     0.002257494740489    -0.001508094230285
     0.001374294658604    -0.001278758912824     0.001743345930965
18 42
    -0.000298578672210     0.000063022833207     0.000146909737969
     0.000057046642731    -0.000100499307130     0.000029120055430
     0.000032215293525    -0.000106268833459    -0.000172648116654
18 43
     0.001431103867473    -0.001286020817586    -0.001305260896951
    -0.001215645817586     0.001546740772235    -0.001315258912824
    -0.001238768833459    -0.001256002960443     0.001374514581759
18 44
     0.000456562200806    -0.001599266849332    -0.000104427563618
    -0.001050179547745    -0.000742995338876     0.001064026801461
     0.000753044658604    -0.000230792642983     0.003256845930965
18 45
    -0.006539955656337    -0.003704076373142     0.004043231166541
    -0.003810116055681    -0.001066957640464     0.004552215293525
     0.003869578388763     0.003516772833207    -0.003812796926178
18 46
    -0.000248806846813    -0.000970618039809    -0.001218881928697
     0.000823163706223     0.002792500692870    -0.000602247008062
    -0.001278618039808     0.000731747039557     0.000133330057949
18 47
    -0.006650144148400     0.004944772833207    -0.004736866055682
     0.004204909737969    -0.002069509227765     0.004082810531620
    -0.004420538674729     0.003763828388763    -0.002502612402368
18 48
     0.003467915375409    -0.000703659706475    -0.000471342246158
     0.000746437515747    -0.000716110418241     0.001358887912572
     0.000783477198287     0.001035155769715     0.000426089978584
18 49
     0.002326562200806     0.002607374023684     0.002149215293525
     0.003446346245906     0.004735911407155    -0.000250554547745
     0.001964397833207    -0.000693548595364     0.004376804264298
18 50
    -0.002240578672210     0.000008461325271    -0.000352153754094
    -0.000406358119174    -0.000857707640464    -0.000345689468380
     0.000008620055430    -0.000145584309650    -0.001493314783321
18 51
     0.001875728867473    -0.001922584309650    -0.001894447404888
    -0.001786092246158     0.004730705057949    -0.000935298595364
    -0.002859947404888    -0.000319963277904     0.004659300296044
18 52
    -0.027640431846813    -0.032306455341396     0.017065830372890
    -0.032312316452507    -0.029091854465860     0.016598701404636
    -0.016929762881078    -0.016326951373142     0.031801935216679
18 53
    -0.200928144148400    -0.045043314468380     0.045648721245906
    -0.044299487087428    -0.198240921926178     0.047694032753842
     0.044066733150668     0.046738231166541    -0.200383449703956
18 54
    -0.028491312799194     0.018038749023684    -0.031144568436634
    -0.018210028754094     0.030409286407155    -0.017563588277904
    -0.034553981135047     0.016989322436382    -0.026598435815067
18 55
    -0.208183080656337     0.053733907753842    -0.053471377960443
     0.050229504976064    -0.191835106449987     0.038723602198287
    -0.048698417642983     0.037464260928445    -0.194345148116654
18 56
     0.003338391565886     0.000509403785588    -0.000674022801713
    -0.000620873992189    -0.000282509227765    -0.001382167642983
     0.000856824420509    -0.001422247008062    -0.000045574703956
18 57
    -0.002225455656337     0.004358308547493     0.003980131960191
     0.004534030769715    -0.005869856449987    -0.004630262881078
     0.004149104182414    -0.004713217246158    -0.002471171926178
18 58
    -0.001659878275384    -0.000049618039809    -0.000391294627110
     0.000018320452255     0.010194181248425     0.000078481166541
    -0.000185856135047     0.000009151801461    -0.001578259227765
18 59
    -0.002681806846813    -0.004629564468380    -0.003824366055682
    -0.004317526769967    -0.006255025100781    -0.004346280738221
    -0.004119703357269    -0.004758860103301    -0.002188965576972
18 60
    -0.000007542957924     0.001194848230033     0.000879126007811
     0.001421354182414    -0.000200529069035     0.000803060531620
    -0.000649026769967    -0.000575302563618     0.003459990772235
18 61
     0.005014125692870    -0.000575123992189     0.002563114103049
    -0.000541592246158     0.004587917359536     0.002898239103049
     0.002858336325271     0.002900975214160     0.002068659423028
18 62
    -0.028613417957924    -0.017348447404888     0.031619921642731
     0.016717649817334     0.030286431248425    -0.016619723198539
     0.031806177595112     0.018215231166541    -0.028763594545225
18 63
     0.004708500692870     0.000424415690350    -0.002661800579491
     0.000289512912572     0.004762474899219     0.002280429579239
    -0.002384893833459     0.002621409737969     0.001739351883346
19 1
     0.003287990772235    -0.002770096214412     0.005131649817334
     0.000356626007811     0.002307847915092    -0.002576185500126
     0.000775955372890    -0.002265522801713     0.003725605851600
19 2
     0.004154841962711     0.002146066484001    -0.005519187484253
     0.002869663706223    -0.003680487402368    -0.000450330341396
    -0.005195506928697     0.003018332357017     0.002030520534139
19 3
    -0.001765646132527     0.000989745055430     0.000538991087176
    -0.000108286690602    -0.001307225497606    -0.000267004944570
     0.000113917674477     0.000208407753842    -0.000988592561099
19 4
    -0.165256469545225    -0.042818933515999     0.035872254976064
    -0.070987086293777    -0.175022675894432     0.017678477198287
     0.069030685531620     0.014048389896700    -0.179147979465860
19 5
    -0.029870082640464    -0.031091758912824     0.017276830372890
    -0.023878782722348    -0.027225538989670     0.022827905769715
    -0.025127614071555    -0.015616435500126     0.023790657438901
19 6
    -0.005999094545225    -0.000203366055682     0.005221687515747
     0.001158356166541    -0.004095737402368     0.004095477198287
    -0.001111256928698     0.003958389896699    -0.002416542957924
19 7
     0.000543042359536     0.000401459341144    -0.007025887881078
     0.000109056563366     0.002791774502394    -0.000851723198539
    -0.001063203357269     0.001135318468128    -0.001097031053162
19 8
    -0.197080054862686     0.045120862118922     0.042138457357017
     0.047462209341144    -0.197439322719829    -0.054341752960443
     0.043745205372890    -0.046934272801713    -0.193411062799194
19 9
     0.031773586010330    -0.015732173595364    -0.015747106135047
     0.016612548626858    -0.028126931846813    -0.031503941452507
     0.016358336325271    -0.032368516849332    -0.028485144148400
19 10
    -0.006828443751575    -0.005058953357269    -0.005085655738221
    -0.004290453357269    -0.002355927878559    -0.003854034706475
    -0.003700072404888    -0.003336451373142    -0.001782729465860
19 11
     0.015433298311917    -0.001083875976316     0.001477915690350
     0.001477915690350    -0.001020104465860    -0.000269106135046
    -0.001083875976316    -0.000646030738221    -0.001020104465860
19 12
     0.004570464978584    -0.000245925579491     0.002408925610985
     0.000373393864953     0.003992913391282     0.001837633944318
     0.001338401801461     0.002632074420509     0.002937145534140
19 13
    -0.000524461608718     0.004715693468128     0.001072729182414
     0.001707846245906    -0.000056219545225     0.000969080372890
    -0.000025177563618    -0.000614354150920     0.002305645534140
19 14
     0.004831133629378     0.001989993071303    -0.000973606135047
     0.001278090293525     0.002441490772235     0.002835183547493
     0.000223526801461     0.002384173626858     0.004538637597632
19 15
     0.000040211010330     0.000585296642731     0.001826828388763
    -0.000327856135047     0.002691068153187    -0.000137881928697
     0.001330235134795     0.001004006960191    -0.000890132243638
19 16
    -0.006993429862686     0.005106336325271     0.004799733150668
     0.004258001007811    -0.001765070735702    -0.003379810500126
     0.004054663706223    -0.003696965262031    -0.002114939783321
19 17
     0.031905711010330     0.015620397833207     0.015543572436382
    -0.016173368039808    -0.028803402084908    -0.032891054547745
    -0.016545122008062    -0.031902778754094    -0.028288548910305
19 18
    -0.198944693751575    -0.041717401769967    -0.046055707325523
    -0.042727651769967    -0.194166862402368    -0.045809864071555
    -0.048275248992189    -0.053989997008062    -0.198858419942051
19 19
     0.863045048311917    -0.005507205341396     0.006624370055430
    -0.005507205341396     0.820419762597631     0.070595681563366
     0.006624370055430     0.070595681563366     0.821091278470647
19 20
     0.004568258629378    -0.002999102166793     0.000738489103049
    -0.001630177563618     0.002598004661124     0.002597135928445
    -0.000314205341396     0.002291346245906     0.003945748708743
19 21
    -0.027359913989670     0.029973457357017    -0.017260832325523
     0.033576030769715    -0.029993640180146     0.016407219261779
     0.015076973230033    -0.013194969230285     0.030145451089695
19 22
     0.004200714978584     0.000764804579239    -0.002299429547745
    -0.000191052563618     0.004194262597632     0.002742286722096
    -0.001985401769967     0.003272421642731     0.002432796327790
19 23
    -0.028249836608718    -0.016094016849332     0.032601064499874
     0.024315243071303     0.021798012597632    -0.016094016849332
     0.025100175610985     0.024315243071303    -0.028249836608718
19 24
     0.005328798311917     0.001627502991938     0.000290374023684
     0.002149377991938     0.002104389581759    -0.002860427563618
     0.000387832357017    -0.002315889865205     0.005047522518266
19 25
     0.028030137597632    -0.015327326373142     0.016106544658604
     0.015461310531620    -0.030527213592845     0.035749231166541
    -0.015397235103301     0.034590643864953    -0.031420705656337
19 26
     0.004299397518267     0.000101544658604    -0.001979709309650
    -0.000253973198539     0.004374036407155    -0.003122268833459
    -0.002271268833459    -0.002161606135047     0.002956294343663
19 27
    -0.000139064783321    -0.000136016849332     0.000264479182414
    -0.000470657722348    -0.000321856449987     0.000547264896699
     0.001363296642731    -0.001062822404888    -0.002620098513480
19 28
    -0.006765231449987    -0.003060354150920     0.003019633944318
    -0.005062933515999    -0.000843729465861     0.001379693468128
     0.004707254976064     0.002072064499874    -0.000343449703956
19 29
     0.000209883629378    -0.001864046611237    -0.000675870023936
    -0.001413477166793    -0.000747421926178     0.000962397833207
     0.000538020849080    -0.000306419627110     0.002621212994457
19 30
    -0.193312981449987     0.060010887912572    -0.060605108119174
     0.040169175610985    -0.176782957640464     0.026311026801461
    -0.040516604150920     0.026392606166541    -0.175965346529352
19 31
    -0.027536741370622     0.017232758944318    -0.030154675579491
    -0.015305308515999     0.030735955057949    -0.013320582325523
    -0.033378022801713     0.015780060531620    -0.030212913989670
19 32
    -0.000596552878559     0.005787403785588     0.002494274817334
     0.002342558547493    -0.004542322719829    -0.003347602166793
     0.006235512912572    -0.005272314468380    -0.004640189783321
19 33
     0.002505615772235     0.000484409737969    -0.000579594230285
     0.000069620055430    -0.000123681846813    -0.001571387881078
    -0.000100175579491    -0.001805475182666    -0.000337798910305
19 34
    -0.001421102481733    -0.003092524785840    -0.006065278754094
    -0.005929879944570    -0.004428634227765    -0.005005096214412
    -0.003240550579491    -0.003617808515999    -0.005178001291257
19 35
    -0.000577747323003    -0.000179066452507     0.001290054579239
     0.000080554579239    -0.001343806846813     0.001789457357017
     0.000005633944319     0.000403995055430     0.008696576089695
19 36
     0.001348280454775    -0.002413373992189     0.003013346245906
    -0.002867054547745     0.004280788391282     0.000858457357017
     0.002799106166541     0.000765147833207     0.004316705057949
19 37
    -0.029675969545225     0.033674322436382     0.016360141880826
     0.031986766880826    -0.029675969545225    -0.014443340262031
    -0.014443340262031     0.016360141880826     0.026053278470648
19 38
     0.001734530454775     0.001267725214160    -0.001635127960443
     0.001103151801461     0.001541447121441     0.001127735134795
    -0.001121600182666     0.001158120055430     0.001499296327790
19 39
    -0.000056219545225    -0.000614354150920     0.004715693468128
     0.000969080372890     0.002305645534140     0.001072729182414
     0.001707846245906    -0.000025177563618    -0.000524461608718
19 40
     0.002483657438901     0.002092780769715     0.003356407753842
     0.001314975214160     0.005348155454774     0.000073663706223
     0.002435213309398    -0.001916520817586     0.003656522518267
19 41
     0.003008929264298     0.000028213309398    -0.001155683515999
     0.000990520849080    -0.000389255259511     0.001548834341144
     0.000476997039557     0.001048286722096    -0.001209705656337
19 42
     0.001519788391282    -0.002728530738221    -0.001453971214412
    -0.001237631928697     0.001048750692870    -0.001386701373142
    -0.001327832325523    -0.001421223198539     0.001523300296044
19 43
    -0.000252654069035    -0.000294949389015     0.000166983150668
     0.000200050610985    -0.000238884227765     0.000179669658604
    -0.000174566452507     0.000220292674477    -0.000288912005543
19 44
    -0.001365195735702    -0.003706570420761     0.002767066484001
    -0.004702358119173    -0.006091120338876     0.004526205372890
     0.003244372039556     0.003728127991938    -0.001826080656337
19 45
     0.000579161407156    -0.000364754944570     0.001694850214160
    -0.001766294627110    -0.000177207640463    -0.000677981135047
    -0.001156219230285     0.001556193468128     0.002554651486521
19 46
    -0.002441064783321     0.002652078388763    -0.004239762881078
     0.003268235134795    -0.001739624307130     0.003844806563366
    -0.004215290658856     0.005550167674477    -0.005564346529352
19 47
    -0.000586402084908     0.000834719261779    -0.001200997008062
    -0.000596268833459     0.002932865772235     0.000742614103049
    -0.001452836293777    -0.000652375976317    -0.000561913989670
19 48
     0.001866907438901     0.001516536722096     0.003447651801461
     0.001093758944318     0.001288639581759    -0.001380558515999
     0.001348179579239    -0.001013673595364     0.001686538391282
19 49
     0.002783554264298     0.001326070452255     0.000590584341144
     0.000281292674477    -0.001142213592844     0.001219499023683
    -0.000751274785840     0.001419997039556    -0.001017497323003
19 50
     0.002783288391282    -0.003582967246158    -0.002850159706475
    -0.003009411690602     0.004138542359536    -0.001373385896951
    -0.001374552563618    -0.000150038674729     0.005689508629378
19 51
    -0.000864404069035    -0.000030012881078    -0.000242328357269
     0.000249854182414    -0.001011794942051    -0.000393370023936
    -0.000218245023935    -0.000423292642983    -0.000932751291257
19 52
    -0.002462814783321    -0.002511133912824     0.001886574420509
    -0.003488620023936    -0.001455854465860     0.003828004976065
     0.004058064499874     0.003904719261779    -0.006218116370622
19 53
    -0.029045152084908    -0.031950743039809    -0.016184409706475
    -0.032615540658856    -0.028809171926178    -0.016621288674729
     0.017797060531620     0.017756401801461     0.031265748708743
19 54
    -0.002223320735702     0.004008445452255    -0.002621324389015
     0.004279542674477    -0.006998838592844     0.003862590293525
    -0.003660653754094     0.004009743071302    -0.000502362402368
19 55
    -0.030862838592844    -0.018821770817586    -0.034075133912824
     0.018207701404636     0.031538768550013     0.017394655769715
    -0.033882590262031    -0.016052818436634    -0.030571699703956
19 56
    -0.002313116370622     0.003369850214160     0.003898846245906
     0.002878822436382    -0.002081509227765    -0.004794114071555
     0.004717901801461    -0.004542326373142    -0.005290876291257
19 57
     0.003170286407155    -0.000927995023936     0.000944126007811
     0.001241352198287    -0.000383231449988    -0.001415584309650
    -0.001191193436634    -0.001386796611237    -0.000339723513479
19 58
    -0.002304636211892    -0.004042671611237    -0.003660675579491
    -0.005272983119174    -0.005891318751575    -0.005189715262031
    -0.002662028754094    -0.004410427563618    -0.001488435815067
19 59
    -0.000578314783321    -0.001029493039809     0.000576502991938
     0.000508044658604     0.008990849899219     0.000534272833207
     0.000009624023684     0.001743685531620    -0.001576642164273
19 60
     0.001385824105568    -0.001156080341396     0.001039370055430
    -0.001222074389015     0.001520845930965     0.001058364103049
     0.001107175610985     0.001118118071303     0.001613189184933
19 61
    -0.000321632243638     0.001121822436382    -0.000754891849332
     0.001484729182414    -0.000506707640464    -0.000521957325523
     0.000742163706223     0.000854770849080     0.003073607835727
19 62
     0.002044949105568     0.002587374023684    -0.002640084309650
     0.002464721245906     0.005091931248425     0.000419705372890
    -0.002605995023936     0.000277276801461     0.004999353867473
19 63
    -0.028862007243638     0.016018987118922     0.031545193468128
    -0.017313790658856     0.030836724899219     0.018235108150668
     0.032115058547493    -0.016471044627110    -0.028813699703956
20 1
     0.001065201089695     0.000432306563366    -0.000526675579491
     0.001154729182414     0.002019964978584     0.001154729182414
    -0.000526675579491     0.000432306563366     0.001065201089695
20 2
    -0.023410697719829    -0.032381405738221     0.013696487118922
    -0.030775233119173    -0.029439370338876     0.012686334341144
    -0.012021637881078    -0.014398838277904     0.028275240772235
20 3
    -0.197386060815067    -0.043543227166793     0.048963665690350
    -0.045512058515999    -0.194849358434114     0.055145534737969
     0.044440411722096     0.046675362118922    -0.197333497323003
20 4
    -0.001933759227765     0.000398094261779    -0.000131820420761
     0.001518766880826    -0.003128308830940     0.001518766880826
    -0.000131820420761     0.000398094261779    -0.001933759227765
20 5
     0.004509627676997    -0.002454106135047    -0.001001870023936
    -0.002624054547745     0.001504078073822    -0.002624054547745
    -0.001001870023936    -0.002454106135047     0.004509627676997
20 6
     0.028275240772235    -0.014398838277904    -0.012021637881078
     0.012686334341144    -0.029439370338876    -0.030775233119173
     0.013696487118922    -0.032381405738221    -0.023410697719829
20 7
    -0.197333497323003     0.046675362118922     0.044440411722096
     0.055145534737969    -0.194849358434114    -0.045512058515999
     0.048963665690350    -0.043543227166793    -0.197386060815067
20 8
     0.000059405454775    -0.000950860103301    -0.001402618039809
     0.000810312515747     0.003153044343663    -0.000578963277904
    -0.001353675579491     0.000635056563366    -0.000408092561099
20 9
    -0.006214078672210     0.004523604182414    -0.004606556531872
     0.004015776801461    -0.002694314783321     0.004236223230033
    -0.004026169627110     0.004068437515747    -0.002934548910305
20 10
     0.000105516565886     0.001077824420509     0.000895393864953
     0.001373274817334    -0.000324560815067     0.000635004976064
    -0.001008953357269    -0.000655372008062     0.003277865772235
20 11
     0.004831133629378     0.000223526801461     0.001278090293525
    -0.000973606135047     0.004538637597632     0.002835183547493
     0.001989993071303     0.002384173626858     0.002441490772235
20 12
     0.009911675296044    -0.000082397801713     0.000334475214160
    -0.000362877960443    -0.000819094545225    -0.000160076373142
     0.000457645849080     0.000029153785588    -0.000770384227765
20 13
    -0.005178001291257    -0.006065278754094    -0.005005096214412
    -0.003240550579491    -0.001421102481733    -0.005929879944570
    -0.003617808515999    -0.003092524785840    -0.004428634227765
20 14
     0.030248968946838     0.016732395849080    -0.017072431531872
    -0.017072431531872    -0.026212767164273     0.029361723230033
     0.016732395849080     0.030069627991937    -0.026212767164273
20 15
     0.004646921327790     0.000566449420509     0.002444002991938
     0.000652247039557     0.004710435216679    -0.002446217246158
     0.002300479182414    -0.002627913674729     0.001845212994457
20 16
    -0.028487344545225     0.016403114103049    -0.031265092246158
    -0.016560520817586     0.032002546327790    -0.016560520817586
    -0.031265092246158     0.016403114103049    -0.028487344545225
20 17
    -0.198865328672210     0.045218300610985    -0.044954252960443
     0.044051360134795    -0.198355910021416     0.044051360134795
    -0.044954252960443     0.045218300610985    -0.198865328672210
20 18
    -0.028931983434114     0.032665376007811    -0.017134032722348
     0.033060076404636    -0.029397745338876     0.016377175610985
     0.017330620055430    -0.016631542642983     0.031804550296044
20 19
     0.004568258629378    -0.001630177563618    -0.000314205341396
    -0.002999102166793     0.002598004661124     0.002291346245906
     0.000738489103049     0.002597135928445     0.003945748708743
20 20
     0.878790718946837    -0.002625199389015    -0.003028836293777
    -0.002625199389015     0.873812996724617    -0.002625199389015
    -0.003028836293777    -0.002625199389015     0.878790718946838
20 21
    -0.201354953672210    -0.043734639865205    -0.045552907722348
    -0.045321491055682    -0.198834648116654    -0.045321491055682
    -0.045552907722348    -0.043734639865205    -0.201354953672210
20 22
     0.031804550296044    -0.016631542642983     0.017330620055430
     0.016377175610985    -0.029397745338876     0.033060076404636
    -0.017134032722348     0.032665376007811    -0.028931983434114
20 23
     0.003945748708743     0.002597135928445     0.000738489103049
     0.002291346245906     0.002598004661124    -0.002999102166793
    -0.000314205341396    -0.001630177563618     0.004568258629378
20 24
    -0.029248491370622    -0.017761594230285     0.033620673626858
     0.017818606166541     0.027956756645251    -0.017377387881078
     0.032186576404636     0.017395064499874    -0.029036757243638
20 25
     0.004072222915092     0.000205701404636    -0.002848905738221
     0.000214288706223     0.005013028470648     0.002739270849080
    -0.002940241055682     0.002948973230033     0.002152139581759
20 26
     0.000483607835727    -0.001545677563618    -0.000749784706475
    -0.001220245023936    -0.000540971529352     0.000769395849080
     0.000980975214160    -0.000670276769967     0.003685764581759
20 27
    -0.007173854465860    -0.004061239071555     0.004381528785588
    -0.005205679547745    -0.002409489386495     0.003043429579239
     0.005519915690350     0.002985131960192    -0.002478878275384
20 28
    -0.001551271132527     0.000138673626858    -0.000029191452507
     0.000198669658604    -0.001012737402368     0.000085108150668
     0.000475624023684     0.000122268864953    -0.002220854465860
20 29
     0.004794718946838    -0.000334393833459    -0.002592570420761
    -0.000500123992189     0.004734445137314    -0.002846812484253
    -0.002692860103301    -0.002638465262031     0.001891558232552
20 30
     0.032456728867473     0.016754040690350     0.017207816484001
    -0.015846471214412    -0.028414840576972    -0.032274433515999
    -0.016516610103301    -0.032374064468380    -0.027512626291257
20 31
    -0.006420906053162     0.004774911722096     0.004535874023684
     0.004339169658604    -0.002087302878559    -0.003809042642983
     0.004275471245906    -0.003568360103301    -0.002017568751575
20 32
    -0.000408092561099     0.000635056563366    -0.001353675579491
    -0.000578963277904     0.003153044343663     0.000810312515747
    -0.001402618039809    -0.000950860103301     0.000059405454775
20 33
    -0.002934548910305     0.004068437515747    -0.004026169627110
     0.004236223230033    -0.002694314783321     0.004015776801461
    -0.004606556531872     0.004523604182414    -0.006214078672210
20 34
    -0.026212767164273     0.030069627991937     0.016732395849080
     0.029361723230033    -0.026212767164273    -0.017072431531872
    -0.017072431531872     0.016732395849080     0.030248968946838
20 35
     0.001845212994457    -0.002627913674729     0.002300479182414
    -0.002446217246158     0.004710435216679     0.000652247039557
     0.002444002991938     0.000566449420509     0.004646921327790
20 36
    -0.000770384227765     0.000029153785588     0.000457645849080
    -0.000160076373142    -0.000819094545225    -0.000362877960443
     0.000334475214160    -0.000082397801713     0.009911675296044
20 37
    -0.004428634227765    -0.003092524785840    -0.003617808515999
    -0.005929879944570    -0.001421102481733    -0.003240550579491
    -0.005005096214412    -0.006065278754094    -0.005178001291257
20 38
     0.003277865772235    -0.000655372008062    -0.001008953357269
     0.000635004976064    -0.000324560815067     0.001373274817334
     0.000895393864953     0.001077824420509     0.000105516565886
20 39
     0.002441490772235     0.002384173626858     0.001989993071303
     0.002835183547493     0.004538637597632    -0.000973606135047
     0.001278090293525     0.000223526801461     0.004831133629378
20 40
    -0.000171882243638    -0.000891941452507     0.001146332357017
     0.000537203388763     0.002526897518267     0.000537203388763
     0.001146332357017    -0.000891941452507    -0.000171882243638
20 41
     0.001576139581759     0.001311366087176    -0.001628883912824
     0.001337124023684     0.002061486803981     0.001337124023684
    -0.001628883912824     0.001311366087176     0.001576139581759
20 42
    -0.000393376291257    -0.001229127960443     0.001291578388763
    -0.001519653754094    -0.000801257243638    -0.000434036690602
    -0.000921838277904     0.000153106166541     0.003176270534140
20 43
    -0.002467318751575    -0.004255796611237     0.003873157753842
    -0.004034846214412    -0.005511767164273     0.004507459341144
     0.003901052595112     0.004878622039557    -0.002100691767448
20 44
    -0.000165860418241     0.000080332357017     0.000025241087176
    -0.000023129944570    -0.000337753275384    -0.000023129944570
     0.000025241087176     0.000080332357017    -0.000165860418241
20 45
     0.001285121724616    -0.001028602166793    -0.001577225182666
    -0.000888066452507     0.001867909423028    -0.000888066452507
    -0.001577225182666    -0.001028602166793     0.001285121724616
20 46
     0.003176270534140     0.000153106166541    -0.000921838277904
    -0.000434036690602    -0.000801257243638    -0.001519653754094
     0.001291578388763    -0.001229127960443    -0.000393376291257
20 47
    -0.002100691767448     0.004878622039557     0.003901052595112
     0.004507459341144    -0.005511767164273    -0.004034846214412
     0.003873157753842    -0.004255796611237    -0.002467318751575
20 48
    -0.029036757243638     0.017395064499874     0.032186576404636
    -0.017377387881078     0.027956756645251     0.017818606166541
     0.033620673626858    -0.017761594230285    -0.029248491370622
20 49
     0.002152139581759     0.002948973230033    -0.002940241055682
     0.002739270849080     0.005013028470648     0.000214288706223
    -0.002848905738221     0.000205701404636     0.004072222915092
20 50
    -0.027512626291257    -0.032374064468380    -0.016516610103301
    -0.032274433515999    -0.028414840576972    -0.015846471214412
     0.017207816484001     0.016754040690350     0.032456728867473
20 51
    -0.002017568751575    -0.003568360103301     0.004275471245906
    -0.003809042642983    -0.002087302878559     0.004339169658604
     0.004535874023684     0.004774911722096    -0.006420906053162
20 52
    -0.002220854465860     0.000122268864953     0.000475624023684
     0.000085108150668    -0.001012737402368     0.000198669658604
    -0.000029191452507     0.000138673626858    -0.001551271132527
20 53
     0.001891558232552    -0.002638465262031    -0.002692860103301
    -0.002846812484253     0.004734445137314    -0.000500123992189
    -0.002592570420761    -0.000334393833459     0.004794718946838
20 54
     0.003685764581759    -0.000670276769967     0.000980975214160
     0.000769395849080    -0.000540971529352    -0.001220245023936
    -0.000749784706475    -0.001545677563618     0.000483607835727
20 55
    -0.002478878275384     0.002985131960192     0.005519915690350
     0.003043429579239    -0.002409489386495    -0.005205679547745
     0.004381528785588    -0.004061239071555    -0.007173854465860
20 56
    -0.028847656053162    -0.017515622008062    -0.032131229150920
     0.016826175610985     0.031134607835727     0.016826175610985
    -0.032131229150920    -0.017515622008062    -0.028847656053162
20 57
    -0.002431628275384     0.004474407753842    -0.004194699389015
     0.004650455372890    -0.006117864386495     0.004650455372890
    -0.004194699389015     0.004474407753842    -0.002431628275384
20 58
    -0.000024675894432     0.001336606166541    -0.000761875976316
     0.001386745055430    -0.000315451688083    -0.000750675579491
     0.000853965293525     0.000563401801461     0.003317534423028
20 59
     0.001444895534140    -0.001347090262031     0.000979552595112
    -0.001340227166793     0.001472716962711     0.001350937515747
     0.001251868071303     0.001162389896699     0.001456828073822
20 60
    -0.001419465576972     0.000126697436382     0.000071294658604
     0.000043028785588     0.009980962994457     0.000043028785588
     0.000071294658604     0.000126697436382    -0.001419465576972
20 61
    -0.002587171926178    -0.004015899785840    -0.004570092246158
    -0.004799042642983    -0.005986840576972    -0.004799042642983
    -0.004570092246158    -0.004015899785840    -0.002587171926178
20 62
     0.003317534423028     0.000563401801461     0.000853965293525
    -0.000750675579491    -0.000315451688083     0.001386745055430
    -0.000761875976316     0.001336606166541    -0.000024675894432
20 63
     0.001456828073822     0.001162389896699     0.001251868071303
     0.001350937515747     0.001472716962711    -0.001340227166793
     0.000979552595112    -0.001347090262031     0.001444895534140
21 1
     0.001308903470647     0.001405639896699    -0.000819122008063
     0.001235913706223     0.001445695137314     0.001235913706223
    -0.000819122008063     0.001405639896699     0.001308903470647
21 2
    -0.002651620338876    -0.002800197404888     0.005441415690350
    -0.003884798595364    -0.003354515180146     0.004227018864953
     0.002880665690350     0.003568495055430    -0.007237181846813
21 3
    -0.029166108434114    -0.032546643833459    -0.017553905738221
    -0.031335123992189    -0.028463878275384    -0.018423155738221
     0.017803715293525     0.017351820452255     0.031196830057949
21 4
     0.002159818153187    -0.004268822404888     0.001358983150668
    -0.000454048595364     0.002667046327790    -0.000454048595364
     0.001358983150668    -0.004268822404888     0.002159818153187
21 5
    -0.001236544942051     0.000075352198287     0.000109183547493
     0.000137754976065    -0.000773066767448     0.000137754976065
     0.000109183547493     0.000075352198287    -0.001236544942051
21 6
    -0.007237181846813     0.003568495055430     0.002880665690350
     0.004227018864953    -0.003354515180146    -0.003884798595364
     0.005441415690350    -0.002800197404888    -0.002651620338876
21 7
     0.031196830057949     0.017351820452255     0.017803715293525
    -0.018423155738221    -0.028463878275384    -0.031335123992189
    -0.017553905738221    -0.032546643833459    -0.029166108434114
21 8
    -0.002122767164273     0.003862723230033    -0.004430564468380
     0.003798747039557    -0.002341225497606     0.004023471245906
    -0.005038497008062     0.004279639896699    -0.005551765180146
21 9
    -0.000207251291257     0.000823687515747    -0.001400002960443
    -0.000608538674729     0.003248290375409     0.000760282753842
    -0.001241116055682    -0.000668354150920    -0.000371221529352
21 10
     0.001420843946838    -0.001008217246158     0.001211072436382
    -0.001298415658856     0.001399794343663     0.001258939499874
     0.001234850214160     0.001355711325271     0.001445443153187
21 11
     0.000040211010330     0.001330235134795    -0.000327856135047
     0.001826828388763    -0.000890132243638    -0.000137881928697
     0.000585296642731     0.001004006960191     0.002691068153187
21 12
    -0.006258497323003    -0.004554189468380    -0.004700471214412
    -0.004503318436634    -0.002373364386495    -0.003826766849332
    -0.004898425579491    -0.003735637881078    -0.001997181846813
21 13
     0.008696576089695     0.001290054579239     0.001789457357017
     0.000005633944319    -0.000577747323003     0.000080554579239
     0.000403995055430    -0.000179066452507    -0.001343806846813
21 14
     0.004646921327790     0.002300479182414     0.000652247039557
     0.002444002991938     0.001845212994457    -0.002446217246158
     0.000566449420509    -0.002627913674729     0.004710435216679
21 15
     0.031157373708743    -0.017385342246158     0.017339681563366
     0.017339681563366    -0.028299209624591     0.032057592277652
    -0.017385342246158     0.031505044658604    -0.028299209624591
21 16
    -0.002225892164273     0.004589697436382    -0.004260163674729
     0.004265413706223    -0.005873598513479     0.004265413706223
    -0.004260163674729     0.004589697436382    -0.002225892164273
21 17
    -0.028369001291257    -0.017578741055682    -0.031197824389015
     0.016964919658604     0.031203195137314     0.016964919658604
    -0.031197824389015    -0.017578741055682    -0.028369001291257
21 18
     0.001899343946838    -0.002702165658856     0.002481645849080
    -0.002685239071555     0.004564859819854     0.000335235134795
     0.002559798626858     0.000612665690350     0.004734502676997
21 19
    -0.027359913989670     0.033576030769715     0.015076973230033
     0.029973457357017    -0.029993640180146    -0.013194969230285
    -0.017260832325523     0.016407219261779     0.030145451089695
21 20
    -0.201354953672210    -0.045321491055682    -0.045552907722348
    -0.043734639865205    -0.198834648116654    -0.043734639865205
    -0.045552907722348    -0.045321491055682    -0.201354953672210
21 21
     0.884057873708742    -0.000539431531872     0.001113520849080
    -0.000539431531872     0.884947957042076    -0.000539431531872
     0.001113520849080    -0.000539431531872     0.884057873708742
21 22
     0.004734502676997     0.000612665690350     0.002559798626858
     0.000335235134795     0.004564859819854    -0.002685239071555
     0.002481645849080    -0.002702165658856     0.001899343946838
21 23
     0.030145451089695     0.016407219261779    -0.017260832325523
    -0.013194969230285    -0.029993640180146     0.029973457357017
     0.015076973230033     0.033576030769715    -0.027359913989670
21 24
     0.001745211010330     0.002375989103049    -0.002881022801713
     0.002586665690350     0.004797361803981     0.000110546642731
    -0.002514870023935     0.000696397833207     0.004301820137314
21 25
    -0.028098574703956     0.016931409737969     0.031667772833207
    -0.016599276769967     0.029748883629378     0.017378830372890
     0.031303062515747    -0.016243693436634    -0.028293908037289
21 26
    -0.001944939783321    -0.004529969230285     0.003672768864953
    -0.004575810500126    -0.005839366370622     0.004426080372890
     0.003721778785588     0.004454806563366    -0.002076783037289
21 27
    -0.000536777084908    -0.001712155738221     0.001007957357017
    -0.001647370023936    -0.000729134227765    -0.001156510896951
    -0.000694905738221     0.000485090293525     0.002863449105568
21 28
     0.004384556248425    -0.000453243039808    -0.002505887881078
    -0.000293645817586     0.004855117756362    -0.002889832325523
    -0.002303447404888    -0.002842647801713     0.002148972915092
21 29
    -0.001041203672210    -0.000069935500126    -0.000012266849332
     0.000014685531620    -0.000960074703956     0.000111872039557
    -0.000061181531872     0.000047368071303    -0.000851989386495
21 30
    -0.197784818751575     0.044663249023684     0.046863495055430
     0.043620838309398    -0.198332610418241    -0.048395998992189
     0.045563568468128    -0.044826356135047    -0.199937298910305
21 31
     0.030873921327790    -0.017086004944570    -0.017129947404888
     0.017459354182414    -0.028192322719829    -0.031611483119174
     0.017451024817334    -0.032159276769967    -0.028501116370622
21 32
    -0.005551765180146     0.004279639896699    -0.005038497008062
     0.004023471245906    -0.002341225497606     0.003798747039557
    -0.004430564468380     0.003862723230033    -0.002122767164273
21 33
    -0.000371221529352    -0.000668354150920    -0.001241116055682
     0.000760282753842     0.003248290375409    -0.000608538674729
    -0.001400002960443     0.000823687515747    -0.000207251291257
21 34
     0.004710435216679    -0.002627913674729     0.000566449420509
    -0.002446217246158     0.001845212994457     0.002444002991938
     0.000652247039557     0.002300479182414     0.004646921327790
21 35
    -0.028299209624591     0.031505044658604    -0.017385342246158
     0.032057592277652    -0.028299209624591     0.017339681563366
     0.017339681563366    -0.017385342246158     0.031157373708743
21 36
    -0.001997181846813    -0.003735637881078    -0.004898425579491
    -0.003826766849332    -0.002373364386495    -0.004503318436634
    -0.004700471214412    -0.004554189468380    -0.006258497323003
21 37
    -0.001343806846813    -0.000179066452507     0.000403995055430
     0.000080554579239    -0.000577747323003     0.000005633944319
     0.001789457357017     0.001290054579239     0.008696576089695
21 38
     0.001445443153187     0.001355711325271     0.001234850214160
     0.001258939499874     0.001399794343663    -0.001298415658856
     0.001211072436382    -0.001008217246158     0.001420843946838
21 39
     0.002691068153187     0.001004006960191     0.000585296642731
    -0.000137881928697    -0.000890132243638     0.001826828388763
    -0.000327856135047     0.001330235134795     0.000040211010330
21 40
     0.004854695137314     0.002319141880826    -0.000838489071555
     0.002475512912572     0.002165127676997     0.002475512912572
    -0.000838489071555     0.002319141880826     0.004854695137314
21 41
    -0.000417408037289     0.000725449420509     0.001503294658604
    -0.000579566452507     0.003150966962711    -0.000579566452507
     0.001503294658604     0.000725449420509    -0.000417408037289
21 42
    -0.006122673910305    -0.003937544627110     0.003756881960191
    -0.004709344230285    -0.002193902084908     0.003804647833207
     0.004125465293525     0.003712939499874    -0.002286027084908
21 43
    -0.000160241370622    -0.001349963277904    -0.000690288674729
    -0.001365786690602    -0.000233287005543     0.000719268864953
     0.000770106166541    -0.000667294627110     0.003303010613505
21 44
     0.001462466962711    -0.001319584309650    -0.001231580341396
    -0.001373445420761     0.001372101883346    -0.001373445420761
    -0.001231580341396    -0.001319584309650     0.001462466962711
21 45
    -0.000239050894432     0.000198356166541    -0.000236796611237
     0.000337243071303    -0.000224985418241     0.000337243071303
    -0.000236796611237     0.000198356166541    -0.000239050894432
21 46
    -0.002286027084908     0.003712939499874     0.004125465293525
     0.003804647833207    -0.002193902084908    -0.004709344230285
     0.003756881960191    -0.003937544627110    -0.006122673910305
21 47
     0.003303010613505    -0.000667294627110     0.000770106166541
     0.000719268864953    -0.000233287005543    -0.001365786690602
    -0.000690288674729    -0.001349963277904    -0.000160241370622
21 48
     0.004301820137314     0.000696397833207    -0.002514870023935
     0.000110546642731     0.004797361803981     0.002586665690350
    -0.002881022801713     0.002375989103049     0.001745211010330
21 49
    -0.028293908037289    -0.016243693436634     0.031303062515747
     0.017378830372890     0.029748883629378    -0.016599276769967
     0.031667772833207     0.016931409737969    -0.028098574703956
21 50
    -0.199937298910305    -0.044826356135047     0.045563568468128
    -0.048395998992189    -0.198332610418241     0.043620838309398
     0.046863495055430     0.044663249023684    -0.197784818751575
21 51
    -0.028501116370622    -0.032159276769967     0.017451024817334
    -0.031611483119174    -0.028192322719829     0.017459354182414
    -0.017129947404888    -0.017086004944570     0.030873921327790
21 52
     0.002148972915092    -0.002842647801713    -0.002303447404888
    -0.002889832325523     0.004855117756362    -0.000293645817586
    -0.002505887881078    -0.000453243039808     0.004384556248425
21 53
    -0.000851989386495     0.000047368071303    -0.000061181531872
     0.000111872039557    -0.000960074703956     0.000014685531620
    -0.000012266849332    -0.000069935500126    -0.001041203672210
21 54
    -0.002076783037289     0.004454806563366     0.003721778785588
     0.004426080372890    -0.005839366370622    -0.004575810500126
     0.003672768864953    -0.004529969230285    -0.001944939783321
21 55
     0.002863449105568     0.000485090293525    -0.000694905738221
    -0.001156510896951    -0.000729134227765    -0.001647370023936
     0.001007957357017    -0.001712155738221    -0.000536777084908
21 56
    -0.200106953672210     0.045852961325271    -0.046231800579491
     0.046158235134795    -0.200180662005543     0.046158235134795
    -0.046231800579491     0.045852961325271    -0.200106953672210
21 57
    -0.028425550894432     0.017244241087176    -0.031885270817586
    -0.017261110103301     0.031329115772235    -0.017261110103301
    -0.031885270817586     0.017244241087176    -0.028425550894432
21 58
     0.004656151486521    -0.000442435500126     0.002408052595112
    -0.000597820420761     0.004705028470648     0.002456508944318
     0.002470643864953     0.002513610134795     0.001972111803981
21 59
    -0.000099652084908     0.001290368071303     0.000702606166541
     0.001244832357017    -0.000165927878559     0.000908247039557
    -0.000686953357269    -0.000666526769967     0.003275155454775
21 60
    -0.002289638196019    -0.004606844230285    -0.003757901769967
    -0.004585911690602    -0.006340431846813    -0.004585911690602
    -0.003757901769967    -0.004606844230285    -0.002289638196019
21 61
    -0.001185594545226    -0.000020191452507     0.000132211325271
     0.000166641880826     0.009497764581759     0.000166641880826
     0.000132211325271    -0.000020191452507    -0.001185594545225
21 62
     0.001972111803981     0.002513610134795     0.002470643864953
     0.002456508944318     0.004705028470648    -0.000597820420761
     0.002408052595112    -0.000442435500126     0.004656151486521
21 63
     0.003275155454775    -0.000666526769967    -0.000686953357269
     0.000908247039557    -0.000165927878559     0.001244832357017
     0.000702606166541     0.001290368071303    -0.000099652084908
22 1
    -0.022421467561098     0.033346931563366    -0.010202747008063
     0.029785010928445    -0.031803902084908     0.013286054579239
     0.018430030769715    -0.022833917642983     0.029501498708743
22 2
    -0.000421241370622    -0.000093530738221    -0.000668584309650
     0.000714298626858     0.001731387597631    -0.000817840262031
     0.000709818468128     0.000155937515747     0.000024288391283
22 3
    -0.006603479465860     0.004512897833207    -0.004279155738221
     0.005330473230033    -0.001707600497606     0.003830110134795
    -0.005485881928697     0.003624887912572    -0.002276949703956
22 4
     0.029682322121441     0.014657219261779     0.013810733150668
    -0.011626701373142    -0.031456425894432    -0.031544657722348
    -0.013485489071555    -0.030860254944570    -0.023187461608717
22 5
    -0.005171790973797     0.005279018864953     0.005340933547493
     0.002918852198287    -0.000614413989670    -0.006025729150920
     0.003693711325271    -0.003959580341396    -0.004207824703956
22 6
    -0.001353677878559     0.000003911722096    -0.000257084309650
    -0.001140883912824    -0.001182112402368     0.001840717277652
     0.000225818468128     0.000532370055430    -0.000445775100781
22 7
     0.003678209026203    -0.002933262881078    -0.000756659706475
    -0.001807933515999     0.003067399502394    -0.002860358119174
    -0.000038752960443    -0.001512951373142     0.003506986803981
22 8
     0.000028236803981    -0.001165235103301    -0.000862439468380
    -0.001425780738221    -0.000437697719829     0.000750362118922
     0.000861530769715    -0.000739417642983     0.003221330057949
22 9
    -0.006017622323003    -0.004271645817586     0.004307747039557
    -0.004339191452507    -0.002494181846813     0.004052298626858
     0.004420286722096     0.003599713309398    -0.002634626291257
22 10
     0.000275597915092     0.001251074420509     0.001397322436382
    -0.000763818436634     0.002880197121441    -0.000395544627110
     0.001368752991938     0.000429403785588     0.000027288391282
22 11
     0.004570464978584     0.001338401801461     0.000373393864953
     0.002408925610985     0.002937145534140     0.001837633944318
    -0.000245925579491     0.002632074420509     0.003992913391282
22 12
     0.030404131645251    -0.016142522801713     0.016913278785588
     0.016913278785588    -0.025903961608718     0.032401374023684
    -0.016142522801713     0.029767429579239    -0.025903961608718
22 13
     0.004316705057949     0.003013346245906     0.000858457357017
     0.002799106166541     0.001348280454775    -0.002867054547745
     0.000765147833207    -0.002413373992189     0.004280788391282
22 14
     0.009911675296044     0.000457645849080    -0.000362877960443
     0.000334475214160    -0.000770384227765    -0.000160076373142
    -0.000082397801713     0.000029153785588    -0.000819094545225
22 15
    -0.006258497323003    -0.004898425579491    -0.004503318436634
    -0.004700471214412    -0.001997181846813    -0.003826766849332
    -0.004554189468380    -0.003735637881078    -0.002373364386495
22 16
    -0.029421638196019    -0.032962510896951     0.017525336325271
    -0.032776864071555    -0.029469320735702     0.016946554579239
    -0.017503635896951    -0.017004110103301     0.031533828073822
22 17
    -0.198904622323003    -0.045207574389015     0.044402925610985
    -0.044447108119174    -0.198611652084908     0.045113810531620
     0.044881828388763     0.046191826404636    -0.199738031053162
22 18
    -0.027803277084908    -0.016820373992189     0.031451020849080
     0.016441733150668     0.031831262597632    -0.016820373992189
     0.030286076404636     0.016441733150668    -0.027803277084908
22 19
     0.004200714978584    -0.000191052563618    -0.001985401769967
     0.000764804579239     0.004194262597632     0.003272421642731
    -0.002299429547745     0.002742286722096     0.002432796327790
22 20
     0.031804550296044     0.016377175610985    -0.017134032722348
    -0.016631542642983    -0.029397745338876     0.032665376007811
     0.017330620055430     0.033060076404636    -0.028931983434114
22 21
     0.004734502676997     0.000335235134795     0.002481645849080
     0.000612665690350     0.004564859819854    -0.002702165658856
     0.002559798626858    -0.002685239071555     0.001899343946838
22 22
     0.874654631645250     0.004059582357017     0.004500423626858
     0.004059582357017     0.869522512597631    -0.004488223198539
     0.004500423626858    -0.004488223198539     0.888256064184933
22 23
    -0.198858419942051    -0.045809864071555    -0.046055707325523
    -0.053989997008062    -0.194166862402368    -0.041717401769967
    -0.048275248992189    -0.042727651769967    -0.198944693751575
22 24
     0.000426089978584     0.001035155769715     0.000783477198287
     0.001358887912572    -0.000716110418241     0.000746437515747
    -0.000471342246158    -0.000703659706475     0.003467915375409
22 25
     0.004376804264298    -0.000693548595364     0.001964397833207
    -0.000250554547745     0.004735911407155     0.003446346245906
     0.002149215293525     0.002607374023684     0.002326562200806
22 26
    -0.026598435815067     0.016989322436382    -0.034553981135047
    -0.017563588277904     0.030409286407155    -0.018210028754094
    -0.031144568436634     0.018038749023684    -0.028491312799194
22 27
    -0.194345148116654     0.037464260928445    -0.048698417642983
     0.038723602198287    -0.191835106449987     0.050229504976065
    -0.053471377960443     0.053733907753842    -0.208183080656337
22 28
     0.031801935216679    -0.016326951373142    -0.016929762881078
     0.016598701404636    -0.029091854465860    -0.032312316452507
     0.017065830372890    -0.032306455341396    -0.027640431846813
22 29
    -0.200383449703956     0.046738231166541     0.044066733150668
     0.047694032753842    -0.198240921926178    -0.044299487087428
     0.045648721245906    -0.045043314468380    -0.200928144148400
22 30
    -0.001493314783321    -0.000145584309650     0.000008620055430
    -0.000345689468380    -0.000857707640464    -0.000406358119174
    -0.000352153754094     0.000008461325271    -0.002240578672210
22 31
     0.004659300296044    -0.000319963277904    -0.002859947404888
    -0.000935298595364     0.004730705057949    -0.001786092246158
    -0.001894447404888    -0.001922584309650     0.001875728867473
22 32
    -0.027081761211892    -0.030913693436634    -0.016940497008062
    -0.029281181531872    -0.026824447719829    -0.017383987087428
     0.016642088309398     0.016525540690350     0.030504453073822
22 33
    -0.002613467561099    -0.004062437484253     0.004344258944318
    -0.004337245023936    -0.002751681846813     0.004185352198287
     0.004114399817334     0.004299129976065    -0.006035031053162
22 34
    -0.000324560815067    -0.000655372008062     0.001077824420509
     0.000635004976064     0.003277865772235     0.000895393864953
     0.001373274817334    -0.001008953357269     0.000105516565886
22 35
     0.001399794343663     0.001355711325271    -0.001008217246158
     0.001258939499874     0.001445443153187     0.001211072436382
    -0.001298415658856     0.001234850214160     0.001420843946838
22 36
     0.002880197121441     0.000429403785588     0.001251074420509
    -0.000395544627110     0.000027288391282     0.001397322436382
    -0.000763818436634     0.001368752991938     0.000275597915092
22 37
     0.001541447121441     0.001267725214160     0.001158120055430
     0.001103151801461     0.001734530454775    -0.001121600182666
     0.001127735134795    -0.001635127960443     0.001499296327790
22 38
    -0.000705427878559    -0.000234622008062    -0.000457149785840
     0.000162286722096    -0.000705427878559     0.000206475214160
     0.000206475214160    -0.000457149785840     0.009967314184933
22 39
    -0.002355927878559    -0.003336451373142    -0.005058953357269
    -0.003854034706475    -0.001782729465860    -0.005085655738221
    -0.004290453357269    -0.003700072404888    -0.006828443751575
22 40
    -0.000225925894432     0.000815433547493    -0.000828614071555
     0.001411360134795    -0.000773344545226    -0.000759346214412
     0.001180663706223     0.000079834341144     0.003624290375409
22 41
     0.001743345930965    -0.001278758912824     0.001374294658604
    -0.001508094230285     0.002257494740489     0.001545074420509
     0.001579197436382     0.001686891880826     0.001763312200806
22 42
     0.000133330057949     0.000731747039557    -0.001278618039808
    -0.000602247008062     0.002792500692870     0.000823163706223
    -0.001218881928697    -0.000970618039809    -0.000248806846813
22 43
    -0.002502612402368     0.003763828388763    -0.004420538674729
     0.004082810531620    -0.002069509227765     0.004204909737969
    -0.004736866055682     0.004944772833207    -0.006650144148400
22 44
     0.003256845930965    -0.000230792642983     0.000753044658604
     0.001064026801461    -0.000742995338876    -0.001050179547745
    -0.000104427563618    -0.001599266849332     0.000456562200806
22 45
    -0.003812796926178     0.003516772833207     0.003869578388763
     0.004552215293525    -0.001066957640464    -0.003810116055682
     0.004043231166541    -0.003704076373142    -0.006539955656337
22 46
    -0.000172648116654    -0.000106268833459     0.000032215293525
     0.000029120055430    -0.000100499307130     0.000057046642731
     0.000146909737969     0.000063022833207    -0.000298578672210
22 47
     0.001374514581759    -0.001256002960443    -0.001238768833459
    -0.001315258912824     0.001546740772235    -0.001215645817586
    -0.001305260896951    -0.001286020817586     0.001431103867473
22 48
    -0.027652800894432     0.031728439499874     0.017356629976064
     0.031973643864953    -0.028395860418241    -0.016100318436634
    -0.016267120023935     0.016886681563366     0.031908806248425
22 49
     0.002043220930965    -0.002584401769967     0.002126312515747
    -0.003242947404888     0.004589161407155     0.000416364103049
     0.002911175610985     0.000417602198287     0.003889145534140
22 50
    -0.029588669942051    -0.016922689468380    -0.031866056531872
     0.017232598230033     0.028106792359536     0.017599479182414
    -0.034567477166793    -0.017475308515999    -0.029045598513479
22 51
    -0.002390987402368     0.004721764896699    -0.003801850182666
     0.004081364103049    -0.005796919942051     0.004256745055430
    -0.003944669627110     0.005265062515747    -0.002228358434114
22 52
     0.003344851883346     0.000676518864953    -0.001019197404888
    -0.000267360103301    -0.000625729465860    -0.001542254944570
     0.000906139896699    -0.001527425579491     0.000272651486521
22 53
    -0.002146485418241     0.004287034737969     0.004117068468128
     0.004434844261779    -0.005877296926178    -0.004336673595364
     0.004485385928445    -0.004373743039809    -0.002159608434114
22 54
    -0.001797154069035     0.000039348230033     0.000094528785588
    -0.000239197404888    -0.001098713592845    -0.000194669627110
    -0.000097578357269     0.000050348230033    -0.002088344545226
22 55
    -0.000036546926178    -0.002906743039809    -0.002043780738221
    -0.000773038674729     0.004413143550013    -0.000877354150920
    -0.001062764865205     0.000372036722096     0.005534318153187
22 56
    -0.000045574703956    -0.001422247008062     0.000856824420509
    -0.001382167642983    -0.000282509227765    -0.000620873992189
    -0.000674022801713     0.000509403785588     0.003338391565886
22 57
    -0.002471171926178    -0.004713217246158     0.004149104182414
    -0.004630262881078    -0.005869856449987     0.004534030769715
     0.003980131960191     0.004358308547493    -0.002225455656337
22 58
    -0.028763594545225     0.018215231166541     0.031806177595112
    -0.016619723198539     0.030286431248425     0.016717649817334
     0.031619921642731    -0.017348447404888    -0.028613417957924
22 59
     0.001739351883346     0.002621409737969    -0.002384893833459
     0.002280429579239     0.004762474899219     0.000289512912572
    -0.002661800579491     0.000424415690350     0.004708500692870
22 60
     0.003459990772235    -0.000575302563618    -0.000649026769967
     0.000803060531620    -0.000200529069035     0.001421354182414
     0.000879126007811     0.001194848230033    -0.000007542957924
22 61
     0.002068659423028     0.002900975214160     0.002858336325271
     0.002898239103049     0.004587917359536    -0.000541592246158
     0.002563114103049    -0.000575123992189     0.005014125692870
22 62
    -0.001578259227765     0.000009151801461    -0.000185856135047
     0.000078481166541     0.010194181248425     0.000018320452255
    -0.000391294627110    -0.000049618039809    -0.001659878275384
22 63
    -0.002188965576972    -0.004758860103301    -0.004119703357269
    -0.004346280738221    -0.006255025100781    -0.004317526769967
    -0.003824366055682    -0.004629564468380    -0.002681806846813
23 1
     0.003725605851600    -0.002265522801713     0.000775955372890
    -0.002576185500126     0.002307847915092     0.000356626007811
     0.005131649817334    -0.002770096214412     0.003287990772235
23 2
    -0.002416542957924     0.003958389896699    -0.001111256928698
     0.004095477198287    -0.004095737402368     0.001158356166541
     0.005221687515747    -0.000203366055682    -0.005999094545225
23 3
    -0.001097031053162     0.001135318468128    -0.001063203357269
    -0.000851723198539     0.002791774502393     0.000109056563366
    -0.007025887881078     0.000401459341144     0.000543042359536
23 4
    -0.179147979465860     0.014048389896700     0.069030685531620
     0.017678477198287    -0.175022675894432    -0.070987086293777
     0.035872254976064    -0.042818933515999    -0.165256469545225
23 5
     0.023790657438901    -0.015616435500126    -0.025127614071554
     0.022827905769715    -0.027225538989670    -0.023878782722348
     0.017276830372890    -0.031091758912824    -0.029870082640464
23 6
     0.002030520534140     0.003018332357017    -0.005195506928697
    -0.000450330341396    -0.003680487402368     0.002869663706223
    -0.005519187484253     0.002146066484001     0.004154841962711
23 7
    -0.000988592561098     0.000208407753842     0.000113917674477
    -0.000267004944570    -0.001307225497606    -0.000108286690602
     0.000538991087176     0.000989745055430    -0.001765646132527
23 8
    -0.004640189783321    -0.005272314468380     0.006235512912572
    -0.003347602166793    -0.004542322719829     0.002342558547493
     0.002494274817334     0.005787403785588    -0.000596552878559
23 9
    -0.000337798910305    -0.001805475182666    -0.000100175579491
    -0.001571387881078    -0.000123681846813     0.000069620055430
    -0.000579594230285     0.000484409737969     0.002505615772235
23 10
     0.001499296327790     0.001158120055430    -0.001121600182666
     0.001127735134795     0.001541447121441     0.001103151801461
    -0.001635127960443     0.001267725214160     0.001734530454775
23 11
    -0.000524461608718    -0.000025177563618     0.001707846245906
     0.001072729182414     0.002305645534140     0.000969080372890
     0.004715693468128    -0.000614354150920    -0.000056219545225
23 12
     0.004316705057949     0.000765147833207     0.002799106166541
     0.000858457357017     0.004280788391282    -0.002867054547745
     0.003013346245906    -0.002413373992189     0.001348280454775
23 13
     0.026053278470648     0.016360141880826    -0.014443340262031
    -0.014443340262031    -0.029675969545225     0.031986766880826
     0.016360141880826     0.033674322436382    -0.029675969545225
23 14
    -0.005178001291257    -0.003617808515999    -0.003240550579491
    -0.005005096214412    -0.004428634227765    -0.005929879944570
    -0.006065278754094    -0.003092524785840    -0.001421102481733
23 15
     0.008696576089695     0.000403995055430     0.000005633944319
     0.001789457357017    -0.001343806846813     0.000080554579239
     0.001290054579239    -0.000179066452507    -0.000577747323003
23 16
    -0.002114939783321    -0.003696965262031     0.004054663706223
    -0.003379810500126    -0.001765070735702     0.004258001007811
     0.004799733150668     0.005106336325271    -0.006993429862686
23 17
    -0.028288548910305    -0.031902778754094    -0.016545122008062
    -0.032891054547745    -0.028803402084908    -0.016173368039808
     0.015543572436382     0.015620397833207     0.031905711010330
23 18
     0.002432796327790     0.003272421642731    -0.001985401769967
     0.002742286722096     0.004194262597632    -0.000191052563618
    -0.002299429547745     0.000764804579239     0.004200714978584
23 19
    -0.028249836608718     0.024315243071303     0.025100175610985
    -0.016094016849332     0.021798012597632     0.024315243071303
     0.032601064499874    -0.016094016849332    -0.028249836608718
23 20
     0.003945748708743     0.002291346245906    -0.000314205341396
     0.002597135928445     0.002598004661124    -0.001630177563618
     0.000738489103049    -0.002999102166793     0.004568258629378
23 21
     0.030145451089695    -0.013194969230285     0.015076973230033
     0.016407219261779    -0.029993640180146     0.033576030769715
    -0.017260832325523     0.029973457357017    -0.027359913989670
23 22
    -0.198858419942051    -0.053989997008062    -0.048275248992189
    -0.045809864071555    -0.194166862402368    -0.042727651769967
    -0.046055707325523    -0.041717401769967    -0.198944693751575
23 23
     0.821091278470647     0.070595681563366     0.006624370055430
     0.070595681563366     0.820419762597631    -0.005507205341396
     0.006624370055430    -0.005507205341396     0.863045048311917
23 24
     0.001686538391282    -0.001013673595364     0.001348179579239
    -0.001380558515999     0.001288639581759     0.001093758944319
     0.003447651801461     0.001516536722096     0.001866907438901
23 25
    -0.001017497323003     0.001419997039557    -0.000751274785840
     0.001219499023683    -0.001142213592845     0.000281292674477
     0.000590584341144     0.001326070452255     0.002783554264298
23 26
    -0.000502362402368     0.004009743071303    -0.003660653754094
     0.003862590293525    -0.006998838592845     0.004279542674477
    -0.002621324389015     0.004008445452255    -0.002223320735702
23 27
    -0.030571699703956    -0.016052818436634    -0.033882590262031
     0.017394655769715     0.031538768550012     0.018207701404636
    -0.034075133912824    -0.018821770817586    -0.030862838592844
23 28
    -0.006218116370622     0.003904719261779     0.004058064499874
     0.003828004976065    -0.001455854465860    -0.003488620023936
     0.001886574420509    -0.002511133912824    -0.002462814783321
23 29
     0.031265748708743     0.017756401801461     0.017797060531620
    -0.016621288674729    -0.028809171926178    -0.032615540658856
    -0.016184409706475    -0.031950743039809    -0.029045152084908
23 30
     0.005689508629378    -0.000150038674729    -0.001374552563618
    -0.001373385896951     0.004138542359536    -0.003009411690602
    -0.002850159706475    -0.003582967246158     0.002783288391282
23 31
    -0.000932751291257    -0.000423292642983    -0.000218245023935
    -0.000393370023936    -0.001011794942051     0.000249854182414
    -0.000242328357269    -0.000030012881078    -0.000864404069035
23 32
    -0.193411062799194    -0.046934272801713     0.043745205372890
    -0.054341752960443    -0.197439322719829     0.047462209341144
     0.042138457357017     0.045120862118922    -0.197080054862686
23 33
    -0.028485144148400    -0.032368516849332     0.016358336325271
    -0.031503941452507    -0.028126931846813     0.016612548626858
    -0.015747106135047    -0.015732173595364     0.031773586010330
23 34
     0.004538637597632     0.002384173626858     0.000223526801461
     0.002835183547493     0.002441490772235     0.001278090293525
    -0.000973606135047     0.001989993071303     0.004831133629378
23 35
    -0.000890132243638     0.001004006960191     0.001330235134795
    -0.000137881928697     0.002691068153187    -0.000327856135047
     0.001826828388763     0.000585296642731     0.000040211010330
23 36
     0.002937145534140     0.002632074420509     0.001338401801461
     0.001837633944318     0.003992913391282     0.000373393864953
     0.002408925610985    -0.000245925579491     0.004570464978584
23 37
     0.002305645534140    -0.000614354150920    -0.000025177563618
     0.000969080372890    -0.000056219545225     0.001707846245906
     0.001072729182414     0.004715693468128    -0.000524461608718
23 38
    -0.001782729465860    -0.003336451373142    -0.003700072404888
    -0.003854034706475    -0.002355927878559    -0.004290453357269
    -0.005085655738221    -0.005058953357269    -0.006828443751575
23 39
    -0.001020104465860    -0.000646030738221    -0.001083875976316
    -0.000269106135046    -0.001020104465860     0.001477915690350
     0.001477915690350    -0.001083875976316     0.015433298311917
23 40
     0.003656522518266    -0.001916520817586     0.002435213309398
     0.000073663706223     0.005348155454774     0.001314975214160
     0.003356407753842     0.002092780769715     0.002483657438901
23 41
    -0.001209705656337     0.001048286722096     0.000476997039557
     0.001548834341144    -0.000389255259511     0.000990520849080
    -0.001155683515999     0.000028213309398     0.003008929264298
23 42
    -0.005564346529352     0.005550167674477    -0.004215290658856
     0.003844806563366    -0.001739624307130     0.003268235134795
    -0.004239762881078     0.002652078388763    -0.002441064783321
23 43
    -0.000561913989670    -0.000652375976317    -0.001452836293777
     0.000742614103049     0.002932865772235    -0.000596268833459
    -0.001200997008062     0.000834719261779    -0.000586402084908
23 44
    -0.001826080656337     0.003728127991938     0.003244372039557
     0.004526205372890    -0.006091120338876    -0.004702358119174
     0.002767066484001    -0.003706570420761    -0.001365195735702
23 45
     0.002554651486520     0.001556193468128    -0.001156219230285
    -0.000677981135047    -0.000177207640463    -0.001766294627110
     0.001694850214160    -0.000364754944570     0.000579161407155
23 46
     0.001523300296044    -0.001421223198539    -0.001327832325523
    -0.001386701373142     0.001048750692870    -0.001237631928697
    -0.001453971214412    -0.002728530738221     0.001519788391282
23 47
    -0.000288912005543     0.000220292674477    -0.000174566452507
     0.000179669658604    -0.000238884227765     0.000200050610985
     0.000166983150668    -0.000294949389015    -0.000252654069035
23 48
     0.005047522518267    -0.002315889865205     0.000387832357017
    -0.002860427563618     0.002104389581759     0.002149377991938
     0.000290374023684     0.001627502991938     0.005328798311917
23 49
    -0.031420705656337     0.034590643864953    -0.015397235103301
     0.035749231166541    -0.030527213592844     0.015461310531620
     0.016106544658604    -0.015327326373142     0.028030137597632
23 50
    -0.175965346529352     0.026392606166541    -0.040516604150920
     0.026311026801461    -0.176782957640464     0.040169175610985
    -0.060605108119174     0.060010887912572    -0.193312981449987
23 51
    -0.030212913989670     0.015780060531620    -0.033378022801713
    -0.013320582325523     0.030735955057949    -0.015305308515999
    -0.030154675579491     0.017232758944318    -0.027536741370622
23 52
    -0.000343449703956     0.002072064499874     0.004707254976064
     0.001379693468128    -0.000843729465861    -0.005062933515999
     0.003019633944318    -0.003060354150920    -0.006765231449987
23 53
     0.002621212994457    -0.000306419627110     0.000538020849080
     0.000962397833207    -0.000747421926178    -0.001413477166793
    -0.000675870023936    -0.001864046611237     0.000209883629378
23 54
     0.002956294343663    -0.002161606135047    -0.002271268833459
    -0.003122268833459     0.004374036407156    -0.000253973198539
    -0.001979709309650     0.000101544658604     0.004299397518267
23 55
    -0.002620098513479    -0.001062822404888     0.001363296642731
     0.000547264896699    -0.000321856449987    -0.000470657722348
     0.000264479182414    -0.000136016849332    -0.000139064783321
23 56
    -0.005290876291257    -0.004542326373142     0.004717901801461
    -0.004794114071555    -0.002081509227765     0.002878822436382
     0.003898846245906     0.003369850214160    -0.002313116370622
23 57
    -0.000339723513479    -0.001386796611237    -0.001191193436634
    -0.001415584309650    -0.000383231449988     0.001241352198287
     0.000944126007811    -0.000927995023936     0.003170286407155
23 58
     0.004999353867473     0.000277276801461    -0.002605995023936
     0.000419705372890     0.005091931248425     0.002464721245906
    -0.002640084309650     0.002587374023684     0.002044949105568
23 59
    -0.028813699703956    -0.016471044627110     0.032115058547493
     0.018235108150668     0.030836724899219    -0.017313790658856
     0.031545193468128     0.016018987118922    -0.028862007243638
23 60
     0.001613189184933     0.001118118071303     0.001107175610985
     0.001058364103049     0.001520845930965    -0.001222074389015
     0.001039370055430    -0.001156080341396     0.001385824105568
23 61
     0.003073607835727     0.000854770849080     0.000742163706223
    -0.000521957325523    -0.000506707640464     0.001484729182414
    -0.000754891849332     0.001121822436382    -0.000321632243638
23 62
    -0.001488435815067    -0.004410427563618    -0.002662028754094
    -0.005189715262031    -0.005891318751575    -0.005272983119174
    -0.003660675579491    -0.004042671611237    -0.002304636211892
23 63
    -0.001576642164273     0.001743685531620     0.000009624023684
     0.000534272833207     0.008990849899219     0.000508044658604
     0.000576502991938    -0.001029493039809    -0.000578314783321
24 1
    -0.001507634227765     0.004692487118922     0.004692487118922
    -0.000139540658856    -0.005061775100781    -0.000180256928697
    -0.000139540658856    -0.000180256928698    -0.005061775100781
24 2
     0.017632466962711    -0.013083475182666    -0.013083475182666
    -0.002312377960443    -0.032487485418241    -0.040584901769967
    -0.002312377960443    -0.040584901769967    -0.032487485418241
24 3
    -0.190606271132527     0.037777953388763     0.037777953388763
     0.058388796642731    -0.181801098513479    -0.031600701373142
     0.058388796642731    -0.031600701373142    -0.181801098513480
24 4
     0.001570905454774     0.003182649817334    -0.005370532722348
    -0.000315877960444     0.002210951089695    -0.000148719230285
    -0.002484935500126     0.001538280769715    -0.001717485418241
24 5
    -0.001391957640464     0.000630574420509    -0.005368707325523
     0.003530425610985    -0.001866037005543     0.004886334341144
    -0.003313860103301     0.003053955372890    -0.005153973513480
24 6
     0.001570905454774    -0.005370532722348     0.003182649817334
    -0.002484935500126    -0.001717485418242     0.001538280769715
    -0.000315877960443    -0.000148719230284     0.002210951089695
24 7
    -0.001391957640464    -0.005368707325523     0.000630574420509
    -0.003313860103301    -0.005153973513479     0.003053955372890
     0.003530425610985     0.004886334341144    -0.001866037005543
24 8
    -0.001012929862686     0.000248945452255    -0.000527330341396
     0.000275792674477    -0.002197945735702     0.000158925610985
     0.000045459341144    -0.000177381928697    -0.000871068751575
24 9
     0.004387586010330    -0.002735715262031     0.000228356166541
    -0.002220368039809     0.001567945137314    -0.002558887881078
    -0.000797534706475    -0.002710250976316     0.005043974899219
24 10
     0.031908806248425     0.017356629976064    -0.016100318436634
    -0.016267120023935    -0.027652800894432     0.031973643864953
     0.016886681563366     0.031728439499874    -0.028395860418241
24 11
     0.005328798311917     0.000387832357017     0.002149377991938
     0.000290374023684     0.005047522518267    -0.002860427563618
     0.001627502991938    -0.002315889865205     0.002104389581759
24 12
     0.000426089978584    -0.000471342246158     0.001358887912572
     0.000783477198287     0.003467915375409     0.000746437515747
     0.001035155769715    -0.000703659706475    -0.000716110418241
24 13
     0.001686538391282     0.003447651801461    -0.001380558515999
     0.001348179579239     0.001866907438901     0.001093758944318
    -0.001013673595364     0.001516536722096     0.001288639581759
24 14
    -0.029248491370622     0.032186576404636     0.017818606166541
     0.033620673626858    -0.029036757243638    -0.017377387881078
    -0.017761594230285     0.017395064499874     0.027956756645251
24 15
     0.001745211010330    -0.002514870023935     0.002586665690350
    -0.002881022801713     0.004301820137314     0.000110546642731
     0.002375989103049     0.000696397833207     0.004797361803981
24 16
    -0.001012929862686    -0.000527330341396     0.000248945452255
     0.000045459341144    -0.000871068751575    -0.000177381928697
     0.000275792674477     0.000158925610985    -0.002197945735702
24 17
     0.004387586010330     0.000228356166541    -0.002735715262031
    -0.000797534706475     0.005043974899219    -0.002710250976316
    -0.002220368039809    -0.002558887881078     0.001567945137314
24 18
     0.031908806248425    -0.016100318436634     0.017356629976064
     0.016886681563366    -0.028395860418241     0.031728439499874
    -0.016267120023935     0.031973643864953    -0.027652800894432
24 19
     0.005328798311917     0.002149377991938     0.000387832357017
     0.001627502991938     0.002104389581759    -0.002315889865205
     0.000290374023684    -0.002860427563618     0.005047522518266
24 20
    -0.029248491370622     0.017818606166541     0.032186576404636
    -0.017761594230285     0.027956756645251     0.017395064499874
     0.033620673626858    -0.017377387881078    -0.029036757243638
24 21
     0.001745211010330     0.002586665690350    -0.002514870023935
     0.002375989103049     0.004797361803981     0.000696397833207
    -0.002881022801713     0.000110546642731     0.004301820137314
24 22
     0.000426089978584     0.001358887912572    -0.000471342246158
     0.001035155769715    -0.000716110418241    -0.000703659706475
     0.000783477198287     0.000746437515747     0.003467915375409
24 23
     0.001686538391282    -0.001380558515999     0.003447651801461
    -0.001013673595364     0.001288639581759     0.001516536722096
     0.001348179579239     0.001093758944319     0.001866907438901
24 24
     0.873532548311918     0.003016336325271     0.003016336325271
     0.003016336325271     0.865379766565886    -0.017488248992190
     0.003016336325271    -0.017488248992190     0.865379766565886
24 25
    -0.198081862402368    -0.045512868039809    -0.045512868039809
    -0.044008356135047    -0.195017961608718    -0.040205465262031
    -0.044008356135047    -0.040205465262031    -0.195017961608718
24 26
     0.031491647518267     0.017665127991938     0.017665127991938
    -0.016518014865205    -0.029551461608718    -0.034206090262031
    -0.016518014865205    -0.034206090262031    -0.029551461608718
24 27
    -0.003421314783321     0.002747691484001     0.002747691484001
     0.004790675610985    -0.000510354465860    -0.001907056531872
     0.004790675610985    -0.001907056531872    -0.000510354465860
24 28
    -0.028069106449987    -0.016549395817586    -0.031919528754094
     0.017691649817334     0.030036397518267     0.018377997039557
    -0.031815241055682    -0.016326294627110    -0.029385580656337
24 29
    -0.001900241370622     0.004100786722096    -0.004154282722348
     0.005031356166541    -0.006395419942051     0.004314701404636
    -0.003614100182666     0.003954471245906    -0.002260667957924
24 30
    -0.028069106449987    -0.031919528754094    -0.016549395817586
    -0.031815241055682    -0.029385580656337    -0.016326294627110
     0.017691649817334     0.018377997039557     0.030036397518267
24 31
    -0.001900241370622    -0.004154282722348     0.004100786722096
    -0.003614100182666    -0.002260667957924     0.003954471245906
     0.005031356166541     0.004314701404636    -0.006395419942051
24 32
    -0.000398552878559    -0.000243387881078    -0.000243387881078
    -0.000120233119174    -0.000234445735702    -0.000042798595364
    -0.000120233119174    -0.000042798595364    -0.000234445735702
24 33
     0.001124740772235    -0.001109756928697    -0.001109756928697
    -0.001319046611237     0.001415445137314    -0.001095459309650
    -0.001319046611237    -0.001095459309650     0.001415445137314
24 34
     0.002526897518267    -0.000891941452507    -0.000891941452507
     0.000537203388763    -0.000171882243638     0.001146332357017
     0.000537203388763     0.001146332357017    -0.000171882243638
24 35
     0.002165127676997     0.002319141880826     0.002319141880826
     0.002475512912572     0.004854695137314    -0.000838489071555
     0.002475512912572    -0.000838489071555     0.004854695137314
24 36
    -0.000773344545226     0.000079834341144     0.000815433547493
    -0.000759346214412     0.003624290375409    -0.000828614071555
     0.001411360134795     0.001180663706223    -0.000225925894432
24 37
     0.005348155454774     0.002092780769715    -0.001916520817586
     0.001314975214160     0.002483657438901     0.002435213309398
     0.000073663706223     0.003356407753842     0.003656522518266
24 38
    -0.000773344545226     0.000815433547493     0.000079834341144
     0.001411360134795    -0.000225925894432     0.001180663706223
    -0.000759346214412    -0.000828614071555     0.003624290375409
24 39
     0.005348155454774    -0.001916520817586     0.002092780769715
     0.000073663706223     0.003656522518267     0.003356407753842
     0.001314975214160     0.002435213309398     0.002483657438901
24 40
    -0.000665842561098     0.000721239103049     0.000989495055430
    -0.000538066452507    -0.000665842561099     0.001282967277652
     0.001282967277652     0.000989495055430     0.010502516565886
24 41
    -0.001552195735702    -0.004625828357269    -0.004645471214412
    -0.003905520817586    -0.002425128275384    -0.005512487087428
    -0.004965498992189    -0.005144572404888    -0.006458461608718
24 42
     0.003555913391282    -0.000151447404888    -0.000741883912824
    -0.001081548595364    -0.000328622323003    -0.001529022801713
     0.000696296642731    -0.002130707325523    -0.000503080656337
24 43
    -0.002153029069035     0.003919883944318     0.003489820452255
     0.004576883944318    -0.005993132243638    -0.004549401769967
     0.004168187515747    -0.004017316452507    -0.002700042957924
24 44
     0.000446804264298     0.000282262912572    -0.001614471214412
     0.000924225214160     0.003291131645251    -0.000503866055682
    -0.001534748992189     0.001265143864953     0.000143038391282
24 45
    -0.006904713592845     0.002365203388763    -0.003464437484253
     0.004051913706223    -0.000673330656337     0.002305822436382
    -0.004909090262031     0.002636334341144    -0.002301729465860
24 46
    -0.030671189783321    -0.030771088277904     0.017222449420509
    -0.032256556531872    -0.030536872323003     0.017840110134795
    -0.017311536690602    -0.016713191452507     0.032159022518267
24 47
    -0.198141027084908    -0.045580197404888     0.042969465293525
    -0.047608935500126    -0.200416132243638     0.047952542674477
     0.044602292674477     0.044720764896699    -0.197836419942051
24 48
    -0.000665842561099     0.000989495055430     0.000721239103049
     0.001282967277652     0.010502516565886     0.000989495055430
    -0.000538066452507     0.001282967277652    -0.000665842561098
24 49
    -0.001552195735702    -0.004645471214412    -0.004625828357269
    -0.004965498992189    -0.006458461608718    -0.005144572404888
    -0.003905520817586    -0.005512487087428    -0.002425128275384
24 50
     0.003555913391282    -0.000741883912824    -0.000151447404888
     0.000696296642731    -0.000503080656337    -0.002130707325523
    -0.001081548595364    -0.001529022801713    -0.000328622323003
24 51
    -0.002153029069035     0.003489820452255     0.003919883944318
     0.004168187515747    -0.002700042957924    -0.004017316452507
     0.004576883944318    -0.004549401769967    -0.005993132243638
24 52
    -0.030671189783321     0.017222449420509    -0.030771088277904
    -0.017311536690602     0.032159022518267    -0.016713191452507
    -0.032256556531872     0.017840110134795    -0.030536872323003
24 53
    -0.198141027084908     0.042969465293525    -0.045580197404888
     0.044602292674477    -0.197836419942051     0.044720764896699
    -0.047608935500126     0.047952542674477    -0.200416132243638
24 54
     0.000446804264298    -0.001614471214412     0.000282262912572
    -0.001534748992189     0.000143038391282     0.001265143864953
     0.000924225214160    -0.000503866055682     0.003291131645251
24 55
    -0.006904713592845    -0.003464437484253     0.002365203388763
    -0.004909090262031    -0.002301729465860     0.002636334341144
     0.004051913706223     0.002305822436382    -0.000673330656337
24 56
    -0.001185491370622     0.000108433547493     0.000108433547493
     0.000240280769715    -0.001369007243638    -0.000004810500126
     0.000240280769715    -0.000004810500126    -0.001369007243638
24 57
     0.002056911407155    -0.002774161690602    -0.002774161690602
    -0.002719814468380     0.004729645534140    -0.000568905738221
    -0.002719814468380    -0.000568905738221     0.004729645534140
24 58
     0.003305613788108     0.000968786722096     0.000968786722096
    -0.000666524785840    -0.000209691767448     0.001393213309398
    -0.000666524785840     0.001393213309398    -0.000209691767448
24 59
     0.001555060216679     0.001332215293525     0.001332215293525
     0.001281127991938     0.001510101883346    -0.001112923595364
     0.001281127991938    -0.001112923595364     0.001510101883346
24 60
    -0.028296800894432    -0.016294372008062     0.031690082357017
     0.017001508944318     0.031169347915092    -0.016978207325523
     0.031840929579239     0.017054258944318    -0.028624691767448
24 61
     0.004281117756362     0.000267405769715    -0.002703179547745
     0.000434812515747     0.004785794343663     0.003158721245906
    -0.002492582325523     0.002658911722096     0.002358726883346
24 62
    -0.028296800894432     0.031690082357017    -0.016294372008062
     0.031840929579239    -0.028624691767448     0.017054258944318
     0.017001508944318    -0.016978207325523     0.031169347915092
24 63
     0.004281117756362    -0.002703179547745     0.000267405769715
    -0.002492582325523     0.002358726883346     0.002658911722096
     0.000434812515747     0.003158721245906     0.004785794343663
25 1
     0.006388580057949    -0.011043455341396    -0.011043455341396
    -0.001358995023935    -0.002889003275384    -0.006272223198539
    -0.001358995023936    -0.006272223198539    -0.002889003275384
25 2
     0.001883181248425     0.004208832357017     0.004208832357017
     0.001998167674477    -0.005383713592845    -0.003375118039809
     0.001998167674477    -0.003375118039808    -0.005383713592844
25 3
     0.027165318153187     0.017341135928445     0.017341135928445
    -0.016055032722348    -0.029555326688083    -0.034177167642983
    -0.016055032722348    -0.034177167642983    -0.029555326688083
25 4
    -0.002843880259511     0.004791707357017    -0.004195600182666
     0.002768917674477    -0.000916652084908     0.003736314499874
    -0.002398764865205     0.002934314499874    -0.005381963592844
25 5
    -0.000841618354749    -0.000128243039808    -0.000989524785840
     0.001417096245906     0.000960859819854     0.000198118071303
    -0.001599939468380     0.001470489103049    -0.001226201688083
25 6
    -0.002843880259511    -0.004195600182666     0.004791707357017
    -0.002398764865205    -0.005381963592845     0.002934314499874
     0.002768917674478     0.003736314499874    -0.000916652084908
25 7
    -0.000841618354749    -0.000989524785840    -0.000128243039808
    -0.001599939468380    -0.001226201688083     0.001470489103049
     0.001417096245906     0.000198118071303     0.000960859819854
25 8
     0.003863159423028    -0.002493997008062    -0.000416272801713
    -0.002815786690602     0.002185076089695    -0.003070040658856
    -0.000362745023936    -0.002482098198539     0.004886828073822
25 9
    -0.000473324703956     0.000092967277652    -0.000306586293777
     0.000094302595112    -0.001578033037289    -0.000023729150920
     0.000139635928445     0.000058782753842    -0.000545253275384
25 10
     0.003889145534140     0.002126312515747     0.000416364103049
     0.002911175610985     0.002043220930965    -0.003242947404888
     0.000417602198287    -0.002584401769967     0.004589161407155
25 11
     0.028030137597632    -0.015397235103301     0.015461310531620
     0.016106544658604    -0.031420705656337     0.035749231166541
    -0.015327326373142     0.034590643864953    -0.030527213592844
25 12
     0.004376804264298     0.002149215293525    -0.000250554547745
     0.001964397833207     0.002326562200806     0.003446346245906
    -0.000693548595364     0.002607374023684     0.004735911407155
25 13
    -0.001017497323003     0.000590584341144     0.001219499023683
    -0.000751274785840     0.002783554264298     0.000281292674477
     0.001419997039556     0.001326070452255    -0.001142213592844
25 14
     0.004072222915092    -0.002940241055682     0.000214288706223
    -0.002848905738221     0.002152139581759     0.002739270849080
     0.000205701404636     0.002948973230033     0.005013028470648
25 15
    -0.028098574703956     0.031303062515747    -0.016599276769967
     0.031667772833207    -0.028293908037289     0.017378830372890
     0.016931409737969    -0.016243693436634     0.029748883629378
25 16
     0.003863159423028    -0.000416272801713    -0.002493997008062
    -0.000362745023936     0.004886828073822    -0.002482098198539
    -0.002815786690602    -0.003070040658856     0.002185076089695
25 17
    -0.000473324703956    -0.000306586293777     0.000092967277652
     0.000139635928445    -0.000545253275384     0.000058782753842
     0.000094302595112    -0.000023729150920    -0.001578033037289
25 18
     0.003889145534140     0.000416364103049     0.002126312515747
     0.000417602198287     0.004589161407155    -0.002584401769967
     0.002911175610985    -0.003242947404888     0.002043220930965
25 19
     0.028030137597632     0.015461310531620    -0.015397235103301
    -0.015327326373142    -0.030527213592845     0.034590643864953
     0.016106544658604     0.035749231166541    -0.031420705656337
25 20
     0.004072222915092     0.000214288706223    -0.002940241055682
     0.000205701404636     0.005013028470648     0.002948973230033
    -0.002848905738221     0.002739270849080     0.002152139581759
25 21
    -0.028098574703956    -0.016599276769967     0.031303062515747
     0.016931409737969     0.029748883629378    -0.016243693436634
     0.031667772833207     0.017378830372890    -0.028293908037289
25 22
     0.004376804264298    -0.000250554547745     0.002149215293525
    -0.000693548595364     0.004735911407155     0.002607374023684
     0.001964397833207     0.003446346245906     0.002326562200806
25 23
    -0.001017497323003     0.001219499023683     0.000590584341144
     0.001419997039557    -0.001142213592845     0.001326070452255
    -0.000751274785840     0.000281292674477     0.002783554264298
25 24
    -0.198081862402368    -0.044008356135047    -0.044008356135047
    -0.045512868039809    -0.195017961608718    -0.040205465262031
    -0.045512868039809    -0.040205465262031    -0.195017961608718
25 25
     0.872524726883346     0.000657814499874     0.000657814499874
     0.000657814499874     0.862766060216679     0.006873318468128
     0.000657814499874     0.006873318468128     0.862766060216679
25 26
    -0.198253138196019     0.041592935531620     0.041592935531620
     0.044697405769715    -0.195030564783321    -0.041644306531872
     0.044697405769715    -0.041644306531872    -0.195030564783321
25 27
     0.029581524502394    -0.009878000976316    -0.009878000976316
     0.018536471245906    -0.027968332640464    -0.031828272801713
     0.018536471245906    -0.031828272801713    -0.027968332640464
25 28
    -0.198302892164273     0.044050286722096    -0.046037721214412
     0.046265070452255    -0.188410080656337     0.034398530769715
    -0.046808945420761     0.035225739103049    -0.191153808830940
25 29
    -0.029090527084908     0.017916594261779    -0.030748475182666
    -0.017278223198539     0.030338101883346    -0.017061139865205
    -0.032347929547745     0.017752004976064    -0.028585146132527
25 30
    -0.198302892164273    -0.046037721214412     0.044050286722096
    -0.046808945420761    -0.191153808830940     0.035225739103049
     0.046265070452255     0.034398530769715    -0.188410080656337
25 31
    -0.029090527084908    -0.030748475182666     0.017916594261779
    -0.032347929547745    -0.028585146132527     0.017752004976064
    -0.017278223198539    -0.017061139865205     0.030338101883346
25 32
     0.002064036407155    -0.001287580341396    -0.001287580341396
    -0.001527562484253     0.001639576089695    -0.001623264865205
    -0.001527562484253    -0.001623264865205     0.001639576089695
25 33
    -0.000387419942051    -0.000040449389015    -0.000040449389015
    -0.000069125976316     0.000106966962711     0.000111324420509
    -0.000069125976316     0.000111324420509     0.000106966962711
25 34
     0.002061486803981     0.001311366087176     0.001311366087176
     0.001337124023684     0.001576139581759    -0.001628883912824
     0.001337124023684    -0.001628883912824     0.001576139581759
25 35
     0.003150966962711     0.000725449420509     0.000725449420509
    -0.000579566452507    -0.000417408037289     0.001503294658604
    -0.000579566452507     0.001503294658604    -0.000417408037289
25 36
     0.002257494740489     0.001686891880826    -0.001278758912824
     0.001545074420509     0.001763312200806     0.001374294658604
    -0.001508094230285     0.001579197436382     0.001743345930965
25 37
    -0.000389255259511     0.000028213309398     0.001048286722096
     0.000990520849080     0.003008929264298     0.000476997039557
     0.001548834341144    -0.001155683515999    -0.001209705656337
25 38
     0.002257494740489    -0.001278758912824     0.001686891880826
    -0.001508094230285     0.001743345930965     0.001579197436382
     0.001545074420509     0.001374294658604     0.001763312200806
25 39
    -0.000389255259511     0.001048286722096     0.000028213309398
     0.001548834341144    -0.001209705656337    -0.001155683515999
     0.000990520849080     0.000476997039557     0.003008929264298
25 40
    -0.002425128275384    -0.004625828357269    -0.005144572404888
    -0.003905520817586    -0.001552195735702    -0.004965498992189
    -0.005512487087428    -0.004645471214412    -0.006458461608718
25 41
     0.000470393550013     0.000026604182414     0.000519211325271
    -0.000636475182666     0.000470393550013     0.000935171642731
     0.000935171642731     0.000519211325271     0.009618310216679
25 42
    -0.001841747323003     0.004016360134795     0.004700798626858
     0.004435247039557    -0.002225475497606    -0.005149239071555
     0.004348217277652    -0.004651548595364    -0.005650558830940
25 43
     0.002995310216679    -0.000815558515999     0.000842877991938
     0.000723929579239    -0.000425235418241    -0.001725368039809
    -0.000740891849332    -0.001557407722348    -0.000428896132527
25 44
    -0.001825106449987     0.003912820452255    -0.004912163674729
     0.003796645849080    -0.001162596529352     0.005399042674477
    -0.004673578357269     0.004085052595112    -0.005947814783321
25 45
    -0.001853249307130     0.003191260928445    -0.002470129944570
    -0.001245290658856     0.002724441169060    -0.000293643833459
    -0.002387419627110     0.000263993071303    -0.000885957640464
25 46
    -0.002153100497606    -0.004594280738221     0.005044506960191
    -0.004255385896951    -0.001583725497606     0.004859893864953
     0.004216633944318     0.004294217277652    -0.005884580656337
25 47
    -0.028701812799194    -0.031654889865205    -0.016693977166793
    -0.032262639865205    -0.028812985418241    -0.016920673595364
     0.017285713309398     0.016554548626858     0.030886601883346
25 48
    -0.002425128275384    -0.005144572404888    -0.004625828357269
    -0.005512487087428    -0.006458461608718    -0.004645471214412
    -0.003905520817586    -0.004965498992189    -0.001552195735702
25 49
     0.000470393550013     0.000519211325271     0.000026604182414
     0.000935171642731     0.009618310216679     0.000519211325271
    -0.000636475182666     0.000935171642731     0.000470393550013
25 50
    -0.001841747323003     0.004700798626858     0.004016360134795
     0.004348217277652    -0.005650558830940    -0.004651548595364
     0.004435247039557    -0.005149239071555    -0.002225475497606
25 51
     0.002995310216679     0.000842877991938    -0.000815558515999
    -0.000740891849332    -0.000428896132527    -0.001557407722348
     0.000723929579239    -0.001725368039809    -0.000425235418241
25 52
    -0.002153100497606     0.005044506960191    -0.004594280738221
     0.004216633944318    -0.005884580656337     0.004294217277652
    -0.004255385896951     0.004859893864953    -0.001583725497606
25 53
    -0.028701812799194    -0.016693977166793    -0.031654889865205
     0.017285713309398     0.030886601883346     0.016554548626858
    -0.032262639865205    -0.016920673595364    -0.028812985418241
25 54
    -0.001825106449987    -0.004912163674729     0.003912820452255
    -0.004673578357269    -0.005947814783321     0.004085052595112
     0.003796645849080     0.005399042674477    -0.001162596529352
25 55
    -0.001853249307130    -0.002470129944570     0.003191260928445
    -0.002387419627110    -0.000885957640464     0.000263993071303
    -0.001245290658856    -0.000293643833459     0.002724441169060
25 56
     0.001692847915092    -0.002548383912824    -0.002548383912824
    -0.002156048595364     0.004662764581759    -0.000487026769967
    -0.002156048595364    -0.000487026769967     0.004662764581759
25 57
    -0.001105499307130    -0.000023104150920    -0.000023104150920
    -0.000048518833459    -0.001092332640464    -0.000083372008062
    -0.000048518833459    -0.000083372008062    -0.001092332640464
25 58
     0.002068328073822     0.002196344261779     0.002196344261779
     0.002324270849080     0.004675580057949    -0.000652502960443
     0.002324270849080    -0.000652502960443     0.004675580057949
25 59
     0.002928774502394    -0.000788227166793    -0.000788227166793
     0.000751048626858    -0.000158001291257     0.001433360134795
     0.000751048626858     0.001433360134795    -0.000158001291257
25 60
     0.001948163391282     0.002589685531620    -0.002596735103301
     0.002353804579239     0.004826994740489     0.000541951404636
    -0.002485899785840     0.000377292674477     0.004692330057949
25 61
    -0.028886042957924     0.017220713309398     0.031713877991938
    -0.016836516849332     0.030495316169060     0.016749254976064
     0.032199588309398    -0.017023554547745    -0.028498376291257
25 62
     0.001948163391282    -0.002596735103301     0.002589685531620
    -0.002485899785840     0.004692330057949     0.000377292674477
     0.002353804579239     0.000541951404636     0.004826994740489
25 63
    -0.028886042957924     0.031713877991938     0.017220713309398
     0.032199588309398    -0.028498376291257    -0.017023554547745
    -0.016836516849332     0.016749254976065     0.030495316169060
26 1
     0.011103214978584     0.028317510928446     0.028317510928446
     0.006096001007811    -0.034845003275384    -0.044087223198539
     0.006096001007810    -0.044087223198539    -0.034845003275384
26 2
     0.003612941169060    -0.000422201373142    -0.000422201373142
     0.000694288706223    -0.003553838592845    -0.001038868039809
     0.000694288706223    -0.001038868039808    -0.003553838592844
26 3
    -0.004368921926178    -0.005284522801713    -0.005284522801713
    -0.004545161690602    -0.001511451688083    -0.002439292642983
    -0.004545161690602    -0.002439292642983    -0.001511451688083
26 4
     0.000889754661124     0.002954048626858    -0.001090883912824
     0.001477663706223    -0.002095277084908     0.000638689499874
     0.000592981166541     0.001934064499874     0.002470786407155
26 5
     0.001660516565886    -0.001976151769967     0.001579316484001
    -0.001251032722348     0.001532859819854     0.001610743071303
     0.001266806563366     0.001336614103049     0.001686548311917
26 6
     0.000889754661124    -0.001090883912824     0.002954048626858
     0.000592981166541     0.002470786407155     0.001934064499874
     0.001477663706223     0.000638689499874    -0.002095277084908
26 7
     0.001660516565886     0.001579316484001    -0.001976151769967
     0.001266806563366     0.001686548311917     0.001336614103049
    -0.001251032722348     0.001610743071303     0.001532859819854
26 8
     0.031787169343663    -0.017289280738221     0.016632568468128
     0.017357834341144    -0.028225173910305     0.032666834341144
    -0.017431248992189     0.032057401801461    -0.028199796926178
26 9
     0.004313810216679     0.002319433547493     0.000150629976064
     0.002319173626858     0.001854341962711    -0.003170229150920
     0.000977006960191    -0.002710342246158     0.004589746724616
26 10
    -0.002088344545226     0.000094528785588    -0.000194669627110
    -0.000097578357269    -0.001797154069035    -0.000239197404888
     0.000050348230033     0.000039348230033    -0.001098713592845
26 11
     0.004299397518267    -0.002271268833459    -0.000253973198539
    -0.001979709309650     0.002956294343663    -0.003122268833459
     0.000101544658604    -0.002161606135047     0.004374036407156
26 12
    -0.026598435815067    -0.031144568436634    -0.017563588277904
    -0.034553981135047    -0.028491312799194    -0.018210028754094
     0.016989322436382     0.018038749023684     0.030409286407155
26 13
    -0.000502362402368    -0.002621324389015     0.003862590293525
    -0.003660653754094    -0.002223320735702     0.004279542674477
     0.004009743071302     0.004008445452255    -0.006998838592844
26 14
     0.000483607835727     0.000980975214160    -0.001220245023936
    -0.000749784706475     0.003685764581759     0.000769395849080
    -0.001545677563618    -0.000670276769967    -0.000540971529352
26 15
    -0.001944939783321     0.003721778785588    -0.004575810500126
     0.003672768864953    -0.002076783037289     0.004426080372890
    -0.004529969230285     0.004454806563366    -0.005839366370622
26 16
     0.031787169343663     0.016632568468128    -0.017289280738221
    -0.017431248992189    -0.028199796926178     0.032057401801461
     0.017357834341144     0.032666834341144    -0.028225173910305
26 17
     0.004313810216679     0.000150629976064     0.002319433547493
     0.000977006960191     0.004589746724616    -0.002710342246158
     0.002319173626858    -0.003170229150920     0.001854341962711
26 18
    -0.002088344545226    -0.000194669627110     0.000094528785588
     0.000050348230033    -0.001098713592845     0.000039348230033
    -0.000097578357269    -0.000239197404888    -0.001797154069035
26 19
     0.004299397518267    -0.000253973198539    -0.002271268833459
     0.000101544658604     0.004374036407155    -0.002161606135047
    -0.001979709309650    -0.003122268833459     0.002956294343663
26 20
     0.000483607835727    -0.001220245023936     0.000980975214160
    -0.001545677563618    -0.000540971529352    -0.000670276769967
    -0.000749784706475     0.000769395849080     0.003685764581759
26 21
    -0.001944939783321    -0.004575810500126     0.003721778785588
    -0.004529969230285    -0.005839366370622     0.004454806563366
     0.003672768864953     0.004426080372890    -0.002076783037289
26 22
    -0.026598435815067    -0.017563588277904    -0.031144568436634
     0.016989322436382     0.030409286407155     0.018038749023684
    -0.034553981135047    -0.018210028754094    -0.028491312799194
26 23
    -0.000502362402368     0.003862590293525    -0.002621324389015
     0.004009743071303    -0.006998838592845     0.004008445452255
    -0.003660653754094     0.004279542674477    -0.002223320735702
26 24
     0.031491647518267    -0.016518014865205    -0.016518014865205
     0.017665127991938    -0.029551461608718    -0.034206090262031
     0.017665127991938    -0.034206090262031    -0.029551461608718
26 25
    -0.198253138196019     0.044697405769715     0.044697405769715
     0.041592935531620    -0.195030564783321    -0.041644306531872
     0.041592935531620    -0.041644306531872    -0.195030564783321
26 26
     0.884526996724616    -0.001403348198539    -0.001403348198539
    -0.001403348198539     0.869623060216679    -0.015209931531872
    -0.001403348198539    -0.015209931531872     0.869623060216679
26 27
    -0.205656840576972    -0.051272909706475    -0.051272909706475
    -0.053308032722348    -0.185800582640464    -0.026323772801713
    -0.053308032722348    -0.026323772801713    -0.185800582640464
26 28
    -0.028370007243638     0.031266502991938     0.017718495055430
     0.031192316484001    -0.031099330656337    -0.016352094230285
    -0.017405324389015     0.015487364103049     0.031366816169060
26 29
     0.002055982835727    -0.002250314468380     0.002112241087176
    -0.003022102166793     0.004907976883346     0.000547235134795
     0.002131441484001     0.000846879976064     0.004699228867473
26 30
    -0.028370007243638     0.017718495055430     0.031266502991938
    -0.017405324389015     0.031366816169060     0.015487364103049
     0.031192316484001    -0.016352094230285    -0.031099330656337
26 31
     0.002055982835727     0.002112241087176    -0.002250314468380
     0.002131441484001     0.004699228867473     0.000846879976065
    -0.003022102166793     0.000547235134795     0.004907976883346
26 32
     0.002782546327790     0.000701385928445     0.000701385928445
    -0.000788066452507    -0.000177048910305     0.001306985134795
    -0.000788066452507     0.001306985134795    -0.000177048910305
26 33
     0.001574714978584     0.001276266880826     0.001276266880826
     0.001122495055430     0.001399341962711    -0.001243550579491
     0.001122495055430    -0.001243550579491     0.001399341962711
26 34
    -0.000337753275384     0.000080332357017     0.000080332357017
    -0.000023129944570    -0.000165860418241     0.000025241087176
    -0.000023129944570     0.000025241087176    -0.000165860418241
26 35
     0.001372101883346    -0.001319584309650    -0.001319584309650
    -0.001373445420761     0.001462466962711    -0.001231580341396
    -0.001373445420761    -0.001231580341396     0.001462466962711
26 36
    -0.000742995338876    -0.001599266849332    -0.000230792642983
    -0.001050179547745     0.000456562200806     0.000753044658604
     0.001064026801461    -0.000104427563618     0.003256845930965
26 37
    -0.006091120338876    -0.003706570420761     0.003728127991938
    -0.004702358119174    -0.001365195735702     0.003244372039557
     0.004526205372890     0.002767066484001    -0.001826080656337
26 38
    -0.000742995338876    -0.000230792642983    -0.001599266849332
     0.001064026801461     0.003256845930965    -0.000104427563618
    -0.001050179547745     0.000753044658604     0.000456562200806
26 39
    -0.006091120338876     0.003728127991938    -0.003706570420761
     0.004526205372890    -0.001826080656337     0.002767066484001
    -0.004702358119173     0.003244372039556    -0.001365195735702
26 40
     0.003291131645251     0.000282262912572     0.001265143864953
     0.000924225214160     0.000446804264298    -0.001534748992189
    -0.000503866055682    -0.001614471214412     0.000143038391282
26 41
    -0.001162596529352     0.003912820452255     0.004085052595112
     0.003796645849080    -0.001825106449987    -0.004673578357269
     0.005399042674477    -0.004912163674729    -0.005947814783321
26 42
    -0.002474112402368    -0.001124298595364     0.000350889896699
    -0.000748131928697    -0.002226475497606     0.000114635928445
    -0.000483661690602     0.000187326404636     0.010562191169060
26 43
    -0.002042054862686    -0.003559967246158    -0.004275905738221
    -0.003615199389015    -0.002484110418241    -0.004494618039809
    -0.004597145817586    -0.004483407722348    -0.006776146132527
26 44
    -0.028854846529352     0.031755286722096    -0.016345947404888
     0.031357766880826    -0.028854846529352     0.017967042674477
     0.017967042674477    -0.016345947404888     0.032191810216679
26 45
     0.007719385613505    -0.006078272801713     0.004336211325271
    -0.003436294627110     0.002334191169060     0.000320481166541
    -0.001493923595364     0.004874118071303     0.003000667359536
26 46
     0.000266534423028     0.000657685531620     0.001714223230033
    -0.000907639865205     0.003193274502394    -0.000118231135047
     0.001274504976064     0.000832092277652     0.000279169343663
26 47
     0.004672072121441     0.002498201404636    -0.000466135896951
     0.002481606166541     0.002198514581759     0.002509826404636
    -0.000724540658856     0.002844298626858     0.004414726883346
26 48
     0.003291131645251     0.001265143864953     0.000282262912572
    -0.000503866055682     0.000143038391282    -0.001614471214412
     0.000924225214160    -0.001534748992189     0.000446804264298
26 49
    -0.001162596529352     0.004085052595112     0.003912820452255
     0.005399042674477    -0.005947814783321    -0.004912163674729
     0.003796645849080    -0.004673578357269    -0.001825106449987
26 50
    -0.002474112402368     0.000350889896699    -0.001124298595364
    -0.000483661690602     0.010562191169060     0.000187326404636
    -0.000748131928697     0.000114635928445    -0.002226475497606
26 51
    -0.002042054862686    -0.004275905738221    -0.003559967246158
    -0.004597145817586    -0.006776146132527    -0.004483407722348
    -0.003615199389015    -0.004494618039809    -0.002484110418241
26 52
     0.000266534423028     0.001714223230033     0.000657685531620
     0.001274504976065     0.000279169343663     0.000832092277652
    -0.000907639865205    -0.000118231135047     0.003193274502394
26 53
     0.004672072121441    -0.000466135896951     0.002498201404636
    -0.000724540658856     0.004414726883346     0.002844298626858
     0.002481606166541     0.002509826404636     0.002198514581759
26 54
    -0.028854846529352    -0.016345947404888     0.031755286722096
     0.017967042674477     0.032191810216679    -0.016345947404888
     0.031357766880826     0.017967042674477    -0.028854846529352
26 55
     0.007719385613505     0.004336211325271    -0.006078272801713
    -0.001493923595364     0.003000667359536     0.004874118071303
    -0.003436294627110     0.000320481166541     0.002334191169060
26 56
     0.003405982835727    -0.000605542642983    -0.000605542642983
     0.000782197436382    -0.000078360418241     0.001181973230033
     0.000782197436382     0.001181973230033    -0.000078360418241
26 57
     0.002208510613505     0.002605362118922     0.002605362118922
     0.002761227198287     0.004696917359536    -0.000767497008062
     0.002761227198287    -0.000767497008062     0.004696917359536
26 58
    -0.001230287005543    -0.000033189468380    -0.000033189468380
    -0.000028858119174    -0.001555169942051    -0.000075502960443
    -0.000028858119174    -0.000075502960443    -0.001555169942051
26 59
     0.002013909423028    -0.002510885896951    -0.002510885896951
    -0.002830455341396     0.004684748708743    -0.000774764865205
    -0.002830455341396    -0.000774764865205     0.004684748708743
26 60
    -0.028806701688083    -0.032249723198539     0.017925606166541
    -0.032066449389015    -0.028529880259511     0.017910076404636
    -0.017287903754094    -0.017257207325523     0.031781955057949
26 61
    -0.198883658037289    -0.046188320420761     0.044064594261779
    -0.046201020817586    -0.200035058830940     0.044373879976064
     0.046701584341144     0.046862570452255    -0.199833876291257
26 62
    -0.028806701688083     0.017925606166541    -0.032249723198539
    -0.017287903754094     0.031781955057949    -0.017257207325523
    -0.032066449389015     0.017910076404636    -0.028529880259511
26 63
    -0.198883658037289     0.044064594261779    -0.046188320420761
     0.046701584341144    -0.199833876291257     0.046862570452255
    -0.046201020817586     0.044373879976065    -0.200035058830940
27 1
    -0.114215372323003    -0.020612673595364    -0.020612673595364
     0.056425314499874    -0.160421396132527     0.024720935531620
     0.056425314499874     0.024720935531620    -0.160421396132527
27 2
     0.004165353867473     0.000678864103049     0.000678864103048
    -0.000745147801713    -0.004493731449987    -0.004985709309650
    -0.000745147801713    -0.004985709309650    -0.004493731449987
27 3
     0.006914115772235     0.002379042674477     0.002379042674477
    -0.001735848198539    -0.000334469545226     0.000881866087176
    -0.001735848198539     0.000881866087176    -0.000334469545226
27 4
     0.000428667359536    -0.000161010896951     0.002020681563366
    -0.002713647801713     0.001301955057949     0.000749473230033
    -0.001145455341396    -0.001410026769967    -0.000804606449987
27 5
    -0.001026820735702     0.002652538706223     0.001553381960192
     0.001280530769715     0.000262966962711     0.000236276801461
    -0.000926879944570     0.000594897833207     0.002144030454774
27 6
     0.000428667359536     0.002020681563366    -0.000161010896951
    -0.001145455341396    -0.000804606449987    -0.001410026769967
    -0.002713647801713     0.000749473230033     0.001301955057949
27 7
    -0.001026820735702     0.001553381960191     0.002652538706223
    -0.000926879944570     0.002144030454775     0.000594897833207
     0.001280530769715     0.000236276801461     0.000262966962711
27 8
     0.004377582042076     0.000775534737969     0.002857633944318
     0.000563897833207     0.004824433232552    -0.003270631928697
     0.002163814499874    -0.002349939468380     0.001624060216679
27 9
     0.033035722915092     0.016909624023683    -0.016840679547745
    -0.016630012881078    -0.029138550894432     0.033299054579239
     0.016279820452255     0.033361941484001    -0.029351396132527
27 10
     0.005534318153187    -0.002043780738221    -0.000877354150920
    -0.001062764865205    -0.000036546926178    -0.000773038674729
     0.000372036722096    -0.002906743039809     0.004413143550013
27 11
    -0.000139064783321     0.001363296642731    -0.000470657722348
     0.000264479182414    -0.002620098513479     0.000547264896699
    -0.000136016849332    -0.001062822404888    -0.000321856449987
27 12
    -0.194345148116654    -0.053471377960443     0.038723602198287
    -0.048698417642983    -0.208183080656337     0.050229504976064
     0.037464260928445     0.053733907753842    -0.191835106449987
27 13
    -0.030571699703956    -0.034075133912824     0.017394655769715
    -0.033882590262031    -0.030862838592844     0.018207701404636
    -0.016052818436634    -0.018821770817586     0.031538768550013
27 14
    -0.007173854465860     0.005519915690350    -0.005205679547745
     0.004381528785588    -0.002478878275384     0.003043429579239
    -0.004061239071555     0.002985131960192    -0.002409489386495
27 15
    -0.000536777084908    -0.000694905738221    -0.001647370023936
     0.001007957357017     0.002863449105568    -0.001156510896951
    -0.001712155738221     0.000485090293525    -0.000729134227765
27 16
     0.004377582042076     0.002857633944318     0.000775534737969
     0.002163814499874     0.001624060216679    -0.002349939468380
     0.000563897833207    -0.003270631928697     0.004824433232552
27 17
     0.033035722915092    -0.016840679547745     0.016909624023683
     0.016279820452255    -0.029351396132527     0.033361941484001
    -0.016630012881078     0.033299054579239    -0.029138550894432
27 18
     0.005534318153187    -0.000877354150920    -0.002043780738221
     0.000372036722096     0.004413143550013    -0.002906743039809
    -0.001062764865205    -0.000773038674729    -0.000036546926178
27 19
    -0.000139064783321    -0.000470657722348     0.001363296642731
    -0.000136016849332    -0.000321856449987    -0.001062822404888
     0.000264479182414     0.000547264896699    -0.002620098513480
27 20
    -0.007173854465860    -0.005205679547745     0.005519915690350
    -0.004061239071555    -0.002409489386495     0.002985131960192
     0.004381528785588     0.003043429579239    -0.002478878275384
27 21
    -0.000536777084908    -0.001647370023936    -0.000694905738221
    -0.001712155738221    -0.000729134227765     0.000485090293525
     0.001007957357017    -0.001156510896951     0.002863449105568
27 22
    -0.194345148116654     0.038723602198287    -0.053471377960443
     0.037464260928445    -0.191835106449987     0.053733907753842
    -0.048698417642983     0.050229504976065    -0.208183080656337
27 23
    -0.030571699703956     0.017394655769715    -0.034075133912824
    -0.016052818436634     0.031538768550012    -0.018821770817586
    -0.033882590262031     0.018207701404636    -0.030862838592844
27 24
    -0.003421314783321     0.004790675610985     0.004790675610985
     0.002747691484001    -0.000510354465860    -0.001907056531872
     0.002747691484001    -0.001907056531872    -0.000510354465860
27 25
     0.029581524502394     0.018536471245906     0.018536471245906
    -0.009878000976316    -0.027968332640464    -0.031828272801713
    -0.009878000976316    -0.031828272801713    -0.027968332640464
27 26
    -0.205656840576972    -0.053308032722348    -0.053308032722348
    -0.051272909706475    -0.185800582640464    -0.026323772801713
    -0.051272909706475    -0.026323772801713    -0.185800582640464
27 27
     0.821352072121441     0.051116030769715     0.051116030769715
     0.051116030769715     0.819229274502393    -0.106793114071555
     0.051116030769715    -0.106793114071555     0.819229274502393
27 28
     0.004582155454774    -0.002346181531872     0.000270435531620
    -0.001852370023935     0.001785776486520     0.002035814499874
     0.000825739103049     0.002891397833207     0.004713548311917
27 29
    -0.027936354465860     0.029379251007811    -0.011623068436634
     0.029842336325271    -0.027393290973797     0.011742393864953
     0.018674129976065    -0.018888961293777     0.031239461010330
27 30
     0.004582155454774     0.000270435531620    -0.002346181531872
     0.000825739103049     0.004713548311917     0.002891397833207
    -0.001852370023935     0.002035814499874     0.001785776486520
27 31
    -0.027936354465860    -0.011623068436634     0.029379251007811
     0.018674129976065     0.031239461010330    -0.018888961293777
     0.029842336325271     0.011742393864953    -0.027393290973797
27 32
     0.000787334026203     0.003011826404636     0.003011826404636
     0.002692872039557     0.004514433232552    -0.000757981135047
     0.002692872039557    -0.000757981135047     0.004514433232552
27 33
     0.002219627676997    -0.000792667642983    -0.000792667642983
     0.001110058547493    -0.000110800894432     0.001864108150668
     0.001110058547493     0.001864108150668    -0.000110800894432
27 34
     0.001867909423028    -0.001028602166793    -0.001028602166793
    -0.000888066452507     0.001285121724616    -0.001577225182666
    -0.000888066452507    -0.001577225182666     0.001285121724616
27 35
    -0.000224985418241     0.000198356166541     0.000198356166541
     0.000337243071303    -0.000239050894432    -0.000236796611237
     0.000337243071303    -0.000236796611237    -0.000239050894432
27 36
    -0.001066957640464    -0.003704076373142     0.003516772833207
    -0.003810116055682    -0.006539955656337     0.003869578388763
     0.004552215293525     0.004043231166541    -0.003812796926178
27 37
    -0.000177207640463    -0.000364754944570     0.001556193468128
    -0.001766294627110     0.000579161407155    -0.001156219230285
    -0.000677981135047     0.001694850214160     0.002554651486520
27 38
    -0.001066957640464     0.003516772833207    -0.003704076373142
     0.004552215293525    -0.003812796926178     0.004043231166541
    -0.003810116055681     0.003869578388763    -0.006539955656337
27 39
    -0.000177207640463     0.001556193468128    -0.000364754944570
    -0.000677981135047     0.002554651486521     0.001694850214160
    -0.001766294627110    -0.001156219230285     0.000579161407156
27 40
    -0.000673330656337     0.002365203388763     0.002636334341144
     0.004051913706223    -0.006904713592845    -0.004909090262031
     0.002305822436382    -0.003464437484253    -0.002301729465860
27 41
     0.002724441169060     0.003191260928445     0.000263993071303
    -0.001245290658856    -0.001853249307130    -0.002387419627110
    -0.000293643833459    -0.002470129944570    -0.000885957640464
27 42
    -0.003435199703956    -0.002577858119174    -0.003748294627110
    -0.003380693436634    -0.001680618354749    -0.004103330341396
    -0.004057098198539    -0.004681764865205    -0.006454576688083
27 43
     0.000074982835727    -0.000866526769967    -0.000105590262031
    -0.000939510896951    -0.000491253275384    -0.000802709309650
    -0.000005332325523    -0.000208998992189     0.010658461010330
27 44
     0.002334191169060    -0.006078272801713     0.004874118071303
    -0.003436294627110     0.007719385613505    -0.001493923595364
     0.000320481166541     0.004336211325271     0.003000667359536
27 45
    -0.029081201688083     0.039669417674477     0.012699776801461
     0.013435143864953    -0.029081201688083    -0.026161485103301
    -0.026161485103300     0.012699776801461     0.026710524502394
27 46
     0.001286947121441     0.000920751007811    -0.001144086293777
     0.001196423626858     0.000675631645251     0.001435302595112
    -0.001830181531872     0.000638376007811     0.001697401486521
27 47
    -0.001037265180146    -0.000230483119174     0.001631929579239
     0.000913419658604     0.002291371724616     0.000503360134795
     0.001920772833207    -0.001303792642983    -0.000617165973797
27 48
    -0.000673330656337     0.002636334341144     0.002365203388763
     0.002305822436382    -0.002301729465860    -0.003464437484253
     0.004051913706223    -0.004909090262031    -0.006904713592845
27 49
     0.002724441169060     0.000263993071303     0.003191260928445
    -0.000293643833459    -0.000885957640464    -0.002470129944570
    -0.001245290658856    -0.002387419627110    -0.001853249307130
27 50
    -0.003435199703956    -0.003748294627110    -0.002577858119174
    -0.004057098198539    -0.006454576688083    -0.004681764865205
    -0.003380693436634    -0.004103330341396    -0.001680618354749
27 51
     0.000074982835727    -0.000105590262031    -0.000866526769967
    -0.000005332325523     0.010658461010330    -0.000208998992189
    -0.000939510896951    -0.000802709309650    -0.000491253275384
27 52
     0.001286947121441    -0.001144086293777     0.000920751007811
    -0.001830181531872     0.001697401486520     0.000638376007811
     0.001196423626858     0.001435302595112     0.000675631645251
27 53
    -0.001037265180146     0.001631929579239    -0.000230483119174
     0.001920772833207    -0.000617165973797    -0.001303792642983
     0.000913419658604     0.000503360134795     0.002291371724616
27 54
     0.002334191169060     0.004874118071303    -0.006078272801713
     0.000320481166541     0.003000667359536     0.004336211325271
    -0.003436294627110    -0.001493923595364     0.007719385613505
27 55
    -0.029081201688083     0.012699776801461     0.039669417674477
    -0.026161485103301     0.026710524502394     0.012699776801461
     0.013435143864953    -0.026161485103300    -0.029081201688083
27 56
     0.001467645534140     0.001407772833207     0.001407772833207
     0.001314385928445     0.001344496724616    -0.001547368039809
     0.001314385928445    -0.001547368039809     0.001344496724616
27 57
     0.003151798311917     0.001162052595112     0.001162052595112
    -0.000805709309650    -0.000591350497606     0.001506536722096
    -0.000805709309650     0.001506536722096    -0.000591350497606
27 58
     0.000632750692870    -0.002864373992189    -0.002864373992190
    -0.001583169627110     0.005491812200806    -0.000625594230285
    -0.001583169627110    -0.000625594230285     0.005491812200806
27 59
    -0.002305802878559     0.000312554579239     0.000312554579239
     0.000962858150668    -0.001426769148400     0.000111018864953
     0.000962858150668     0.000111018864953    -0.001426769148400
27 60
    -0.002718288989670    -0.003552032722348     0.004830671642731
    -0.002922885896951    -0.002212398116654     0.003420235134795
     0.004929659737969     0.004490076404636    -0.007403437799194
27 61
    -0.027617745338876    -0.032588129944570    -0.018146965262031
    -0.033585207325523    -0.028871201688083    -0.015945711293777
     0.016442397833207     0.015953604182414     0.032707980851600
27 62
    -0.002718288989670     0.004830671642731    -0.003552032722348
     0.004929659737969    -0.007403437799194     0.004490076404636
    -0.002922885896951     0.003420235134795    -0.002212398116654
27 63
    -0.027617745338876    -0.018146965262031    -0.032588129944570
     0.016442397833207     0.032707980851600     0.015953604182414
    -0.033585207325523    -0.015945711293777    -0.028871201688083
28 1
     0.000502211010330    -0.001880574389015    -0.000302090262031
     0.001850852198287     0.003626605851600    -0.001804052563618
    -0.000693280738221    -0.000494510896951    -0.000552747323003
28 2
    -0.001351312799194     0.003817963309398    -0.000389177563618
     0.002792389896699    -0.001625729465861    -0.000058447404888
    -0.000189993039809    -0.000644905738221     0.001887792359536
28 3
     0.005818074105568    -0.000766358119174     0.002024751007810
    -0.000989560500126     0.005005657438901     0.002925877991938
     0.002062556563366     0.001771669658604     0.002051429264298
28 4
     0.008256000692870    -0.002119161690602     0.000664764896699
     0.000393014896699    -0.002878542957924     0.000028110134794
    -0.000163675579491    -0.000457723198539    -0.002738582640464
28 5
    -0.006634237402368    -0.001806487087428    -0.004404534706475
    -0.004356181531872    -0.002581031053162    -0.003225586293777
    -0.004346225182666    -0.002469423595364    -0.002034320735702
28 6
     0.021590375692870     0.013346030769715    -0.009371427563618
     0.003990707357017    -0.032817229465861     0.041158360134795
    -0.003037493039809     0.040818776801461    -0.033333021132527
28 7
     0.006705262597632     0.001875481166541     0.002082997039557
     0.000058282753842     0.004393782438902    -0.003775090262031
     0.001575185531620    -0.003410919627110     0.002764740772235
28 8
     0.000235040375409     0.001005758944318     0.001726092277652
    -0.000888064468380     0.003328560216679    -0.000515120023936
     0.001421844261779     0.000729364103049    -0.000689290973797
28 9
     0.004438306248425     0.002489348230033     0.000230403785588
     0.002184274817334     0.001562326089695     0.002620941484001
    -0.000779899785840     0.002893745055430     0.005055252676997
28 10
    -0.029045598513479    -0.031866056531872     0.017599479182414
    -0.034567477166793    -0.029588669942051     0.017232598230033
    -0.017475308515999    -0.016922689468380     0.028106792359536
28 11
    -0.193312981449987    -0.040516604150920     0.040169175610985
    -0.060605108119174    -0.175965346529352     0.026311026801461
     0.060010887912572     0.026392606166541    -0.176782957640464
28 12
    -0.001493314783321    -0.000352153754094    -0.000345689468380
     0.000008620055430    -0.002240578672210    -0.000406358119174
    -0.000145584309650     0.000008461325271    -0.000857707640464
28 13
     0.005689508629378    -0.002850159706475    -0.001373385896951
    -0.001374552563618     0.002783288391282    -0.003009411690602
    -0.000150038674729    -0.003582967246158     0.004138542359536
28 14
     0.032456728867473    -0.016516610103301    -0.015846471214412
     0.017207816484001    -0.027512626291257    -0.032274433515999
     0.016754040690350    -0.032374064468380    -0.028414840576972
28 15
    -0.197784818751575     0.045563568468128     0.043620838309398
     0.046863495055430    -0.199937298910305    -0.048395998992189
     0.044663249023684    -0.044826356135047    -0.198332610418241
28 16
    -0.029143959624591    -0.017365016849332     0.031685618071303
     0.017572102198287     0.027688812200806    -0.016899427563618
     0.033767677595112     0.017143296642731    -0.028812042957924
28 17
     0.004483181248425     0.000002669658604    -0.002530792642983
     0.000627983150668     0.005082105851600     0.002761328388763
    -0.002399483119174     0.002525483150668     0.001539722915092
28 18
     0.000272651486521    -0.001542254944570    -0.001019197404888
    -0.001527425579491    -0.000625729465860     0.000676518864953
     0.000906139896699    -0.000267360103301     0.003344851883346
28 19
    -0.006765231449987    -0.005062933515999     0.004707254976064
    -0.003060354150920    -0.000843729465861     0.002072064499874
     0.003019633944318     0.001379693468128    -0.000343449703956
28 20
    -0.001551271132527     0.000198669658604     0.000475624023684
     0.000138673626858    -0.001012737402368     0.000122268864953
    -0.000029191452507     0.000085108150668    -0.002220854465860
28 21
     0.004384556248425    -0.000293645817586    -0.002303447404888
    -0.000453243039808     0.004855117756362    -0.002842647801713
    -0.002505887881078    -0.002889832325523     0.002148972915092
28 22
     0.031801935216679     0.016598701404636     0.017065830372890
    -0.016326951373142    -0.029091854465860    -0.032306455341396
    -0.016929762881078    -0.032312316452507    -0.027640431846813
28 23
    -0.006218116370622     0.003828004976065     0.001886574420509
     0.003904719261779    -0.001455854465860    -0.002511133912824
     0.004058064499874    -0.003488620023936    -0.002462814783321
28 24
    -0.028069106449987     0.017691649817334    -0.031815241055682
    -0.016549395817586     0.030036397518267    -0.016326294627110
    -0.031919528754094     0.018377997039557    -0.029385580656337
28 25
    -0.198302892164273     0.046265070452255    -0.046808945420761
     0.044050286722096    -0.188410080656337     0.035225739103049
    -0.046037721214412     0.034398530769715    -0.191153808830940
28 26
    -0.028370007243638     0.031192316484001    -0.017405324389015
     0.031266502991938    -0.031099330656337     0.015487364103049
     0.017718495055430    -0.016352094230285     0.031366816169060
28 27
     0.004582155454774    -0.001852370023935     0.000825739103049
    -0.002346181531872     0.001785776486520     0.002891397833207
     0.000270435531620     0.002035814499874     0.004713548311917
28 28
     0.875317738788107    -0.002836082325523     0.002117268864953
    -0.002836082325523     0.858000778470647     0.024953326404636
     0.002117268864953     0.024953326404636     0.858622822121441
28 29
    -0.198405521132527    -0.044018774785840    -0.045530860103301
    -0.044295875976316    -0.198351288989670    -0.043337219230285
    -0.046103340262031    -0.047488157722348    -0.200723765180146
28 30
     0.030721238788108    -0.014917090262031     0.015291776801461
     0.015291776801461    -0.030993574703956     0.035247659737969
    -0.014917090262031     0.035868993071303    -0.030993574703956
28 31
     0.004537853867473     0.002461030769715     0.000271334341144
     0.002489917674477     0.002448087994457    -0.003068074389015
     0.000565116087176    -0.003122552563618     0.004785982835727
28 32
    -0.000986582640464    -0.000073574389015     0.000935909737969
     0.000734409737969     0.003023560216679     0.001064280769715
     0.001484776801461    -0.000858177563618    -0.000429167957924
28 33
     0.001610461010330     0.001274681563366    -0.001195584309650
     0.001116971245906     0.001558076089695     0.001024620055430
    -0.001229411690602     0.001090786722096     0.001504722915092
28 34
    -0.000801257243638    -0.001229127960443     0.000153106166541
    -0.001519653754094    -0.000393376291257    -0.000921838277904
    -0.000434036690602     0.001291578388763     0.003176270534140
28 35
    -0.002193902084908    -0.003937544627110     0.003712939499874
    -0.004709344230285    -0.006122673910305     0.004125465293525
     0.003804647833207     0.003756881960191    -0.002286027084908
28 36
    -0.000100499307130     0.000063022833207    -0.000106268833459
     0.000057046642731    -0.000298578672210     0.000032215293525
     0.000029120055430     0.000146909737969    -0.000172648116654
28 37
     0.001048750692870    -0.002728530738221    -0.001421223198539
    -0.001237631928697     0.001519788391282    -0.001327832325523
    -0.001386701373142    -0.001453971214412     0.001523300296044
28 38
     0.002792500692870     0.000731747039557    -0.000970618039809
    -0.000602247008062     0.000133330057949    -0.001218881928697
     0.000823163706223    -0.001278618039808    -0.000248806846813
28 39
    -0.001739624307130     0.005550167674477     0.002652078388763
     0.003844806563366    -0.005564346529352    -0.004239762881078
     0.003268235134795    -0.004215290658856    -0.002441064783321
28 40
    -0.000328622323003    -0.000151447404888    -0.002130707325523
    -0.001081548595364     0.003555913391282     0.000696296642731
    -0.001529022801713    -0.000741883912824    -0.000503080656337
28 41
    -0.002225475497606     0.004016360134795    -0.004651548595364
     0.004435247039557    -0.001841747323003     0.004348217277652
    -0.005149239071555     0.004700798626858    -0.005650558830940
28 42
    -0.030848991370622     0.031378866087176     0.017035038706223
     0.031493719261779    -0.030848991370622    -0.017177568436634
    -0.017177568436634     0.017035038706223     0.031545322121441
28 43
     0.002282316169060    -0.002496802563618     0.002426993071303
    -0.002620473198539     0.004796498708743     0.000948552595112
     0.002398947436382     0.000729554579239     0.004817234819854
28 44
    -0.002226475497606    -0.001124298595364     0.000187326404636
    -0.000748131928697    -0.002474112402368    -0.000483661690602
     0.000114635928445     0.000350889896699     0.010562191169060
28 45
    -0.001680618354749    -0.002577858119174    -0.004681764865205
    -0.003380693436634    -0.003435199703956    -0.004057098198539
    -0.004103330341396    -0.003748294627110    -0.006454576688083
28 46
     0.003585905454774     0.000211225214160    -0.000778627960443
     0.001138961325271    -0.000453491370622     0.001507689499874
     0.000794723230033     0.002011929579239    -0.000513949703956
28 47
     0.001982568153187     0.002379366087176     0.002509762912572
     0.002688082357017     0.004347873708743    -0.000372127960443
     0.002379552595112    -0.000512239071555     0.004692482835727
28 48
    -0.030536872323003    -0.016713191452507    -0.030771088277904
     0.017840110134795     0.032159022518267     0.017222449420509
    -0.032256556531872    -0.017311536690602    -0.030671189783321
28 49
    -0.001583725497606     0.004294217277652    -0.004594280738221
     0.004859893864953    -0.005884580656337     0.005044506960191
    -0.004255385896951     0.004216633944318    -0.002153100497606
28 50
    -0.000453491370622     0.002011929579239     0.000211225214160
     0.001507689499874    -0.000513949703956    -0.000778627960443
     0.001138961325271     0.000794723230033     0.003585905454774
28 51
     0.001613816169060    -0.001282616055682     0.001275931563366
    -0.001409294627110     0.001597337994457     0.001065512912572
     0.001437518864953     0.001022719261779     0.001692270534140
28 52
    -0.001190469545225     0.000079387912572     0.000196834341144
    -0.000126018833459     0.010393528470648     0.000079387912572
    -0.000850546611237    -0.000126018833459    -0.001190469545225
28 53
    -0.002001431846813    -0.004478471214412    -0.003837899785840
    -0.005108189468380    -0.006013663989670    -0.004399780738221
    -0.003461300579491    -0.004259586293777    -0.002454979465860
28 54
     0.003193274502394     0.000832092277652     0.000657685531620
    -0.000118231135047     0.000279169343663     0.001714223230033
    -0.000907639865205     0.001274504976064     0.000266534423028
28 55
     0.000675631645251     0.000638376007811     0.000920751007811
     0.001435302595112     0.001697401486521    -0.001144086293777
     0.001196423626858    -0.001830181531872     0.001286947121441
28 56
    -0.028469896132527     0.016562497039557     0.031659106166541
    -0.016875326373142     0.030996623708743     0.017293643864953
     0.031929165690350    -0.016702064468380    -0.028782479465860
28 57
     0.002216756645251     0.002576526801461    -0.002716864071555
     0.002939328388763     0.004800151486521     0.000529048626858
    -0.002996054547745     0.000742340293525     0.004604923311917
28 58
    -0.029078165973797    -0.032260899785840    -0.016765665658856
    -0.032630631928697    -0.029496685815067    -0.016995207325523
     0.017341985134795     0.017651959341144     0.031385086010330
28 59
    -0.002054094545225    -0.003655471214412     0.003969637912572
    -0.003915729150920    -0.002057392164273     0.003874780769715
     0.004689387912572     0.004247947436382    -0.006263995338876
28 60
    -0.001151205656337    -0.000062433515999     0.000102004976064
    -0.000281848198539    -0.001371896132527    -0.000004877960443
     0.000156689499874    -0.000022870023935    -0.001385163989670
28 61
     0.001859587994457    -0.002540655738221    -0.002238256928697
    -0.002314419627110     0.004444925296044    -0.000761324389015
    -0.002673322404888    -0.000160342246158     0.004076254661124
28 62
     0.003166919343663    -0.000820104150920     0.000800800610985
     0.000823072436382    -0.000105435815067    -0.001453786690602
    -0.000619231135047    -0.001487211293777    -0.000162249307130
28 63
    -0.001721537005543     0.003758633944318     0.004454328388763
     0.003249810531620    -0.001993142164273    -0.004193258912824
     0.004954322436382    -0.004635282722348    -0.006010802878559
29 1
    -0.001726298910305     0.004571381960191    -0.005588199389015
     0.003968159737969    -0.002091211608718     0.005483713309398
    -0.006521534706475     0.008299943468128    -0.004676459624591
29 2
     0.000770552280171    -0.000690705341396     0.001480088309398
    -0.000822052563618     0.000605953073822     0.000535943468128
     0.001001002991938     0.000561048626858     0.000590580057949
29 3
    -0.000364935815067     0.001167973230033    -0.000582108119174
     0.001261622039557    -0.000477910021416    -0.000735856135047
     0.001426177595112     0.000459499023684     0.002929466962711
29 4
    -0.006763509227765    -0.004052455341396    -0.002880094230285
    -0.004029802563618    -0.003773985418241    -0.003516248992190
    -0.005755554547745    -0.003568143833459    -0.002737294942051
29 5
     0.008608252676997    -0.000912905738221    -0.001819643833459
     0.000005501007811    -0.000866723513479    -0.000658820420761
    -0.000135354150920     0.000197905769715    -0.001766783037289
29 6
     0.001814865772235     0.003480737118922    -0.001548661690602
     0.001501639896699     0.003175078073822    -0.001190998992189
    -0.001536872008063    -0.003780268833459     0.001577766565886
29 7
     0.030646627676997    -0.016027937484253     0.017599637912572
     0.012923340293525    -0.030469035021416     0.030062050610985
    -0.015079068436634     0.033187659737969    -0.027078596529352
29 8
     0.001479155454775     0.001002840293525    -0.001245016849332
     0.001091243071303     0.001472367756362     0.001246270849080
    -0.001171534706475     0.001256943468128     0.001505746724616
29 9
    -0.000266328672210    -0.000681445420761     0.001431169658604
     0.000821832357017     0.003165883629378     0.000775082357017
     0.001253846245906    -0.000645425579491    -0.000237334624591
29 10
    -0.002228358434114    -0.003801850182666     0.004256745055430
    -0.003944669627110    -0.002390987402368     0.004081364103049
     0.005265062515747     0.004721764896699    -0.005796919942051
29 11
    -0.027536741370622    -0.033378022801713    -0.015305308515999
    -0.030154675579491    -0.030212913989670    -0.013320582325523
     0.017232758944318     0.015780060531620     0.030735955057949
29 12
     0.004659300296044    -0.001894447404888    -0.000935298595364
    -0.002859947404888     0.001875728867473    -0.001786092246158
    -0.000319963277904    -0.001922584309650     0.004730705057949
29 13
    -0.000932751291257    -0.000242328357269    -0.000393370023936
    -0.000218245023935    -0.000864404069035     0.000249854182414
    -0.000423292642983    -0.000030012881078    -0.001011794942051
29 14
    -0.006420906053162     0.004275471245906     0.004339169658604
     0.004535874023684    -0.002017568751575    -0.003809042642983
     0.004774911722096    -0.003568360103301    -0.002087302878559
29 15
     0.030873921327790     0.017451024817334     0.017459354182414
    -0.017129947404888    -0.028501116370622    -0.031611483119174
    -0.017086004944570    -0.032159276769967    -0.028192322719829
29 16
     0.001847905454774     0.002747564499874    -0.002560116055682
     0.002653909737969     0.004859369740489     0.000334213309398
    -0.002671576373142     0.000639626007811     0.004890619740489
29 17
    -0.028173078672210     0.016909876007811     0.031508848230033
    -0.017242834309650     0.030622288391282     0.016961219261779
     0.031362887912572    -0.017470187484253    -0.028220489386495
29 18
    -0.002159608434114    -0.004336673595364     0.004117068468128
    -0.004373743039809    -0.005877296926178     0.004287034737969
     0.004485385928445     0.004434844261779    -0.002146485418241
29 19
     0.000209883629378    -0.001413477166793     0.000538020849080
    -0.001864046611237    -0.000747421926178    -0.000306419627110
    -0.000675870023936     0.000962397833207     0.002621212994457
29 20
     0.004794718946838    -0.000500123992189    -0.002692860103301
    -0.000334393833459     0.004734445137314    -0.002638465262031
    -0.002592570420761    -0.002846812484253     0.001891558232552
29 21
    -0.001041203672210     0.000014685531620    -0.000061181531872
    -0.000069935500126    -0.000960074703956     0.000047368071303
    -0.000012266849332     0.000111872039557    -0.000851989386495
29 22
    -0.200383449703956     0.047694032753842     0.045648721245906
     0.046738231166541    -0.198240921926178    -0.045043314468380
     0.044066733150668    -0.044299487087428    -0.200928144148400
29 23
     0.031265748708743    -0.016621288674729    -0.016184409706475
     0.017756401801461    -0.028809171926178    -0.031950743039809
     0.017797060531620    -0.032615540658856    -0.029045152084908
29 24
    -0.001900241370622     0.005031356166541    -0.003614100182666
     0.004100786722096    -0.006395419942051     0.003954471245906
    -0.004154282722348     0.004314701404636    -0.002260667957924
29 25
    -0.029090527084908    -0.017278223198539    -0.032347929547745
     0.017916594261779     0.030338101883346     0.017752004976064
    -0.030748475182666    -0.017061139865205    -0.028585146132527
29 26
     0.002055982835727    -0.003022102166793     0.002131441484001
    -0.002250314468380     0.004907976883346     0.000846879976064
     0.002112241087176     0.000547235134795     0.004699228867473
29 27
    -0.027936354465860     0.029842336325271     0.018674129976065
     0.029379251007811    -0.027393290973797    -0.018888961293777
    -0.011623068436634     0.011742393864953     0.031239461010330
29 28
    -0.198405521132527    -0.044295875976316    -0.046103340262031
    -0.044018774785840    -0.198351288989670    -0.047488157722348
    -0.045530860103301    -0.043337219230285    -0.200723765180146
29 29
     0.881683468946838     0.000219056563366    -0.002214719230285
     0.000219056563366     0.882882393550013     0.001072046642731
    -0.002214719230285     0.001072046642731     0.883356647518267
29 30
     0.004537853867473     0.000565116087176     0.002489917674477
     0.000271334341144     0.004785982835727    -0.003068074389015
     0.002461030769715    -0.003122552563618     0.002448087994457
29 31
     0.030958468946838     0.017669362118922    -0.017324774785840
    -0.017324774785840    -0.028509729465860     0.032411191484001
     0.017669362118922     0.031630651801461    -0.028509729465860
29 32
     0.004725532438901     0.002539381960191    -0.000492699389015
     0.002241217277652     0.001916992756362     0.002376171642731
    -0.000445727166793     0.002448026801461     0.004741744740489
29 33
    -0.000235048910305     0.000647637912572     0.001172056563366
    -0.000725471214412     0.003201383629378    -0.000692364071555
     0.001548459341144     0.000716991087176    -0.000312239386495
29 34
    -0.005511767164273    -0.004255796611237     0.004878622039557
    -0.004034846214412    -0.002467318751575     0.003901052595112
     0.004507459341144     0.003873157753842    -0.002100691767448
29 35
    -0.000233287005543    -0.001349963277904    -0.000667294627110
    -0.001365786690602    -0.000160241370622     0.000770106166541
     0.000719268864953    -0.000690288674729     0.003303010613505
29 36
     0.001546740772235    -0.001286020817586    -0.001256002960443
    -0.001215645817586     0.001431103867473    -0.001238768833459
    -0.001315258912824    -0.001305260896951     0.001374514581759
29 37
    -0.000238884227765    -0.000294949389015     0.000220292674477
     0.000200050610985    -0.000252654069035    -0.000174566452507
     0.000179669658604     0.000166983150668    -0.000288912005543
29 38
    -0.002069509227765     0.003763828388763     0.004944772833207
     0.004082810531620    -0.002502612402368    -0.004736866055682
     0.004204909737969    -0.004420538674729    -0.006650144148400
29 39
     0.002932865772235    -0.000652375976317     0.000834719261779
     0.000742614103049    -0.000561913989670    -0.001200997008062
    -0.000596268833459    -0.001452836293777    -0.000586402084908
29 40
    -0.005993132243638     0.003919883944318    -0.004017316452507
     0.004576883944318    -0.002153029069035     0.004168187515747
    -0.004549401769967     0.003489820452255    -0.002700042957924
29 41
    -0.000425235418241    -0.000815558515999    -0.001557407722348
     0.000723929579239     0.002995310216679    -0.000740891849332
    -0.001725368039809     0.000842877991938    -0.000428896132527
29 42
     0.004796498708743    -0.002496802563618     0.000729554579239
    -0.002620473198539     0.002282316169060     0.002398947436382
     0.000948552595112     0.002426993071303     0.004817234819854
29 43
    -0.028195693751575     0.031619028785588    -0.017204491055682
     0.031010584341144    -0.028195693751575     0.017430318468128
     0.017430318468128    -0.017204491055682     0.030324647518267
29 44
    -0.002484110418241    -0.003559967246158    -0.004483407722348
    -0.003615199389015    -0.002042054862686    -0.004597145817586
    -0.004494618039809    -0.004275905738221    -0.006776146132527
29 45
    -0.000491253275384    -0.000866526769967    -0.000208998992189
    -0.000939510896951     0.000074982835727    -0.000005332325523
    -0.000802709309650    -0.000105590262031     0.010658461010330
29 46
     0.001692270534140     0.001275931563366     0.001065512912572
     0.001437518864953     0.001613816169060    -0.001409294627110
     0.001022719261779    -0.001282616055682     0.001597337994457
29 47
     0.003267933232552     0.000860572436382     0.000770028785588
    -0.000701860103301    -0.000257318751575     0.001246887912572
    -0.000629076373142     0.001212090293525    -0.000346104465860
29 48
    -0.200416132243638     0.044720764896699    -0.045580197404888
     0.047952542674477    -0.197836419942051     0.042969465293525
    -0.047608935500126     0.044602292674477    -0.198141027084908
29 49
    -0.028812985418241     0.016554548626858    -0.031654889865205
    -0.016920673595364     0.030886601883346    -0.016693977166793
    -0.032262639865205     0.017285713309398    -0.028701812799194
29 50
     0.004347873708743    -0.000512239071555     0.002379366087176
    -0.000372127960443     0.004692482835727     0.002509762912572
     0.002688082357017     0.002379552595112     0.001982568153187
29 51
    -0.000257318751575     0.001212090293525     0.000860572436382
     0.001246887912572    -0.000346104465860     0.000770028785588
    -0.000701860103301    -0.000629076373142     0.003267933232552
29 52
    -0.002454979465860    -0.004399780738221    -0.003837899785840
    -0.004259586293777    -0.006013663989670    -0.004478471214412
    -0.003461300579491    -0.005108189468380    -0.002001431846813
29 53
    -0.001244691767448     0.000194110134795    -0.000249383912824
     0.000075868071303     0.009440143550013     0.000194110134795
    -0.000106054547745     0.000075868071303    -0.001244691767448
29 54
     0.002198514581759     0.002844298626858     0.002498201404636
     0.002509826404636     0.004414726883346    -0.000466135896951
     0.002481606166541    -0.000724540658856     0.004672072121441
29 55
     0.002291371724616    -0.001303792642983    -0.000230483119174
     0.000503360134795    -0.000617165973797     0.001631929579239
     0.000913419658604     0.001920772833207    -0.001037265180146
29 56
     0.004661843946838     0.000461953388763    -0.002474127960443
     0.000515981166541     0.004757431248425     0.002512409737969
    -0.002707588277904     0.002464889896699     0.001920933232552
29 57
    -0.028337503275384    -0.017023266849332     0.031650651801461
     0.017277010928445     0.030699334026203    -0.017316310500126
     0.031800441484001     0.017167544658604    -0.028236413989670
29 58
    -0.199616550894432    -0.046437443436634     0.045806600214160
    -0.046103574389015    -0.200396878275384     0.045802558547493
     0.045620606166541     0.046250913706223    -0.200025251291257
29 59
    -0.028467854465860    -0.031885764865205     0.017385778785588
    -0.032021671611237    -0.028534209624591     0.017405546642731
    -0.017281741055682    -0.017149723198539     0.031340042359536
29 60
     0.001789909423028    -0.002458852166793    -0.002608979150920
    -0.002429790658856     0.004762661407155    -0.000406112087428
    -0.002351689468380    -0.000490290658856     0.004668373708743
29 61
    -0.000835421926178    -0.000000574389015     0.000046008944318
    -0.000106612087428    -0.001071142164273    -0.000021558515999
    -0.000004701373142     0.000028612118922    -0.001169207640464
29 62
    -0.002036215576972     0.004622477198287     0.003656066484001
     0.004493254976065    -0.006003753275384    -0.004564895817586
     0.003596889896699    -0.004655756928697    -0.002211836608718
29 63
     0.003229328073822     0.000870215293525    -0.000648405738221
    -0.000664131928697    -0.000232209624591    -0.001431243039809
     0.000726943468128    -0.001351578357269    -0.000071015180146
30 1
     0.000502211010330    -0.000302090262031    -0.001880574389015
    -0.000693280738221    -0.000552747323003    -0.000494510896951
     0.001850852198287    -0.001804052563618     0.003626605851600
30 2
    -0.001351312799194    -0.000389177563618     0.003817963309398
    -0.000189993039809     0.001887792359536    -0.000644905738221
     0.002792389896699    -0.000058447404888    -0.001625729465861
30 3
     0.005818074105568     0.002024751007810    -0.000766358119174
     0.002062556563366     0.002051429264298     0.001771669658604
    -0.000989560500126     0.002925877991938     0.005005657438901
30 4
     0.021590375692870    -0.009371427563618     0.013346030769715
    -0.003037493039809    -0.033333021132527     0.040818776801461
     0.003990707357017     0.041158360134795    -0.032817229465861
30 5
     0.006705262597632     0.002082997039557     0.001875481166541
     0.001575185531620     0.002764740772235    -0.003410919627110
     0.000058282753842    -0.003775090262031     0.004393782438902
30 6
     0.008256000692870     0.000664764896699    -0.002119161690602
    -0.000163675579491    -0.002738582640464    -0.000457723198539
     0.000393014896699     0.000028110134795    -0.002878542957924
30 7
    -0.006634237402368    -0.004404534706475    -0.001806487087428
    -0.004346225182666    -0.002034320735702    -0.002469423595364
    -0.004356181531872    -0.003225586293777    -0.002581031053162
30 8
    -0.029143959624591     0.031685618071303    -0.017365016849332
     0.033767677595112    -0.028812042957924     0.017143296642731
     0.017572102198287    -0.016899427563618     0.027688812200806
30 9
     0.004483181248425    -0.002530792642983     0.000002669658604
    -0.002399483119174     0.001539722915092     0.002525483150668
     0.000627983150668     0.002761328388763     0.005082105851600
30 10
     0.000272651486521    -0.001019197404888    -0.001542254944570
     0.000906139896699     0.003344851883346    -0.000267360103301
    -0.001527425579491     0.000676518864953    -0.000625729465860
30 11
    -0.006765231449987     0.004707254976064    -0.005062933515999
     0.003019633944318    -0.000343449703956     0.001379693468128
    -0.003060354150920     0.002072064499874    -0.000843729465861
30 12
     0.031801935216679     0.017065830372890     0.016598701404636
    -0.016929762881078    -0.027640431846813    -0.032312316452507
    -0.016326951373142    -0.032306455341396    -0.029091854465860
30 13
    -0.006218116370622     0.001886574420509     0.003828004976065
     0.004058064499874    -0.002462814783321    -0.003488620023936
     0.003904719261779    -0.002511133912824    -0.001455854465860
30 14
    -0.001551271132527     0.000475624023684     0.000198669658604
    -0.000029191452507    -0.002220854465860     0.000085108150668
     0.000138673626858     0.000122268864953    -0.001012737402368
30 15
     0.004384556248425    -0.002303447404888    -0.000293645817586
    -0.002505887881078     0.002148972915092    -0.002889832325523
    -0.000453243039808    -0.002842647801713     0.004855117756362
30 16
     0.000235040375409     0.001726092277652     0.001005758944318
     0.001421844261779    -0.000689290973797     0.000729364103049
    -0.000888064468380    -0.000515120023936     0.003328560216679
30 17
     0.004438306248425     0.000230403785588     0.002489348230033
    -0.000779899785840     0.005055252676997     0.002893745055430
     0.002184274817334     0.002620941484001     0.001562326089695
30 18
    -0.029045598513479     0.017599479182414    -0.031866056531872
    -0.017475308515999     0.028106792359536    -0.016922689468380
    -0.034567477166793     0.017232598230033    -0.029588669942051
30 19
    -0.193312981449987     0.040169175610985    -0.040516604150920
     0.060010887912572    -0.176782957640464     0.026392606166541
    -0.060605108119174     0.026311026801461    -0.175965346529352
30 20
     0.032456728867473    -0.015846471214412    -0.016516610103301
     0.016754040690350    -0.028414840576972    -0.032374064468380
     0.017207816484001    -0.032274433515999    -0.027512626291257
30 21
    -0.197784818751575     0.043620838309398     0.045563568468128
     0.044663249023684    -0.198332610418241    -0.044826356135047
     0.046863495055430    -0.048395998992189    -0.199937298910305
30 22
    -0.001493314783321    -0.000345689468380    -0.000352153754094
    -0.000145584309650    -0.000857707640464     0.000008461325271
     0.000008620055430    -0.000406358119174    -0.002240578672210
30 23
     0.005689508629378    -0.001373385896951    -0.002850159706475
    -0.000150038674729     0.004138542359536    -0.003582967246158
    -0.001374552563618    -0.003009411690602     0.002783288391282
30 24
    -0.028069106449987    -0.031815241055682     0.017691649817334
    -0.031919528754094    -0.029385580656337     0.018377997039557
    -0.016549395817586    -0.016326294627110     0.030036397518267
30 25
    -0.198302892164273    -0.046808945420761     0.046265070452255
    -0.046037721214412    -0.191153808830940     0.034398530769715
     0.044050286722096     0.035225739103049    -0.188410080656337
30 26
    -0.028370007243638    -0.017405324389015     0.031192316484001
     0.017718495055430     0.031366816169060    -0.016352094230285
     0.031266502991938     0.015487364103049    -0.031099330656337
30 27
     0.004582155454774     0.000825739103049    -0.001852370023935
     0.000270435531620     0.004713548311917     0.002035814499874
    -0.002346181531872     0.002891397833207     0.001785776486520
30 28
     0.030721238788108     0.015291776801461    -0.014917090262031
    -0.014917090262031    -0.030993574703956     0.035868993071303
     0.015291776801461     0.035247659737969    -0.030993574703956
30 29
     0.004537853867473     0.000271334341144     0.002461030769715
     0.000565116087176     0.004785982835727    -0.003122552563618
     0.002489917674477    -0.003068074389015     0.002448087994457
30 30
     0.875317738788107     0.002117268864953    -0.002836082325523
     0.002117268864953     0.858622822121441     0.024953326404636
    -0.002836082325523     0.024953326404636     0.858000778470647
30 31
    -0.198405521132527    -0.045530860103301    -0.044018774785840
    -0.046103340262031    -0.200723765180146    -0.047488157722348
    -0.044295875976316    -0.043337219230285    -0.198351288989670
30 32
    -0.000986582640464     0.000935909737969    -0.000073574389015
     0.001484776801461    -0.000429167957924    -0.000858177563618
     0.000734409737969     0.001064280769715     0.003023560216679
30 33
     0.001610461010330    -0.001195584309650     0.001274681563366
    -0.001229411690602     0.001504722915092     0.001090786722096
     0.001116971245906     0.001024620055430     0.001558076089695
30 34
    -0.000801257243638     0.000153106166541    -0.001229127960443
    -0.000434036690602     0.003176270534140     0.001291578388763
    -0.001519653754094    -0.000921838277904    -0.000393376291257
30 35
    -0.002193902084908     0.003712939499874    -0.003937544627110
     0.003804647833207    -0.002286027084908     0.003756881960191
    -0.004709344230285     0.004125465293525    -0.006122673910305
30 36
     0.002792500692870    -0.000970618039809     0.000731747039557
     0.000823163706223    -0.000248806846813    -0.001278618039808
    -0.000602247008062    -0.001218881928697     0.000133330057949
30 37
    -0.001739624307130     0.002652078388763     0.005550167674477
     0.003268235134795    -0.002441064783321    -0.004215290658856
     0.003844806563366    -0.004239762881078    -0.005564346529352
30 38
    -0.000100499307130    -0.000106268833459     0.000063022833207
     0.000029120055430    -0.000172648116654     0.000146909737969
     0.000057046642731     0.000032215293525    -0.000298578672210
30 39
     0.001048750692870    -0.001421223198539    -0.002728530738221
    -0.001386701373142     0.001523300296044    -0.001453971214412
    -0.001237631928697    -0.001327832325523     0.001519788391282
30 40
    -0.030536872323003    -0.030771088277904    -0.016713191452507
    -0.032256556531872    -0.030671189783321    -0.017311536690602
     0.017840110134795     0.017222449420509     0.032159022518267
30 41
    -0.001583725497606    -0.004594280738221     0.004294217277652
    -0.004255385896951    -0.002153100497606     0.004216633944318
     0.004859893864953     0.005044506960191    -0.005884580656337
30 42
    -0.000453491370622     0.000211225214160     0.002011929579239
     0.001138961325271     0.003585905454774     0.000794723230033
     0.001507689499874    -0.000778627960443    -0.000513949703956
30 43
     0.001613816169060     0.001275931563366    -0.001282616055682
     0.001437518864953     0.001692270534140     0.001022719261779
    -0.001409294627110     0.001065512912572     0.001597337994457
30 44
     0.003193274502394     0.000657685531620     0.000832092277652
    -0.000907639865205     0.000266534423028     0.001274504976065
    -0.000118231135047     0.001714223230033     0.000279169343663
30 45
     0.000675631645251     0.000920751007811     0.000638376007811
     0.001196423626858     0.001286947121441    -0.001830181531872
     0.001435302595112    -0.001144086293777     0.001697401486520
30 46
    -0.001190469545225     0.000196834341144     0.000079387912572
    -0.000850546611237    -0.001190469545226    -0.000126018833459
    -0.000126018833459     0.000079387912572     0.010393528470648
30 47
    -0.002001431846813    -0.003837899785840    -0.004478471214412
    -0.003461300579491    -0.002454979465860    -0.004259586293777
    -0.005108189468380    -0.004399780738221    -0.006013663989670
30 48
    -0.000328622323003    -0.002130707325523    -0.000151447404888
    -0.001529022801713    -0.000503080656337    -0.000741883912824
    -0.001081548595364     0.000696296642731     0.003555913391282
30 49
    -0.002225475497606    -0.004651548595364     0.004016360134795
    -0.005149239071555    -0.005650558830940     0.004700798626858
     0.004435247039557     0.004348217277652    -0.001841747323003
30 50
    -0.030848991370622     0.017035038706223     0.031378866087176
    -0.017177568436634     0.031545322121441     0.017035038706223
     0.031493719261779    -0.017177568436634    -0.030848991370622
30 51
     0.002282316169060     0.002426993071303    -0.002496802563618
     0.002398947436382     0.004817234819854     0.000729554579239
    -0.002620473198539     0.000948552595112     0.004796498708743
30 52
     0.003585905454774    -0.000778627960443     0.000211225214160
     0.000794723230033    -0.000513949703956     0.002011929579239
     0.001138961325271     0.001507689499874    -0.000453491370622
30 53
     0.001982568153187     0.002509762912572     0.002379366087176
     0.002379552595112     0.004692482835727    -0.000512239071555
     0.002688082357017    -0.000372127960443     0.004347873708743
30 54
    -0.002226475497606     0.000187326404636    -0.001124298595364
     0.000114635928445     0.010562191169060     0.000350889896699
    -0.000748131928697    -0.000483661690602    -0.002474112402368
30 55
    -0.001680618354749    -0.004681764865205    -0.002577858119174
    -0.004103330341396    -0.006454576688083    -0.003748294627110
    -0.003380693436634    -0.004057098198539    -0.003435199703956
30 56
    -0.028469896132527     0.031659106166541     0.016562497039557
     0.031929165690350    -0.028782479465860    -0.016702064468380
    -0.016875326373142     0.017293643864953     0.030996623708743
30 57
     0.002216756645251    -0.002716864071555     0.002576526801461
    -0.002996054547745     0.004604923311917     0.000742340293525
     0.002939328388763     0.000529048626858     0.004800151486521
30 58
    -0.029078165973797    -0.016765665658856    -0.032260899785840
     0.017341985134795     0.031385086010330     0.017651959341144
    -0.032630631928697    -0.016995207325523    -0.029496685815067
30 59
    -0.002054094545225     0.003969637912572    -0.003655471214412
     0.004689387912572    -0.006263995338876     0.004247947436382
    -0.003915729150920     0.003874780769715    -0.002057392164273
30 60
     0.003166919343663     0.000800800610985    -0.000820104150920
    -0.000619231135047    -0.000162249307130    -0.001487211293777
     0.000823072436382    -0.001453786690602    -0.000105435815067
30 61
    -0.001721537005543     0.004454328388763     0.003758633944318
     0.004954322436382    -0.006010802878559    -0.004635282722348
     0.003249810531620    -0.004193258912824    -0.001993142164273
30 62
    -0.001151205656337     0.000102004976065    -0.000062433515999
     0.000156689499874    -0.001385163989670    -0.000022870023935
    -0.000281848198539    -0.000004877960443    -0.001371896132527
30 63
     0.001859587994457    -0.002238256928697    -0.002540655738221
    -0.002673322404888     0.004076254661124    -0.000160342246158
    -0.002314419627110    -0.000761324389015     0.004444925296044
31 1
    -0.001726298910305    -0.005588199389015     0.004571381960191
    -0.006521534706475    -0.004676459624591     0.008299943468128
     0.003968159737969     0.005483713309398    -0.002091211608718
31 2
     0.000770552280171     0.001480088309398    -0.000690705341396
     0.001001002991938     0.000590580057949     0.000561048626858
    -0.000822052563618     0.000535943468128     0.000605953073822
31 3
    -0.000364935815067    -0.000582108119174     0.001167973230033
     0.001426177595112     0.002929466962711     0.000459499023684
     0.001261622039557    -0.000735856135047    -0.000477910021416
31 4
     0.001814865772235    -0.001548661690602     0.003480737118922
    -0.001536872008063     0.001577766565886    -0.003780268833459
     0.001501639896699    -0.001190998992189     0.003175078073822
31 5
     0.030646627676997     0.017599637912572    -0.016027937484253
    -0.015079068436634    -0.027078596529352     0.033187659737969
     0.012923340293525     0.030062050610985    -0.030469035021416
31 6
    -0.006763509227765    -0.002880094230285    -0.004052455341396
    -0.005755554547745    -0.002737294942051    -0.003568143833459
    -0.004029802563618    -0.003516248992190    -0.003773985418241
31 7
     0.008608252676997    -0.001819643833459    -0.000912905738221
    -0.000135354150920    -0.001766783037289     0.000197905769715
     0.000005501007811    -0.000658820420761    -0.000866723513479
31 8
     0.001847905454774    -0.002560116055682     0.002747564499874
    -0.002671576373142     0.004890619740489     0.000639626007811
     0.002653909737969     0.000334213309398     0.004859369740489
31 9
    -0.028173078672210     0.031508848230033     0.016909876007811
     0.031362887912572    -0.028220489386495    -0.017470187484253
    -0.017242834309650     0.016961219261779     0.030622288391282
31 10
    -0.002159608434114     0.004117068468128    -0.004336673595364
     0.004485385928445    -0.002146485418241     0.004434844261779
    -0.004373743039809     0.004287034737969    -0.005877296926178
31 11
     0.000209883629378     0.000538020849080    -0.001413477166793
    -0.000675870023936     0.002621212994457     0.000962397833207
    -0.001864046611237    -0.000306419627110    -0.000747421926178
31 12
    -0.200383449703956     0.045648721245906     0.047694032753842
     0.044066733150668    -0.200928144148400    -0.044299487087428
     0.046738231166541    -0.045043314468380    -0.198240921926178
31 13
     0.031265748708743    -0.016184409706475    -0.016621288674729
     0.017797060531620    -0.029045152084908    -0.032615540658856
     0.017756401801461    -0.031950743039809    -0.028809171926178
31 14
     0.004794718946838    -0.002692860103301    -0.000500123992189
    -0.002592570420761     0.001891558232552    -0.002846812484253
    -0.000334393833459    -0.002638465262031     0.004734445137314
31 15
    -0.001041203672210    -0.000061181531872     0.000014685531620
    -0.000012266849332    -0.000851989386495     0.000111872039557
    -0.000069935500126     0.000047368071303    -0.000960074703956
31 16
     0.001479155454775    -0.001245016849332     0.001002840293525
    -0.001171534706475     0.001505746724616     0.001256943468128
     0.001091243071303     0.001246270849080     0.001472367756362
31 17
    -0.000266328672210     0.001431169658604    -0.000681445420761
     0.001253846245906    -0.000237334624591    -0.000645425579491
     0.000821832357017     0.000775082357017     0.003165883629378
31 18
    -0.002228358434114     0.004256745055430    -0.003801850182666
     0.005265062515747    -0.005796919942051     0.004721764896699
    -0.003944669627110     0.004081364103049    -0.002390987402368
31 19
    -0.027536741370622    -0.015305308515999    -0.033378022801713
     0.017232758944318     0.030735955057949     0.015780060531620
    -0.030154675579491    -0.013320582325523    -0.030212913989670
31 20
    -0.006420906053162     0.004339169658604     0.004275471245906
     0.004774911722096    -0.002087302878559    -0.003568360103301
     0.004535874023684    -0.003809042642983    -0.002017568751575
31 21
     0.030873921327790     0.017459354182414     0.017451024817334
    -0.017086004944570    -0.028192322719829    -0.032159276769967
    -0.017129947404888    -0.031611483119174    -0.028501116370622
31 22
     0.004659300296044    -0.000935298595364    -0.001894447404888
    -0.000319963277904     0.004730705057949    -0.001922584309650
    -0.002859947404888    -0.001786092246158     0.001875728867473
31 23
    -0.000932751291257    -0.000393370023936    -0.000242328357269
    -0.000423292642983    -0.001011794942051    -0.000030012881078
    -0.000218245023935     0.000249854182414    -0.000864404069035
31 24
    -0.001900241370622    -0.003614100182666     0.005031356166541
    -0.004154282722348    -0.002260667957924     0.004314701404636
     0.004100786722096     0.003954471245906    -0.006395419942051
31 25
    -0.029090527084908    -0.032347929547745    -0.017278223198539
    -0.030748475182666    -0.028585146132527    -0.017061139865205
     0.017916594261779     0.017752004976064     0.030338101883346
31 26
     0.002055982835727     0.002131441484001    -0.003022102166793
     0.002112241087176     0.004699228867473     0.000547235134795
    -0.002250314468380     0.000846879976065     0.004907976883346
31 27
    -0.027936354465860     0.018674129976065     0.029842336325271
    -0.011623068436634     0.031239461010330     0.011742393864953
     0.029379251007811    -0.018888961293777    -0.027393290973797
31 28
     0.004537853867473     0.002489917674477     0.000565116087176
     0.002461030769715     0.002448087994457    -0.003122552563618
     0.000271334341144    -0.003068074389015     0.004785982835727
31 29
     0.030958468946838    -0.017324774785840     0.017669362118922
     0.017669362118922    -0.028509729465860     0.031630651801461
    -0.017324774785840     0.032411191484001    -0.028509729465860
31 30
    -0.198405521132527    -0.046103340262031    -0.044295875976316
    -0.045530860103301    -0.200723765180146    -0.043337219230285
    -0.044018774785840    -0.047488157722348    -0.198351288989670
31 31
     0.881683468946838    -0.002214719230285     0.000219056563366
    -0.002214719230285     0.883356647518267     0.001072046642731
     0.000219056563366     0.001072046642731     0.882882393550012
31 32
     0.004725532438901    -0.000492699389015     0.002539381960191
    -0.000445727166793     0.004741744740489     0.002448026801461
     0.002241217277652     0.002376171642731     0.001916992756362
31 33
    -0.000235048910305     0.001172056563366     0.000647637912572
     0.001548459341144    -0.000312239386495     0.000716991087176
    -0.000725471214412    -0.000692364071555     0.003201383629378
31 34
    -0.005511767164273     0.004878622039557    -0.004255796611237
     0.004507459341144    -0.002100691767448     0.003873157753842
    -0.004034846214412     0.003901052595112    -0.002467318751575
31 35
    -0.000233287005543    -0.000667294627110    -0.001349963277904
     0.000719268864953     0.003303010613505    -0.000690288674729
    -0.001365786690602     0.000770106166541    -0.000160241370622
31 36
    -0.002069509227765     0.004944772833207     0.003763828388763
     0.004204909737969    -0.006650144148400    -0.004420538674729
     0.004082810531620    -0.004736866055682    -0.002502612402368
31 37
     0.002932865772235     0.000834719261779    -0.000652375976317
    -0.000596268833459    -0.000586402084908    -0.001452836293777
     0.000742614103049    -0.001200997008062    -0.000561913989670
31 38
     0.001546740772235    -0.001256002960443    -0.001286020817586
    -0.001315258912824     0.001374514581759    -0.001305260896951
    -0.001215645817586    -0.001238768833459     0.001431103867473
31 39
    -0.000238884227765     0.000220292674477    -0.000294949389015
     0.000179669658604    -0.000288912005543     0.000166983150668
     0.000200050610985    -0.000174566452507    -0.000252654069035
31 40
    -0.200416132243638    -0.045580197404888     0.044720764896699
    -0.047608935500126    -0.198141027084908     0.044602292674477
     0.047952542674477     0.042969465293525    -0.197836419942051
31 41
    -0.028812985418241    -0.031654889865205     0.016554548626858
    -0.032262639865205    -0.028701812799194     0.017285713309398
    -0.016920673595364    -0.016693977166793     0.030886601883346
31 42
     0.004347873708743     0.002379366087176    -0.000512239071555
     0.002688082357017     0.001982568153187     0.002379552595112
    -0.000372127960443     0.002509762912572     0.004692482835727
31 43
    -0.000257318751575     0.000860572436382     0.001212090293525
    -0.000701860103301     0.003267933232552    -0.000629076373142
     0.001246887912572     0.000770028785588    -0.000346104465860
31 44
     0.002198514581759     0.002498201404636     0.002844298626858
     0.002481606166541     0.004672072121441    -0.000724540658856
     0.002509826404636    -0.000466135896951     0.004414726883346
31 45
     0.002291371724616    -0.000230483119174    -0.001303792642983
     0.000913419658604    -0.001037265180146     0.001920772833207
     0.000503360134795     0.001631929579239    -0.000617165973797
31 46
    -0.002454979465860    -0.003837899785840    -0.004399780738221
    -0.003461300579491    -0.002001431846813    -0.005108189468380
    -0.004259586293777    -0.004478471214412    -0.006013663989670
31 47
    -0.001244691767448    -0.000249383912824     0.000194110134795
    -0.000106054547745    -0.001244691767448     0.000075868071303
     0.000075868071303     0.000194110134795     0.009440143550013
31 48
    -0.005993132243638    -0.004017316452507     0.003919883944318
    -0.004549401769967    -0.002700042957924     0.003489820452255
     0.004576883944318     0.004168187515747    -0.002153029069035
31 49
    -0.000425235418241    -0.001557407722348    -0.000815558515999
    -0.001725368039809    -0.000428896132527     0.000842877991938
     0.000723929579239    -0.000740891849332     0.002995310216679
31 50
     0.004796498708743     0.000729554579239    -0.002496802563618
     0.000948552595112     0.004817234819854     0.002426993071303
    -0.002620473198539     0.002398947436382     0.002282316169060
31 51
    -0.028195693751575    -0.017204491055682     0.031619028785588
     0.017430318468128     0.030324647518267    -0.017204491055682
     0.031010584341144     0.017430318468128    -0.028195693751575
31 52
     0.001692270534140     0.001065512912572     0.001275931563366
     0.001022719261779     0.001597337994457    -0.001282616055682
     0.001437518864953    -0.001409294627110     0.001613816169060
31 53
     0.003267933232552     0.000770028785588     0.000860572436382
    -0.000629076373142    -0.000346104465860     0.001212090293525
    -0.000701860103301     0.001246887912572    -0.000257318751575
31 54
    -0.002484110418241    -0.004483407722348    -0.003559967246158
    -0.004494618039809    -0.006776146132527    -0.004275905738221
    -0.003615199389015    -0.004597145817586    -0.002042054862686
31 55
    -0.000491253275384    -0.000208998992189    -0.000866526769967
    -0.000802709309650     0.010658461010330    -0.000105590262031
    -0.000939510896951    -0.000005332325523     0.000074982835727
31 56
     0.004661843946838    -0.002474127960443     0.000461953388763
    -0.002707588277904     0.001920933232552     0.002464889896699
     0.000515981166541     0.002512409737969     0.004757431248425
31 57
    -0.028337503275384     0.031650651801461    -0.017023266849332
     0.031800441484001    -0.028236413989670     0.017167544658604
     0.017277010928445    -0.017316310500126     0.030699334026203
31 58
    -0.199616550894432     0.045806600214160    -0.046437443436634
     0.045620606166541    -0.200025251291257     0.046250913706223
    -0.046103574389015     0.045802558547493    -0.200396878275384
31 59
    -0.028467854465860     0.017385778785588    -0.031885764865205
    -0.017281741055682     0.031340042359536    -0.017149723198539
    -0.032021671611237     0.017405546642731    -0.028534209624591
31 60
    -0.002036215576972     0.003656066484001     0.004622477198287
     0.003596889896699    -0.002211836608718    -0.004655756928697
     0.004493254976064    -0.004564895817586    -0.006003753275384
31 61
     0.003229328073822    -0.000648405738221     0.000870215293525
     0.000726943468128    -0.000071015180146    -0.001351578357269
    -0.000664131928697    -0.001431243039809    -0.000232209624591
31 62
     0.001789909423028    -0.002608979150920    -0.002458852166793
    -0.002351689468380     0.004668373708743    -0.000490290658856
    -0.002429790658856    -0.000406112087428     0.004762661407155
31 63
    -0.000835421926178     0.000046008944318    -0.000000574389015
    -0.000004701373142    -0.001169207640464     0.000028612118922
    -0.000106612087428    -0.000021558515999    -0.001071142164273
32 1
    -0.001144860418241     0.000107917674477     0.000107917674477
     0.000412235134795     0.000438387597631    -0.000641681531872
     0.000412235134795    -0.000641681531872     0.000438387597631
32 2
     0.000755865772235     0.000518205372890     0.000518205372890
    -0.000165977166793    -0.000048572719829     0.000168798626858
    -0.000165977166793     0.000168798626858    -0.000048572719829
32 3
     0.002119002676997     0.000933633944319     0.000933633944319
     0.001600697436382     0.001388689184933    -0.001200625976316
     0.001600697436382    -0.001200625976316     0.001388689184933
32 4
    -0.031606320735702    -0.010491169627110     0.030677772833207
     0.014686272833207     0.028298988788108    -0.012184643833459
     0.032163465293525     0.013089606166541    -0.024473572719829
32 5
     0.004112691169060     0.001042629976065    -0.003054276769967
     0.000288576404636     0.003850875692870     0.001657284737969
    -0.002188709309650     0.002432780769715     0.002349064184933
32 6
    -0.031606320735702     0.030677772833207    -0.010491169627110
     0.032163465293525    -0.024473572719829     0.013089606166541
     0.014686272833207    -0.012184643833459     0.028298988788108
32 7
     0.004112691169060    -0.003054276769967     0.001042629976065
    -0.002188709309650     0.002349064184933     0.002432780769715
     0.000288576404636     0.001657284737969     0.003850875692870
32 8
    -0.000768781053162     0.000489376007811     0.000059100214160
     0.000218818468128     0.009848341962711     0.000489376007811
    -0.000201514865205     0.000218818468128    -0.000768781053162
32 9
    -0.002665515180146    -0.004165909706475    -0.004200213277904
    -0.004646217246158    -0.006159642164273    -0.004622062484253
    -0.004080508912824    -0.004395300579491    -0.002621862402368
32 10
     0.003221330057949    -0.000862439468380     0.000750362118922
     0.000861530769715     0.000028236803981    -0.001425780738221
    -0.000739417642983    -0.001165235103301    -0.000437697719829
32 11
    -0.000596552878559     0.006235512912572     0.002342558547493
     0.002494274817334    -0.004640189783321    -0.003347602166793
     0.005787403785588    -0.005272314468380    -0.004542322719829
32 12
    -0.027081761211892     0.016642088309398    -0.029281181531872
    -0.016940497008062     0.030504453073822    -0.017383987087428
    -0.030913693436634     0.016525540690350    -0.026824447719829
32 13
    -0.193411062799194     0.042138457357017    -0.054341752960443
     0.043745205372890    -0.197080054862686     0.047462209341144
    -0.046934272801713     0.045120862118922    -0.197439322719829
32 14
    -0.000408092561099    -0.001402618039809    -0.000578963277904
    -0.001353675579491     0.000059405454775     0.000810312515747
     0.000635056563366    -0.000950860103301     0.003153044343663
32 15
    -0.005551765180146    -0.004430564468380     0.004023471245906
    -0.005038497008062    -0.002122767164273     0.003798747039557
     0.004279639896699     0.003862723230033    -0.002341225497606
32 16
    -0.000768781053162     0.000059100214160     0.000489376007811
    -0.000201514865205    -0.000768781053162     0.000218818468128
     0.000218818468128     0.000489376007811     0.009848341962711
32 17
    -0.002665515180146    -0.004200213277904    -0.004165909706475
    -0.004080508912824    -0.002621862402368    -0.004395300579491
    -0.004646217246158    -0.004622062484253    -0.006159642164273
32 18
     0.003221330057949     0.000750362118922    -0.000862439468380
    -0.000739417642983    -0.000437697719829    -0.001165235103301
     0.000861530769715    -0.001425780738221     0.000028236803981
32 19
    -0.000596552878559     0.002342558547493     0.006235512912572
     0.005787403785588    -0.004542322719829    -0.005272314468380
     0.002494274817334    -0.003347602166793    -0.004640189783321
32 20
    -0.000408092561099    -0.000578963277904    -0.001402618039809
     0.000635056563366     0.003153044343663    -0.000950860103301
    -0.001353675579491     0.000810312515747     0.000059405454775
32 21
    -0.005551765180146     0.004023471245906    -0.004430564468380
     0.004279639896699    -0.002341225497606     0.003862723230033
    -0.005038497008062     0.003798747039557    -0.002122767164273
32 22
    -0.027081761211892    -0.029281181531872     0.016642088309398
    -0.030913693436634    -0.026824447719829     0.016525540690350
    -0.016940497008062    -0.017383987087428     0.030504453073822
32 23
    -0.193411062799194    -0.054341752960443     0.042138457357017
    -0.046934272801713    -0.197439322719829     0.045120862118922
     0.043745205372890     0.047462209341144    -0.197080054862686
32 24
    -0.000398552878559    -0.000120233119174    -0.000120233119174
    -0.000243387881078    -0.000234445735702    -0.000042798595364
    -0.000243387881078    -0.000042798595364    -0.000234445735702
32 25
     0.002064036407155    -0.001527562484253    -0.001527562484253
    -0.001287580341396     0.001639576089695    -0.001623264865205
    -0.001287580341396    -0.001623264865205     0.001639576089695
32 26
     0.002782546327790    -0.000788066452507    -0.000788066452507
     0.000701385928445    -0.000177048910305     0.001306985134795
     0.000701385928445     0.001306985134795    -0.000177048910305
32 27
     0.000787334026203     0.002692872039557     0.002692872039557
     0.003011826404636     0.004514433232552    -0.000757981135047
     0.003011826404636    -0.000757981135047     0.004514433232552
32 28
    -0.000986582640464     0.000734409737969     0.001484776801461
    -0.000073574389015     0.003023560216679    -0.000858177563618
     0.000935909737969     0.001064280769715    -0.000429167957924
32 29
     0.004725532438901     0.002241217277652    -0.000445727166793
     0.002539381960191     0.001916992756362     0.002448026801461
    -0.000492699389015     0.002376171642731     0.004741744740489
32 30
    -0.000986582640464     0.001484776801461     0.000734409737969
     0.000935909737969    -0.000429167957924     0.001064280769715
    -0.000073574389015    -0.000858177563618     0.003023560216679
32 31
     0.004725532438901    -0.000445727166793     0.002241217277652
    -0.000492699389015     0.004741744740489     0.002376171642731
     0.002539381960191     0.002448026801461     0.001916992756362
32 32
     0.876210345930965     0.003254417674477     0.003254417674477
     0.003254417674477     0.879299841962710    -0.001895348198539
     0.003254417674477    -0.001895348198539     0.879299841962710
32 33
    -0.198537235418241    -0.043988076373142    -0.043988076373142
    -0.046176020817586    -0.199044642164273    -0.045672133912824
    -0.046176020817586    -0.045672133912824    -0.199044642164273
32 34
     0.032002546327790     0.016403114103049     0.016403114103049
    -0.016560520817586    -0.028487344545225    -0.031265092246158
    -0.016560520817586    -0.031265092246158    -0.028487344545225
32 35
    -0.005873598513479     0.004589697436382     0.004589697436382
     0.004265413706223    -0.002225892164273    -0.004260163674729
     0.004265413706223    -0.004260163674729    -0.002225892164273
32 36
    -0.029469320735702    -0.017004110103301    -0.032962510896951
     0.016946554579239     0.031533828073822     0.017525336325271
    -0.032776864071555    -0.017503635896951    -0.029421638196019
32 37
    -0.001765070735702     0.005106336325271    -0.003696965262031
     0.004258001007811    -0.006993429862686     0.004054663706223
    -0.003379810500126     0.004799733150668    -0.002114939783321
32 38
    -0.029469320735702    -0.032962510896951    -0.017004110103301
    -0.032776864071555    -0.029421638196019    -0.017503635896951
     0.016946554579239     0.017525336325271     0.031533828073822
32 39
    -0.001765070735702    -0.003696965262031     0.005106336325271
    -0.003379810500126    -0.002114939783321     0.004799733150668
     0.004258001007811     0.004054663706223    -0.006993429862686
32 40
    -0.000871068751575    -0.000527330341396     0.000158925610985
     0.000045459341144    -0.001012929862686     0.000275792674477
    -0.000177381928697     0.000248945452255    -0.002197945735702
32 41
     0.004886828073822    -0.000416272801713    -0.003070040658856
    -0.000362745023936     0.003863159423028    -0.002815786690602
    -0.002482098198539    -0.002493997008062     0.002185076089695
32 42
     0.027688812200806    -0.017365016849332     0.017143296642731
     0.017572102198287    -0.029143959624591     0.033767677595112
    -0.016899427563618     0.031685618071303    -0.028812042957924
32 43
     0.004859369740489     0.002747564499874     0.000639626007811
     0.002653909737969     0.001847905454774    -0.002671576373142
     0.000334213309398    -0.002560116055682     0.004890619740489
32 44
    -0.028199796926178     0.016632568468128     0.032666834341144
    -0.017431248992189     0.031787169343663     0.017357834341144
     0.032057401801461    -0.017289280738221    -0.028225173910305
32 45
     0.001624060216679     0.002857633944318    -0.003270631928697
     0.002163814499874     0.004377582042076     0.000563897833207
    -0.002349939468380     0.000775534737969     0.004824433232552
32 46
    -0.000689290973797     0.001726092277652    -0.000515120023936
     0.001421844261779     0.000235040375409    -0.000888064468380
     0.000729364103049     0.001005758944318     0.003328560216679
32 47
     0.001505746724616    -0.001245016849332     0.001246270849080
    -0.001171534706475     0.001479155454775     0.001091243071303
     0.001256943468128     0.001002840293525     0.001472367756362
32 48
    -0.000871068751575     0.000158925610985    -0.000527330341396
    -0.000177381928697    -0.002197945735702     0.000248945452255
     0.000045459341144     0.000275792674477    -0.001012929862686
32 49
     0.004886828073822    -0.003070040658856    -0.000416272801713
    -0.002482098198539     0.002185076089695    -0.002493997008062
    -0.000362745023936    -0.002815786690602     0.003863159423028
32 50
     0.027688812200806     0.017143296642731    -0.017365016849332
    -0.016899427563618    -0.028812042957924     0.031685618071303
     0.017572102198287     0.033767677595112    -0.029143959624591
32 51
     0.004859369740489     0.000639626007811     0.002747564499874
     0.000334213309398     0.004890619740489    -0.002560116055682
     0.002653909737969    -0.002671576373142     0.001847905454775
32 52
    -0.000689290973797    -0.000515120023936     0.001726092277652
     0.000729364103049     0.003328560216679     0.001005758944318
     0.001421844261779    -0.000888064468380     0.000235040375409
32 53
     0.001505746724616     0.001246270849080    -0.001245016849332
     0.001256943468128     0.001472367756362     0.001002840293525
    -0.001171534706475     0.001091243071303     0.001479155454775
32 54
    -0.028199796926178     0.032666834341144     0.016632568468128
     0.032057401801461    -0.028225173910305    -0.017289280738221
    -0.017431248992189     0.017357834341144     0.031787169343663
32 55
     0.001624060216679    -0.003270631928697     0.002857633944318
    -0.002349939468380     0.004824433232552     0.000775534737969
     0.002163814499874     0.000563897833207     0.004377582042076
32 56
     0.010130657438901    -0.000036635896951    -0.000036635896951
    -0.000041568436634    -0.001402844545225     0.000151764896699
    -0.000041568436634     0.000151764896699    -0.001402844545225
32 57
    -0.006214564783321    -0.004960106135047    -0.004960106135047
    -0.004279288674729    -0.002256566767448    -0.004055080341396
    -0.004279288674729    -0.004055080341396    -0.002256566767448
32 58
     0.031811512597632    -0.016631157722348    -0.016631157722348
     0.017129251007811    -0.028537904069035    -0.031781461293777
     0.017129251007811    -0.031781461293777    -0.028537904069035
32 59
    -0.198488790973797     0.044456770849080     0.044456770849080
     0.044192903785588    -0.201268360418241    -0.044936723198539
     0.044192903785588    -0.044936723198539    -0.201268360418241
32 60
    -0.000323402084908     0.000792933547493    -0.001465737087428
    -0.000643465262031     0.003300010613505     0.000668743071303
    -0.001435544627110    -0.000806915658856    -0.000141779069035
32 61
    -0.002233108434114     0.003686086325271    -0.004377123992189
     0.003617213309398    -0.002095292957924     0.004451421642731
    -0.004792806531872     0.004508362118922    -0.006456735418241
32 62
    -0.000323402084908    -0.001465737087428     0.000792933547493
    -0.001435544627110    -0.000141779069035    -0.000806915658856
    -0.000643465262031     0.000668743071303     0.003300010613505
32 63
    -0.002233108434114    -0.004377123992189     0.003686086325271
    -0.004792806531872    -0.006456735418241     0.004508362118922
     0.003617213309398     0.004451421642731    -0.002095292957924
33 1
     0.005186308232552    -0.002246770817586    -0.002246770817586
    -0.004222508912824     0.001643653470647     0.000575407753842
    -0.004222508912824     0.000575407753842     0.001643653470647
33 2
     0.002598409423029     0.002609016880826     0.002609016880826
     0.004116403785588     0.002299193153187     0.000572887912573
     0.004116403785588     0.000572887912573     0.002299193153187
33 3
     0.003434171327790    -0.000280554547745    -0.000280554547745
     0.000309078388763    -0.000027669942051     0.001733963309398
     0.000309078388763     0.001733963309398    -0.000027669942051
33 4
     0.003384472915092     0.002637141880826    -0.003170540658856
     0.004085528785588     0.002756129661124     0.000275695452255
    -0.003335778754094    -0.000323054547745     0.002738943153187
33 5
    -0.028345765180146     0.016390066484001     0.032144284737969
    -0.016617792642983     0.031297266565886     0.016734499023684
     0.032140546642731    -0.016128129944570    -0.028568669942051
33 6
     0.003384472915092    -0.003170540658856     0.002637141880826
    -0.003335778754094     0.002738943153187    -0.000323054547745
     0.004085528785588     0.000275695452255     0.002756129661124
33 7
    -0.028345765180146     0.032144284737969     0.016390066484001
     0.032140546642731    -0.028568669942051    -0.016128129944570
    -0.016617792642983     0.016734499023684     0.031297266565886
33 8
    -0.002621862402368    -0.004622062484253    -0.004200213277904
    -0.004395300579491    -0.006159642164273    -0.004165909706475
    -0.004080508912824    -0.004646217246158    -0.002665515180146
33 9
    -0.000862971529352     0.000197526801461     0.000066723230033
    -0.000086586293777     0.009909123708743     0.000197526801461
     0.000074247039557    -0.000086586293777    -0.000862971529352
33 10
    -0.002634626291257     0.004307747039557     0.004052298626858
     0.004420286722096    -0.006017622323003    -0.004339191452507
     0.003599713309398    -0.004271645817586    -0.002494181846813
33 11
     0.002505615772235    -0.000100175579491     0.000069620055430
    -0.000579594230285    -0.000337798910305    -0.001571387881078
     0.000484409737969    -0.001805475182666    -0.000123681846813
33 12
    -0.002613467561099     0.004114399817334    -0.004337245023936
     0.004344258944318    -0.006035031053162     0.004185352198287
    -0.004062437484253     0.004299129976065    -0.002751681846813
33 13
    -0.028485144148400    -0.015747106135047    -0.031503941452507
     0.016358336325271     0.031773586010330     0.016612548626858
    -0.032368516849332    -0.015732173595364    -0.028126931846813
33 14
    -0.002934548910305    -0.004606556531872     0.004236223230033
    -0.004026169627110    -0.006214078672210     0.004015776801461
     0.004068437515747     0.004523604182414    -0.002694314783321
33 15
    -0.000371221529352    -0.001400002960443     0.000760282753842
    -0.001241116055682    -0.000207251291257    -0.000608538674729
    -0.000668354150920     0.000823687515747     0.003248290375409
33 16
    -0.002621862402368    -0.004200213277904    -0.004622062484253
    -0.004080508912824    -0.002665515180146    -0.004646217246158
    -0.004395300579491    -0.004165909706475    -0.006159642164273
33 17
    -0.000862971529352     0.000066723230033     0.000197526801461
     0.000074247039557    -0.000862971529352    -0.000086586293777
    -0.000086586293777     0.000197526801461     0.009909123708743
33 18
    -0.002634626291257     0.004052298626858     0.004307747039557
     0.003599713309398    -0.002494181846813    -0.004271645817586
     0.004420286722096    -0.004339191452507    -0.006017622323003
33 19
     0.002505615772235     0.000069620055430    -0.000100175579491
     0.000484409737969    -0.000123681846813    -0.001805475182666
    -0.000579594230285    -0.001571387881078    -0.000337798910305
33 20
    -0.002934548910305     0.004236223230033    -0.004606556531872
     0.004068437515747    -0.002694314783321     0.004523604182414
    -0.004026169627110     0.004015776801461    -0.006214078672210
33 21
    -0.000371221529352     0.000760282753842    -0.001400002960443
    -0.000668354150920     0.003248290375409     0.000823687515747
    -0.001241116055682    -0.000608538674729    -0.000207251291257
33 22
    -0.002613467561099    -0.004337245023936     0.004114399817334
    -0.004062437484253    -0.002751681846813     0.004299129976065
     0.004344258944318     0.004185352198287    -0.006035031053162
33 23
    -0.028485144148400    -0.031503941452507    -0.015747106135047
    -0.032368516849332    -0.028126931846813    -0.015732173595364
     0.016358336325271     0.016612548626858     0.031773586010330
33 24
     0.001124740772235    -0.001319046611237    -0.001319046611237
    -0.001109756928697     0.001415445137314    -0.001095459309650
    -0.001109756928697    -0.001095459309650     0.001415445137314
33 25
    -0.000387419942051    -0.000069125976316    -0.000069125976316
    -0.000040449389015     0.000106966962711     0.000111324420509
    -0.000040449389015     0.000111324420509     0.000106966962711
33 26
     0.001574714978584     0.001122495055430     0.001122495055430
     0.001276266880826     0.001399341962711    -0.001243550579491
     0.001276266880826    -0.001243550579491     0.001399341962711
33 27
     0.002219627676997     0.001110058547493     0.001110058547493
    -0.000792667642983    -0.000110800894432     0.001864108150668
    -0.000792667642983     0.001864108150668    -0.000110800894432
33 28
     0.001610461010330     0.001116971245906    -0.001229411690602
     0.001274681563366     0.001558076089695     0.001090786722096
    -0.001195584309650     0.001024620055430     0.001504722915092
33 29
    -0.000235048910305    -0.000725471214412     0.001548459341144
     0.000647637912572     0.003201383629378     0.000716991087176
     0.001172056563366    -0.000692364071555    -0.000312239386495
33 30
     0.001610461010330    -0.001229411690602     0.001116971245906
    -0.001195584309650     0.001504722915092     0.001024620055430
     0.001274681563366     0.001090786722096     0.001558076089695
33 31
    -0.000235048910305     0.001548459341144    -0.000725471214412
     0.001172056563366    -0.000312239386495    -0.000692364071555
     0.000647637912572     0.000716991087176     0.003201383629378
33 32
    -0.198537235418241    -0.046176020817586    -0.046176020817586
    -0.043988076373142    -0.199044642164273    -0.045672133912824
    -0.043988076373142    -0.045672133912824    -0.199044642164273
33 33
     0.872798933232552    -0.000491139865205    -0.000491139865205
    -0.000491139865205     0.882929623708742    -0.000528669627110
    -0.000491139865205    -0.000528669627110     0.882929623708742
33 34
    -0.198355910021416     0.045218300610985     0.045218300610985
     0.044051360134795    -0.198865328672210    -0.044954252960443
     0.044051360134795    -0.044954252960443    -0.198865328672210
33 35
     0.031203195137314    -0.017578741055682    -0.017578741055682
     0.016964919658604    -0.028369001291257    -0.031197824389015
     0.016964919658604    -0.031197824389015    -0.028369001291257
33 36
    -0.198611652084908     0.046191826404636    -0.045207574389015
     0.045113810531620    -0.199738031053162     0.044402925610985
    -0.044447108119174     0.044881828388763    -0.198904622323003
33 37
    -0.028803402084908     0.015620397833207    -0.031902778754094
    -0.016173368039808     0.031905711010330    -0.016545122008062
    -0.032891054547745     0.015543572436382    -0.028288548910305
33 38
    -0.198611652084908    -0.045207574389015     0.046191826404636
    -0.044447108119174    -0.198904622323003     0.044881828388763
     0.045113810531620     0.044402925610985    -0.199738031053162
33 39
    -0.028803402084908    -0.031902778754094     0.015620397833207
    -0.032891054547745    -0.028288548910305     0.015543572436382
    -0.016173368039808    -0.016545122008062     0.031905711010330
33 40
     0.005043974899219     0.000228356166541    -0.002558887881078
    -0.000797534706475     0.004387586010330    -0.002220368039809
    -0.002710250976316    -0.002735715262031     0.001567945137314
33 41
    -0.000545253275384    -0.000306586293777    -0.000023729150920
     0.000139635928445    -0.000473324703956     0.000094302595112
     0.000058782753842     0.000092967277652    -0.001578033037289
33 42
     0.005082105851600     0.000002669658604     0.002525483150668
     0.000627983150668     0.004483181248425    -0.002399483119174
     0.002761328388763    -0.002530792642983     0.001539722915092
33 43
     0.030622288391282     0.016909876007811    -0.017470187484253
    -0.017242834309650    -0.028173078672210     0.031362887912572
     0.016961219261779     0.031508848230033    -0.028220489386495
33 44
     0.004589746724616     0.000150629976064    -0.003170229150920
     0.000977006960191     0.004313810216679     0.002319173626858
    -0.002710342246158     0.002319433547493     0.001854341962711
33 45
    -0.029351396132527    -0.016840679547745     0.033299054579239
     0.016279820452255     0.033035722915092    -0.016630012881078
     0.033361941484001     0.016909624023683    -0.029138550894432
33 46
     0.005055252676997     0.000230403785588     0.002620941484001
    -0.000779899785840     0.004438306248425     0.002184274817334
     0.002893745055430     0.002489348230033     0.001562326089695
33 47
    -0.000237334624591     0.001431169658604     0.000775082357017
     0.001253846245906    -0.000266328672210     0.000821832357017
    -0.000645425579491    -0.000681445420761     0.003165883629378
33 48
     0.005043974899219    -0.002558887881078     0.000228356166541
    -0.002710250976316     0.001567945137314    -0.002735715262031
    -0.000797534706475    -0.002220368039809     0.004387586010330
33 49
    -0.000545253275384    -0.000023729150920    -0.000306586293777
     0.000058782753842    -0.001578033037289     0.000092967277652
     0.000139635928445     0.000094302595112    -0.000473324703956
33 50
     0.005082105851600     0.002525483150668     0.000002669658604
     0.002761328388763     0.001539722915092    -0.002530792642983
     0.000627983150668    -0.002399483119174     0.004483181248425
33 51
     0.030622288391282    -0.017470187484253     0.016909876007811
     0.016961219261779    -0.028220489386495     0.031508848230033
    -0.017242834309650     0.031362887912572    -0.028173078672210
33 52
     0.005055252676997     0.002620941484001     0.000230403785588
     0.002893745055430     0.001562326089695     0.002489348230033
    -0.000779899785840     0.002184274817334     0.004438306248425
33 53
    -0.000237334624591     0.000775082357017     0.001431169658604
    -0.000645425579491     0.003165883629378    -0.000681445420761
     0.001253846245906     0.000821832357017    -0.000266328672210
33 54
     0.004589746724616    -0.003170229150920     0.000150629976064
    -0.002710342246158     0.001854341962711     0.002319433547493
     0.000977006960191     0.002319173626858     0.004313810216679
33 55
    -0.029351396132527     0.033299054579239    -0.016840679547745
     0.033361941484001    -0.029138550894432     0.016909624023683
     0.016279820452255    -0.016630012881078     0.033035722915092
33 56
    -0.006389173910305    -0.004686574389015    -0.004686574389015
    -0.004391062484253    -0.002169078672210    -0.003614395817586
    -0.004391062484253    -0.003614395817586    -0.002169078672210
33 57
     0.009938353867473     0.000129080372890     0.000129080372890
    -0.000075032722348    -0.000997175894432    -0.000029741055682
    -0.000075032722348    -0.000029741055682    -0.000997175894432
33 58
    -0.006591693751575     0.004259653785588     0.004259653785588
     0.004427506960191    -0.002214013196019    -0.003634747008062
     0.004427506960191    -0.003634747008062    -0.002214013196019
33 59
     0.030740127676997     0.017949832357017     0.017949832357017
    -0.017428590262031    -0.028504469545225    -0.031338258912824
    -0.017428590262031    -0.031338258912824    -0.028504469545225
33 60
    -0.006183233434114     0.004452620055430    -0.004490300579491
     0.004401415690350    -0.002242723513479     0.003585457357017
    -0.004335288674729     0.003502173626858    -0.002166888196019
33 61
    -0.000335564783321    -0.000684352166793    -0.001332687484253
     0.000613219261779     0.003254097915092    -0.000703239071555
    -0.001329300579491     0.000749326404636    -0.000225969545225
33 62
    -0.006183233434114    -0.004490300579491     0.004452620055430
    -0.004335288674729    -0.002166888196019     0.003502173626858
     0.004401415690350     0.003585457357017    -0.002242723513479
33 63
    -0.000335564783321    -0.001332687484253    -0.000684352166793
    -0.001329300579491    -0.000225969545225     0.000749326404636
     0.000613219261779    -0.000703239071555     0.003254097915092
34 1
     0.002019964978584     0.001154729182414     0.001154729182414
     0.000432306563366     0.001065201089695    -0.000526675579491
     0.000432306563366    -0.000526675579491     0.001065201089695
34 2
    -0.003128308830940     0.001518766880826     0.001518766880826
     0.000398094261779    -0.001933759227765    -0.000131820420761
     0.000398094261779    -0.000131820420761    -0.001933759227765
34 3
     0.001504078073822    -0.002624054547745    -0.002624054547745
    -0.002454106135047     0.004509627676997    -0.001001870023936
    -0.002454106135047    -0.001001870023936     0.004509627676997
34 4
    -0.029439370338876    -0.030775233119173     0.012686334341144
    -0.032381405738221    -0.023410697719829     0.013696487118922
    -0.014398838277904    -0.012021637881078     0.028275240772235
34 5
    -0.194849358434114    -0.045512058515999     0.055145534737969
    -0.043543227166793    -0.197386060815067     0.048963665690350
     0.046675362118922     0.044440411722096    -0.197333497323003
34 6
    -0.029439370338876     0.012686334341144    -0.030775233119173
    -0.014398838277904     0.028275240772235    -0.012021637881078
    -0.032381405738221     0.013696487118922    -0.023410697719829
34 7
    -0.194849358434114     0.055145534737969    -0.045512058515999
     0.046675362118922    -0.197333497323003     0.044440411722096
    -0.043543227166793     0.048963665690350    -0.197386060815067
34 8
     0.003153044343663     0.000810312515747    -0.000578963277904
    -0.000950860103301     0.000059405454775    -0.001402618039809
     0.000635056563366    -0.001353675579491    -0.000408092561099
34 9
    -0.002694314783321     0.004015776801461     0.004236223230033
     0.004523604182414    -0.006214078672210    -0.004606556531872
     0.004068437515747    -0.004026169627110    -0.002934548910305
34 10
    -0.000819094545225    -0.000362877960443    -0.000160076373142
    -0.000082397801713     0.009911675296044     0.000334475214160
     0.000029153785588     0.000457645849080    -0.000770384227765
34 11
    -0.001421102481733    -0.003240550579491    -0.005929879944570
    -0.006065278754094    -0.005178001291257    -0.005005096214412
    -0.003092524785840    -0.003617808515999    -0.004428634227765
34 12
    -0.000324560815067     0.001373274817334     0.000635004976064
     0.001077824420509     0.000105516565886     0.000895393864953
    -0.000655372008062    -0.001008953357269     0.003277865772235
34 13
     0.004538637597632    -0.000973606135047     0.002835183547493
     0.000223526801461     0.004831133629378     0.001278090293525
     0.002384173626858     0.001989993071303     0.002441490772235
34 14
    -0.026212767164273    -0.017072431531872     0.029361723230033
     0.016732395849080     0.030248968946838    -0.017072431531872
     0.030069627991937     0.016732395849080    -0.026212767164273
34 15
     0.004710435216679     0.000652247039557    -0.002446217246158
     0.000566449420509     0.004646921327790     0.002444002991938
    -0.002627913674729     0.002300479182414     0.001845212994457
34 16
     0.003153044343663    -0.000578963277904     0.000810312515747
     0.000635056563366    -0.000408092561099    -0.001353675579491
    -0.000950860103301    -0.001402618039809     0.000059405454775
34 17
    -0.002694314783321     0.004236223230033     0.004015776801461
     0.004068437515747    -0.002934548910305    -0.004026169627110
     0.004523604182414    -0.004606556531872    -0.006214078672210
34 18
    -0.000819094545225    -0.000160076373142    -0.000362877960443
     0.000029153785588    -0.000770384227765     0.000457645849080
    -0.000082397801713     0.000334475214160     0.009911675296044
34 19
    -0.001421102481733    -0.005929879944570    -0.003240550579491
    -0.003092524785840    -0.004428634227765    -0.003617808515999
    -0.006065278754094    -0.005005096214412    -0.005178001291257
34 20
    -0.026212767164273     0.029361723230033    -0.017072431531872
     0.030069627991937    -0.026212767164273     0.016732395849080
     0.016732395849080    -0.017072431531872     0.030248968946838
34 21
     0.004710435216679    -0.002446217246158     0.000652247039557
    -0.002627913674729     0.001845212994457     0.002300479182414
     0.000566449420509     0.002444002991938     0.004646921327790
34 22
    -0.000324560815067     0.000635004976064     0.001373274817334
    -0.000655372008062     0.003277865772235    -0.001008953357269
     0.001077824420509     0.000895393864953     0.000105516565886
34 23
     0.004538637597632     0.002835183547493    -0.000973606135047
     0.002384173626858     0.002441490772235     0.001989993071303
     0.000223526801461     0.001278090293525     0.004831133629378
34 24
     0.002526897518267     0.000537203388763     0.000537203388763
    -0.000891941452507    -0.000171882243638     0.001146332357017
    -0.000891941452507     0.001146332357017    -0.000171882243638
34 25
     0.002061486803981     0.001337124023684     0.001337124023684
     0.001311366087176     0.001576139581759    -0.001628883912824
     0.001311366087176    -0.001628883912824     0.001576139581759
34 26
    -0.000337753275384    -0.000023129944570    -0.000023129944570
     0.000080332357017    -0.000165860418241     0.000025241087176
     0.000080332357017     0.000025241087176    -0.000165860418241
34 27
     0.001867909423028    -0.000888066452507    -0.000888066452507
    -0.001028602166793     0.001285121724616    -0.001577225182666
    -0.001028602166793    -0.001577225182666     0.001285121724616
34 28
    -0.000801257243638    -0.001519653754094    -0.000434036690602
    -0.001229127960443    -0.000393376291257     0.001291578388763
     0.000153106166541    -0.000921838277904     0.003176270534140
34 29
    -0.005511767164273    -0.004034846214412     0.004507459341144
    -0.004255796611237    -0.002467318751575     0.003873157753842
     0.004878622039557     0.003901052595112    -0.002100691767448
34 30
    -0.000801257243638    -0.000434036690602    -0.001519653754094
     0.000153106166541     0.003176270534140    -0.000921838277904
    -0.001229127960443     0.001291578388763    -0.000393376291257
34 31
    -0.005511767164273     0.004507459341144    -0.004034846214412
     0.004878622039557    -0.002100691767448     0.003901052595112
    -0.004255796611237     0.003873157753842    -0.002467318751575
34 32
     0.032002546327790    -0.016560520817586    -0.016560520817586
     0.016403114103049    -0.028487344545225    -0.031265092246158
     0.016403114103049    -0.031265092246158    -0.028487344545225
34 33
    -0.198355910021416     0.044051360134795     0.044051360134795
     0.045218300610985    -0.198865328672210    -0.044954252960443
     0.045218300610985    -0.044954252960443    -0.198865328672210
34 34
     0.873812996724616    -0.002625199389015    -0.002625199389015
    -0.002625199389015     0.878790718946837    -0.003028836293777
    -0.002625199389015    -0.003028836293777     0.878790718946837
34 35
    -0.198834648116654    -0.045321491055682    -0.045321491055682
    -0.043734639865205    -0.201354953672210    -0.045552907722348
    -0.043734639865205    -0.045552907722348    -0.201354953672210
34 36
    -0.029397745338876     0.033060076404636     0.016377175610985
     0.032665376007811    -0.028931983434114    -0.017134032722348
    -0.016631542642983     0.017330620055430     0.031804550296044
34 37
     0.002598004661124    -0.002999102166793     0.002291346245906
    -0.001630177563618     0.004568258629378    -0.000314205341396
     0.002597135928445     0.000738489103049     0.003945748708743
34 38
    -0.029397745338876     0.016377175610985     0.033060076404636
    -0.016631542642983     0.031804550296044     0.017330620055430
     0.032665376007811    -0.017134032722348    -0.028931983434114
34 39
     0.002598004661124     0.002291346245906    -0.002999102166793
     0.002597135928445     0.003945748708743     0.000738489103049
    -0.001630177563618    -0.000314205341396     0.004568258629378
34 40
     0.027956756645251     0.017818606166541    -0.017377387881078
    -0.017761594230285    -0.029248491370622     0.033620673626858
     0.017395064499874     0.032186576404636    -0.029036757243638
34 41
     0.005013028470648     0.000214288706223     0.002739270849080
     0.000205701404636     0.004072222915092    -0.002848905738221
     0.002948973230033    -0.002940241055682     0.002152139581759
34 42
    -0.001012737402368     0.000198669658604     0.000085108150668
     0.000138673626858    -0.001551271132527    -0.000029191452507
     0.000122268864953     0.000475624023684    -0.002220854465860
34 43
     0.004734445137314    -0.000500123992189    -0.002846812484253
    -0.000334393833459     0.004794718946838    -0.002592570420761
    -0.002638465262031    -0.002692860103301     0.001891558232552
34 44
    -0.000540971529352    -0.001220245023936     0.000769395849080
    -0.001545677563618     0.000483607835727    -0.000749784706475
    -0.000670276769967     0.000980975214160     0.003685764581759
34 45
    -0.002409489386495    -0.005205679547745     0.003043429579239
    -0.004061239071555    -0.007173854465860     0.004381528785588
     0.002985131960192     0.005519915690350    -0.002478878275384
34 46
    -0.028414840576972    -0.015846471214412    -0.032274433515999
     0.016754040690350     0.032456728867473     0.017207816484001
    -0.032374064468380    -0.016516610103301    -0.027512626291257
34 47
    -0.002087302878559     0.004339169658604    -0.003809042642983
     0.004774911722096    -0.006420906053162     0.004535874023684
    -0.003568360103301     0.004275471245906    -0.002017568751575
34 48
     0.027956756645251    -0.017377387881078     0.017818606166541
     0.017395064499874    -0.029036757243638     0.032186576404636
    -0.017761594230285     0.033620673626858    -0.029248491370622
34 49
     0.005013028470648     0.002739270849080     0.000214288706223
     0.002948973230033     0.002152139581759    -0.002940241055682
     0.000205701404636    -0.002848905738221     0.004072222915092
34 50
    -0.001012737402368     0.000085108150668     0.000198669658604
     0.000122268864953    -0.002220854465860     0.000475624023684
     0.000138673626858    -0.000029191452507    -0.001551271132527
34 51
     0.004734445137314    -0.002846812484253    -0.000500123992189
    -0.002638465262031     0.001891558232552    -0.002692860103301
    -0.000334393833459    -0.002592570420761     0.004794718946838
34 52
    -0.028414840576972    -0.032274433515999    -0.015846471214412
    -0.032374064468380    -0.027512626291257    -0.016516610103301
     0.016754040690350     0.017207816484001     0.032456728867473
34 53
    -0.002087302878559    -0.003809042642983     0.004339169658604
    -0.003568360103301    -0.002017568751575     0.004275471245906
     0.004774911722096     0.004535874023684    -0.006420906053162
34 54
    -0.000540971529352     0.000769395849080    -0.001220245023936
    -0.000670276769967     0.003685764581759     0.000980975214160
    -0.001545677563618    -0.000749784706475     0.000483607835727
34 55
    -0.002409489386495     0.003043429579239    -0.005205679547745
     0.002985131960192    -0.002478878275384     0.005519915690350
    -0.004061239071555     0.004381528785588    -0.007173854465860
34 56
     0.031134607835727     0.016826175610985     0.016826175610985
    -0.017515622008062    -0.028847656053162    -0.032131229150920
    -0.017515622008062    -0.032131229150920    -0.028847656053162
34 57
    -0.006117864386495     0.004650455372890     0.004650455372890
     0.004474407753842    -0.002431628275384    -0.004194699389015
     0.004474407753842    -0.004194699389015    -0.002431628275384
34 58
     0.009980962994457     0.000043028785588     0.000043028785588
     0.000126697436382    -0.001419465576972     0.000071294658604
     0.000126697436382     0.000071294658604    -0.001419465576972
34 59
    -0.005986840576972    -0.004799042642983    -0.004799042642983
    -0.004015899785840    -0.002587171926178    -0.004570092246158
    -0.004015899785840    -0.004570092246158    -0.002587171926178
34 60
    -0.000315451688083     0.001386745055430    -0.000750675579491
     0.001336606166541    -0.000024675894432    -0.000761875976316
     0.000563401801461     0.000853965293525     0.003317534423028
34 61
     0.001472716962711    -0.001340227166793     0.001350937515747
    -0.001347090262031     0.001444895534140     0.000979552595112
     0.001162389896699     0.001251868071303     0.001456828073822
34 62
    -0.000315451688083    -0.000750675579491     0.001386745055430
     0.000563401801461     0.003317534423028     0.000853965293525
     0.001336606166541    -0.000761875976316    -0.000024675894432
34 63
     0.001472716962711     0.001350937515747    -0.001340227166793
     0.001162389896699     0.001456828073822     0.001251868071303
    -0.001347090262031     0.000979552595112     0.001444895534140
35 1
     0.001445695137314     0.001235913706223     0.001235913706223
     0.001405639896699     0.001308903470647    -0.000819122008063
     0.001405639896699    -0.000819122008063     0.001308903470647
35 2
     0.002667046327790    -0.000454048595364    -0.000454048595364
    -0.004268822404888     0.002159818153187     0.001358983150668
    -0.004268822404888     0.001358983150668     0.002159818153187
35 3
    -0.000773066767448     0.000137754976065     0.000137754976065
     0.000075352198287    -0.001236544942051     0.000109183547493
     0.000075352198287     0.000109183547493    -0.001236544942051
35 4
    -0.003354515180146    -0.003884798595364     0.004227018864953
    -0.002800197404888    -0.002651620338876     0.005441415690350
     0.003568495055430     0.002880665690350    -0.007237181846813
35 5
    -0.028463878275384    -0.031335123992189    -0.018423155738221
    -0.032546643833459    -0.029166108434114    -0.017553905738221
     0.017351820452255     0.017803715293525     0.031196830057949
35 6
    -0.003354515180146     0.004227018864953    -0.003884798595364
     0.003568495055430    -0.007237181846813     0.002880665690350
    -0.002800197404888     0.005441415690350    -0.002651620338876
35 7
    -0.028463878275384    -0.018423155738221    -0.031335123992189
     0.017351820452255     0.031196830057949     0.017803715293525
    -0.032546643833459    -0.017553905738221    -0.029166108434114
35 8
    -0.002341225497606     0.003798747039557     0.004023471245906
     0.003862723230033    -0.002122767164273    -0.004430564468380
     0.004279639896699    -0.005038497008062    -0.005551765180146
35 9
     0.003248290375409    -0.000608538674729     0.000760282753842
     0.000823687515747    -0.000207251291257    -0.001400002960443
    -0.000668354150920    -0.001241116055682    -0.000371221529352
35 10
    -0.002373364386495    -0.004503318436634    -0.003826766849332
    -0.004554189468380    -0.006258497323003    -0.004700471214412
    -0.003735637881078    -0.004898425579491    -0.001997181846813
35 11
    -0.000577747323003     0.000005633944319     0.000080554579239
     0.001290054579239     0.008696576089695     0.001789457357017
    -0.000179066452507     0.000403995055430    -0.001343806846813
35 12
     0.001399794343663    -0.001298415658856     0.001258939499874
    -0.001008217246158     0.001420843946838     0.001211072436382
     0.001355711325271     0.001234850214160     0.001445443153187
35 13
    -0.000890132243638     0.001826828388763    -0.000137881928697
     0.001330235134795     0.000040211010330    -0.000327856135047
     0.001004006960191     0.000585296642731     0.002691068153187
35 14
     0.001845212994457     0.002444002991938    -0.002446217246158
     0.002300479182414     0.004646921327790     0.000652247039557
    -0.002627913674729     0.000566449420509     0.004710435216679
35 15
    -0.028299209624591     0.017339681563366     0.032057592277652
    -0.017385342246158     0.031157373708743     0.017339681563366
     0.031505044658604    -0.017385342246158    -0.028299209624591
35 16
    -0.002341225497606     0.004023471245906     0.003798747039557
     0.004279639896699    -0.005551765180146    -0.005038497008062
     0.003862723230033    -0.004430564468380    -0.002122767164273
35 17
     0.003248290375409     0.000760282753842    -0.000608538674729
    -0.000668354150920    -0.000371221529352    -0.001241116055682
     0.000823687515747    -0.001400002960443    -0.000207251291257
35 18
    -0.002373364386495    -0.003826766849332    -0.004503318436634
    -0.003735637881078    -0.001997181846813    -0.004898425579491
    -0.004554189468380    -0.004700471214412    -0.006258497323003
35 19
    -0.000577747323003     0.000080554579239     0.000005633944319
    -0.000179066452507    -0.001343806846813     0.000403995055430
     0.001290054579239     0.001789457357017     0.008696576089695
35 20
     0.001845212994457    -0.002446217246158     0.002444002991938
    -0.002627913674729     0.004710435216679     0.000566449420509
     0.002300479182414     0.000652247039557     0.004646921327790
35 21
    -0.028299209624591     0.032057592277652     0.017339681563366
     0.031505044658604    -0.028299209624591    -0.017385342246158
    -0.017385342246158     0.017339681563366     0.031157373708743
35 22
     0.001399794343663     0.001258939499874    -0.001298415658856
     0.001355711325271     0.001445443153187     0.001234850214160
    -0.001008217246158     0.001211072436382     0.001420843946838
35 23
    -0.000890132243638    -0.000137881928697     0.001826828388763
     0.001004006960191     0.002691068153187     0.000585296642731
     0.001330235134795    -0.000327856135047     0.000040211010330
35 24
     0.002165127676997     0.002475512912572     0.002475512912572
     0.002319141880826     0.004854695137314    -0.000838489071555
     0.002319141880826    -0.000838489071555     0.004854695137314
35 25
     0.003150966962711    -0.000579566452507    -0.000579566452507
     0.000725449420509    -0.000417408037289     0.001503294658604
     0.000725449420509     0.001503294658604    -0.000417408037289
35 26
     0.001372101883346    -0.001373445420761    -0.001373445420761
    -0.001319584309650     0.001462466962711    -0.001231580341396
    -0.001319584309650    -0.001231580341396     0.001462466962711
35 27
    -0.000224985418241     0.000337243071303     0.000337243071303
     0.000198356166541    -0.000239050894432    -0.000236796611237
     0.000198356166541    -0.000236796611237    -0.000239050894432
35 28
    -0.002193902084908    -0.004709344230285     0.003804647833207
    -0.003937544627110    -0.006122673910305     0.003756881960191
     0.003712939499874     0.004125465293525    -0.002286027084908
35 29
    -0.000233287005543    -0.001365786690602     0.000719268864953
    -0.001349963277904    -0.000160241370622    -0.000690288674729
    -0.000667294627110     0.000770106166541     0.003303010613505
35 30
    -0.002193902084908     0.003804647833207    -0.004709344230285
     0.003712939499874    -0.002286027084908     0.004125465293525
    -0.003937544627110     0.003756881960191    -0.006122673910305
35 31
    -0.000233287005543     0.000719268864953    -0.001365786690602
    -0.000667294627110     0.003303010613505     0.000770106166541
    -0.001349963277904    -0.000690288674729    -0.000160241370622
35 32
    -0.005873598513479     0.004265413706223     0.004265413706223
     0.004589697436382    -0.002225892164273    -0.004260163674729
     0.004589697436382    -0.004260163674729    -0.002225892164273
35 33
     0.031203195137314     0.016964919658604     0.016964919658604
    -0.017578741055682    -0.028369001291257    -0.031197824389015
    -0.017578741055682    -0.031197824389015    -0.028369001291257
35 34
    -0.198834648116654    -0.043734639865205    -0.043734639865205
    -0.045321491055682    -0.201354953672210    -0.045552907722348
    -0.045321491055682    -0.045552907722348    -0.201354953672210
35 35
     0.884947957042076    -0.000539431531872    -0.000539431531872
    -0.000539431531872     0.884057873708742     0.001113520849080
    -0.000539431531872     0.001113520849080     0.884057873708742
35 36
     0.004564859819854    -0.002685239071555     0.000335235134795
    -0.002702165658856     0.001899343946838     0.002481645849080
     0.000612665690350     0.002559798626858     0.004734502676997
35 37
    -0.029993640180146     0.029973457357017    -0.013194969230285
     0.033576030769715    -0.027359913989670     0.015076973230033
     0.016407219261779    -0.017260832325523     0.030145451089695
35 38
     0.004564859819854     0.000335235134795    -0.002685239071555
     0.000612665690350     0.004734502676997     0.002559798626858
    -0.002702165658856     0.002481645849080     0.001899343946838
35 39
    -0.029993640180146    -0.013194969230285     0.029973457357017
     0.016407219261779     0.030145451089695    -0.017260832325523
     0.033576030769715     0.015076973230033    -0.027359913989670
35 40
     0.004797361803981     0.002586665690350     0.000110546642731
     0.002375989103049     0.001745211010330    -0.002881022801713
     0.000696397833207    -0.002514870023935     0.004301820137314
35 41
     0.029748883629378    -0.016599276769967     0.017378830372890
     0.016931409737969    -0.028098574703956     0.031667772833207
    -0.016243693436634     0.031303062515747    -0.028293908037289
35 42
     0.004855117756362    -0.000293645817586    -0.002889832325523
    -0.000453243039808     0.004384556248425    -0.002505887881078
    -0.002842647801713    -0.002303447404888     0.002148972915092
35 43
    -0.000960074703956     0.000014685531620     0.000111872039557
    -0.000069935500126    -0.001041203672210    -0.000012266849332
     0.000047368071303    -0.000061181531872    -0.000851989386495
35 44
    -0.005839366370622    -0.004575810500126     0.004426080372890
    -0.004529969230285    -0.001944939783321     0.003672768864953
     0.004454806563366     0.003721778785588    -0.002076783037289
35 45
    -0.000729134227765    -0.001647370023936    -0.001156510896951
    -0.001712155738221    -0.000536777084908     0.001007957357017
     0.000485090293525    -0.000694905738221     0.002863449105568
35 46
    -0.198332610418241     0.043620838309398    -0.048395998992189
     0.044663249023684    -0.197784818751575     0.046863495055430
    -0.044826356135047     0.045563568468128    -0.199937298910305
35 47
    -0.028192322719829     0.017459354182414    -0.031611483119174
    -0.017086004944570     0.030873921327790    -0.017129947404888
    -0.032159276769967     0.017451024817334    -0.028501116370622
35 48
     0.004797361803981     0.000110546642731     0.002586665690350
     0.000696397833207     0.004301820137314    -0.002514870023935
     0.002375989103049    -0.002881022801713     0.001745211010330
35 49
     0.029748883629378     0.017378830372890    -0.016599276769967
    -0.016243693436634    -0.028293908037289     0.031303062515747
     0.016931409737969     0.031667772833207    -0.028098574703956
35 50
     0.004855117756362    -0.002889832325523    -0.000293645817586
    -0.002842647801713     0.002148972915092    -0.002303447404888
    -0.000453243039808    -0.002505887881078     0.004384556248425
35 51
    -0.000960074703956     0.000111872039557     0.000014685531620
     0.000047368071303    -0.000851989386495    -0.000061181531872
    -0.000069935500126    -0.000012266849332    -0.001041203672210
35 52
    -0.198332610418241    -0.048395998992189     0.043620838309398
    -0.044826356135047    -0.199937298910305     0.045563568468128
     0.044663249023684     0.046863495055430    -0.197784818751575
35 53
    -0.028192322719829    -0.031611483119174     0.017459354182414
    -0.032159276769967    -0.028501116370622     0.017451024817334
    -0.017086004944570    -0.017129947404888     0.030873921327790
35 54
    -0.005839366370622     0.004426080372890    -0.004575810500126
     0.004454806563366    -0.002076783037289     0.003721778785588
    -0.004529969230285     0.003672768864953    -0.001944939783321
35 55
    -0.000729134227765    -0.001156510896951    -0.001647370023936
     0.000485090293525     0.002863449105568    -0.000694905738221
    -0.001712155738221     0.001007957357017    -0.000536777084908
35 56
    -0.200180662005543     0.046158235134795     0.046158235134795
     0.045852961325271    -0.200106953672210    -0.046231800579491
     0.045852961325271    -0.046231800579491    -0.200106953672210
35 57
     0.031329115772235    -0.017261110103301    -0.017261110103301
     0.017244241087176    -0.028425550894432    -0.031885270817586
     0.017244241087176    -0.031885270817586    -0.028425550894432
35 58
    -0.006340431846813    -0.004585911690602    -0.004585911690602
    -0.004606844230285    -0.002289638196019    -0.003757901769967
    -0.004606844230285    -0.003757901769967    -0.002289638196019
35 59
     0.009497764581759     0.000166641880826     0.000166641880826
    -0.000020191452507    -0.001185594545225     0.000132211325271
    -0.000020191452507     0.000132211325271    -0.001185594545226
35 60
     0.004705028470648    -0.000597820420761     0.002456508944318
    -0.000442435500126     0.004656151486521     0.002408052595112
     0.002513610134795     0.002470643864953     0.001972111803981
35 61
    -0.000165927878559     0.001244832357017     0.000908247039557
     0.001290368071303    -0.000099652084908     0.000702606166541
    -0.000666526769967    -0.000686953357269     0.003275155454775
35 62
     0.004705028470648     0.002456508944318    -0.000597820420761
     0.002513610134795     0.001972111803981     0.002470643864953
    -0.000442435500126     0.002408052595112     0.004656151486521
35 63
    -0.000165927878559     0.000908247039557     0.001244832357017
    -0.000666526769967     0.003275155454775    -0.000686953357269
     0.001290368071303     0.000702606166541    -0.000099652084908
36 1
    -0.031803902084908     0.013286054579239     0.029785010928445
    -0.022833917642983     0.029501498708743     0.018430030769715
     0.033346931563366    -0.010202747008063    -0.022421467561098
36 2
    -0.031456425894432    -0.031544657722348    -0.011626701373142
    -0.030860254944570    -0.023187461608717    -0.013485489071555
     0.014657219261779     0.013810733150668     0.029682322121441
36 3
    -0.000614413989670    -0.006025729150920     0.002918852198287
    -0.003959580341396    -0.004207824703956     0.003693711325271
     0.005279018864953     0.005340933547493    -0.005171790973797
36 4
    -0.001182112402368     0.001840717277652    -0.001140883912824
     0.000532370055430    -0.000445775100781     0.000225818468128
     0.000003911722096    -0.000257084309650    -0.001353677878559
36 5
     0.003067399502394    -0.002860358119174    -0.001807933515999
    -0.001512951373142     0.003506986803981    -0.000038752960443
    -0.002933262881078    -0.000756659706475     0.003678209026203
36 6
     0.001731387597631    -0.000817840262031     0.000714298626858
     0.000155937515747     0.000024288391283     0.000709818468128
    -0.000093530738221    -0.000668584309650    -0.000421241370622
36 7
    -0.001707600497606     0.003830110134795     0.005330473230033
     0.003624887912572    -0.002276949703956    -0.005485881928697
     0.004512897833207    -0.004279155738221    -0.006603479465860
36 8
    -0.026824447719829    -0.017383987087428    -0.029281181531872
     0.016525540690350     0.030504453073822     0.016642088309398
    -0.030913693436634    -0.016940497008062    -0.027081761211892
36 9
    -0.002751681846813     0.004185352198287    -0.004337245023936
     0.004299129976065    -0.006035031053162     0.004114399817334
    -0.004062437484253     0.004344258944318    -0.002613467561099
36 10
     0.000027288391282     0.001397322436382    -0.000395544627110
     0.001368752991938     0.000275597915092    -0.000763818436634
     0.000429403785588     0.001251074420509     0.002880197121441
36 11
     0.001734530454775    -0.001121600182666     0.001103151801461
    -0.001635127960443     0.001499296327790     0.001127735134795
     0.001267725214160     0.001158120055430     0.001541447121441
36 12
    -0.000705427878559     0.000206475214160     0.000162286722096
    -0.000457149785840     0.009967314184933     0.000206475214160
    -0.000234622008062    -0.000457149785840    -0.000705427878559
36 13
    -0.001782729465860    -0.005085655738221    -0.003854034706475
    -0.003700072404888    -0.006828443751575    -0.004290453357269
    -0.003336451373142    -0.005058953357269    -0.002355927878559
36 14
     0.003277865772235     0.000895393864953     0.000635004976064
    -0.001008953357269     0.000105516565886     0.001373274817334
    -0.000655372008062     0.001077824420509    -0.000324560815067
36 15
     0.001445443153187     0.001211072436382     0.001258939499874
     0.001234850214160     0.001420843946838    -0.001298415658856
     0.001355711325271    -0.001008217246158     0.001399794343663
36 16
    -0.000437697719829     0.000750362118922    -0.001425780738221
    -0.000739417642983     0.003221330057949     0.000861530769715
    -0.001165235103301    -0.000862439468380     0.000028236803981
36 17
    -0.002494181846813     0.004052298626858    -0.004339191452507
     0.003599713309398    -0.002634626291257     0.004420286722096
    -0.004271645817586     0.004307747039557    -0.006017622323003
36 18
    -0.025903961608718     0.032401374023684     0.016913278785588
     0.029767429579239    -0.025903961608718    -0.016142522801713
    -0.016142522801713     0.016913278785588     0.030404131645251
36 19
     0.001348280454775    -0.002867054547745     0.002799106166541
    -0.002413373992189     0.004280788391282     0.000765147833207
     0.003013346245906     0.000858457357017     0.004316705057949
36 20
    -0.000770384227765    -0.000160076373142     0.000334475214160
     0.000029153785588    -0.000819094545225    -0.000082397801713
     0.000457645849080    -0.000362877960443     0.009911675296044
36 21
    -0.001997181846813    -0.003826766849332    -0.004700471214412
    -0.003735637881078    -0.002373364386495    -0.004554189468380
    -0.004898425579491    -0.004503318436634    -0.006258497323003
36 22
     0.002880197121441    -0.000395544627110    -0.000763818436634
     0.000429403785588     0.000027288391282     0.001368752991938
     0.001251074420509     0.001397322436382     0.000275597915092
36 23
     0.002937145534140     0.001837633944318     0.002408925610985
     0.002632074420509     0.003992913391282    -0.000245925579491
     0.001338401801461     0.000373393864953     0.004570464978584
36 24
    -0.000773344545226    -0.000759346214412     0.001411360134795
     0.000079834341144     0.003624290375409     0.001180663706223
     0.000815433547493    -0.000828614071555    -0.000225925894432
36 25
     0.002257494740489     0.001545074420509    -0.001508094230285
     0.001686891880826     0.001763312200806     0.001579197436382
    -0.001278758912824     0.001374294658604     0.001743345930965
36 26
    -0.000742995338876    -0.001050179547745     0.001064026801461
    -0.001599266849332     0.000456562200806    -0.000104427563618
    -0.000230792642983     0.000753044658604     0.003256845930965
36 27
    -0.001066957640464    -0.003810116055682     0.004552215293525
    -0.003704076373142    -0.006539955656337     0.004043231166541
     0.003516772833207     0.003869578388763    -0.003812796926178
36 28
    -0.000100499307130     0.000057046642731     0.000029120055430
     0.000063022833207    -0.000298578672210     0.000146909737969
    -0.000106268833459     0.000032215293525    -0.000172648116654
36 29
     0.001546740772235    -0.001215645817586    -0.001315258912824
    -0.001286020817586     0.001431103867473    -0.001305260896951
    -0.001256002960443    -0.001238768833459     0.001374514581759
36 30
     0.002792500692870     0.000823163706223    -0.000602247008062
    -0.000970618039809    -0.000248806846813    -0.001218881928697
     0.000731747039557    -0.001278618039808     0.000133330057949
36 31
    -0.002069509227765     0.004204909737969     0.004082810531620
     0.004944772833207    -0.006650144148400    -0.004736866055682
     0.003763828388763    -0.004420538674729    -0.002502612402368
36 32
    -0.029469320735702     0.016946554579239    -0.032776864071555
    -0.017004110103301     0.031533828073822    -0.017503635896951
    -0.032962510896951     0.017525336325271    -0.029421638196019
36 33
    -0.198611652084908     0.045113810531620    -0.044447108119174
     0.046191826404636    -0.199738031053162     0.044881828388763
    -0.045207574389015     0.044402925610985    -0.198904622323003
36 34
    -0.029397745338876     0.032665376007811    -0.016631542642983
     0.033060076404636    -0.028931983434114     0.017330620055430
     0.016377175610985    -0.017134032722348     0.031804550296044
36 35
     0.004564859819854    -0.002702165658856     0.000612665690350
    -0.002685239071555     0.001899343946838     0.002559798626858
     0.000335235134795     0.002481645849080     0.004734502676997
36 36
     0.869522512597631    -0.004488223198539     0.004059582357017
    -0.004488223198539     0.888256064184933     0.004500423626858
     0.004059582357017     0.004500423626858     0.874654631645250
36 37
    -0.194166862402368    -0.041717401769967    -0.053989997008062
    -0.042727651769967    -0.198944693751575    -0.048275248992189
    -0.045809864071555    -0.046055707325523    -0.198858419942051
36 38
     0.031831262597632    -0.016820373992189     0.016441733150668
     0.016441733150668    -0.027803277084908     0.030286076404636
    -0.016820373992189     0.031451020849080    -0.027803277084908
36 39
     0.004194262597632     0.003272421642731     0.000764804579239
     0.002742286722096     0.002432796327790    -0.002299429547745
    -0.000191052563618    -0.001985401769967     0.004200714978584
36 40
    -0.028395860418241    -0.016100318436634     0.031973643864953
     0.016886681563366     0.031908806248425    -0.016267120023935
     0.031728439499874     0.017356629976064    -0.027652800894432
36 41
     0.004589161407155     0.000416364103049    -0.003242947404888
     0.000417602198287     0.003889145534140     0.002911175610985
    -0.002584401769967     0.002126312515747     0.002043220930965
36 42
    -0.000625729465860    -0.001542254944570    -0.000267360103301
    -0.001527425579491     0.000272651486521     0.000906139896699
     0.000676518864953    -0.001019197404888     0.003344851883346
36 43
    -0.005877296926178    -0.004336673595364     0.004434844261779
    -0.004373743039809    -0.002159608434114     0.004485385928445
     0.004287034737969     0.004117068468128    -0.002146485418241
36 44
    -0.001098713592845    -0.000194669627110    -0.000239197404888
     0.000050348230033    -0.002088344545226    -0.000097578357269
     0.000039348230033     0.000094528785588    -0.001797154069035
36 45
     0.004413143550013    -0.000877354150920    -0.000773038674729
     0.000372036722096     0.005534318153187    -0.001062764865205
    -0.002906743039809    -0.002043780738221    -0.000036546926178
36 46
     0.028106792359536     0.017599479182414     0.017232598230033
    -0.017475308515999    -0.029045598513479    -0.034567477166793
    -0.016922689468380    -0.031866056531872    -0.029588669942051
36 47
    -0.005796919942051     0.004256745055430     0.004081364103049
     0.005265062515747    -0.002228358434114    -0.003944669627110
     0.004721764896699    -0.003801850182666    -0.002390987402368
36 48
    -0.000716110418241     0.000746437515747     0.001358887912572
    -0.000703659706475     0.003467915375409    -0.000471342246158
     0.001035155769715     0.000783477198287     0.000426089978584
36 49
     0.004735911407155     0.003446346245906    -0.000250554547745
     0.002607374023684     0.002326562200806     0.002149215293525
    -0.000693548595364     0.001964397833207     0.004376804264298
36 50
    -0.029091854465860    -0.032312316452507     0.016598701404636
    -0.032306455341396    -0.027640431846813     0.017065830372890
    -0.016326951373142    -0.016929762881078     0.031801935216679
36 51
    -0.198240921926178    -0.044299487087428     0.047694032753842
    -0.045043314468380    -0.200928144148400     0.045648721245906
     0.046738231166541     0.044066733150668    -0.200383449703956
36 52
    -0.000857707640464    -0.000406358119174    -0.000345689468380
     0.000008461325271    -0.002240578672210    -0.000352153754094
    -0.000145584309650     0.000008620055430    -0.001493314783321
36 53
     0.004730705057949    -0.001786092246158    -0.000935298595364
    -0.001922584309650     0.001875728867473    -0.001894447404888
    -0.000319963277904    -0.002859947404888     0.004659300296044
36 54
     0.030409286407155    -0.018210028754094    -0.017563588277904
     0.018038749023684    -0.028491312799194    -0.031144568436634
     0.016989322436382    -0.034553981135047    -0.026598435815067
36 55
    -0.191835106449987     0.050229504976065     0.038723602198287
     0.053733907753842    -0.208183080656337    -0.053471377960443
     0.037464260928445    -0.048698417642983    -0.194345148116654
36 56
    -0.000282509227765    -0.000620873992189    -0.001382167642983
     0.000509403785588     0.003338391565886    -0.000674022801713
    -0.001422247008062     0.000856824420509    -0.000045574703956
36 57
    -0.005869856449987     0.004534030769715    -0.004630262881078
     0.004358308547493    -0.002225455656337     0.003980131960191
    -0.004713217246158     0.004149104182414    -0.002471171926178
36 58
    -0.000200529069035     0.001421354182414     0.000803060531620
     0.001194848230033    -0.000007542957924     0.000879126007811
    -0.000575302563618    -0.000649026769967     0.003459990772235
36 59
     0.004587917359536    -0.000541592246158     0.002898239103049
    -0.000575123992189     0.005014125692870     0.002563114103049
     0.002900975214160     0.002858336325271     0.002068659423028
36 60
     0.010194181248425     0.000018320452255     0.000078481166541
    -0.000049618039809    -0.001659878275384    -0.000391294627110
     0.000009151801461    -0.000185856135047    -0.001578259227765
36 61
    -0.006255025100781    -0.004317526769967    -0.004346280738221
    -0.004629564468380    -0.002681806846813    -0.003824366055682
    -0.004758860103301    -0.004119703357269    -0.002188965576972
36 62
     0.030286431248425     0.016717649817334    -0.016619723198539
    -0.017348447404888    -0.028613417957924     0.031619921642731
     0.018215231166541     0.031806177595112    -0.028763594545225
36 63
     0.004762474899219     0.000289512912572     0.002280429579239
     0.000424415690350     0.004708500692870    -0.002661800579491
     0.002621409737969    -0.002384893833459     0.001739351883346
37 1
     0.002307847915092     0.000356626007811    -0.002576185500126
    -0.002770096214412     0.003287990772235     0.005131649817334
    -0.002265522801713     0.000775955372890     0.003725605851600
37 2
    -0.175022675894432    -0.070987086293777     0.017678477198287
    -0.042818933515999    -0.165256469545225     0.035872254976064
     0.014048389896700     0.069030685531620    -0.179147979465860
37 3
    -0.027225538989670    -0.023878782722348     0.022827905769715
    -0.031091758912824    -0.029870082640464     0.017276830372890
    -0.015616435500126    -0.025127614071554     0.023790657438901
37 4
    -0.003680487402368     0.002869663706223    -0.000450330341396
     0.002146066484001     0.004154841962711    -0.005519187484253
     0.003018332357017    -0.005195506928697     0.002030520534140
37 5
    -0.001307225497606    -0.000108286690602    -0.000267004944570
     0.000989745055430    -0.001765646132527     0.000538991087176
     0.000208407753842     0.000113917674477    -0.000988592561098
37 6
    -0.004095737402368     0.001158356166541     0.004095477198287
    -0.000203366055682    -0.005999094545225     0.005221687515747
     0.003958389896699    -0.001111256928698    -0.002416542957924
37 7
     0.002791774502393     0.000109056563366    -0.000851723198539
     0.000401459341144     0.000543042359536    -0.007025887881078
     0.001135318468128    -0.001063203357269    -0.001097031053162
37 8
    -0.197439322719829     0.047462209341144    -0.054341752960443
     0.045120862118922    -0.197080054862686     0.042138457357017
    -0.046934272801713     0.043745205372890    -0.193411062799194
37 9
    -0.028126931846813     0.016612548626858    -0.031503941452507
    -0.015732173595364     0.031773586010330    -0.015747106135047
    -0.032368516849332     0.016358336325271    -0.028485144148400
37 10
     0.003992913391282     0.000373393864953     0.001837633944318
    -0.000245925579491     0.004570464978584     0.002408925610985
     0.002632074420509     0.001338401801461     0.002937145534140
37 11
    -0.000056219545225     0.001707846245906     0.000969080372890
     0.004715693468128    -0.000524461608718     0.001072729182414
    -0.000614354150920    -0.000025177563618     0.002305645534140
37 12
    -0.002355927878559    -0.004290453357269    -0.003854034706475
    -0.005058953357269    -0.006828443751575    -0.005085655738221
    -0.003336451373142    -0.003700072404888    -0.001782729465860
37 13
    -0.001020104465860     0.001477915690350    -0.000269106135046
    -0.001083875976316     0.015433298311917     0.001477915690350
    -0.000646030738221    -0.001083875976316    -0.001020104465860
37 14
     0.002441490772235     0.001278090293525     0.002835183547493
     0.001989993071303     0.004831133629378    -0.000973606135047
     0.002384173626858     0.000223526801461     0.004538637597632
37 15
     0.002691068153187    -0.000327856135047    -0.000137881928697
     0.000585296642731     0.000040211010330     0.001826828388763
     0.001004006960191     0.001330235134795    -0.000890132243638
37 16
    -0.004542322719829     0.002342558547493    -0.003347602166793
     0.005787403785588    -0.000596552878559     0.002494274817334
    -0.005272314468380     0.006235512912572    -0.004640189783321
37 17
    -0.000123681846813     0.000069620055430    -0.001571387881078
     0.000484409737969     0.002505615772235    -0.000579594230285
    -0.001805475182666    -0.000100175579491    -0.000337798910305
37 18
     0.004280788391282    -0.002867054547745     0.000858457357017
    -0.002413373992189     0.001348280454775     0.003013346245906
     0.000765147833207     0.002799106166541     0.004316705057949
37 19
    -0.029675969545225     0.031986766880826    -0.014443340262031
     0.033674322436382    -0.029675969545225     0.016360141880826
     0.016360141880826    -0.014443340262031     0.026053278470648
37 20
    -0.004428634227765    -0.005929879944570    -0.005005096214412
    -0.003092524785840    -0.001421102481733    -0.006065278754094
    -0.003617808515999    -0.003240550579491    -0.005178001291257
37 21
    -0.001343806846813     0.000080554579239     0.001789457357017
    -0.000179066452507    -0.000577747323003     0.001290054579239
     0.000403995055430     0.000005633944319     0.008696576089695
37 22
     0.001541447121441     0.001103151801461     0.001127735134795
     0.001267725214160     0.001734530454775    -0.001635127960443
     0.001158120055430    -0.001121600182666     0.001499296327790
37 23
     0.002305645534140     0.000969080372890     0.001072729182414
    -0.000614354150920    -0.000056219545225     0.004715693468128
    -0.000025177563618     0.001707846245906    -0.000524461608718
37 24
     0.005348155454774     0.001314975214160     0.000073663706223
     0.002092780769715     0.002483657438901     0.003356407753842
    -0.001916520817586     0.002435213309398     0.003656522518266
37 25
    -0.000389255259511     0.000990520849080     0.001548834341144
     0.000028213309398     0.003008929264298    -0.001155683515999
     0.001048286722096     0.000476997039557    -0.001209705656337
37 26
    -0.006091120338876    -0.004702358119174     0.004526205372890
    -0.003706570420761    -0.001365195735702     0.002767066484001
     0.003728127991938     0.003244372039557    -0.001826080656337
37 27
    -0.000177207640463    -0.001766294627110    -0.000677981135047
    -0.000364754944570     0.000579161407155     0.001694850214160
     0.001556193468128    -0.001156219230285     0.002554651486520
37 28
     0.001048750692870    -0.001237631928697    -0.001386701373142
    -0.002728530738221     0.001519788391282    -0.001453971214412
    -0.001421223198539    -0.001327832325523     0.001523300296044
37 29
    -0.000238884227765     0.000200050610985     0.000179669658604
    -0.000294949389015    -0.000252654069035     0.000166983150668
     0.000220292674477    -0.000174566452507    -0.000288912005543
37 30
    -0.001739624307130     0.003268235134795     0.003844806563366
     0.002652078388763    -0.002441064783321    -0.004239762881078
     0.005550167674477    -0.004215290658856    -0.005564346529352
37 31
     0.002932865772235    -0.000596268833459     0.000742614103049
     0.000834719261779    -0.000586402084908    -0.001200997008062
    -0.000652375976317    -0.001452836293777    -0.000561913989670
37 32
    -0.001765070735702     0.004258001007811    -0.003379810500126
     0.005106336325271    -0.006993429862686     0.004799733150668
    -0.003696965262031     0.004054663706223    -0.002114939783321
37 33
    -0.028803402084908    -0.016173368039808    -0.032891054547745
     0.015620397833207     0.031905711010330     0.015543572436382
    -0.031902778754094    -0.016545122008062    -0.028288548910305
37 34
     0.002598004661124    -0.001630177563618     0.002597135928445
    -0.002999102166793     0.004568258629378     0.000738489103049
     0.002291346245906    -0.000314205341396     0.003945748708743
37 35
    -0.029993640180146     0.033576030769715     0.016407219261779
     0.029973457357017    -0.027359913989670    -0.017260832325523
    -0.013194969230285     0.015076973230033     0.030145451089695
37 36
    -0.194166862402368    -0.042727651769967    -0.045809864071555
    -0.041717401769967    -0.198944693751575    -0.046055707325523
    -0.053989997008062    -0.048275248992189    -0.198858419942051
37 37
     0.820419762597631    -0.005507205341396     0.070595681563366
    -0.005507205341396     0.863045048311917     0.006624370055430
     0.070595681563366     0.006624370055430     0.821091278470647
37 38
     0.004194262597632    -0.000191052563618     0.002742286722096
     0.000764804579239     0.004200714978584    -0.002299429547745
     0.003272421642731    -0.001985401769967     0.002432796327790
37 39
     0.021798012597632     0.024315243071303    -0.016094016849332
    -0.016094016849332    -0.028249836608718     0.032601064499874
     0.024315243071303     0.025100175610985    -0.028249836608718
37 40
     0.002104389581759     0.002149377991938    -0.002860427563618
     0.001627502991938     0.005328798311917     0.000290374023684
    -0.002315889865205     0.000387832357017     0.005047522518267
37 41
    -0.030527213592844     0.015461310531620     0.035749231166541
    -0.015327326373142     0.028030137597632     0.016106544658604
     0.034590643864953    -0.015397235103301    -0.031420705656337
37 42
    -0.000843729465861    -0.005062933515999     0.001379693468128
    -0.003060354150920    -0.006765231449987     0.003019633944318
     0.002072064499874     0.004707254976064    -0.000343449703956
37 43
    -0.000747421926178    -0.001413477166793     0.000962397833207
    -0.001864046611237     0.000209883629378    -0.000675870023936
    -0.000306419627110     0.000538020849080     0.002621212994457
37 44
     0.004374036407156    -0.000253973198539    -0.003122268833459
     0.000101544658604     0.004299397518267    -0.001979709309650
    -0.002161606135047    -0.002271268833459     0.002956294343663
37 45
    -0.000321856449987    -0.000470657722348     0.000547264896699
    -0.000136016849332    -0.000139064783321     0.000264479182414
    -0.001062822404888     0.001363296642731    -0.002620098513479
37 46
    -0.176782957640464     0.040169175610985     0.026311026801461
     0.060010887912572    -0.193312981449987    -0.060605108119174
     0.026392606166541    -0.040516604150920    -0.175965346529352
37 47
     0.030735955057949    -0.015305308515999    -0.013320582325523
     0.017232758944318    -0.027536741370622    -0.030154675579491
     0.015780060531620    -0.033378022801713    -0.030212913989670
37 48
     0.001288639581759     0.001093758944319    -0.001380558515999
     0.001516536722096     0.001866907438901     0.003447651801461
    -0.001013673595364     0.001348179579239     0.001686538391282
37 49
    -0.001142213592845     0.000281292674477     0.001219499023683
     0.001326070452255     0.002783554264298     0.000590584341144
     0.001419997039557    -0.000751274785840    -0.001017497323003
37 50
    -0.001455854465860    -0.003488620023936     0.003828004976065
    -0.002511133912824    -0.002462814783321     0.001886574420509
     0.003904719261779     0.004058064499874    -0.006218116370622
37 51
    -0.028809171926178    -0.032615540658856    -0.016621288674729
    -0.031950743039809    -0.029045152084908    -0.016184409706475
     0.017756401801461     0.017797060531620     0.031265748708743
37 52
     0.004138542359536    -0.003009411690602    -0.001373385896951
    -0.003582967246158     0.002783288391282    -0.002850159706475
    -0.000150038674729    -0.001374552563618     0.005689508629378
37 53
    -0.001011794942051     0.000249854182414    -0.000393370023936
    -0.000030012881078    -0.000864404069035    -0.000242328357269
    -0.000423292642983    -0.000218245023935    -0.000932751291257
37 54
    -0.006998838592845     0.004279542674477     0.003862590293525
     0.004008445452255    -0.002223320735702    -0.002621324389015
     0.004009743071303    -0.003660653754094    -0.000502362402368
37 55
     0.031538768550012     0.018207701404636     0.017394655769715
    -0.018821770817586    -0.030862838592844    -0.034075133912824
    -0.016052818436634    -0.033882590262031    -0.030571699703956
37 56
    -0.002081509227765     0.002878822436382    -0.004794114071555
     0.003369850214160    -0.002313116370622     0.003898846245906
    -0.004542326373142     0.004717901801461    -0.005290876291257
37 57
    -0.000383231449988     0.001241352198287    -0.001415584309650
    -0.000927995023936     0.003170286407155     0.000944126007811
    -0.001386796611237    -0.001191193436634    -0.000339723513479
37 58
     0.001520845930965    -0.001222074389015     0.001058364103049
    -0.001156080341396     0.001385824105568     0.001039370055430
     0.001118118071303     0.001107175610985     0.001613189184933
37 59
    -0.000506707640464     0.001484729182414    -0.000521957325523
     0.001121822436382    -0.000321632243638    -0.000754891849332
     0.000854770849080     0.000742163706223     0.003073607835727
37 60
    -0.005891318751575    -0.005272983119174    -0.005189715262031
    -0.004042671611237    -0.002304636211892    -0.003660675579491
    -0.004410427563618    -0.002662028754094    -0.001488435815067
37 61
     0.008990849899219     0.000508044658604     0.000534272833207
    -0.001029493039809    -0.000578314783321     0.000576502991938
     0.001743685531620     0.000009624023684    -0.001576642164273
37 62
     0.005091931248425     0.002464721245906     0.000419705372890
     0.002587374023684     0.002044949105568    -0.002640084309650
     0.000277276801461    -0.002605995023936     0.004999353867473
37 63
     0.030836724899219    -0.017313790658856     0.018235108150668
     0.016018987118922    -0.028862007243638     0.031545193468128
    -0.016471044627110     0.032115058547493    -0.028813699703956
38 1
    -0.031803902084908     0.029785010928445     0.013286054579239
     0.033346931563366    -0.022421467561098    -0.010202747008063
    -0.022833917642983     0.018430030769715     0.029501498708743
38 2
    -0.031456425894432    -0.011626701373142    -0.031544657722348
     0.014657219261779     0.029682322121441     0.013810733150668
    -0.030860254944570    -0.013485489071555    -0.023187461608717
38 3
    -0.000614413989670     0.002918852198287    -0.006025729150920
     0.005279018864953    -0.005171790973797     0.005340933547493
    -0.003959580341396     0.003693711325271    -0.004207824703956
38 4
     0.001731387597632     0.000714298626858    -0.000817840262031
    -0.000093530738221    -0.000421241370622    -0.000668584309650
     0.000155937515747     0.000709818468128     0.000024288391283
38 5
    -0.001707600497606     0.005330473230033     0.003830110134795
     0.004512897833207    -0.006603479465860    -0.004279155738221
     0.003624887912572    -0.005485881928697    -0.002276949703956
38 6
    -0.001182112402368    -0.001140883912824     0.001840717277652
     0.000003911722096    -0.001353677878559    -0.000257084309650
     0.000532370055430     0.000225818468128    -0.000445775100781
38 7
     0.003067399502394    -0.001807933515999    -0.002860358119174
    -0.002933262881078     0.003678209026203    -0.000756659706475
    -0.001512951373142    -0.000038752960443     0.003506986803981
38 8
    -0.000437697719829    -0.001425780738221     0.000750362118922
    -0.001165235103301     0.000028236803981    -0.000862439468380
    -0.000739417642983     0.000861530769715     0.003221330057949
38 9
    -0.002494181846813    -0.004339191452507     0.004052298626858
    -0.004271645817586    -0.006017622323003     0.004307747039557
     0.003599713309398     0.004420286722096    -0.002634626291257
38 10
    -0.025903961608718     0.016913278785588     0.032401374023684
    -0.016142522801713     0.030404131645251     0.016913278785588
     0.029767429579239    -0.016142522801713    -0.025903961608718
38 11
     0.001348280454775     0.002799106166541    -0.002867054547745
     0.003013346245906     0.004316705057949     0.000858457357017
    -0.002413373992189     0.000765147833207     0.004280788391282
38 12
     0.002880197121441    -0.000763818436634    -0.000395544627110
     0.001251074420509     0.000275597915092     0.001397322436382
     0.000429403785588     0.001368752991938     0.000027288391282
38 13
     0.002937145534140     0.002408925610985     0.001837633944318
     0.001338401801461     0.004570464978584     0.000373393864953
     0.002632074420509    -0.000245925579491     0.003992913391282
38 14
    -0.000770384227765     0.000334475214160    -0.000160076373142
     0.000457645849080     0.009911675296044    -0.000362877960443
     0.000029153785588    -0.000082397801713    -0.000819094545225
38 15
    -0.001997181846813    -0.004700471214412    -0.003826766849332
    -0.004898425579491    -0.006258497323003    -0.004503318436634
    -0.003735637881078    -0.004554189468380    -0.002373364386495
38 16
    -0.026824447719829    -0.029281181531872    -0.017383987087428
    -0.030913693436634    -0.027081761211892    -0.016940497008062
     0.016525540690350     0.016642088309398     0.030504453073822
38 17
    -0.002751681846813    -0.004337245023936     0.004185352198287
    -0.004062437484253    -0.002613467561099     0.004344258944318
     0.004299129976065     0.004114399817334    -0.006035031053162
38 18
     0.000027288391282    -0.000395544627110     0.001397322436382
     0.000429403785588     0.002880197121441     0.001251074420509
     0.001368752991938    -0.000763818436634     0.000275597915092
38 19
     0.001734530454775     0.001103151801461    -0.001121600182666
     0.001267725214160     0.001541447121441     0.001158120055430
    -0.001635127960443     0.001127735134795     0.001499296327790
38 20
     0.003277865772235     0.000635004976064     0.000895393864953
    -0.000655372008062    -0.000324560815067     0.001077824420509
    -0.001008953357269     0.001373274817334     0.000105516565886
38 21
     0.001445443153187     0.001258939499874     0.001211072436382
     0.001355711325271     0.001399794343663    -0.001008217246158
     0.001234850214160    -0.001298415658856     0.001420843946838
38 22
    -0.000705427878559     0.000162286722096     0.000206475214160
    -0.000234622008062    -0.000705427878559    -0.000457149785840
    -0.000457149785840     0.000206475214160     0.009967314184933
38 23
    -0.001782729465860    -0.003854034706475    -0.005085655738221
    -0.003336451373142    -0.002355927878559    -0.005058953357269
    -0.003700072404888    -0.004290453357269    -0.006828443751575
38 24
    -0.000773344545226     0.001411360134795    -0.000759346214412
     0.000815433547493    -0.000225925894432    -0.000828614071555
     0.000079834341144     0.001180663706223     0.003624290375409
38 25
     0.002257494740489    -0.001508094230285     0.001545074420509
    -0.001278758912824     0.001743345930965     0.001374294658604
     0.001686891880826     0.001579197436382     0.001763312200806
38 26
    -0.000742995338876     0.001064026801461    -0.001050179547745
    -0.000230792642983     0.003256845930965     0.000753044658604
    -0.001599266849332    -0.000104427563618     0.000456562200806
38 27
    -0.001066957640464     0.004552215293525    -0.003810116055681
     0.003516772833207    -0.003812796926178     0.003869578388763
    -0.003704076373142     0.004043231166541    -0.006539955656337
38 28
     0.002792500692870    -0.000602247008062     0.000823163706223
     0.000731747039557     0.000133330057949    -0.001278618039808
    -0.000970618039809    -0.001218881928697    -0.000248806846813
38 29
    -0.002069509227765     0.004082810531620     0.004204909737969
     0.003763828388763    -0.002502612402368    -0.004420538674729
     0.004944772833207    -0.004736866055682    -0.006650144148400
38 30
    -0.000100499307130     0.000029120055430     0.000057046642731
    -0.000106268833459    -0.000172648116654     0.000032215293525
     0.000063022833207     0.000146909737969    -0.000298578672210
38 31
     0.001546740772235    -0.001315258912824    -0.001215645817586
    -0.001256002960443     0.001374514581759    -0.001238768833459
    -0.001286020817586    -0.001305260896951     0.001431103867473
38 32
    -0.029469320735702    -0.032776864071555     0.016946554579239
    -0.032962510896951    -0.029421638196019     0.017525336325271
    -0.017004110103301    -0.017503635896951     0.031533828073822
38 33
    -0.198611652084908    -0.044447108119174     0.045113810531620
    -0.045207574389015    -0.198904622323003     0.044402925610985
     0.046191826404636     0.044881828388763    -0.199738031053162
38 34
    -0.029397745338876    -0.016631542642983     0.032665376007811
     0.016377175610985     0.031804550296044    -0.017134032722348
     0.033060076404636     0.017330620055430    -0.028931983434114
38 35
     0.004564859819854     0.000612665690350    -0.002702165658856
     0.000335235134795     0.004734502676997     0.002481645849080
    -0.002685239071555     0.002559798626858     0.001899343946838
38 36
     0.031831262597632     0.016441733150668    -0.016820373992189
    -0.016820373992189    -0.027803277084908     0.031451020849080
     0.016441733150668     0.030286076404636    -0.027803277084908
38 37
     0.004194262597632     0.000764804579239     0.003272421642731
    -0.000191052563618     0.004200714978584    -0.001985401769967
     0.002742286722096    -0.002299429547745     0.002432796327790
38 38
     0.869522512597631     0.004059582357017    -0.004488223198539
     0.004059582357017     0.874654631645250     0.004500423626858
    -0.004488223198539     0.004500423626858     0.888256064184933
38 39
    -0.194166862402368    -0.053989997008062    -0.041717401769967
    -0.045809864071555    -0.198858419942051    -0.046055707325523
    -0.042727651769967    -0.048275248992189    -0.198944693751575
38 40
    -0.000716110418241     0.001358887912572     0.000746437515747
     0.001035155769715     0.000426089978584     0.000783477198287
    -0.000703659706475    -0.000471342246158     0.003467915375409
38 41
     0.004735911407155    -0.000250554547745     0.003446346245906
    -0.000693548595364     0.004376804264298     0.001964397833207
     0.002607374023684     0.002149215293525     0.002326562200806
38 42
    -0.029091854465860     0.016598701404636    -0.032312316452507
    -0.016326951373142     0.031801935216679    -0.016929762881078
    -0.032306455341396     0.017065830372890    -0.027640431846813
38 43
    -0.198240921926178     0.047694032753842    -0.044299487087428
     0.046738231166541    -0.200383449703956     0.044066733150668
    -0.045043314468380     0.045648721245906    -0.200928144148400
38 44
     0.030409286407155    -0.017563588277904    -0.018210028754094
     0.016989322436382    -0.026598435815067    -0.034553981135047
     0.018038749023684    -0.031144568436634    -0.028491312799194
38 45
    -0.191835106449987     0.038723602198287     0.050229504976064
     0.037464260928445    -0.194345148116654    -0.048698417642983
     0.053733907753842    -0.053471377960443    -0.208183080656337
38 46
    -0.000857707640464    -0.000345689468380    -0.000406358119174
    -0.000145584309650    -0.001493314783321     0.000008620055430
     0.000008461325271    -0.000352153754094    -0.002240578672210
38 47
     0.004730705057949    -0.000935298595364    -0.001786092246158
    -0.000319963277904     0.004659300296044    -0.002859947404888
    -0.001922584309650    -0.001894447404888     0.001875728867473
38 48
    -0.028395860418241     0.031973643864953    -0.016100318436634
     0.031728439499874    -0.027652800894432     0.017356629976064
     0.016886681563366    -0.016267120023935     0.031908806248425
38 49
     0.004589161407155    -0.003242947404888     0.000416364103049
    -0.002584401769967     0.002043220930965     0.002126312515747
     0.000417602198287     0.002911175610985     0.003889145534140
38 50
    -0.000625729465860    -0.000267360103301    -0.001542254944570
     0.000676518864953     0.003344851883346    -0.001019197404888
    -0.001527425579491     0.000906139896699     0.000272651486521
38 51
    -0.005877296926178     0.004434844261779    -0.004336673595364
     0.004287034737969    -0.002146485418241     0.004117068468128
    -0.004373743039809     0.004485385928445    -0.002159608434114
38 52
     0.028106792359536     0.017232598230033     0.017599479182414
    -0.016922689468380    -0.029588669942051    -0.031866056531872
    -0.017475308515999    -0.034567477166793    -0.029045598513479
38 53
    -0.005796919942051     0.004081364103049     0.004256745055430
     0.004721764896699    -0.002390987402368    -0.003801850182666
     0.005265062515747    -0.003944669627110    -0.002228358434114
38 54
    -0.001098713592845    -0.000239197404888    -0.000194669627110
     0.000039348230033    -0.001797154069035     0.000094528785588
     0.000050348230033    -0.000097578357269    -0.002088344545226
38 55
     0.004413143550013    -0.000773038674729    -0.000877354150920
    -0.002906743039809    -0.000036546926178    -0.002043780738221
     0.000372036722096    -0.001062764865205     0.005534318153187
38 56
    -0.000282509227765    -0.001382167642983    -0.000620873992189
    -0.001422247008062    -0.000045574703956     0.000856824420509
     0.000509403785588    -0.000674022801713     0.003338391565886
38 57
    -0.005869856449987    -0.004630262881078     0.004534030769715
    -0.004713217246158    -0.002471171926178     0.004149104182414
     0.004358308547493     0.003980131960191    -0.002225455656337
38 58
    -0.000200529069035     0.000803060531620     0.001421354182414
    -0.000575302563618     0.003459990772235    -0.000649026769967
     0.001194848230033     0.000879126007811    -0.000007542957924
38 59
     0.004587917359536     0.002898239103049    -0.000541592246158
     0.002900975214160     0.002068659423028     0.002858336325271
    -0.000575123992189     0.002563114103049     0.005014125692870
38 60
     0.030286431248425    -0.016619723198539     0.016717649817334
     0.018215231166541    -0.028763594545225     0.031806177595112
    -0.017348447404888     0.031619921642731    -0.028613417957924
38 61
     0.004762474899219     0.002280429579239     0.000289512912572
     0.002621409737969     0.001739351883346    -0.002384893833459
     0.000424415690350    -0.002661800579491     0.004708500692870
38 62
     0.010194181248425     0.000078481166541     0.000018320452255
     0.000009151801461    -0.001578259227765    -0.000185856135047
    -0.000049618039809    -0.000391294627110    -0.001659878275384
38 63
    -0.006255025100781    -0.004346280738221    -0.004317526769967
    -0.004758860103301    -0.002188965576972    -0.004119703357269
    -0.004629564468380    -0.003824366055682    -0.002681806846813
39 1
     0.002307847915092    -0.002576185500126     0.000356626007811
    -0.002265522801713     0.003725605851600     0.000775955372890
    -0.002770096214412     0.005131649817334     0.003287990772235
39 2
    -0.175022675894432     0.017678477198287    -0.070987086293777
     0.014048389896700    -0.179147979465860     0.069030685531620
    -0.042818933515999     0.035872254976064    -0.165256469545225
39 3
    -0.027225538989670     0.022827905769715    -0.023878782722348
    -0.015616435500126     0.023790657438901    -0.025127614071555
    -0.031091758912824     0.017276830372890    -0.029870082640464
39 4
    -0.004095737402368     0.004095477198287     0.001158356166541
     0.003958389896699    -0.002416542957924    -0.001111256928698
    -0.000203366055682     0.005221687515747    -0.005999094545225
39 5
     0.002791774502394    -0.000851723198539     0.000109056563366
     0.001135318468128    -0.001097031053162    -0.001063203357269
     0.000401459341144    -0.007025887881078     0.000543042359536
39 6
    -0.003680487402368    -0.000450330341396     0.002869663706223
     0.003018332357017     0.002030520534139    -0.005195506928697
     0.002146066484001    -0.005519187484253     0.004154841962711
39 7
    -0.001307225497606    -0.000267004944570    -0.000108286690602
     0.000208407753842    -0.000988592561099     0.000113917674477
     0.000989745055430     0.000538991087176    -0.001765646132527
39 8
    -0.004542322719829    -0.003347602166793     0.002342558547493
    -0.005272314468380    -0.004640189783321     0.006235512912572
     0.005787403785588     0.002494274817334    -0.000596552878559
39 9
    -0.000123681846813    -0.001571387881078     0.000069620055430
    -0.001805475182666    -0.000337798910305    -0.000100175579491
     0.000484409737969    -0.000579594230285     0.002505615772235
39 10
     0.004280788391282     0.000858457357017    -0.002867054547745
     0.000765147833207     0.004316705057949     0.002799106166541
    -0.002413373992189     0.003013346245906     0.001348280454775
39 11
    -0.029675969545225    -0.014443340262031     0.031986766880826
     0.016360141880826     0.026053278470648    -0.014443340262031
     0.033674322436382     0.016360141880826    -0.029675969545225
39 12
     0.001541447121441     0.001127735134795     0.001103151801461
     0.001158120055430     0.001499296327790    -0.001121600182666
     0.001267725214160    -0.001635127960443     0.001734530454775
39 13
     0.002305645534140     0.001072729182414     0.000969080372890
    -0.000025177563618    -0.000524461608718     0.001707846245906
    -0.000614354150920     0.004715693468128    -0.000056219545225
39 14
    -0.004428634227765    -0.005005096214412    -0.005929879944570
    -0.003617808515999    -0.005178001291257    -0.003240550579491
    -0.003092524785840    -0.006065278754094    -0.001421102481733
39 15
    -0.001343806846813     0.001789457357017     0.000080554579239
     0.000403995055430     0.008696576089695     0.000005633944319
    -0.000179066452507     0.001290054579239    -0.000577747323003
39 16
    -0.197439322719829    -0.054341752960443     0.047462209341144
    -0.046934272801713    -0.193411062799194     0.043745205372890
     0.045120862118922     0.042138457357017    -0.197080054862686
39 17
    -0.028126931846813    -0.031503941452507     0.016612548626858
    -0.032368516849332    -0.028485144148400     0.016358336325271
    -0.015732173595364    -0.015747106135047     0.031773586010330
39 18
     0.003992913391282     0.001837633944318     0.000373393864953
     0.002632074420509     0.002937145534140     0.001338401801461
    -0.000245925579491     0.002408925610985     0.004570464978584
39 19
    -0.000056219545225     0.000969080372890     0.001707846245906
    -0.000614354150920     0.002305645534140    -0.000025177563618
     0.004715693468128     0.001072729182414    -0.000524461608718
39 20
     0.002441490772235     0.002835183547493     0.001278090293525
     0.002384173626858     0.004538637597632     0.000223526801461
     0.001989993071303    -0.000973606135047     0.004831133629378
39 21
     0.002691068153187    -0.000137881928697    -0.000327856135047
     0.001004006960191    -0.000890132243638     0.001330235134795
     0.000585296642731     0.001826828388763     0.000040211010330
39 22
    -0.002355927878559    -0.003854034706475    -0.004290453357269
    -0.003336451373142    -0.001782729465860    -0.003700072404888
    -0.005058953357269    -0.005085655738221    -0.006828443751575
39 23
    -0.001020104465860    -0.000269106135046     0.001477915690350
    -0.000646030738221    -0.001020104465860    -0.001083875976316
    -0.001083875976316     0.001477915690350     0.015433298311917
39 24
     0.005348155454774     0.000073663706223     0.001314975214160
    -0.001916520817586     0.003656522518267     0.002435213309398
     0.002092780769715     0.003356407753842     0.002483657438901
39 25
    -0.000389255259511     0.001548834341144     0.000990520849080
     0.001048286722096    -0.001209705656337     0.000476997039557
     0.000028213309398    -0.001155683515999     0.003008929264298
39 26
    -0.006091120338876     0.004526205372890    -0.004702358119173
     0.003728127991938    -0.001826080656337     0.003244372039556
    -0.003706570420761     0.002767066484001    -0.001365195735702
39 27
    -0.000177207640463    -0.000677981135047    -0.001766294627110
     0.001556193468128     0.002554651486521    -0.001156219230285
    -0.000364754944570     0.001694850214160     0.000579161407156
39 28
    -0.001739624307130     0.003844806563366     0.003268235134795
     0.005550167674477    -0.005564346529352    -0.004215290658856
     0.002652078388763    -0.004239762881078    -0.002441064783321
39 29
     0.002932865772235     0.000742614103049    -0.000596268833459
    -0.000652375976317    -0.000561913989670    -0.001452836293777
     0.000834719261779    -0.001200997008062    -0.000586402084908
39 30
     0.001048750692870    -0.001386701373142    -0.001237631928697
    -0.001421223198539     0.001523300296044    -0.001327832325523
    -0.002728530738221    -0.001453971214412     0.001519788391282
39 31
    -0.000238884227765     0.000179669658604     0.000200050610985
     0.000220292674477    -0.000288912005543    -0.000174566452507
    -0.000294949389015     0.000166983150668    -0.000252654069035
39 32
    -0.001765070735702    -0.003379810500126     0.004258001007811
    -0.003696965262031    -0.002114939783321     0.004054663706223
     0.005106336325271     0.004799733150668    -0.006993429862686
39 33
    -0.028803402084908    -0.032891054547745    -0.016173368039808
    -0.031902778754094    -0.028288548910305    -0.016545122008062
     0.015620397833207     0.015543572436382     0.031905711010330
39 34
     0.002598004661124     0.002597135928445    -0.001630177563618
     0.002291346245906     0.003945748708743    -0.000314205341396
    -0.002999102166793     0.000738489103049     0.004568258629378
39 35
    -0.029993640180146     0.016407219261779     0.033576030769715
    -0.013194969230285     0.030145451089695     0.015076973230033
     0.029973457357017    -0.017260832325523    -0.027359913989670
39 36
     0.004194262597632     0.002742286722096    -0.000191052563618
     0.003272421642731     0.002432796327790    -0.001985401769967
     0.000764804579239    -0.002299429547745     0.004200714978584
39 37
     0.021798012597632    -0.016094016849332     0.024315243071303
     0.024315243071303    -0.028249836608718     0.025100175610985
    -0.016094016849332     0.032601064499874    -0.028249836608718
39 38
    -0.194166862402368    -0.045809864071555    -0.042727651769967
    -0.053989997008062    -0.198858419942051    -0.048275248992189
    -0.041717401769967    -0.046055707325523    -0.198944693751575
39 39
     0.820419762597631     0.070595681563366    -0.005507205341396
     0.070595681563366     0.821091278470647     0.006624370055430
    -0.005507205341396     0.006624370055430     0.863045048311917
39 40
     0.001288639581759    -0.001380558515999     0.001093758944318
    -0.001013673595364     0.001686538391282     0.001348179579239
     0.001516536722096     0.003447651801461     0.001866907438901
39 41
    -0.001142213592844     0.001219499023683     0.000281292674477
     0.001419997039556    -0.001017497323003    -0.000751274785840
     0.001326070452255     0.000590584341144     0.002783554264298
39 42
    -0.001455854465860     0.003828004976065    -0.003488620023936
     0.003904719261779    -0.006218116370622     0.004058064499874
    -0.002511133912824     0.001886574420509    -0.002462814783321
39 43
    -0.028809171926178    -0.016621288674729    -0.032615540658856
     0.017756401801461     0.031265748708743     0.017797060531620
    -0.031950743039809    -0.016184409706475    -0.029045152084908
39 44
    -0.006998838592844     0.003862590293525     0.004279542674477
     0.004009743071302    -0.000502362402368    -0.003660653754094
     0.004008445452255    -0.002621324389015    -0.002223320735702
39 45
     0.031538768550013     0.017394655769715     0.018207701404636
    -0.016052818436634    -0.030571699703956    -0.033882590262031
    -0.018821770817586    -0.034075133912824    -0.030862838592844
39 46
     0.004138542359536    -0.001373385896951    -0.003009411690602
    -0.000150038674729     0.005689508629378    -0.001374552563618
    -0.003582967246158    -0.002850159706475     0.002783288391282
39 47
    -0.001011794942051    -0.000393370023936     0.000249854182414
    -0.000423292642983    -0.000932751291257    -0.000218245023935
    -0.000030012881078    -0.000242328357269    -0.000864404069035
39 48
     0.002104389581759    -0.002860427563618     0.002149377991938
    -0.002315889865205     0.005047522518266     0.000387832357017
     0.001627502991938     0.000290374023684     0.005328798311917
39 49
    -0.030527213592845     0.035749231166541     0.015461310531620
     0.034590643864953    -0.031420705656337    -0.015397235103301
    -0.015327326373142     0.016106544658604     0.028030137597632
39 50
    -0.000843729465861     0.001379693468128    -0.005062933515999
     0.002072064499874    -0.000343449703956     0.004707254976064
    -0.003060354150920     0.003019633944318    -0.006765231449987
39 51
    -0.000747421926178     0.000962397833207    -0.001413477166793
    -0.000306419627110     0.002621212994457     0.000538020849080
    -0.001864046611237    -0.000675870023936     0.000209883629378
39 52
    -0.176782957640464     0.026311026801461     0.040169175610985
     0.026392606166541    -0.175965346529352    -0.040516604150920
     0.060010887912572    -0.060605108119174    -0.193312981449987
39 53
     0.030735955057949    -0.013320582325523    -0.015305308515999
     0.015780060531620    -0.030212913989670    -0.033378022801713
     0.017232758944318    -0.030154675579491    -0.027536741370622
39 54
     0.004374036407155    -0.003122268833459    -0.000253973198539
    -0.002161606135047     0.002956294343663    -0.002271268833459
     0.000101544658604    -0.001979709309650     0.004299397518267
39 55
    -0.000321856449987     0.000547264896699    -0.000470657722348
    -0.001062822404888    -0.002620098513480     0.001363296642731
    -0.000136016849332     0.000264479182414    -0.000139064783321
39 56
    -0.002081509227765    -0.004794114071555     0.002878822436382
    -0.004542326373142    -0.005290876291257     0.004717901801461
     0.003369850214160     0.003898846245906    -0.002313116370622
39 57
    -0.000383231449988    -0.001415584309650     0.001241352198287
    -0.001386796611237    -0.000339723513479    -0.001191193436634
    -0.000927995023936     0.000944126007811     0.003170286407155
39 58
     0.001520845930965     0.001058364103049    -0.001222074389015
     0.001118118071303     0.001613189184933     0.001107175610985
    -0.001156080341396     0.001039370055430     0.001385824105568
39 59
    -0.000506707640464    -0.000521957325523     0.001484729182414
     0.000854770849080     0.003073607835727     0.000742163706223
     0.001121822436382    -0.000754891849332    -0.000321632243638
39 60
     0.005091931248425     0.000419705372890     0.002464721245906
     0.000277276801461     0.004999353867473    -0.002605995023936
     0.002587374023684    -0.002640084309650     0.002044949105568
39 61
     0.030836724899219     0.018235108150668    -0.017313790658856
    -0.016471044627110    -0.028813699703956     0.032115058547493
     0.016018987118922     0.031545193468128    -0.028862007243638
39 62
    -0.005891318751575    -0.005189715262031    -0.005272983119174
    -0.004410427563618    -0.001488435815067    -0.002662028754094
    -0.004042671611237    -0.003660675579491    -0.002304636211892
39 63
     0.008990849899219     0.000534272833207     0.000508044658604
     0.001743685531620    -0.001576642164273     0.000009624023684
    -0.001029493039809     0.000576502991938    -0.000578314783321
40 1
    -0.005061775100781    -0.000139540658856    -0.000180256928698
     0.004692487118922    -0.001507634227765     0.004692487118922
    -0.000180256928697    -0.000139540658856    -0.005061775100781
40 2
     0.002210951089695    -0.000315877960443    -0.000148719230284
     0.003182649817334     0.001570905454774    -0.005370532722348
     0.001538280769715    -0.002484935500126    -0.001717485418242
40 3
    -0.001866037005543     0.003530425610985     0.004886334341144
     0.000630574420509    -0.001391957640464    -0.005368707325523
     0.003053955372890    -0.003313860103301    -0.005153973513479
40 4
    -0.032487485418241    -0.002312377960443    -0.040584901769967
    -0.013083475182666     0.017632466962711    -0.013083475182666
    -0.040584901769967    -0.002312377960443    -0.032487485418241
40 5
    -0.181801098513480     0.058388796642731    -0.031600701373142
     0.037777953388763    -0.190606271132527     0.037777953388763
    -0.031600701373142     0.058388796642731    -0.181801098513479
40 6
    -0.001717485418241    -0.002484935500126     0.001538280769715
    -0.005370532722348     0.001570905454774     0.003182649817334
    -0.000148719230285    -0.000315877960444     0.002210951089695
40 7
    -0.005153973513480    -0.003313860103301     0.003053955372890
    -0.005368707325523    -0.001391957640464     0.000630574420509
     0.004886334341144     0.003530425610985    -0.001866037005543
40 8
    -0.002197945735702     0.000275792674477     0.000158925610985
     0.000248945452255    -0.001012929862686    -0.000527330341396
    -0.000177381928697     0.000045459341144    -0.000871068751575
40 9
     0.001567945137314    -0.002220368039809    -0.002558887881078
    -0.002735715262031     0.004387586010330     0.000228356166541
    -0.002710250976316    -0.000797534706475     0.005043974899219
40 10
     0.003467915375409     0.000783477198287     0.000746437515747
    -0.000471342246158     0.000426089978584     0.001358887912572
    -0.000703659706475     0.001035155769715    -0.000716110418241
40 11
     0.001866907438901     0.001348179579239     0.001093758944319
     0.003447651801461     0.001686538391282    -0.001380558515999
     0.001516536722096    -0.001013673595364     0.001288639581759
40 12
    -0.027652800894432    -0.016267120023935     0.031973643864953
     0.017356629976064     0.031908806248425    -0.016100318436634
     0.031728439499874     0.016886681563366    -0.028395860418241
40 13
     0.005047522518266     0.000290374023684    -0.002860427563618
     0.000387832357017     0.005328798311917     0.002149377991938
    -0.002315889865205     0.001627502991938     0.002104389581759
40 14
    -0.029036757243638     0.033620673626858    -0.017377387881078
     0.032186576404636    -0.029248491370622     0.017818606166541
     0.017395064499874    -0.017761594230285     0.027956756645251
40 15
     0.004301820137314    -0.002881022801713     0.000110546642731
    -0.002514870023935     0.001745211010330     0.002586665690350
     0.000696397833207     0.002375989103049     0.004797361803981
40 16
    -0.000234445735702    -0.000120233119174    -0.000042798595364
    -0.000243387881078    -0.000398552878559    -0.000243387881078
    -0.000042798595364    -0.000120233119174    -0.000234445735702
40 17
     0.001415445137314    -0.001319046611237    -0.001095459309650
    -0.001109756928697     0.001124740772235    -0.001109756928697
    -0.001095459309650    -0.001319046611237     0.001415445137314
40 18
     0.003624290375409    -0.000759346214412    -0.000828614071555
     0.000079834341144    -0.000773344545226     0.000815433547493
     0.001180663706223     0.001411360134795    -0.000225925894432
40 19
     0.002483657438901     0.001314975214160     0.002435213309398
     0.002092780769715     0.005348155454774    -0.001916520817586
     0.003356407753842     0.000073663706223     0.003656522518267
40 20
    -0.000171882243638     0.000537203388763     0.001146332357017
    -0.000891941452507     0.002526897518267    -0.000891941452507
     0.001146332357017     0.000537203388763    -0.000171882243638
40 21
     0.004854695137314     0.002475512912572    -0.000838489071555
     0.002319141880826     0.002165127676997     0.002319141880826
    -0.000838489071555     0.002475512912572     0.004854695137314
40 22
    -0.000225925894432     0.001411360134795     0.001180663706223
     0.000815433547493    -0.000773344545226     0.000079834341144
    -0.000828614071555    -0.000759346214412     0.003624290375409
40 23
     0.003656522518266     0.000073663706223     0.003356407753842
    -0.001916520817586     0.005348155454774     0.002092780769715
     0.002435213309398     0.001314975214160     0.002483657438901
40 24
    -0.000665842561098    -0.000538066452507     0.001282967277652
     0.000721239103049    -0.000665842561099     0.000989495055430
     0.000989495055430     0.001282967277652     0.010502516565886
40 25
    -0.002425128275384    -0.003905520817586    -0.005512487087428
    -0.004625828357269    -0.001552195735702    -0.004645471214412
    -0.005144572404888    -0.004965498992189    -0.006458461608718
40 26
     0.003291131645251     0.000924225214160    -0.000503866055682
     0.000282262912572     0.000446804264298    -0.001614471214412
     0.001265143864953    -0.001534748992189     0.000143038391282
40 27
    -0.000673330656337     0.004051913706223     0.002305822436382
     0.002365203388763    -0.006904713592845    -0.003464437484253
     0.002636334341144    -0.004909090262031    -0.002301729465860
40 28
    -0.000328622323003    -0.001081548595364    -0.001529022801713
    -0.000151447404888     0.003555913391282    -0.000741883912824
    -0.002130707325523     0.000696296642731    -0.000503080656337
40 29
    -0.005993132243638     0.004576883944318    -0.004549401769967
     0.003919883944318    -0.002153029069035     0.003489820452255
    -0.004017316452507     0.004168187515747    -0.002700042957924
40 30
    -0.030536872323003    -0.032256556531872     0.017840110134795
    -0.030771088277904    -0.030671189783321     0.017222449420509
    -0.016713191452507    -0.017311536690602     0.032159022518267
40 31
    -0.200416132243638    -0.047608935500126     0.047952542674477
    -0.045580197404888    -0.198141027084908     0.042969465293525
     0.044720764896699     0.044602292674477    -0.197836419942051
40 32
    -0.000871068751575     0.000045459341144    -0.000177381928697
    -0.000527330341396    -0.001012929862686     0.000248945452255
     0.000158925610985     0.000275792674477    -0.002197945735702
40 33
     0.005043974899219    -0.000797534706475    -0.002710250976316
     0.000228356166541     0.004387586010330    -0.002735715262031
    -0.002558887881078    -0.002220368039809     0.001567945137314
40 34
     0.027956756645251    -0.017761594230285     0.017395064499874
     0.017818606166541    -0.029248491370622     0.032186576404636
    -0.017377387881078     0.033620673626858    -0.029036757243638
40 35
     0.004797361803981     0.002375989103049     0.000696397833207
     0.002586665690350     0.001745211010330    -0.002514870023935
     0.000110546642731    -0.002881022801713     0.004301820137314
40 36
    -0.028395860418241     0.016886681563366     0.031728439499874
    -0.016100318436634     0.031908806248425     0.017356629976064
     0.031973643864953    -0.016267120023935    -0.027652800894432
40 37
     0.002104389581759     0.001627502991938    -0.002315889865205
     0.002149377991938     0.005328798311917     0.000387832357017
    -0.002860427563618     0.000290374023684     0.005047522518267
40 38
    -0.000716110418241     0.001035155769715    -0.000703659706475
     0.001358887912572     0.000426089978584    -0.000471342246158
     0.000746437515747     0.000783477198287     0.003467915375409
40 39
     0.001288639581759    -0.001013673595364     0.001516536722096
    -0.001380558515999     0.001686538391282     0.003447651801461
     0.001093758944318     0.001348179579239     0.001866907438901
40 40
     0.865379766565886     0.003016336325271    -0.017488248992189
     0.003016336325271     0.873532548311917     0.003016336325271
    -0.017488248992189     0.003016336325271     0.865379766565885
40 41
    -0.195017961608718    -0.044008356135047    -0.040205465262031
    -0.045512868039809    -0.198081862402368    -0.045512868039809
    -0.040205465262031    -0.044008356135047    -0.195017961608718
40 42
     0.030036397518267     0.017691649817334     0.018377997039557
    -0.016549395817586    -0.028069106449987    -0.031919528754094
    -0.016326294627110    -0.031815241055682    -0.029385580656337
40 43
    -0.006395419942051     0.005031356166541     0.004314701404636
     0.004100786722096    -0.001900241370622    -0.004154282722348
     0.003954471245906    -0.003614100182666    -0.002260667957924
40 44
    -0.029551461608718    -0.016518014865205    -0.034206090262031
     0.017665127991938     0.031491647518267     0.017665127991938
    -0.034206090262031    -0.016518014865205    -0.029551461608718
40 45
    -0.000510354465860     0.004790675610985    -0.001907056531872
     0.002747691484001    -0.003421314783321     0.002747691484001
    -0.001907056531872     0.004790675610985    -0.000510354465860
40 46
    -0.029385580656337    -0.031815241055682    -0.016326294627110
    -0.031919528754094    -0.028069106449987    -0.016549395817586
     0.018377997039557     0.017691649817334     0.030036397518267
40 47
    -0.002260667957924    -0.003614100182666     0.003954471245906
    -0.004154282722348    -0.001900241370622     0.004100786722096
     0.004314701404636     0.005031356166541    -0.006395419942051
40 48
     0.010502516565886     0.001282967277652     0.000989495055430
     0.000989495055430    -0.000665842561098     0.000721239103049
     0.001282967277652    -0.000538066452507    -0.000665842561099
40 49
    -0.006458461608718    -0.004965498992189    -0.005144572404888
    -0.004645471214412    -0.001552195735702    -0.004625828357269
    -0.005512487087428    -0.003905520817586    -0.002425128275384
40 50
     0.032159022518267    -0.017311536690602    -0.016713191452507
     0.017222449420509    -0.030671189783321    -0.030771088277904
     0.017840110134795    -0.032256556531872    -0.030536872323003
40 51
    -0.197836419942051     0.044602292674477     0.044720764896699
     0.042969465293525    -0.198141027084908    -0.045580197404888
     0.047952542674477    -0.047608935500126    -0.200416132243638
40 52
    -0.000503080656337     0.000696296642731    -0.002130707325523
    -0.000741883912824     0.003555913391282    -0.000151447404888
    -0.001529022801713    -0.001081548595364    -0.000328622323003
40 53
    -0.002700042957924     0.004168187515747    -0.004017316452507
     0.003489820452255    -0.002153029069035     0.003919883944318
    -0.004549401769967     0.004576883944318    -0.005993132243638
40 54
     0.000143038391282    -0.001534748992189     0.001265143864953
    -0.001614471214412     0.000446804264298     0.000282262912572
    -0.000503866055682     0.000924225214160     0.003291131645251
40 55
    -0.002301729465860    -0.004909090262031     0.002636334341144
    -0.003464437484253    -0.006904713592845     0.002365203388763
     0.002305822436382     0.004051913706223    -0.000673330656337
40 56
    -0.001369007243638     0.000240280769715    -0.000004810500126
     0.000108433547493    -0.001185491370622     0.000108433547493
    -0.000004810500126     0.000240280769715    -0.001369007243638
40 57
     0.004729645534140    -0.002719814468380    -0.000568905738221
    -0.002774161690602     0.002056911407155    -0.002774161690602
    -0.000568905738221    -0.002719814468380     0.004729645534140
40 58
     0.031169347915092     0.017001508944318    -0.016978207325523
    -0.016294372008062    -0.028296800894432     0.031690082357017
     0.017054258944318     0.031840929579239    -0.028624691767448
40 59
     0.004785794343663     0.000434812515747     0.003158721245906
     0.000267405769715     0.004281117756362    -0.002703179547745
     0.002658911722096    -0.002492582325523     0.002358726883346
40 60
    -0.000209691767448    -0.000666524785840     0.001393213309398
     0.000968786722096     0.003305613788108     0.000968786722096
     0.001393213309398    -0.000666524785840    -0.000209691767448
40 61
     0.001510101883346     0.001281127991938    -0.001112923595364
     0.001332215293525     0.001555060216679     0.001332215293525
    -0.001112923595364     0.001281127991938     0.001510101883346
40 62
    -0.028624691767448     0.031840929579239     0.017054258944318
     0.031690082357017    -0.028296800894432    -0.016294372008062
    -0.016978207325523     0.017001508944318     0.031169347915092
40 63
     0.002358726883346    -0.002492582325523     0.002658911722096
    -0.002703179547745     0.004281117756362     0.000267405769715
     0.003158721245906     0.000434812515747     0.004785794343663
41 1
    -0.002889003275384    -0.001358995023936    -0.006272223198539
    -0.011043455341396     0.006388580057949    -0.011043455341396
    -0.006272223198539    -0.001358995023935    -0.002889003275384
41 2
    -0.000916652084908     0.002768917674478     0.003736314499874
     0.004791707357017    -0.002843880259511    -0.004195600182666
     0.002934314499874    -0.002398764865205    -0.005381963592845
41 3
     0.000960859819854     0.001417096245906     0.000198118071303
    -0.000128243039808    -0.000841618354749    -0.000989524785840
     0.001470489103049    -0.001599939468380    -0.001226201688083
41 4
    -0.005383713592844     0.001998167674477    -0.003375118039808
     0.004208832357017     0.001883181248425     0.004208832357017
    -0.003375118039809     0.001998167674477    -0.005383713592845
41 5
    -0.029555326688083    -0.016055032722348    -0.034177167642983
     0.017341135928445     0.027165318153187     0.017341135928445
    -0.034177167642983    -0.016055032722348    -0.029555326688083
41 6
    -0.005381963592844    -0.002398764865205     0.002934314499874
    -0.004195600182666    -0.002843880259511     0.004791707357017
     0.003736314499874     0.002768917674477    -0.000916652084908
41 7
    -0.001226201688083    -0.001599939468380     0.001470489103049
    -0.000989524785840    -0.000841618354749    -0.000128243039808
     0.000198118071303     0.001417096245906     0.000960859819854
41 8
     0.002185076089695    -0.002815786690602    -0.003070040658856
    -0.002493997008062     0.003863159423028    -0.000416272801713
    -0.002482098198539    -0.000362745023936     0.004886828073822
41 9
    -0.001578033037289     0.000094302595112    -0.000023729150920
     0.000092967277652    -0.000473324703956    -0.000306586293777
     0.000058782753842     0.000139635928445    -0.000545253275384
41 10
     0.002326562200806     0.001964397833207     0.003446346245906
     0.002149215293525     0.004376804264298    -0.000250554547745
     0.002607374023684    -0.000693548595364     0.004735911407155
41 11
     0.002783554264298    -0.000751274785840     0.000281292674477
     0.000590584341144    -0.001017497323003     0.001219499023683
     0.001326070452255     0.001419997039557    -0.001142213592845
41 12
     0.002043220930965     0.002911175610985    -0.003242947404888
     0.002126312515747     0.003889145534140     0.000416364103049
    -0.002584401769967     0.000417602198287     0.004589161407155
41 13
    -0.031420705656337     0.016106544658604     0.035749231166541
    -0.015397235103301     0.028030137597632     0.015461310531620
     0.034590643864953    -0.015327326373142    -0.030527213592845
41 14
     0.002152139581759    -0.002848905738221     0.002739270849080
    -0.002940241055682     0.004072222915092     0.000214288706223
     0.002948973230033     0.000205701404636     0.005013028470648
41 15
    -0.028293908037289     0.031667772833207     0.017378830372890
     0.031303062515747    -0.028098574703956    -0.016599276769967
    -0.016243693436634     0.016931409737969     0.029748883629378
41 16
     0.001639576089695    -0.001527562484253    -0.001623264865205
    -0.001287580341396     0.002064036407155    -0.001287580341396
    -0.001623264865205    -0.001527562484253     0.001639576089695
41 17
     0.000106966962711    -0.000069125976316     0.000111324420509
    -0.000040449389015    -0.000387419942051    -0.000040449389015
     0.000111324420509    -0.000069125976316     0.000106966962711
41 18
     0.001763312200806     0.001545074420509     0.001374294658604
     0.001686891880826     0.002257494740489    -0.001278758912824
     0.001579197436382    -0.001508094230285     0.001743345930965
41 19
     0.003008929264298     0.000990520849080     0.000476997039557
     0.000028213309398    -0.000389255259511     0.001048286722096
    -0.001155683515999     0.001548834341144    -0.001209705656337
41 20
     0.001576139581759     0.001337124023684    -0.001628883912824
     0.001311366087176     0.002061486803981     0.001311366087176
    -0.001628883912824     0.001337124023684     0.001576139581759
41 21
    -0.000417408037289    -0.000579566452507     0.001503294658604
     0.000725449420509     0.003150966962711     0.000725449420509
     0.001503294658604    -0.000579566452507    -0.000417408037289
41 22
     0.001743345930965    -0.001508094230285     0.001579197436382
    -0.001278758912824     0.002257494740489     0.001686891880826
     0.001374294658604     0.001545074420509     0.001763312200806
41 23
    -0.001209705656337     0.001548834341144    -0.001155683515999
     0.001048286722096    -0.000389255259511     0.000028213309398
     0.000476997039557     0.000990520849080     0.003008929264298
41 24
    -0.001552195735702    -0.003905520817586    -0.004965498992189
    -0.004625828357269    -0.002425128275384    -0.005144572404888
    -0.004645471214412    -0.005512487087428    -0.006458461608718
41 25
     0.000470393550013    -0.000636475182666     0.000935171642731
     0.000026604182414     0.000470393550013     0.000519211325271
     0.000519211325271     0.000935171642731     0.009618310216679
41 26
    -0.001162596529352     0.003796645849080     0.005399042674477
     0.003912820452255    -0.001825106449987    -0.004912163674729
     0.004085052595112    -0.004673578357269    -0.005947814783321
41 27
     0.002724441169060    -0.001245290658856    -0.000293643833459
     0.003191260928445    -0.001853249307130    -0.002470129944570
     0.000263993071303    -0.002387419627110    -0.000885957640464
41 28
    -0.002225475497606     0.004435247039557    -0.005149239071555
     0.004016360134795    -0.001841747323003     0.004700798626858
    -0.004651548595364     0.004348217277652    -0.005650558830940
41 29
    -0.000425235418241     0.000723929579239    -0.001725368039809
    -0.000815558515999     0.002995310216679     0.000842877991938
    -0.001557407722348    -0.000740891849332    -0.000428896132527
41 30
    -0.001583725497606    -0.004255385896951     0.004859893864953
    -0.004594280738221    -0.002153100497606     0.005044506960191
     0.004294217277652     0.004216633944318    -0.005884580656337
41 31
    -0.028812985418241    -0.032262639865205    -0.016920673595364
    -0.031654889865205    -0.028701812799194    -0.016693977166793
     0.016554548626858     0.017285713309398     0.030886601883346
41 32
     0.004886828073822    -0.000362745023936    -0.002482098198539
    -0.000416272801713     0.003863159423028    -0.002493997008062
    -0.003070040658856    -0.002815786690602     0.002185076089695
41 33
    -0.000545253275384     0.000139635928445     0.000058782753842
    -0.000306586293777    -0.000473324703956     0.000092967277652
    -0.000023729150920     0.000094302595112    -0.001578033037289
41 34
     0.005013028470648     0.000205701404636     0.002948973230033
     0.000214288706223     0.004072222915092    -0.002940241055682
     0.002739270849080    -0.002848905738221     0.002152139581759
41 35
     0.029748883629378     0.016931409737969    -0.016243693436634
    -0.016599276769967    -0.028098574703956     0.031303062515747
     0.017378830372890     0.031667772833207    -0.028293908037289
41 36
     0.004589161407155     0.000417602198287    -0.002584401769967
     0.000416364103049     0.003889145534140     0.002126312515747
    -0.003242947404888     0.002911175610985     0.002043220930965
41 37
    -0.030527213592844    -0.015327326373142     0.034590643864953
     0.015461310531620     0.028030137597632    -0.015397235103301
     0.035749231166541     0.016106544658604    -0.031420705656337
41 38
     0.004735911407155    -0.000693548595364     0.002607374023684
    -0.000250554547745     0.004376804264298     0.002149215293525
     0.003446346245906     0.001964397833207     0.002326562200806
41 39
    -0.001142213592844     0.001419997039556     0.001326070452255
     0.001219499023683    -0.001017497323003     0.000590584341144
     0.000281292674477    -0.000751274785840     0.002783554264298
41 40
    -0.195017961608718    -0.045512868039809    -0.040205465262031
    -0.044008356135047    -0.198081862402368    -0.044008356135047
    -0.040205465262031    -0.045512868039809    -0.195017961608718
41 41
     0.862766060216679     0.000657814499874     0.006873318468128
     0.000657814499874     0.872524726883346     0.000657814499874
     0.006873318468128     0.000657814499874     0.862766060216679
41 42
    -0.188410080656337     0.046265070452255     0.034398530769715
     0.044050286722096    -0.198302892164273    -0.046037721214412
     0.035225739103049    -0.046808945420761    -0.191153808830940
41 43
     0.030338101883346    -0.017278223198539    -0.017061139865205
     0.017916594261779    -0.029090527084908    -0.030748475182666
     0.017752004976064    -0.032347929547745    -0.028585146132527
41 44
    -0.195030564783321     0.044697405769715    -0.041644306531872
     0.041592935531620    -0.198253138196019     0.041592935531620
    -0.041644306531872     0.044697405769715    -0.195030564783321
41 45
    -0.027968332640464     0.018536471245906    -0.031828272801713
    -0.009878000976316     0.029581524502394    -0.009878000976316
    -0.031828272801713     0.018536471245906    -0.027968332640464
41 46
    -0.191153808830940    -0.046808945420761     0.035225739103049
    -0.046037721214412    -0.198302892164273     0.044050286722096
     0.034398530769715     0.046265070452255    -0.188410080656337
41 47
    -0.028585146132527    -0.032347929547745     0.017752004976064
    -0.030748475182666    -0.029090527084908     0.017916594261779
    -0.017061139865205    -0.017278223198539     0.030338101883346
41 48
    -0.006458461608718    -0.005512487087428    -0.004645471214412
    -0.005144572404888    -0.002425128275384    -0.004625828357269
    -0.004965498992189    -0.003905520817586    -0.001552195735702
41 49
     0.009618310216679     0.000935171642731     0.000519211325271
     0.000519211325271     0.000470393550013     0.000026604182414
     0.000935171642731    -0.000636475182666     0.000470393550013
41 50
    -0.005884580656337     0.004216633944318     0.004294217277652
     0.005044506960191    -0.002153100497606    -0.004594280738221
     0.004859893864953    -0.004255385896951    -0.001583725497606
41 51
     0.030886601883346     0.017285713309398     0.016554548626858
    -0.016693977166793    -0.028701812799194    -0.031654889865205
    -0.016920673595364    -0.032262639865205    -0.028812985418241
41 52
    -0.005650558830940     0.004348217277652    -0.004651548595364
     0.004700798626858    -0.001841747323003     0.004016360134795
    -0.005149239071555     0.004435247039557    -0.002225475497606
41 53
    -0.000428896132527    -0.000740891849332    -0.001557407722348
     0.000842877991938     0.002995310216679    -0.000815558515999
    -0.001725368039809     0.000723929579239    -0.000425235418241
41 54
    -0.005947814783321    -0.004673578357269     0.004085052595112
    -0.004912163674729    -0.001825106449987     0.003912820452255
     0.005399042674477     0.003796645849080    -0.001162596529352
41 55
    -0.000885957640464    -0.002387419627110     0.000263993071303
    -0.002470129944570    -0.001853249307130     0.003191260928445
    -0.000293643833459    -0.001245290658856     0.002724441169060
41 56
     0.004662764581759    -0.002156048595364    -0.000487026769967
    -0.002548383912824     0.001692847915092    -0.002548383912824
    -0.000487026769967    -0.002156048595364     0.004662764581759
41 57
    -0.001092332640464    -0.000048518833459    -0.000083372008062
    -0.000023104150920    -0.001105499307130    -0.000023104150920
    -0.000083372008062    -0.000048518833459    -0.001092332640464
41 58
     0.004826994740489     0.002353804579239     0.000541951404636
     0.002589685531620     0.001948163391282    -0.002596735103301
     0.000377292674477    -0.002485899785840     0.004692330057949
41 59
     0.030495316169060    -0.016836516849332     0.016749254976065
     0.017220713309398    -0.028886042957924     0.031713877991938
    -0.017023554547745     0.032199588309398    -0.028498376291257
41 60
     0.004675580057949     0.002324270849080    -0.000652502960443
     0.002196344261779     0.002068328073822     0.002196344261779
    -0.000652502960443     0.002324270849080     0.004675580057949
41 61
    -0.000158001291257     0.000751048626858     0.001433360134795
    -0.000788227166793     0.002928774502394    -0.000788227166793
     0.001433360134795     0.000751048626858    -0.000158001291257
41 62
     0.004692330057949    -0.002485899785840     0.000377292674477
    -0.002596735103301     0.001948163391282     0.002589685531620
     0.000541951404636     0.002353804579239     0.004826994740489
41 63
    -0.028498376291257     0.032199588309398    -0.017023554547745
     0.031713877991938    -0.028886042957924     0.017220713309398
     0.016749254976064    -0.016836516849332     0.030495316169060
42 1
     0.003626605851600     0.001850852198287    -0.001804052563618
    -0.001880574389015     0.000502211010330    -0.000302090262031
    -0.000494510896951    -0.000693280738221    -0.000552747323003
42 2
    -0.002878542957924     0.000393014896699     0.000028110134795
    -0.002119161690602     0.008256000692870     0.000664764896699
    -0.000457723198539    -0.000163675579491    -0.002738582640464
42 3
    -0.002581031053162    -0.004356181531872    -0.003225586293777
    -0.001806487087428    -0.006634237402368    -0.004404534706475
    -0.002469423595364    -0.004346225182666    -0.002034320735702
42 4
    -0.001625729465861     0.002792389896699    -0.000058447404888
     0.003817963309398    -0.001351312799194    -0.000389177563618
    -0.000644905738221    -0.000189993039809     0.001887792359536
42 5
     0.005005657438902    -0.000989560500126     0.002925877991938
    -0.000766358119174     0.005818074105568     0.002024751007810
     0.001771669658604     0.002062556563366     0.002051429264298
42 6
    -0.032817229465861     0.003990707357017     0.041158360134795
     0.013346030769715     0.021590375692870    -0.009371427563618
     0.040818776801461    -0.003037493039809    -0.033333021132527
42 7
     0.004393782438902     0.000058282753842    -0.003775090262031
     0.001875481166541     0.006705262597632     0.002082997039557
    -0.003410919627110     0.001575185531620     0.002764740772235
42 8
     0.003328560216679    -0.000888064468380    -0.000515120023936
     0.001005758944318     0.000235040375409     0.001726092277652
     0.000729364103049     0.001421844261779    -0.000689290973797
42 9
     0.001562326089695     0.002184274817334     0.002620941484001
     0.002489348230033     0.004438306248425     0.000230403785588
     0.002893745055430    -0.000779899785840     0.005055252676997
42 10
    -0.002240578672210     0.000008620055430    -0.000406358119174
    -0.000352153754094    -0.001493314783321    -0.000345689468380
     0.000008461325271    -0.000145584309650    -0.000857707640464
42 11
     0.002783288391282    -0.001374552563618    -0.003009411690602
    -0.002850159706475     0.005689508629378    -0.001373385896951
    -0.003582967246158    -0.000150038674729     0.004138542359536
42 12
    -0.029588669942051    -0.034567477166793     0.017232598230033
    -0.031866056531872    -0.029045598513479     0.017599479182414
    -0.016922689468380    -0.017475308515999     0.028106792359536
42 13
    -0.175965346529352    -0.060605108119174     0.026311026801461
    -0.040516604150920    -0.193312981449987     0.040169175610985
     0.026392606166541     0.060010887912572    -0.176782957640464
42 14
    -0.027512626291257     0.017207816484001    -0.032274433515999
    -0.016516610103301     0.032456728867473    -0.015846471214412
    -0.032374064468380     0.016754040690350    -0.028414840576972
42 15
    -0.199937298910305     0.046863495055430    -0.048395998992189
     0.045563568468128    -0.197784818751575     0.043620838309398
    -0.044826356135047     0.044663249023684    -0.198332610418241
42 16
     0.003023560216679     0.000734409737969     0.001064280769715
    -0.000073574389015    -0.000986582640464     0.000935909737969
    -0.000858177563618     0.001484776801461    -0.000429167957924
42 17
     0.001558076089695     0.001116971245906     0.001024620055430
     0.001274681563366     0.001610461010330    -0.001195584309650
     0.001090786722096    -0.001229411690602     0.001504722915092
42 18
    -0.000298578672210     0.000057046642731     0.000032215293525
     0.000063022833207    -0.000100499307130    -0.000106268833459
     0.000146909737969     0.000029120055430    -0.000172648116654
42 19
     0.001519788391282    -0.001237631928697    -0.001327832325523
    -0.002728530738221     0.001048750692870    -0.001421223198539
    -0.001453971214412    -0.001386701373142     0.001523300296044
42 20
    -0.000393376291257    -0.001519653754094    -0.000921838277904
    -0.001229127960443    -0.000801257243638     0.000153106166541
     0.001291578388763    -0.000434036690602     0.003176270534140
42 21
    -0.006122673910305    -0.004709344230285     0.004125465293525
    -0.003937544627110    -0.002193902084908     0.003712939499874
     0.003756881960191     0.003804647833207    -0.002286027084908
42 22
     0.000133330057949    -0.000602247008062    -0.001218881928697
     0.000731747039557     0.002792500692870    -0.000970618039809
    -0.001278618039808     0.000823163706223    -0.000248806846813
42 23
    -0.005564346529352     0.003844806563366    -0.004239762881078
     0.005550167674477    -0.001739624307130     0.002652078388763
    -0.004215290658856     0.003268235134795    -0.002441064783321
42 24
     0.003555913391282    -0.001081548595364     0.000696296642731
    -0.000151447404888    -0.000328622323003    -0.002130707325523
    -0.000741883912824    -0.001529022801713    -0.000503080656337
42 25
    -0.001841747323003     0.004435247039557     0.004348217277652
     0.004016360134795    -0.002225475497606    -0.004651548595364
     0.004700798626858    -0.005149239071555    -0.005650558830940
42 26
    -0.002474112402368    -0.000748131928697    -0.000483661690602
    -0.001124298595364    -0.002226475497606     0.000187326404636
     0.000350889896699     0.000114635928445     0.010562191169060
42 27
    -0.003435199703956    -0.003380693436634    -0.004057098198539
    -0.002577858119174    -0.001680618354749    -0.004681764865205
    -0.003748294627110    -0.004103330341396    -0.006454576688083
42 28
    -0.030848991370622     0.031493719261779    -0.017177568436634
     0.031378866087176    -0.030848991370622     0.017035038706223
     0.017035038706223    -0.017177568436634     0.031545322121441
42 29
     0.004796498708743    -0.002620473198539     0.000948552595112
    -0.002496802563618     0.002282316169060     0.002426993071303
     0.000729554579239     0.002398947436382     0.004817234819854
42 30
    -0.000453491370622     0.001138961325271     0.001507689499874
     0.000211225214160     0.003585905454774    -0.000778627960443
     0.002011929579239     0.000794723230033    -0.000513949703956
42 31
     0.004347873708743     0.002688082357017    -0.000372127960443
     0.002379366087176     0.001982568153187     0.002509762912572
    -0.000512239071555     0.002379552595112     0.004692482835727
42 32
     0.027688812200806     0.017572102198287    -0.016899427563618
    -0.017365016849332    -0.029143959624591     0.031685618071303
     0.017143296642731     0.033767677595112    -0.028812042957924
42 33
     0.005082105851600     0.000627983150668     0.002761328388763
     0.000002669658604     0.004483181248425    -0.002530792642983
     0.002525483150668    -0.002399483119174     0.001539722915092
42 34
    -0.001012737402368     0.000138673626858     0.000122268864953
     0.000198669658604    -0.001551271132527     0.000475624023684
     0.000085108150668    -0.000029191452507    -0.002220854465860
42 35
     0.004855117756362    -0.000453243039808    -0.002842647801713
    -0.000293645817586     0.004384556248425    -0.002303447404888
    -0.002889832325523    -0.002505887881078     0.002148972915092
42 36
    -0.000625729465860    -0.001527425579491     0.000676518864953
    -0.001542254944570     0.000272651486521    -0.001019197404888
    -0.000267360103301     0.000906139896699     0.003344851883346
42 37
    -0.000843729465861    -0.003060354150920     0.002072064499874
    -0.005062933515999    -0.006765231449987     0.004707254976064
     0.001379693468128     0.003019633944318    -0.000343449703956
42 38
    -0.029091854465860    -0.016326951373142    -0.032306455341396
     0.016598701404636     0.031801935216679     0.017065830372890
    -0.032312316452507    -0.016929762881078    -0.027640431846813
42 39
    -0.001455854465860     0.003904719261779    -0.002511133912824
     0.003828004976065    -0.006218116370622     0.001886574420509
    -0.003488620023936     0.004058064499874    -0.002462814783321
42 40
     0.030036397518267    -0.016549395817586    -0.016326294627110
     0.017691649817334    -0.028069106449987    -0.031815241055682
     0.018377997039557    -0.031919528754094    -0.029385580656337
42 41
    -0.188410080656337     0.044050286722096     0.035225739103049
     0.046265070452255    -0.198302892164273    -0.046808945420761
     0.034398530769715    -0.046037721214412    -0.191153808830940
42 42
     0.858000778470647    -0.002836082325523     0.024953326404636
    -0.002836082325523     0.875317738788107     0.002117268864953
     0.024953326404636     0.002117268864953     0.858622822121441
42 43
    -0.198351288989670    -0.044295875976316    -0.043337219230285
    -0.044018774785840    -0.198405521132527    -0.045530860103301
    -0.047488157722348    -0.046103340262031    -0.200723765180146
42 44
    -0.031099330656337     0.031266502991938     0.015487364103049
     0.031192316484001    -0.028370007243638    -0.017405324389015
    -0.016352094230285     0.017718495055430     0.031366816169060
42 45
     0.001785776486520    -0.002346181531872     0.002891397833207
    -0.001852370023935     0.004582155454774     0.000825739103049
     0.002035814499874     0.000270435531620     0.004713548311917
42 46
    -0.030993574703956     0.015291776801461     0.035247659737969
    -0.014917090262031     0.030721238788108     0.015291776801461
     0.035868993071303    -0.014917090262031    -0.030993574703956
42 47
     0.002448087994457     0.002489917674477    -0.003068074389015
     0.002461030769715     0.004537853867473     0.000271334341144
    -0.003122552563618     0.000565116087176     0.004785982835727
42 48
     0.032159022518267     0.017840110134795     0.017222449420509
    -0.016713191452507    -0.030536872323003    -0.030771088277904
    -0.017311536690602    -0.032256556531872    -0.030671189783321
42 49
    -0.005884580656337     0.004859893864953     0.005044506960191
     0.004294217277652    -0.001583725497606    -0.004594280738221
     0.004216633944318    -0.004255385896951    -0.002153100497606
42 50
     0.010393528470648    -0.000126018833459     0.000079387912572
     0.000079387912572    -0.001190469545225     0.000196834341144
    -0.000126018833459    -0.000850546611237    -0.001190469545226
42 51
    -0.006013663989670    -0.005108189468380    -0.004399780738221
    -0.004478471214412    -0.002001431846813    -0.003837899785840
    -0.004259586293777    -0.003461300579491    -0.002454979465860
42 52
    -0.000513949703956     0.001507689499874    -0.000778627960443
     0.002011929579239    -0.000453491370622     0.000211225214160
     0.000794723230033     0.001138961325271     0.003585905454774
42 53
     0.001597337994457    -0.001409294627110     0.001065512912572
    -0.001282616055682     0.001613816169060     0.001275931563366
     0.001022719261779     0.001437518864953     0.001692270534140
42 54
     0.000279169343663    -0.000118231135047     0.001714223230033
     0.000832092277652     0.003193274502394     0.000657685531620
     0.001274504976065    -0.000907639865205     0.000266534423028
42 55
     0.001697401486520     0.001435302595112    -0.001144086293777
     0.000638376007811     0.000675631645251     0.000920751007811
    -0.001830181531872     0.001196423626858     0.001286947121441
42 56
     0.030996623708743    -0.016875326373142     0.017293643864953
     0.016562497039557    -0.028469896132527     0.031659106166541
    -0.016702064468380     0.031929165690350    -0.028782479465860
42 57
     0.004800151486521     0.002939328388763     0.000529048626858
     0.002576526801461     0.002216756645251    -0.002716864071555
     0.000742340293525    -0.002996054547745     0.004604923311917
42 58
    -0.001371896132527    -0.000281848198539    -0.000004877960443
    -0.000062433515999    -0.001151205656337     0.000102004976065
    -0.000022870023935     0.000156689499874    -0.001385163989670
42 59
     0.004444925296044    -0.002314419627110    -0.000761324389015
    -0.002540655738221     0.001859587994457    -0.002238256928697
    -0.000160342246158    -0.002673322404888     0.004076254661124
42 60
    -0.029496685815067    -0.032630631928697    -0.016995207325523
    -0.032260899785840    -0.029078165973797    -0.016765665658856
     0.017651959341144     0.017341985134795     0.031385086010330
42 61
    -0.002057392164273    -0.003915729150920     0.003874780769715
    -0.003655471214412    -0.002054094545225     0.003969637912572
     0.004247947436382     0.004689387912572    -0.006263995338876
42 62
    -0.000105435815067     0.000823072436382    -0.001453786690602
    -0.000820104150920     0.003166919343663     0.000800800610985
    -0.001487211293777    -0.000619231135047    -0.000162249307130
42 63
    -0.001993142164273     0.003249810531620    -0.004193258912824
     0.003758633944318    -0.001721537005543     0.004454328388763
    -0.004635282722348     0.004954322436382    -0.006010802878559
43 1
    -0.002091211608718     0.003968159737969     0.005483713309398
     0.004571381960191    -0.001726298910305    -0.005588199389015
     0.008299943468128    -0.006521534706475    -0.004676459624591
43 2
    -0.003773985418241    -0.004029802563618    -0.003516248992190
    -0.004052455341396    -0.006763509227765    -0.002880094230285
    -0.003568143833459    -0.005755554547745    -0.002737294942051
43 3
    -0.000866723513479     0.000005501007811    -0.000658820420761
    -0.000912905738221     0.008608252676997    -0.001819643833459
     0.000197905769715    -0.000135354150920    -0.001766783037289
43 4
     0.000605953073822    -0.000822052563618     0.000535943468128
    -0.000690705341396     0.000770552280171     0.001480088309398
     0.000561048626858     0.001001002991938     0.000590580057949
43 5
    -0.000477910021416     0.001261622039557    -0.000735856135047
     0.001167973230033    -0.000364935815067    -0.000582108119174
     0.000459499023684     0.001426177595112     0.002929466962711
43 6
     0.003175078073822     0.001501639896699    -0.001190998992189
     0.003480737118922     0.001814865772235    -0.001548661690602
    -0.003780268833459    -0.001536872008063     0.001577766565886
43 7
    -0.030469035021416     0.012923340293525     0.030062050610985
    -0.016027937484253     0.030646627676997     0.017599637912572
     0.033187659737969    -0.015079068436634    -0.027078596529352
43 8
     0.001472367756362     0.001091243071303     0.001246270849080
     0.001002840293525     0.001479155454775    -0.001245016849332
     0.001256943468128    -0.001171534706475     0.001505746724616
43 9
     0.003165883629378     0.000821832357017     0.000775082357017
    -0.000681445420761    -0.000266328672210     0.001431169658604
    -0.000645425579491     0.001253846245906    -0.000237334624591
43 10
     0.001875728867473    -0.002859947404888    -0.001786092246158
    -0.001894447404888     0.004659300296044    -0.000935298595364
    -0.001922584309650    -0.000319963277904     0.004730705057949
43 11
    -0.000864404069035    -0.000218245023935     0.000249854182414
    -0.000242328357269    -0.000932751291257    -0.000393370023936
    -0.000030012881078    -0.000423292642983    -0.001011794942051
43 12
    -0.002390987402368    -0.003944669627110     0.004081364103049
    -0.003801850182666    -0.002228358434114     0.004256745055430
     0.004721764896699     0.005265062515747    -0.005796919942051
43 13
    -0.030212913989670    -0.030154675579491    -0.013320582325523
    -0.033378022801713    -0.027536741370622    -0.015305308515999
     0.015780060531620     0.017232758944318     0.030735955057949
43 14
    -0.002017568751575     0.004535874023684    -0.003809042642983
     0.004275471245906    -0.006420906053162     0.004339169658604
    -0.003568360103301     0.004774911722096    -0.002087302878559
43 15
    -0.028501116370622    -0.017129947404888    -0.031611483119174
     0.017451024817334     0.030873921327790     0.017459354182414
    -0.032159276769967    -0.017086004944570    -0.028192322719829
43 16
     0.001916992756362     0.002241217277652     0.002376171642731
     0.002539381960191     0.004725532438901    -0.000492699389015
     0.002448026801461    -0.000445727166793     0.004741744740489
43 17
     0.003201383629378    -0.000725471214412    -0.000692364071555
     0.000647637912572    -0.000235048910305     0.001172056563366
     0.000716991087176     0.001548459341144    -0.000312239386495
43 18
     0.001431103867473    -0.001215645817586    -0.001238768833459
    -0.001286020817586     0.001546740772235    -0.001256002960443
    -0.001305260896951    -0.001315258912824     0.001374514581759
43 19
    -0.000252654069035     0.000200050610985    -0.000174566452507
    -0.000294949389015    -0.000238884227765     0.000220292674477
     0.000166983150668     0.000179669658604    -0.000288912005543
43 20
    -0.002467318751575    -0.004034846214412     0.003901052595112
    -0.004255796611237    -0.005511767164273     0.004878622039557
     0.003873157753842     0.004507459341144    -0.002100691767448
43 21
    -0.000160241370622    -0.001365786690602     0.000770106166541
    -0.001349963277904    -0.000233287005543    -0.000667294627110
    -0.000690288674729     0.000719268864953     0.003303010613505
43 22
    -0.002502612402368     0.004082810531620    -0.004736866055682
     0.003763828388763    -0.002069509227765     0.004944772833207
    -0.004420538674729     0.004204909737969    -0.006650144148400
43 23
    -0.000561913989670     0.000742614103049    -0.001200997008062
    -0.000652375976317     0.002932865772235     0.000834719261779
    -0.001452836293777    -0.000596268833459    -0.000586402084908
43 24
    -0.002153029069035     0.004576883944318     0.004168187515747
     0.003919883944318    -0.005993132243638    -0.004017316452507
     0.003489820452255    -0.004549401769967    -0.002700042957924
43 25
     0.002995310216679     0.000723929579239    -0.000740891849332
    -0.000815558515999    -0.000425235418241    -0.001557407722348
     0.000842877991938    -0.001725368039809    -0.000428896132527
43 26
    -0.002042054862686    -0.003615199389015    -0.004597145817586
    -0.003559967246158    -0.002484110418241    -0.004483407722348
    -0.004275905738221    -0.004494618039809    -0.006776146132527
43 27
     0.000074982835727    -0.000939510896951    -0.000005332325523
    -0.000866526769967    -0.000491253275384    -0.000208998992189
    -0.000105590262031    -0.000802709309650     0.010658461010330
43 28
     0.002282316169060    -0.002620473198539     0.002398947436382
    -0.002496802563618     0.004796498708743     0.000729554579239
     0.002426993071303     0.000948552595112     0.004817234819854
43 29
    -0.028195693751575     0.031010584341144     0.017430318468128
     0.031619028785588    -0.028195693751575    -0.017204491055682
    -0.017204491055682     0.017430318468128     0.030324647518267
43 30
     0.001613816169060     0.001437518864953    -0.001409294627110
     0.001275931563366     0.001692270534140     0.001065512912572
    -0.001282616055682     0.001022719261779     0.001597337994457
43 31
    -0.000257318751575    -0.000701860103301     0.001246887912572
     0.000860572436382     0.003267933232552     0.000770028785588
     0.001212090293525    -0.000629076373142    -0.000346104465860
43 32
     0.004859369740489     0.002653909737969     0.000334213309398
     0.002747564499874     0.001847905454774    -0.002560116055682
     0.000639626007811    -0.002671576373142     0.004890619740489
43 33
     0.030622288391282    -0.017242834309650     0.016961219261779
     0.016909876007811    -0.028173078672210     0.031508848230033
    -0.017470187484253     0.031362887912572    -0.028220489386495
43 34
     0.004734445137314    -0.000334393833459    -0.002638465262031
    -0.000500123992189     0.004794718946838    -0.002692860103301
    -0.002846812484253    -0.002592570420761     0.001891558232552
43 35
    -0.000960074703956    -0.000069935500126     0.000047368071303
     0.000014685531620    -0.001041203672210    -0.000061181531872
     0.000111872039557    -0.000012266849332    -0.000851989386495
43 36
    -0.005877296926178    -0.004373743039809     0.004287034737969
    -0.004336673595364    -0.002159608434114     0.004117068468128
     0.004434844261779     0.004485385928445    -0.002146485418241
43 37
    -0.000747421926178    -0.001864046611237    -0.000306419627110
    -0.001413477166793     0.000209883629378     0.000538020849080
     0.000962397833207    -0.000675870023936     0.002621212994457
43 38
    -0.198240921926178     0.046738231166541    -0.045043314468380
     0.047694032753842    -0.200383449703956     0.045648721245906
    -0.044299487087428     0.044066733150668    -0.200928144148400
43 39
    -0.028809171926178     0.017756401801461    -0.031950743039809
    -0.016621288674729     0.031265748708743    -0.016184409706475
    -0.032615540658856     0.017797060531620    -0.029045152084908
43 40
    -0.006395419942051     0.004100786722096     0.003954471245906
     0.005031356166541    -0.001900241370622    -0.003614100182666
     0.004314701404636    -0.004154282722348    -0.002260667957924
43 41
     0.030338101883346     0.017916594261779     0.017752004976064
    -0.017278223198539    -0.029090527084908    -0.032347929547745
    -0.017061139865205    -0.030748475182666    -0.028585146132527
43 42
    -0.198351288989670    -0.044018774785840    -0.047488157722348
    -0.044295875976316    -0.198405521132527    -0.046103340262031
    -0.043337219230285    -0.045530860103301    -0.200723765180146
43 43
     0.882882393550012     0.000219056563366     0.001072046642731
     0.000219056563366     0.881683468946838    -0.002214719230285
     0.001072046642731    -0.002214719230285     0.883356647518266
43 44
     0.004907976883346    -0.002250314468380     0.000846879976065
    -0.003022102166793     0.002055982835727     0.002131441484001
     0.000547235134795     0.002112241087176     0.004699228867473
43 45
    -0.027393290973797     0.029379251007811    -0.018888961293777
     0.029842336325271    -0.027936354465860     0.018674129976065
     0.011742393864953    -0.011623068436634     0.031239461010330
43 46
     0.004785982835727     0.000271334341144    -0.003068074389015
     0.000565116087176     0.004537853867473     0.002489917674477
    -0.003122552563618     0.002461030769715     0.002448087994457
43 47
    -0.028509729465860    -0.017324774785840     0.032411191484001
     0.017669362118922     0.030958468946838    -0.017324774785840
     0.031630651801461     0.017669362118922    -0.028509729465860
43 48
    -0.197836419942051     0.047952542674477     0.042969465293525
     0.044720764896699    -0.200416132243638    -0.045580197404888
     0.044602292674477    -0.047608935500126    -0.198141027084908
43 49
     0.030886601883346    -0.016920673595364    -0.016693977166793
     0.016554548626858    -0.028812985418241    -0.031654889865205
     0.017285713309398    -0.032262639865205    -0.028701812799194
43 50
    -0.006013663989670    -0.004259586293777    -0.004478471214412
    -0.004399780738221    -0.002454979465860    -0.003837899785840
    -0.005108189468380    -0.003461300579491    -0.002001431846813
43 51
     0.009440143550013     0.000075868071303     0.000194110134795
     0.000194110134795    -0.001244691767448    -0.000249383912824
     0.000075868071303    -0.000106054547745    -0.001244691767448
43 52
     0.004692482835727    -0.000372127960443     0.002509762912572
    -0.000512239071555     0.004347873708743     0.002379366087176
     0.002379552595112     0.002688082357017     0.001982568153187
43 53
    -0.000346104465860     0.001246887912572     0.000770028785588
     0.001212090293525    -0.000257318751575     0.000860572436382
    -0.000629076373142    -0.000701860103301     0.003267933232552
43 54
     0.004414726883346     0.002509826404636    -0.000466135896951
     0.002844298626858     0.002198514581759     0.002498201404636
    -0.000724540658856     0.002481606166541     0.004672072121441
43 55
    -0.000617165973797     0.000503360134795     0.001631929579239
    -0.001303792642983     0.002291371724616    -0.000230483119174
     0.001920772833207     0.000913419658604    -0.001037265180146
43 56
     0.004757431248425     0.000515981166541     0.002512409737969
     0.000461953388763     0.004661843946838    -0.002474127960443
     0.002464889896699    -0.002707588277904     0.001920933232552
43 57
     0.030699334026203     0.017277010928445    -0.017316310500126
    -0.017023266849332    -0.028337503275384     0.031650651801461
     0.017167544658604     0.031800441484001    -0.028236413989670
43 58
     0.004762661407155    -0.002429790658856    -0.000406112087428
    -0.002458852166793     0.001789909423028    -0.002608979150920
    -0.000490290658856    -0.002351689468380     0.004668373708743
43 59
    -0.001071142164273    -0.000106612087428    -0.000021558515999
    -0.000000574389015    -0.000835421926178     0.000046008944318
     0.000028612118922    -0.000004701373142    -0.001169207640464
43 60
    -0.200396878275384    -0.046103574389015     0.045802558547493
    -0.046437443436634    -0.199616550894432     0.045806600214160
     0.046250913706223     0.045620606166541    -0.200025251291257
43 61
    -0.028534209624591    -0.032021671611237     0.017405546642731
    -0.031885764865205    -0.028467854465860     0.017385778785588
    -0.017149723198539    -0.017281741055682     0.031340042359536
43 62
    -0.006003753275384     0.004493254976064    -0.004564895817586
     0.004622477198287    -0.002036215576972     0.003656066484001
    -0.004655756928697     0.003596889896699    -0.002211836608718
43 63
    -0.000232209624591    -0.000664131928697    -0.001431243039809
     0.000870215293525     0.003229328073822    -0.000648405738221
    -0.001351578357269     0.000726943468128    -0.000071015180146
44 1
    -0.034845003275384     0.006096001007810    -0.044087223198539
     0.028317510928446     0.011103214978584     0.028317510928446
    -0.044087223198539     0.006096001007811    -0.034845003275384
44 2
    -0.002095277084908     0.001477663706223     0.000638689499874
     0.002954048626858     0.000889754661124    -0.001090883912824
     0.001934064499874     0.000592981166541     0.002470786407155
44 3
     0.001532859819854    -0.001251032722348     0.001610743071303
    -0.001976151769967     0.001660516565886     0.001579316484001
     0.001336614103049     0.001266806563366     0.001686548311917
44 4
    -0.003553838592844     0.000694288706223    -0.001038868039808
    -0.000422201373142     0.003612941169060    -0.000422201373142
    -0.001038868039809     0.000694288706223    -0.003553838592845
44 5
    -0.001511451688083    -0.004545161690602    -0.002439292642983
    -0.005284522801713    -0.004368921926178    -0.005284522801713
    -0.002439292642983    -0.004545161690602    -0.001511451688083
44 6
     0.002470786407155     0.000592981166541     0.001934064499874
    -0.001090883912824     0.000889754661124     0.002954048626858
     0.000638689499874     0.001477663706223    -0.002095277084908
44 7
     0.001686548311917     0.001266806563366     0.001336614103049
     0.001579316484001     0.001660516565886    -0.001976151769967
     0.001610743071303    -0.001251032722348     0.001532859819854
44 8
    -0.028225173910305     0.017357834341144     0.032666834341144
    -0.017289280738221     0.031787169343663     0.016632568468128
     0.032057401801461    -0.017431248992189    -0.028199796926178
44 9
     0.001854341962711     0.002319173626858    -0.003170229150920
     0.002319433547493     0.004313810216679     0.000150629976064
    -0.002710342246158     0.000977006960191     0.004589746724616
44 10
    -0.028491312799194    -0.034553981135047    -0.018210028754094
    -0.031144568436634    -0.026598435815067    -0.017563588277904
     0.018038749023684     0.016989322436382     0.030409286407155
44 11
    -0.002223320735702    -0.003660653754094     0.004279542674477
    -0.002621324389015    -0.000502362402368     0.003862590293525
     0.004008445452255     0.004009743071303    -0.006998838592845
44 12
    -0.001797154069035    -0.000097578357269    -0.000239197404888
     0.000094528785588    -0.002088344545226    -0.000194669627110
     0.000039348230033     0.000050348230033    -0.001098713592845
44 13
     0.002956294343663    -0.001979709309650    -0.003122268833459
    -0.002271268833459     0.004299397518267    -0.000253973198539
    -0.002161606135047     0.000101544658604     0.004374036407155
44 14
     0.003685764581759    -0.000749784706475     0.000769395849080
     0.000980975214160     0.000483607835727    -0.001220245023936
    -0.000670276769967    -0.001545677563618    -0.000540971529352
44 15
    -0.002076783037289     0.003672768864953     0.004426080372890
     0.003721778785588    -0.001944939783321    -0.004575810500126
     0.004454806563366    -0.004529969230285    -0.005839366370622
44 16
    -0.000177048910305    -0.000788066452507     0.001306985134795
     0.000701385928445     0.002782546327790     0.000701385928445
     0.001306985134795    -0.000788066452507    -0.000177048910305
44 17
     0.001399341962711     0.001122495055430    -0.001243550579491
     0.001276266880826     0.001574714978584     0.001276266880826
    -0.001243550579491     0.001122495055430     0.001399341962711
44 18
     0.000456562200806    -0.001050179547745     0.000753044658604
    -0.001599266849332    -0.000742995338876    -0.000230792642983
    -0.000104427563618     0.001064026801461     0.003256845930965
44 19
    -0.001365195735702    -0.004702358119173     0.003244372039556
    -0.003706570420761    -0.006091120338876     0.003728127991938
     0.002767066484001     0.004526205372890    -0.001826080656337
44 20
    -0.000165860418241    -0.000023129944570     0.000025241087176
     0.000080332357017    -0.000337753275384     0.000080332357017
     0.000025241087176    -0.000023129944570    -0.000165860418241
44 21
     0.001462466962711    -0.001373445420761    -0.001231580341396
    -0.001319584309650     0.001372101883346    -0.001319584309650
    -0.001231580341396    -0.001373445420761     0.001462466962711
44 22
     0.003256845930965     0.001064026801461    -0.000104427563618
    -0.000230792642983    -0.000742995338876    -0.001599266849332
     0.000753044658604    -0.001050179547745     0.000456562200806
44 23
    -0.001826080656337     0.004526205372890     0.002767066484001
     0.003728127991938    -0.006091120338876    -0.003706570420761
     0.003244372039557    -0.004702358119174    -0.001365195735702
44 24
     0.000446804264298     0.000924225214160    -0.001534748992189
     0.000282262912572     0.003291131645251     0.001265143864953
    -0.001614471214412    -0.000503866055682     0.000143038391282
44 25
    -0.001825106449987     0.003796645849080    -0.004673578357269
     0.003912820452255    -0.001162596529352     0.004085052595112
    -0.004912163674729     0.005399042674477    -0.005947814783321
44 26
    -0.028854846529352     0.031357766880826     0.017967042674477
     0.031755286722096    -0.028854846529352    -0.016345947404888
    -0.016345947404888     0.017967042674477     0.032191810216679
44 27
     0.002334191169060    -0.003436294627110     0.000320481166541
    -0.006078272801713     0.007719385613505     0.004336211325271
     0.004874118071303    -0.001493923595364     0.003000667359536
44 28
    -0.002226475497606    -0.000748131928697     0.000114635928445
    -0.001124298595364    -0.002474112402368     0.000350889896699
     0.000187326404636    -0.000483661690602     0.010562191169060
44 29
    -0.002484110418241    -0.003615199389015    -0.004494618039809
    -0.003559967246158    -0.002042054862686    -0.004275905738221
    -0.004483407722348    -0.004597145817586    -0.006776146132527
44 30
     0.003193274502394    -0.000907639865205    -0.000118231135047
     0.000657685531620     0.000266534423028     0.001714223230033
     0.000832092277652     0.001274504976065     0.000279169343663
44 31
     0.002198514581759     0.002481606166541     0.002509826404636
     0.002498201404636     0.004672072121441    -0.000466135896951
     0.002844298626858    -0.000724540658856     0.004414726883346
44 32
    -0.028199796926178    -0.017431248992189     0.032057401801461
     0.016632568468128     0.031787169343663    -0.017289280738221
     0.032666834341144     0.017357834341144    -0.028225173910305
44 33
     0.004589746724616     0.000977006960191    -0.002710342246158
     0.000150629976064     0.004313810216679     0.002319433547493
    -0.003170229150920     0.002319173626858     0.001854341962711
44 34
    -0.000540971529352    -0.001545677563618    -0.000670276769967
    -0.001220245023936     0.000483607835727     0.000980975214160
     0.000769395849080    -0.000749784706475     0.003685764581759
44 35
    -0.005839366370622    -0.004529969230285     0.004454806563366
    -0.004575810500126    -0.001944939783321     0.003721778785588
     0.004426080372890     0.003672768864953    -0.002076783037289
44 36
    -0.001098713592845     0.000050348230033     0.000039348230033
    -0.000194669627110    -0.002088344545226     0.000094528785588
    -0.000239197404888    -0.000097578357269    -0.001797154069035
44 37
     0.004374036407156     0.000101544658604    -0.002161606135047
    -0.000253973198539     0.004299397518267    -0.002271268833459
    -0.003122268833459    -0.001979709309650     0.002956294343663
44 38
     0.030409286407155     0.016989322436382     0.018038749023684
    -0.017563588277904    -0.026598435815067    -0.031144568436634
    -0.018210028754094    -0.034553981135047    -0.028491312799194
44 39
    -0.006998838592844     0.004009743071302     0.004008445452255
     0.003862590293525    -0.000502362402368    -0.002621324389015
     0.004279542674477    -0.003660653754094    -0.002223320735702
44 40
    -0.029551461608718     0.017665127991938    -0.034206090262031
    -0.016518014865205     0.031491647518267    -0.016518014865205
    -0.034206090262031     0.017665127991938    -0.029551461608718
44 41
    -0.195030564783321     0.041592935531620    -0.041644306531872
     0.044697405769715    -0.198253138196019     0.044697405769715
    -0.041644306531872     0.041592935531620    -0.195030564783321
44 42
    -0.031099330656337     0.031192316484001    -0.016352094230285
     0.031266502991938    -0.028370007243638     0.017718495055430
     0.015487364103049    -0.017405324389015     0.031366816169060
44 43
     0.004907976883346    -0.003022102166793     0.000547235134795
    -0.002250314468380     0.002055982835727     0.002112241087176
     0.000846879976065     0.002131441484001     0.004699228867473
44 44
     0.869623060216679    -0.001403348198539    -0.015209931531872
    -0.001403348198539     0.884526996724616    -0.001403348198539
    -0.015209931531872    -0.001403348198539     0.869623060216679
44 45
    -0.185800582640464    -0.053308032722348    -0.026323772801713
    -0.051272909706475    -0.205656840576972    -0.051272909706475
    -0.026323772801713    -0.053308032722348    -0.185800582640464
44 46
     0.031366816169060    -0.017405324389015     0.015487364103049
     0.017718495055430    -0.028370007243638     0.031266502991938
    -0.016352094230285     0.031192316484001    -0.031099330656337
44 47
     0.004699228867473     0.002131441484001     0.000846879976064
     0.002112241087176     0.002055982835727    -0.002250314468380
     0.000547235134795    -0.003022102166793     0.004907976883346
44 48
     0.000143038391282    -0.000503866055682    -0.001614471214412
     0.001265143864953     0.003291131645251     0.000282262912572
    -0.001534748992189     0.000924225214160     0.000446804264298
44 49
    -0.005947814783321     0.005399042674477    -0.004912163674729
     0.004085052595112    -0.001162596529352     0.003912820452255
    -0.004673578357269     0.003796645849080    -0.001825106449987
44 50
     0.000279169343663     0.001274504976064     0.000832092277652
     0.001714223230033     0.000266534423028     0.000657685531620
    -0.000118231135047    -0.000907639865205     0.003193274502394
44 51
     0.004414726883346    -0.000724540658856     0.002844298626858
    -0.000466135896951     0.004672072121441     0.002498201404636
     0.002509826404636     0.002481606166541     0.002198514581759
44 52
     0.010562191169060    -0.000483661690602     0.000187326404636
     0.000350889896699    -0.002474112402368    -0.001124298595364
     0.000114635928445    -0.000748131928697    -0.002226475497606
44 53
    -0.006776146132527    -0.004597145817586    -0.004483407722348
    -0.004275905738221    -0.002042054862686    -0.003559967246158
    -0.004494618039809    -0.003615199389015    -0.002484110418241
44 54
     0.032191810216679     0.017967042674477    -0.016345947404888
    -0.016345947404888    -0.028854846529352     0.031755286722096
     0.017967042674477     0.031357766880826    -0.028854846529352
44 55
     0.003000667359536    -0.001493923595364     0.004874118071303
     0.004336211325271     0.007719385613505    -0.006078272801713
     0.000320481166541    -0.003436294627110     0.002334191169060
44 56
    -0.000078360418241     0.000782197436382     0.001181973230033
    -0.000605542642983     0.003405982835727    -0.000605542642983
     0.001181973230033     0.000782197436382    -0.000078360418241
44 57
     0.004696917359536     0.002761227198287    -0.000767497008062
     0.002605362118922     0.002208510613505     0.002605362118922
    -0.000767497008062     0.002761227198287     0.004696917359536
44 58
    -0.028529880259511    -0.032066449389015     0.017910076404636
    -0.032249723198539    -0.028806701688083     0.017925606166541
    -0.017257207325523    -0.017287903754094     0.031781955057949
44 59
    -0.200035058830940    -0.046201020817586     0.044373879976065
    -0.046188320420761    -0.198883658037289     0.044064594261779
     0.046862570452255     0.046701584341144    -0.199833876291257
44 60
    -0.001555169942051    -0.000028858119174    -0.000075502960443
    -0.000033189468380    -0.001230287005543    -0.000033189468380
    -0.000075502960443    -0.000028858119174    -0.001555169942051
44 61
     0.004684748708743    -0.002830455341396    -0.000774764865205
    -0.002510885896951     0.002013909423028    -0.002510885896951
    -0.000774764865205    -0.002830455341396     0.004684748708743
44 62
     0.031781955057949    -0.017287903754094    -0.017257207325523
     0.017925606166541    -0.028806701688083    -0.032249723198539
     0.017910076404636    -0.032066449389015    -0.028529880259511
44 63
    -0.199833876291257     0.046701584341144     0.046862570452255
     0.044064594261779    -0.198883658037289    -0.046188320420761
     0.044373879976064    -0.046201020817586    -0.200035058830940
45 1
    -0.160421396132527     0.056425314499874     0.024720935531620
    -0.020612673595364    -0.114215372323003    -0.020612673595364
     0.024720935531620     0.056425314499874    -0.160421396132527
45 2
     0.001301955057949    -0.002713647801713     0.000749473230033
    -0.000161010896951     0.000428667359536     0.002020681563366
    -0.001410026769967    -0.001145455341396    -0.000804606449987
45 3
     0.000262966962711     0.001280530769715     0.000236276801461
     0.002652538706223    -0.001026820735702     0.001553381960191
     0.000594897833207    -0.000926879944570     0.002144030454775
45 4
    -0.004493731449987    -0.000745147801713    -0.004985709309650
     0.000678864103048     0.004165353867473     0.000678864103049
    -0.004985709309650    -0.000745147801713    -0.004493731449987
45 5
    -0.000334469545226    -0.001735848198539     0.000881866087176
     0.002379042674477     0.006914115772235     0.002379042674477
     0.000881866087176    -0.001735848198539    -0.000334469545226
45 6
    -0.000804606449987    -0.001145455341396    -0.001410026769967
     0.002020681563366     0.000428667359536    -0.000161010896951
     0.000749473230033    -0.002713647801713     0.001301955057949
45 7
     0.002144030454774    -0.000926879944570     0.000594897833207
     0.001553381960192    -0.001026820735702     0.002652538706223
     0.000236276801461     0.001280530769715     0.000262966962711
45 8
     0.004824433232552     0.000563897833207    -0.003270631928697
     0.000775534737969     0.004377582042076     0.002857633944318
    -0.002349939468380     0.002163814499874     0.001624060216679
45 9
    -0.029138550894432    -0.016630012881078     0.033299054579239
     0.016909624023683     0.033035722915092    -0.016840679547745
     0.033361941484001     0.016279820452255    -0.029351396132527
45 10
    -0.208183080656337    -0.048698417642983     0.050229504976065
    -0.053471377960443    -0.194345148116654     0.038723602198287
     0.053733907753842     0.037464260928445    -0.191835106449987
45 11
    -0.030862838592844    -0.033882590262031     0.018207701404636
    -0.034075133912824    -0.030571699703956     0.017394655769715
    -0.018821770817586    -0.016052818436634     0.031538768550012
45 12
    -0.000036546926178    -0.001062764865205    -0.000773038674729
    -0.002043780738221     0.005534318153187    -0.000877354150920
    -0.002906743039809     0.000372036722096     0.004413143550013
45 13
    -0.002620098513480     0.000264479182414     0.000547264896699
     0.001363296642731    -0.000139064783321    -0.000470657722348
    -0.001062822404888    -0.000136016849332    -0.000321856449987
45 14
    -0.002478878275384     0.004381528785588     0.003043429579239
     0.005519915690350    -0.007173854465860    -0.005205679547745
     0.002985131960192    -0.004061239071555    -0.002409489386495
45 15
     0.002863449105568     0.001007957357017    -0.001156510896951
    -0.000694905738221    -0.000536777084908    -0.001647370023936
     0.000485090293525    -0.001712155738221    -0.000729134227765
45 16
     0.004514433232552     0.002692872039557    -0.000757981135047
     0.003011826404636     0.000787334026203     0.003011826404636
    -0.000757981135047     0.002692872039557     0.004514433232552
45 17
    -0.000110800894432     0.001110058547493     0.001864108150668
    -0.000792667642983     0.002219627676997    -0.000792667642983
     0.001864108150668     0.001110058547493    -0.000110800894432
45 18
    -0.006539955656337    -0.003810116055681     0.003869578388763
    -0.003704076373142    -0.001066957640464     0.003516772833207
     0.004043231166541     0.004552215293525    -0.003812796926178
45 19
     0.000579161407156    -0.001766294627110    -0.001156219230285
    -0.000364754944570    -0.000177207640463     0.001556193468128
     0.001694850214160    -0.000677981135047     0.002554651486521
45 20
     0.001285121724616    -0.000888066452507    -0.001577225182666
    -0.001028602166793     0.001867909423028    -0.001028602166793
    -0.001577225182666    -0.000888066452507     0.001285121724616
45 21
    -0.000239050894432     0.000337243071303    -0.000236796611237
     0.000198356166541    -0.000224985418241     0.000198356166541
    -0.000236796611237     0.000337243071303    -0.000239050894432
45 22
    -0.003812796926178     0.004552215293525     0.004043231166541
     0.003516772833207    -0.001066957640464    -0.003704076373142
     0.003869578388763    -0.003810116055682    -0.006539955656337
45 23
     0.002554651486520    -0.000677981135047     0.001694850214160
     0.001556193468128    -0.000177207640463    -0.000364754944570
    -0.001156219230285    -0.001766294627110     0.000579161407155
45 24
    -0.006904713592845     0.004051913706223    -0.004909090262031
     0.002365203388763    -0.000673330656337     0.002636334341144
    -0.003464437484253     0.002305822436382    -0.002301729465860
45 25
    -0.001853249307130    -0.001245290658856    -0.002387419627110
     0.003191260928445     0.002724441169060     0.000263993071303
    -0.002470129944570    -0.000293643833459    -0.000885957640464
45 26
     0.007719385613505    -0.003436294627110    -0.001493923595364
    -0.006078272801713     0.002334191169060     0.004874118071303
     0.004336211325271     0.000320481166541     0.003000667359536
45 27
    -0.029081201688083     0.013435143864953    -0.026161485103300
     0.039669417674477    -0.029081201688083     0.012699776801461
     0.012699776801461    -0.026161485103301     0.026710524502394
45 28
    -0.001680618354749    -0.003380693436634    -0.004103330341396
    -0.002577858119174    -0.003435199703956    -0.003748294627110
    -0.004681764865205    -0.004057098198539    -0.006454576688083
45 29
    -0.000491253275384    -0.000939510896951    -0.000802709309650
    -0.000866526769967     0.000074982835727    -0.000105590262031
    -0.000208998992189    -0.000005332325523     0.010658461010330
45 30
     0.000675631645251     0.001196423626858     0.001435302595112
     0.000920751007811     0.001286947121441    -0.001144086293777
     0.000638376007811    -0.001830181531872     0.001697401486520
45 31
     0.002291371724616     0.000913419658604     0.000503360134795
    -0.000230483119174    -0.001037265180146     0.001631929579239
    -0.001303792642983     0.001920772833207    -0.000617165973797
45 32
     0.001624060216679     0.002163814499874    -0.002349939468380
     0.002857633944318     0.004377582042076     0.000775534737969
    -0.003270631928697     0.000563897833207     0.004824433232552
45 33
    -0.029351396132527     0.016279820452255     0.033361941484001
    -0.016840679547745     0.033035722915092     0.016909624023683
     0.033299054579239    -0.016630012881078    -0.029138550894432
45 34
    -0.002409489386495    -0.004061239071555     0.002985131960192
    -0.005205679547745    -0.007173854465860     0.005519915690350
     0.003043429579239     0.004381528785588    -0.002478878275384
45 35
    -0.000729134227765    -0.001712155738221     0.000485090293525
    -0.001647370023936    -0.000536777084908    -0.000694905738221
    -0.001156510896951     0.001007957357017     0.002863449105568
45 36
     0.004413143550013     0.000372036722096    -0.002906743039809
    -0.000877354150920     0.005534318153187    -0.002043780738221
    -0.000773038674729    -0.001062764865205    -0.000036546926178
45 37
    -0.000321856449987    -0.000136016849332    -0.001062822404888
    -0.000470657722348    -0.000139064783321     0.001363296642731
     0.000547264896699     0.000264479182414    -0.002620098513479
45 38
    -0.191835106449987     0.037464260928445     0.053733907753842
     0.038723602198287    -0.194345148116654    -0.053471377960443
     0.050229504976064    -0.048698417642983    -0.208183080656337
45 39
     0.031538768550013    -0.016052818436634    -0.018821770817586
     0.017394655769715    -0.030571699703956    -0.034075133912824
     0.018207701404636    -0.033882590262031    -0.030862838592844
45 40
    -0.000510354465860     0.002747691484001    -0.001907056531872
     0.004790675610985    -0.003421314783321     0.004790675610985
    -0.001907056531872     0.002747691484001    -0.000510354465860
45 41
    -0.027968332640464    -0.009878000976316    -0.031828272801713
     0.018536471245906     0.029581524502394     0.018536471245906
    -0.031828272801713    -0.009878000976316    -0.027968332640464
45 42
     0.001785776486520    -0.001852370023935     0.002035814499874
    -0.002346181531872     0.004582155454774     0.000270435531620
     0.002891397833207     0.000825739103049     0.004713548311917
45 43
    -0.027393290973797     0.029842336325271     0.011742393864953
     0.029379251007811    -0.027936354465860    -0.011623068436634
    -0.018888961293777     0.018674129976065     0.031239461010330
45 44
    -0.185800582640464    -0.051272909706475    -0.026323772801713
    -0.053308032722348    -0.205656840576972    -0.053308032722348
    -0.026323772801713    -0.051272909706475    -0.185800582640464
45 45
     0.819229274502394     0.051116030769715    -0.106793114071555
     0.051116030769715     0.821352072121441     0.051116030769715
    -0.106793114071555     0.051116030769715     0.819229274502393
45 46
     0.004713548311917     0.000825739103049     0.002891397833207
     0.000270435531620     0.004582155454774    -0.002346181531872
     0.002035814499874    -0.001852370023935     0.001785776486520
45 47
     0.031239461010330     0.018674129976065    -0.018888961293777
    -0.011623068436634    -0.027936354465860     0.029379251007811
     0.011742393864953     0.029842336325271    -0.027393290973797
45 48
    -0.002301729465860     0.002305822436382    -0.003464437484253
     0.002636334341144    -0.000673330656337     0.002365203388763
    -0.004909090262031     0.004051913706223    -0.006904713592845
45 49
    -0.000885957640464    -0.000293643833459    -0.002470129944570
     0.000263993071303     0.002724441169060     0.003191260928445
    -0.002387419627110    -0.001245290658856    -0.001853249307130
45 50
     0.001697401486520    -0.001830181531872     0.000638376007811
    -0.001144086293777     0.001286947121441     0.000920751007811
     0.001435302595112     0.001196423626858     0.000675631645251
45 51
    -0.000617165973797     0.001920772833207    -0.001303792642983
     0.001631929579239    -0.001037265180146    -0.000230483119174
     0.000503360134795     0.000913419658604     0.002291371724616
45 52
    -0.006454576688083    -0.004057098198539    -0.004681764865205
    -0.003748294627110    -0.003435199703956    -0.002577858119174
    -0.004103330341396    -0.003380693436634    -0.001680618354749
45 53
     0.010658461010330    -0.000005332325523    -0.000208998992189
    -0.000105590262031     0.000074982835727    -0.000866526769967
    -0.000802709309650    -0.000939510896951    -0.000491253275384
45 54
     0.003000667359536     0.000320481166541     0.004336211325271
     0.004874118071303     0.002334191169060    -0.006078272801713
    -0.001493923595364    -0.003436294627110     0.007719385613505
45 55
     0.026710524502394    -0.026161485103300     0.012699776801461
     0.012699776801461    -0.029081201688083     0.039669417674477
    -0.026161485103301     0.013435143864953    -0.029081201688083
45 56
     0.001344496724616     0.001314385928445    -0.001547368039809
     0.001407772833207     0.001467645534140     0.001407772833207
    -0.001547368039809     0.001314385928445     0.001344496724616
45 57
    -0.000591350497606    -0.000805709309650     0.001506536722096
     0.001162052595112     0.003151798311917     0.001162052595112
     0.001506536722096    -0.000805709309650    -0.000591350497606
45 58
    -0.002212398116654    -0.002922885896951     0.003420235134795
    -0.003552032722348    -0.002718288989670     0.004830671642731
     0.004490076404636     0.004929659737969    -0.007403437799194
45 59
    -0.028871201688083    -0.033585207325523    -0.015945711293777
    -0.032588129944570    -0.027617745338876    -0.018146965262031
     0.015953604182414     0.016442397833207     0.032707980851600
45 60
     0.005491812200806    -0.001583169627110    -0.000625594230285
    -0.002864373992190     0.000632750692870    -0.002864373992189
    -0.000625594230285    -0.001583169627110     0.005491812200806
45 61
    -0.001426769148400     0.000962858150668     0.000111018864953
     0.000312554579239    -0.002305802878559     0.000312554579239
     0.000111018864953     0.000962858150668    -0.001426769148400
45 62
    -0.007403437799194     0.004929659737969     0.004490076404636
     0.004830671642731    -0.002718288989670    -0.003552032722348
     0.003420235134795    -0.002922885896951    -0.002212398116654
45 63
     0.032707980851600     0.016442397833207     0.015953604182414
    -0.018146965262031    -0.027617745338876    -0.032588129944570
    -0.015945711293777    -0.033585207325523    -0.028871201688083
46 1
    -0.000552747323003    -0.000693280738221    -0.000494510896951
    -0.000302090262031     0.000502211010330    -0.001880574389015
    -0.001804052563618     0.001850852198287     0.003626605851600
46 2
    -0.033333021132527    -0.003037493039809     0.040818776801461
    -0.009371427563618     0.021590375692870     0.013346030769715
     0.041158360134795     0.003990707357017    -0.032817229465861
46 3
     0.002764740772235     0.001575185531620    -0.003410919627110
     0.002082997039557     0.006705262597632     0.001875481166541
    -0.003775090262031     0.000058282753842     0.004393782438902
46 4
     0.001887792359536    -0.000189993039809    -0.000644905738221
    -0.000389177563618    -0.001351312799194     0.003817963309398
    -0.000058447404888     0.002792389896699    -0.001625729465861
46 5
     0.002051429264298     0.002062556563366     0.001771669658604
     0.002024751007810     0.005818074105568    -0.000766358119174
     0.002925877991938    -0.000989560500126     0.005005657438901
46 6
    -0.002738582640464    -0.000163675579491    -0.000457723198539
     0.000664764896699     0.008256000692870    -0.002119161690602
     0.000028110134794     0.000393014896699    -0.002878542957924
46 7
    -0.002034320735702    -0.004346225182666    -0.002469423595364
    -0.004404534706475    -0.006634237402368    -0.001806487087428
    -0.003225586293777    -0.004356181531872    -0.002581031053162
46 8
    -0.028812042957924     0.033767677595112     0.017143296642731
     0.031685618071303    -0.029143959624591    -0.017365016849332
    -0.016899427563618     0.017572102198287     0.027688812200806
46 9
     0.001539722915092    -0.002399483119174     0.002525483150668
    -0.002530792642983     0.004483181248425     0.000002669658604
     0.002761328388763     0.000627983150668     0.005082105851600
46 10
    -0.027640431846813    -0.016929762881078    -0.032312316452507
     0.017065830372890     0.031801935216679     0.016598701404636
    -0.032306455341396    -0.016326951373142    -0.029091854465860
46 11
    -0.002462814783321     0.004058064499874    -0.003488620023936
     0.001886574420509    -0.006218116370622     0.003828004976065
    -0.002511133912824     0.003904719261779    -0.001455854465860
46 12
     0.003344851883346     0.000906139896699    -0.000267360103301
    -0.001019197404888     0.000272651486521    -0.001542254944570
     0.000676518864953    -0.001527425579491    -0.000625729465860
46 13
    -0.000343449703956     0.003019633944318     0.001379693468128
     0.004707254976064    -0.006765231449987    -0.005062933515999
     0.002072064499874    -0.003060354150920    -0.000843729465861
46 14
    -0.002220854465860    -0.000029191452507     0.000085108150668
     0.000475624023684    -0.001551271132527     0.000198669658604
     0.000122268864953     0.000138673626858    -0.001012737402368
46 15
     0.002148972915092    -0.002505887881078    -0.002889832325523
    -0.002303447404888     0.004384556248425    -0.000293645817586
    -0.002842647801713    -0.000453243039808     0.004855117756362
46 16
    -0.000429167957924     0.001484776801461    -0.000858177563618
     0.000935909737969    -0.000986582640464    -0.000073574389015
     0.001064280769715     0.000734409737969     0.003023560216679
46 17
     0.001504722915092    -0.001229411690602     0.001090786722096
    -0.001195584309650     0.001610461010330     0.001274681563366
     0.001024620055430     0.001116971245906     0.001558076089695
46 18
    -0.000248806846813     0.000823163706223    -0.001278618039808
    -0.000970618039809     0.002792500692870     0.000731747039557
    -0.001218881928697    -0.000602247008062     0.000133330057949
46 19
    -0.002441064783321     0.003268235134795    -0.004215290658856
     0.002652078388763    -0.001739624307130     0.005550167674477
    -0.004239762881078     0.003844806563366    -0.005564346529352
46 20
     0.003176270534140    -0.000434036690602     0.001291578388763
     0.000153106166541    -0.000801257243638    -0.001229127960443
    -0.000921838277904    -0.001519653754094    -0.000393376291257
46 21
    -0.002286027084908     0.003804647833207     0.003756881960191
     0.003712939499874    -0.002193902084908    -0.003937544627110
     0.004125465293525    -0.004709344230285    -0.006122673910305
46 22
    -0.000172648116654     0.000029120055430     0.000146909737969
    -0.000106268833459    -0.000100499307130     0.000063022833207
     0.000032215293525     0.000057046642731    -0.000298578672210
46 23
     0.001523300296044    -0.001386701373142    -0.001453971214412
    -0.001421223198539     0.001048750692870    -0.002728530738221
    -0.001327832325523    -0.001237631928697     0.001519788391282
46 24
    -0.030671189783321    -0.032256556531872    -0.017311536690602
    -0.030771088277904    -0.030536872323003    -0.016713191452507
     0.017222449420509     0.017840110134795     0.032159022518267
46 25
    -0.002153100497606    -0.004255385896951     0.004216633944318
    -0.004594280738221    -0.001583725497606     0.004294217277652
     0.005044506960191     0.004859893864953    -0.005884580656337
46 26
     0.000266534423028    -0.000907639865205     0.001274504976064
     0.000657685531620     0.003193274502394     0.000832092277652
     0.001714223230033    -0.000118231135047     0.000279169343663
46 27
     0.001286947121441     0.001196423626858    -0.001830181531872
     0.000920751007811     0.000675631645251     0.000638376007811
    -0.001144086293777     0.001435302595112     0.001697401486521
46 28
     0.003585905454774     0.001138961325271     0.000794723230033
     0.000211225214160    -0.000453491370622     0.002011929579239
    -0.000778627960443     0.001507689499874    -0.000513949703956
46 29
     0.001692270534140     0.001437518864953     0.001022719261779
     0.001275931563366     0.001613816169060    -0.001282616055682
     0.001065512912572    -0.001409294627110     0.001597337994457
46 30
    -0.001190469545225    -0.000850546611237    -0.000126018833459
     0.000196834341144    -0.001190469545226     0.000079387912572
     0.000079387912572    -0.000126018833459     0.010393528470648
46 31
    -0.002454979465860    -0.003461300579491    -0.004259586293777
    -0.003837899785840    -0.002001431846813    -0.004478471214412
    -0.004399780738221    -0.005108189468380    -0.006013663989670
46 32
    -0.000689290973797     0.001421844261779     0.000729364103049
     0.001726092277652     0.000235040375409     0.001005758944318
    -0.000515120023936    -0.000888064468380     0.003328560216679
46 33
     0.005055252676997    -0.000779899785840     0.002893745055430
     0.000230403785588     0.004438306248425     0.002489348230033
     0.002620941484001     0.002184274817334     0.001562326089695
46 34
    -0.028414840576972     0.016754040690350    -0.032374064468380
    -0.015846471214412     0.032456728867473    -0.016516610103301
    -0.032274433515999     0.017207816484001    -0.027512626291257
46 35
    -0.198332610418241     0.044663249023684    -0.044826356135047
     0.043620838309398    -0.197784818751575     0.045563568468128
    -0.048395998992189     0.046863495055430    -0.199937298910305
46 36
     0.028106792359536    -0.017475308515999    -0.016922689468380
     0.017599479182414    -0.029045598513479    -0.031866056531872
     0.017232598230033    -0.034567477166793    -0.029588669942051
46 37
    -0.176782957640464     0.060010887912572     0.026392606166541
     0.040169175610985    -0.193312981449987    -0.040516604150920
     0.026311026801461    -0.060605108119174    -0.175965346529352
46 38
    -0.000857707640464    -0.000145584309650     0.000008461325271
    -0.000345689468380    -0.001493314783321    -0.000352153754094
    -0.000406358119174     0.000008620055430    -0.002240578672210
46 39
     0.004138542359536    -0.000150038674729    -0.003582967246158
    -0.001373385896951     0.005689508629378    -0.002850159706475
    -0.003009411690602    -0.001374552563618     0.002783288391282
46 40
    -0.029385580656337    -0.031919528754094     0.018377997039557
    -0.031815241055682    -0.028069106449987     0.017691649817334
    -0.016326294627110    -0.016549395817586     0.030036397518267
46 41
    -0.191153808830940    -0.046037721214412     0.034398530769715
    -0.046808945420761    -0.198302892164273     0.046265070452255
     0.035225739103049     0.044050286722096    -0.188410080656337
46 42
    -0.030993574703956    -0.014917090262031     0.035868993071303
     0.015291776801461     0.030721238788108    -0.014917090262031
     0.035247659737969     0.015291776801461    -0.030993574703956
46 43
     0.004785982835727     0.000565116087176    -0.003122552563618
     0.000271334341144     0.004537853867473     0.002461030769715
    -0.003068074389015     0.002489917674477     0.002448087994457
46 44
     0.031366816169060     0.017718495055430    -0.016352094230285
    -0.017405324389015    -0.028370007243638     0.031192316484001
     0.015487364103049     0.031266502991938    -0.031099330656337
46 45
     0.004713548311917     0.000270435531620     0.002035814499874
     0.000825739103049     0.004582155454774    -0.001852370023935
     0.002891397833207    -0.002346181531872     0.001785776486520
46 46
     0.858622822121441     0.002117268864953     0.024953326404636
     0.002117268864953     0.875317738788107    -0.002836082325523
     0.024953326404636    -0.002836082325523     0.858000778470647
46 47
    -0.200723765180146    -0.046103340262031    -0.047488157722348
    -0.045530860103301    -0.198405521132527    -0.044018774785840
    -0.043337219230285    -0.044295875976316    -0.198351288989670
46 48
    -0.000503080656337    -0.001529022801713    -0.000741883912824
    -0.002130707325523    -0.000328622323003    -0.000151447404888
     0.000696296642731    -0.001081548595364     0.003555913391282
46 49
    -0.005650558830940    -0.005149239071555     0.004700798626858
    -0.004651548595364    -0.002225475497606     0.004016360134795
     0.004348217277652     0.004435247039557    -0.001841747323003
46 50
    -0.000513949703956     0.000794723230033     0.002011929579239
    -0.000778627960443     0.003585905454774     0.000211225214160
     0.001507689499874     0.001138961325271    -0.000453491370622
46 51
     0.004692482835727     0.002379552595112    -0.000512239071555
     0.002509762912572     0.001982568153187     0.002379366087176
    -0.000372127960443     0.002688082357017     0.004347873708743
46 52
     0.031545322121441    -0.017177568436634     0.017035038706223
     0.017035038706223    -0.030848991370622     0.031378866087176
    -0.017177568436634     0.031493719261779    -0.030848991370622
46 53
     0.004817234819854     0.002398947436382     0.000729554579239
     0.002426993071303     0.002282316169060    -0.002496802563618
     0.000948552595112    -0.002620473198539     0.004796498708743
46 54
     0.010562191169060     0.000114635928445     0.000350889896699
     0.000187326404636    -0.002226475497606    -0.001124298595364
    -0.000483661690602    -0.000748131928697    -0.002474112402368
46 55
    -0.006454576688083    -0.004103330341396    -0.003748294627110
    -0.004681764865205    -0.001680618354749    -0.002577858119174
    -0.004057098198539    -0.003380693436634    -0.003435199703956
46 56
    -0.028782479465860     0.031929165690350    -0.016702064468380
     0.031659106166541    -0.028469896132527     0.016562497039557
     0.017293643864953    -0.016875326373142     0.030996623708743
46 57
     0.004604923311917    -0.002996054547745     0.000742340293525
    -0.002716864071555     0.002216756645251     0.002576526801461
     0.000529048626858     0.002939328388763     0.004800151486521
46 58
    -0.000162249307130    -0.000619231135047    -0.001487211293777
     0.000800800610985     0.003166919343663    -0.000820104150920
    -0.001453786690602     0.000823072436382    -0.000105435815067
46 59
    -0.006010802878559     0.004954322436382    -0.004635282722348
     0.004454328388763    -0.001721537005543     0.003758633944318
    -0.004193258912824     0.003249810531620    -0.001993142164273
46 60
     0.031385086010330     0.017341985134795     0.017651959341144
    -0.016765665658856    -0.029078165973797    -0.032260899785840
    -0.016995207325523    -0.032630631928697    -0.029496685815067
46 61
    -0.006263995338876     0.004689387912572     0.004247947436382
     0.003969637912572    -0.002054094545225    -0.003655471214412
     0.003874780769715    -0.003915729150920    -0.002057392164273
46 62
    -0.001385163989670     0.000156689499874    -0.000022870023935
     0.000102004976064    -0.001151205656337    -0.000062433515999
    -0.000004877960443    -0.000281848198539    -0.001371896132527
46 63
     0.004076254661124    -0.002673322404888    -0.000160342246158
    -0.002238256928697     0.001859587994457    -0.002540655738221
    -0.000761324389015    -0.002314419627110     0.004444925296044
47 1
    -0.004676459624591    -0.006521534706475     0.008299943468128
    -0.005588199389015    -0.001726298910305     0.004571381960191
     0.005483713309398     0.003968159737969    -0.002091211608718
47 2
     0.001577766565886    -0.001536872008063    -0.003780268833459
    -0.001548661690602     0.001814865772235     0.003480737118922
    -0.001190998992189     0.001501639896699     0.003175078073822
47 3
    -0.027078596529352    -0.015079068436634     0.033187659737969
     0.017599637912572     0.030646627676997    -0.016027937484253
     0.030062050610985     0.012923340293525    -0.030469035021416
47 4
     0.000590580057949     0.001001002991938     0.000561048626858
     0.001480088309398     0.000770552280171    -0.000690705341396
     0.000535943468128    -0.000822052563618     0.000605953073822
47 5
     0.002929466962711     0.001426177595112     0.000459499023684
    -0.000582108119174    -0.000364935815067     0.001167973230033
    -0.000735856135047     0.001261622039557    -0.000477910021416
47 6
    -0.002737294942051    -0.005755554547745    -0.003568143833459
    -0.002880094230285    -0.006763509227765    -0.004052455341396
    -0.003516248992190    -0.004029802563618    -0.003773985418241
47 7
    -0.001766783037289    -0.000135354150920     0.000197905769715
    -0.001819643833459     0.008608252676997    -0.000912905738221
    -0.000658820420761     0.000005501007811    -0.000866723513479
47 8
     0.004890619740489    -0.002671576373142     0.000639626007811
    -0.002560116055682     0.001847905454774     0.002747564499874
     0.000334213309398     0.002653909737969     0.004859369740489
47 9
    -0.028220489386495     0.031362887912572    -0.017470187484253
     0.031508848230033    -0.028173078672210     0.016909876007811
     0.016961219261779    -0.017242834309650     0.030622288391282
47 10
    -0.200928144148400     0.044066733150668    -0.044299487087428
     0.045648721245906    -0.200383449703956     0.047694032753842
    -0.045043314468380     0.046738231166541    -0.198240921926178
47 11
    -0.029045152084908     0.017797060531620    -0.032615540658856
    -0.016184409706475     0.031265748708743    -0.016621288674729
    -0.031950743039809     0.017756401801461    -0.028809171926178
47 12
    -0.002146485418241     0.004485385928445     0.004434844261779
     0.004117068468128    -0.002159608434114    -0.004336673595364
     0.004287034737969    -0.004373743039809    -0.005877296926178
47 13
     0.002621212994457    -0.000675870023936     0.000962397833207
     0.000538020849080     0.000209883629378    -0.001413477166793
    -0.000306419627110    -0.001864046611237    -0.000747421926178
47 14
     0.001891558232552    -0.002592570420761    -0.002846812484253
    -0.002692860103301     0.004794718946838    -0.000500123992189
    -0.002638465262031    -0.000334393833459     0.004734445137314
47 15
    -0.000851989386495    -0.000012266849332     0.000111872039557
    -0.000061181531872    -0.001041203672210     0.000014685531620
     0.000047368071303    -0.000069935500126    -0.000960074703956
47 16
     0.004741744740489    -0.000445727166793     0.002448026801461
    -0.000492699389015     0.004725532438901     0.002539381960191
     0.002376171642731     0.002241217277652     0.001916992756362
47 17
    -0.000312239386495     0.001548459341144     0.000716991087176
     0.001172056563366    -0.000235048910305     0.000647637912572
    -0.000692364071555    -0.000725471214412     0.003201383629378
47 18
    -0.006650144148400     0.004204909737969    -0.004420538674729
     0.004944772833207    -0.002069509227765     0.003763828388763
    -0.004736866055682     0.004082810531620    -0.002502612402368
47 19
    -0.000586402084908    -0.000596268833459    -0.001452836293777
     0.000834719261779     0.002932865772235    -0.000652375976317
    -0.001200997008062     0.000742614103049    -0.000561913989670
47 20
    -0.002100691767448     0.004507459341144     0.003873157753842
     0.004878622039557    -0.005511767164273    -0.004255796611237
     0.003901052595112    -0.004034846214412    -0.002467318751575
47 21
     0.003303010613505     0.000719268864953    -0.000690288674729
    -0.000667294627110    -0.000233287005543    -0.001349963277904
     0.000770106166541    -0.001365786690602    -0.000160241370622
47 22
     0.001374514581759    -0.001315258912824    -0.001305260896951
    -0.001256002960443     0.001546740772235    -0.001286020817586
    -0.001238768833459    -0.001215645817586     0.001431103867473
47 23
    -0.000288912005543     0.000179669658604     0.000166983150668
     0.000220292674477    -0.000238884227765    -0.000294949389015
    -0.000174566452507     0.000200050610985    -0.000252654069035
47 24
    -0.198141027084908    -0.047608935500126     0.044602292674477
    -0.045580197404888    -0.200416132243638     0.044720764896699
     0.042969465293525     0.047952542674477    -0.197836419942051
47 25
    -0.028701812799194    -0.032262639865205     0.017285713309398
    -0.031654889865205    -0.028812985418241     0.016554548626858
    -0.016693977166793    -0.016920673595364     0.030886601883346
47 26
     0.004672072121441     0.002481606166541    -0.000724540658856
     0.002498201404636     0.002198514581759     0.002844298626858
    -0.000466135896951     0.002509826404636     0.004414726883346
47 27
    -0.001037265180146     0.000913419658604     0.001920772833207
    -0.000230483119174     0.002291371724616    -0.001303792642983
     0.001631929579239     0.000503360134795    -0.000617165973797
47 28
     0.001982568153187     0.002688082357017     0.002379552595112
     0.002379366087176     0.004347873708743    -0.000512239071555
     0.002509762912572    -0.000372127960443     0.004692482835727
47 29
     0.003267933232552    -0.000701860103301    -0.000629076373142
     0.000860572436382    -0.000257318751575     0.001212090293525
     0.000770028785588     0.001246887912572    -0.000346104465860
47 30
    -0.002001431846813    -0.003461300579491    -0.005108189468380
    -0.003837899785840    -0.002454979465860    -0.004399780738221
    -0.004478471214412    -0.004259586293777    -0.006013663989670
47 31
    -0.001244691767448    -0.000106054547745     0.000075868071303
    -0.000249383912824    -0.001244691767448     0.000194110134795
     0.000194110134795     0.000075868071303     0.009440143550013
47 32
     0.001505746724616    -0.001171534706475     0.001256943468128
    -0.001245016849332     0.001479155454775     0.001002840293525
     0.001246270849080     0.001091243071303     0.001472367756362
47 33
    -0.000237334624591     0.001253846245906    -0.000645425579491
     0.001431169658604    -0.000266328672210    -0.000681445420761
     0.000775082357017     0.000821832357017     0.003165883629378
47 34
    -0.002087302878559     0.004774911722096    -0.003568360103301
     0.004339169658604    -0.006420906053162     0.004275471245906
    -0.003809042642983     0.004535874023684    -0.002017568751575
47 35
    -0.028192322719829    -0.017086004944570    -0.032159276769967
     0.017459354182414     0.030873921327790     0.017451024817334
    -0.031611483119174    -0.017129947404888    -0.028501116370622
47 36
    -0.005796919942051     0.005265062515747     0.004721764896699
     0.004256745055430    -0.002228358434114    -0.003801850182666
     0.004081364103049    -0.003944669627110    -0.002390987402368
47 37
     0.030735955057949     0.017232758944318     0.015780060531620
    -0.015305308515999    -0.027536741370622    -0.033378022801713
    -0.013320582325523    -0.030154675579491    -0.030212913989670
47 38
     0.004730705057949    -0.000319963277904    -0.001922584309650
    -0.000935298595364     0.004659300296044    -0.001894447404888
    -0.001786092246158    -0.002859947404888     0.001875728867473
47 39
    -0.001011794942051    -0.000423292642983    -0.000030012881078
    -0.000393370023936    -0.000932751291257    -0.000242328357269
     0.000249854182414    -0.000218245023935    -0.000864404069035
47 40
    -0.002260667957924    -0.004154282722348     0.004314701404636
    -0.003614100182666    -0.001900241370622     0.005031356166541
     0.003954471245906     0.004100786722096    -0.006395419942051
47 41
    -0.028585146132527    -0.030748475182666    -0.017061139865205
    -0.032347929547745    -0.029090527084908    -0.017278223198539
     0.017752004976064     0.017916594261779     0.030338101883346
47 42
     0.002448087994457     0.002461030769715    -0.003122552563618
     0.002489917674477     0.004537853867473     0.000565116087176
    -0.003068074389015     0.000271334341144     0.004785982835727
47 43
    -0.028509729465860     0.017669362118922     0.031630651801461
    -0.017324774785840     0.030958468946838     0.017669362118922
     0.032411191484001    -0.017324774785840    -0.028509729465860
47 44
     0.004699228867473     0.002112241087176     0.000547235134795
     0.002131441484001     0.002055982835727    -0.003022102166793
     0.000846879976064    -0.002250314468380     0.004907976883346
47 45
     0.031239461010330    -0.011623068436634     0.011742393864953
     0.018674129976065    -0.027936354465860     0.029842336325271
    -0.018888961293777     0.029379251007811    -0.027393290973797
47 46
    -0.200723765180146    -0.045530860103301    -0.043337219230285
    -0.046103340262031    -0.198405521132527    -0.044295875976316
    -0.047488157722348    -0.044018774785840    -0.198351288989670
47 47
     0.883356647518266    -0.002214719230285     0.001072046642731
    -0.002214719230285     0.881683468946838     0.000219056563366
     0.001072046642731     0.000219056563366     0.882882393550012
47 48
    -0.002700042957924    -0.004549401769967     0.003489820452255
    -0.004017316452507    -0.005993132243638     0.003919883944318
     0.004168187515747     0.004576883944318    -0.002153029069035
47 49
    -0.000428896132527    -0.001725368039809     0.000842877991938
    -0.001557407722348    -0.000425235418241    -0.000815558515999
    -0.000740891849332     0.000723929579239     0.002995310216679
47 50
     0.001597337994457     0.001022719261779    -0.001282616055682
     0.001065512912572     0.001692270534140     0.001275931563366
    -0.001409294627110     0.001437518864953     0.001613816169060
47 51
    -0.000346104465860    -0.000629076373142     0.001212090293525
     0.000770028785588     0.003267933232552     0.000860572436382
     0.001246887912572    -0.000701860103301    -0.000257318751575
47 52
     0.004817234819854     0.000948552595112     0.002426993071303
     0.000729554579239     0.004796498708743    -0.002496802563618
     0.002398947436382    -0.002620473198539     0.002282316169060
47 53
     0.030324647518267     0.017430318468128    -0.017204491055682
    -0.017204491055682    -0.028195693751575     0.031619028785588
     0.017430318468128     0.031010584341144    -0.028195693751575
47 54
    -0.006776146132527    -0.004494618039809    -0.004275905738221
    -0.004483407722348    -0.002484110418241    -0.003559967246158
    -0.004597145817586    -0.003615199389015    -0.002042054862686
47 55
     0.010658461010330    -0.000802709309650    -0.000105590262031
    -0.000208998992189    -0.000491253275384    -0.000866526769967
    -0.000005332325523    -0.000939510896951     0.000074982835727
47 56
     0.001920933232552    -0.002707588277904     0.002464889896699
    -0.002474127960443     0.004661843946838     0.000461953388763
     0.002512409737969     0.000515981166541     0.004757431248425
47 57
    -0.028236413989670     0.031800441484001     0.017167544658604
     0.031650651801461    -0.028337503275384    -0.017023266849332
    -0.017316310500126     0.017277010928445     0.030699334026203
47 58
    -0.002211836608718     0.003596889896699    -0.004655756928697
     0.003656066484001    -0.002036215576972     0.004622477198287
    -0.004564895817586     0.004493254976065    -0.006003753275384
47 59
    -0.000071015180146     0.000726943468128    -0.001351578357269
    -0.000648405738221     0.003229328073822     0.000870215293525
    -0.001431243039809    -0.000664131928697    -0.000232209624591
47 60
    -0.200025251291257     0.045620606166541     0.046250913706223
     0.045806600214160    -0.199616550894432    -0.046437443436634
     0.045802558547493    -0.046103574389015    -0.200396878275384
47 61
     0.031340042359536    -0.017281741055682    -0.017149723198539
     0.017385778785588    -0.028467854465860    -0.031885764865205
     0.017405546642731    -0.032021671611237    -0.028534209624591
47 62
     0.004668373708743    -0.002351689468380    -0.000490290658856
    -0.002608979150920     0.001789909423028    -0.002458852166793
    -0.000406112087428    -0.002429790658856     0.004762661407155
47 63
    -0.001169207640464    -0.000004701373142     0.000028612118922
     0.000046008944318    -0.000835421926178    -0.000000574389015
    -0.000021558515999    -0.000106612087428    -0.001071142164273
48 1
    -0.005061775100781    -0.000180256928697    -0.000139540658856
    -0.000180256928698    -0.005061775100781    -0.000139540658856
     0.004692487118922     0.004692487118922    -0.001507634227765
48 2
     0.002210951089695    -0.000148719230285    -0.000315877960444
     0.001538280769715    -0.001717485418241    -0.002484935500126
     0.003182649817334    -0.005370532722348     0.001570905454774
48 3
    -0.001866037005543     0.004886334341144     0.003530425610985
     0.003053955372890    -0.005153973513480    -0.003313860103301
     0.000630574420509    -0.005368707325523    -0.001391957640464
48 4
    -0.001717485418242     0.001538280769715    -0.002484935500126
    -0.000148719230284     0.002210951089695    -0.000315877960443
    -0.005370532722348     0.003182649817334     0.001570905454774
48 5
    -0.005153973513479     0.003053955372890    -0.003313860103301
     0.004886334341144    -0.001866037005543     0.003530425610985
    -0.005368707325523     0.000630574420509    -0.001391957640464
48 6
    -0.032487485418241    -0.040584901769967    -0.002312377960443
    -0.040584901769967    -0.032487485418241    -0.002312377960443
    -0.013083475182666    -0.013083475182666     0.017632466962711
48 7
    -0.181801098513479    -0.031600701373142     0.058388796642731
    -0.031600701373142    -0.181801098513480     0.058388796642731
     0.037777953388763     0.037777953388763    -0.190606271132527
48 8
    -0.000234445735702    -0.000042798595364    -0.000120233119174
    -0.000042798595364    -0.000234445735702    -0.000120233119174
    -0.000243387881078    -0.000243387881078    -0.000398552878559
48 9
     0.001415445137314    -0.001095459309650    -0.001319046611237
    -0.001095459309650     0.001415445137314    -0.001319046611237
    -0.001109756928697    -0.001109756928697     0.001124740772235
48 10
     0.003624290375409    -0.000828614071555    -0.000759346214412
     0.001180663706223    -0.000225925894432     0.001411360134795
     0.000079834341144     0.000815433547493    -0.000773344545226
48 11
     0.002483657438901     0.002435213309398     0.001314975214160
     0.003356407753842     0.003656522518266     0.000073663706223
     0.002092780769715    -0.001916520817586     0.005348155454774
48 12
    -0.000225925894432     0.001180663706223     0.001411360134795
    -0.000828614071555     0.003624290375409    -0.000759346214412
     0.000815433547493     0.000079834341144    -0.000773344545226
48 13
     0.003656522518267     0.003356407753842     0.000073663706223
     0.002435213309398     0.002483657438901     0.001314975214160
    -0.001916520817586     0.002092780769715     0.005348155454774
48 14
    -0.000171882243638     0.001146332357017     0.000537203388763
     0.001146332357017    -0.000171882243638     0.000537203388763
    -0.000891941452507    -0.000891941452507     0.002526897518267
48 15
     0.004854695137314    -0.000838489071555     0.002475512912572
    -0.000838489071555     0.004854695137314     0.002475512912572
     0.002319141880826     0.002319141880826     0.002165127676997
48 16
    -0.002197945735702     0.000158925610985     0.000275792674477
    -0.000177381928697    -0.000871068751575     0.000045459341144
     0.000248945452255    -0.000527330341396    -0.001012929862686
48 17
     0.001567945137314    -0.002558887881078    -0.002220368039809
    -0.002710250976316     0.005043974899219    -0.000797534706475
    -0.002735715262031     0.000228356166541     0.004387586010330
48 18
     0.003467915375409     0.000746437515747     0.000783477198287
    -0.000703659706475    -0.000716110418241     0.001035155769715
    -0.000471342246158     0.001358887912572     0.000426089978584
48 19
     0.001866907438901     0.001093758944318     0.001348179579239
     0.001516536722096     0.001288639581759    -0.001013673595364
     0.003447651801461    -0.001380558515999     0.001686538391282
48 20
    -0.029036757243638    -0.017377387881078     0.033620673626858
     0.017395064499874     0.027956756645251    -0.017761594230285
     0.032186576404636     0.017818606166541    -0.029248491370622
48 21
     0.004301820137314     0.000110546642731    -0.002881022801713
     0.000696397833207     0.004797361803981     0.002375989103049
    -0.002514870023935     0.002586665690350     0.001745211010330
48 22
    -0.027652800894432     0.031973643864953    -0.016267120023935
     0.031728439499874    -0.028395860418241     0.016886681563366
     0.017356629976064    -0.016100318436634     0.031908806248425
48 23
     0.005047522518267    -0.002860427563618     0.000290374023684
    -0.002315889865205     0.002104389581759     0.001627502991938
     0.000387832357017     0.002149377991938     0.005328798311917
48 24
    -0.000665842561099     0.001282967277652    -0.000538066452507
     0.000989495055430     0.010502516565886     0.001282967277652
     0.000721239103049     0.000989495055430    -0.000665842561098
48 25
    -0.002425128275384    -0.005512487087428    -0.003905520817586
    -0.005144572404888    -0.006458461608718    -0.004965498992189
    -0.004625828357269    -0.004645471214412    -0.001552195735702
48 26
     0.003291131645251    -0.000503866055682     0.000924225214160
     0.001265143864953     0.000143038391282    -0.001534748992189
     0.000282262912572    -0.001614471214412     0.000446804264298
48 27
    -0.000673330656337     0.002305822436382     0.004051913706223
     0.002636334341144    -0.002301729465860    -0.004909090262031
     0.002365203388763    -0.003464437484253    -0.006904713592845
48 28
    -0.030536872323003     0.017840110134795    -0.032256556531872
    -0.016713191452507     0.032159022518267    -0.017311536690602
    -0.030771088277904     0.017222449420509    -0.030671189783321
48 29
    -0.200416132243638     0.047952542674477    -0.047608935500126
     0.044720764896699    -0.197836419942051     0.044602292674477
    -0.045580197404888     0.042969465293525    -0.198141027084908
48 30
    -0.000328622323003    -0.001529022801713    -0.001081548595364
    -0.002130707325523    -0.000503080656337     0.000696296642731
    -0.000151447404888    -0.000741883912824     0.003555913391282
48 31
    -0.005993132243638    -0.004549401769967     0.004576883944318
    -0.004017316452507    -0.002700042957924     0.004168187515747
     0.003919883944318     0.003489820452255    -0.002153029069035
48 32
    -0.000871068751575    -0.000177381928697     0.000045459341144
     0.000158925610985    -0.002197945735702     0.000275792674477
    -0.000527330341396     0.000248945452255    -0.001012929862686
48 33
     0.005043974899219    -0.002710250976316    -0.000797534706475
    -0.002558887881078     0.001567945137314    -0.002220368039809
     0.000228356166541    -0.002735715262031     0.004387586010330
48 34
     0.027956756645251     0.017395064499874    -0.017761594230285
    -0.017377387881078    -0.029036757243638     0.033620673626858
     0.017818606166541     0.032186576404636    -0.029248491370622
48 35
     0.004797361803981     0.000696397833207     0.002375989103049
     0.000110546642731     0.004301820137314    -0.002881022801713
     0.002586665690350    -0.002514870023935     0.001745211010330
48 36
    -0.000716110418241    -0.000703659706475     0.001035155769715
     0.000746437515747     0.003467915375409     0.000783477198287
     0.001358887912572    -0.000471342246158     0.000426089978584
48 37
     0.001288639581759     0.001516536722096    -0.001013673595364
     0.001093758944319     0.001866907438901     0.001348179579239
    -0.001380558515999     0.003447651801461     0.001686538391282
48 38
    -0.028395860418241     0.031728439499874     0.016886681563366
     0.031973643864953    -0.027652800894432    -0.016267120023935
    -0.016100318436634     0.017356629976064     0.031908806248425
48 39
     0.002104389581759    -0.002315889865205     0.001627502991938
    -0.002860427563618     0.005047522518266     0.000290374023684
     0.002149377991938     0.000387832357017     0.005328798311917
48 40
     0.010502516565886     0.000989495055430     0.001282967277652
     0.001282967277652    -0.000665842561098    -0.000538066452507
     0.000989495055430     0.000721239103049    -0.000665842561099
48 41
    -0.006458461608718    -0.005144572404888    -0.004965498992189
    -0.005512487087428    -0.002425128275384    -0.003905520817586
    -0.004645471214412    -0.004625828357269    -0.001552195735702
48 42
     0.032159022518267    -0.016713191452507    -0.017311536690602
     0.017840110134795    -0.030536872323003    -0.032256556531872
     0.017222449420509    -0.030771088277904    -0.030671189783321
48 43
    -0.197836419942051     0.044720764896699     0.044602292674477
     0.047952542674477    -0.200416132243638    -0.047608935500126
     0.042969465293525    -0.045580197404888    -0.198141027084908
48 44
     0.000143038391282     0.001265143864953    -0.001534748992189
    -0.000503866055682     0.003291131645251     0.000924225214160
    -0.001614471214412     0.000282262912572     0.000446804264298
48 45
    -0.002301729465860     0.002636334341144    -0.004909090262031
     0.002305822436382    -0.000673330656337     0.004051913706223
    -0.003464437484253     0.002365203388763    -0.006904713592845
48 46
    -0.000503080656337    -0.002130707325523     0.000696296642731
    -0.001529022801713    -0.000328622323003    -0.001081548595364
    -0.000741883912824    -0.000151447404888     0.003555913391282
48 47
    -0.002700042957924    -0.004017316452507     0.004168187515747
    -0.004549401769967    -0.005993132243638     0.004576883944318
     0.003489820452255     0.003919883944318    -0.002153029069035
48 48
     0.865379766565885    -0.017488248992190     0.003016336325271
    -0.017488248992190     0.865379766565886     0.003016336325271
     0.003016336325271     0.003016336325271     0.873532548311918
48 49
    -0.195017961608718    -0.040205465262031    -0.044008356135047
    -0.040205465262031    -0.195017961608718    -0.044008356135047
    -0.045512868039809    -0.045512868039809    -0.198081862402368
48 50
     0.030036397518267     0.018377997039557     0.017691649817334
    -0.016326294627110    -0.029385580656337    -0.031815241055682
    -0.016549395817586    -0.031919528754094    -0.028069106449987
48 51
    -0.006395419942051     0.004314701404636     0.005031356166541
     0.003954471245906    -0.002260667957924    -0.003614100182666
     0.004100786722096    -0.004154282722348    -0.001900241370622
48 52
    -0.029385580656337    -0.016326294627110    -0.031815241055682
     0.018377997039557     0.030036397518267     0.017691649817334
    -0.031919528754094    -0.016549395817586    -0.028069106449987
48 53
    -0.002260667957924     0.003954471245906    -0.003614100182666
     0.004314701404636    -0.006395419942051     0.005031356166541
    -0.004154282722348     0.004100786722096    -0.001900241370622
48 54
    -0.029551461608718    -0.034206090262031    -0.016518014865205
    -0.034206090262031    -0.029551461608718    -0.016518014865205
     0.017665127991938     0.017665127991938     0.031491647518267
48 55
    -0.000510354465860    -0.001907056531872     0.004790675610985
    -0.001907056531872    -0.000510354465860     0.004790675610985
     0.002747691484001     0.002747691484001    -0.003421314783321
48 56
    -0.001369007243638    -0.000004810500126     0.000240280769715
    -0.000004810500126    -0.001369007243638     0.000240280769715
     0.000108433547493     0.000108433547493    -0.001185491370622
48 57
     0.004729645534140    -0.000568905738221    -0.002719814468380
    -0.000568905738221     0.004729645534140    -0.002719814468380
    -0.002774161690602    -0.002774161690602     0.002056911407155
48 58
     0.031169347915092    -0.016978207325523     0.017001508944318
     0.017054258944318    -0.028624691767448     0.031840929579239
    -0.016294372008062     0.031690082357017    -0.028296800894432
48 59
     0.004785794343663     0.003158721245906     0.000434812515747
     0.002658911722096     0.002358726883346    -0.002492582325523
     0.000267405769715    -0.002703179547745     0.004281117756362
48 60
    -0.028624691767448     0.017054258944318     0.031840929579239
    -0.016978207325523     0.031169347915092     0.017001508944318
     0.031690082357017    -0.016294372008062    -0.028296800894432
48 61
     0.002358726883346     0.002658911722096    -0.002492582325523
     0.003158721245906     0.004785794343663     0.000434812515747
    -0.002703179547745     0.000267405769715     0.004281117756362
48 62
    -0.000209691767448     0.001393213309398    -0.000666524785840
     0.001393213309398    -0.000209691767448    -0.000666524785840
     0.000968786722096     0.000968786722096     0.003305613788108
48 63
     0.001510101883346    -0.001112923595364     0.001281127991938
    -0.001112923595364     0.001510101883346     0.001281127991938
     0.001332215293525     0.001332215293525     0.001555060216679
49 1
    -0.002889003275384    -0.006272223198539    -0.001358995023935
    -0.006272223198539    -0.002889003275384    -0.001358995023936
    -0.011043455341396    -0.011043455341396     0.006388580057949
49 2
    -0.000916652084908     0.003736314499874     0.002768917674477
     0.002934314499874    -0.005381963592844    -0.002398764865205
     0.004791707357017    -0.004195600182666    -0.002843880259511
49 3
     0.000960859819854     0.000198118071303     0.001417096245906
     0.001470489103049    -0.001226201688083    -0.001599939468380
    -0.000128243039808    -0.000989524785840    -0.000841618354749
49 4
    -0.005381963592845     0.002934314499874    -0.002398764865205
     0.003736314499874    -0.000916652084908     0.002768917674478
    -0.004195600182666     0.004791707357017    -0.002843880259511
49 5
    -0.001226201688083     0.001470489103049    -0.001599939468380
     0.000198118071303     0.000960859819854     0.001417096245906
    -0.000989524785840    -0.000128243039808    -0.000841618354749
49 6
    -0.005383713592845    -0.003375118039809     0.001998167674477
    -0.003375118039808    -0.005383713592844     0.001998167674477
     0.004208832357017     0.004208832357017     0.001883181248425
49 7
    -0.029555326688083    -0.034177167642983    -0.016055032722348
    -0.034177167642983    -0.029555326688083    -0.016055032722348
     0.017341135928445     0.017341135928445     0.027165318153187
49 8
     0.001639576089695    -0.001623264865205    -0.001527562484253
    -0.001623264865205     0.001639576089695    -0.001527562484253
    -0.001287580341396    -0.001287580341396     0.002064036407155
49 9
     0.000106966962711     0.000111324420509    -0.000069125976316
     0.000111324420509     0.000106966962711    -0.000069125976316
    -0.000040449389015    -0.000040449389015    -0.000387419942051
49 10
     0.001763312200806     0.001374294658604     0.001545074420509
     0.001579197436382     0.001743345930965    -0.001508094230285
     0.001686891880826    -0.001278758912824     0.002257494740489
49 11
     0.003008929264298     0.000476997039557     0.000990520849080
    -0.001155683515999    -0.001209705656337     0.001548834341144
     0.000028213309398     0.001048286722096    -0.000389255259511
49 12
     0.001743345930965     0.001579197436382    -0.001508094230285
     0.001374294658604     0.001763312200806     0.001545074420509
    -0.001278758912824     0.001686891880826     0.002257494740489
49 13
    -0.001209705656337    -0.001155683515999     0.001548834341144
     0.000476997039557     0.003008929264298     0.000990520849080
     0.001048286722096     0.000028213309398    -0.000389255259511
49 14
     0.001576139581759    -0.001628883912824     0.001337124023684
    -0.001628883912824     0.001576139581759     0.001337124023684
     0.001311366087176     0.001311366087176     0.002061486803981
49 15
    -0.000417408037289     0.001503294658604    -0.000579566452507
     0.001503294658604    -0.000417408037289    -0.000579566452507
     0.000725449420509     0.000725449420509     0.003150966962711
49 16
     0.002185076089695    -0.003070040658856    -0.002815786690602
    -0.002482098198539     0.004886828073822    -0.000362745023936
    -0.002493997008062    -0.000416272801713     0.003863159423028
49 17
    -0.001578033037289    -0.000023729150920     0.000094302595112
     0.000058782753842    -0.000545253275384     0.000139635928445
     0.000092967277652    -0.000306586293777    -0.000473324703956
49 18
     0.002326562200806     0.003446346245906     0.001964397833207
     0.002607374023684     0.004735911407155    -0.000693548595364
     0.002149215293525    -0.000250554547745     0.004376804264298
49 19
     0.002783554264298     0.000281292674477    -0.000751274785840
     0.001326070452255    -0.001142213592844     0.001419997039556
     0.000590584341144     0.001219499023683    -0.001017497323003
49 20
     0.002152139581759     0.002739270849080    -0.002848905738221
     0.002948973230033     0.005013028470648     0.000205701404636
    -0.002940241055682     0.000214288706223     0.004072222915092
49 21
    -0.028293908037289     0.017378830372890     0.031667772833207
    -0.016243693436634     0.029748883629378     0.016931409737969
     0.031303062515747    -0.016599276769967    -0.028098574703956
49 22
     0.002043220930965    -0.003242947404888     0.002911175610985
    -0.002584401769967     0.004589161407155     0.000417602198287
     0.002126312515747     0.000416364103049     0.003889145534140
49 23
    -0.031420705656337     0.035749231166541     0.016106544658604
     0.034590643864953    -0.030527213592844    -0.015327326373142
    -0.015397235103301     0.015461310531620     0.028030137597632
49 24
    -0.001552195735702    -0.004965498992189    -0.003905520817586
    -0.004645471214412    -0.006458461608718    -0.005512487087428
    -0.004625828357269    -0.005144572404888    -0.002425128275384
49 25
     0.000470393550013     0.000935171642731    -0.000636475182666
     0.000519211325271     0.009618310216679     0.000935171642731
     0.000026604182414     0.000519211325271     0.000470393550013
49 26
    -0.001162596529352     0.005399042674477     0.003796645849080
     0.004085052595112    -0.005947814783321    -0.004673578357269
     0.003912820452255    -0.004912163674729    -0.001825106449987
49 27
     0.002724441169060    -0.000293643833459    -0.001245290658856
     0.000263993071303    -0.000885957640464    -0.002387419627110
     0.003191260928445    -0.002470129944570    -0.001853249307130
49 28
    -0.001583725497606     0.004859893864953    -0.004255385896951
     0.004294217277652    -0.005884580656337     0.004216633944318
    -0.004594280738221     0.005044506960191    -0.002153100497606
49 29
    -0.028812985418241    -0.016920673595364    -0.032262639865205
     0.016554548626858     0.030886601883346     0.017285713309398
    -0.031654889865205    -0.016693977166793    -0.028701812799194
49 30
    -0.002225475497606    -0.005149239071555     0.004435247039557
    -0.004651548595364    -0.005650558830940     0.004348217277652
     0.004016360134795     0.004700798626858    -0.001841747323003
49 31
    -0.000425235418241    -0.001725368039809     0.000723929579239
    -0.001557407722348    -0.000428896132527    -0.000740891849332
    -0.000815558515999     0.000842877991938     0.002995310216679
49 32
     0.004886828073822    -0.002482098198539    -0.000362745023936
    -0.003070040658856     0.002185076089695    -0.002815786690602
    -0.000416272801713    -0.002493997008062     0.003863159423028
49 33
    -0.000545253275384     0.000058782753842     0.000139635928445
    -0.000023729150920    -0.001578033037289     0.000094302595112
    -0.000306586293777     0.000092967277652    -0.000473324703956
49 34
     0.005013028470648     0.002948973230033     0.000205701404636
     0.002739270849080     0.002152139581759    -0.002848905738221
     0.000214288706223    -0.002940241055682     0.004072222915092
49 35
     0.029748883629378    -0.016243693436634     0.016931409737969
     0.017378830372890    -0.028293908037289     0.031667772833207
    -0.016599276769967     0.031303062515747    -0.028098574703956
49 36
     0.004735911407155     0.002607374023684    -0.000693548595364
     0.003446346245906     0.002326562200806     0.001964397833207
    -0.000250554547745     0.002149215293525     0.004376804264298
49 37
    -0.001142213592845     0.001326070452255     0.001419997039557
     0.000281292674477     0.002783554264298    -0.000751274785840
     0.001219499023683     0.000590584341144    -0.001017497323003
49 38
     0.004589161407155    -0.002584401769967     0.000417602198287
    -0.003242947404888     0.002043220930965     0.002911175610985
     0.000416364103049     0.002126312515747     0.003889145534140
49 39
    -0.030527213592845     0.034590643864953    -0.015327326373142
     0.035749231166541    -0.031420705656337     0.016106544658604
     0.015461310531620    -0.015397235103301     0.028030137597632
49 40
    -0.006458461608718    -0.004645471214412    -0.005512487087428
    -0.004965498992189    -0.001552195735702    -0.003905520817586
    -0.005144572404888    -0.004625828357269    -0.002425128275384
49 41
     0.009618310216679     0.000519211325271     0.000935171642731
     0.000935171642731     0.000470393550013    -0.000636475182666
     0.000519211325271     0.000026604182414     0.000470393550013
49 42
    -0.005884580656337     0.004294217277652     0.004216633944318
     0.004859893864953    -0.001583725497606    -0.004255385896951
     0.005044506960191    -0.004594280738221    -0.002153100497606
49 43
     0.030886601883346     0.016554548626858     0.017285713309398
    -0.016920673595364    -0.028812985418241    -0.032262639865205
    -0.016693977166793    -0.031654889865205    -0.028701812799194
49 44
    -0.005947814783321     0.004085052595112    -0.004673578357269
     0.005399042674477    -0.001162596529352     0.003796645849080
    -0.004912163674729     0.003912820452255    -0.001825106449987
49 45
    -0.000885957640464     0.000263993071303    -0.002387419627110
    -0.000293643833459     0.002724441169060    -0.001245290658856
    -0.002470129944570     0.003191260928445    -0.001853249307130
49 46
    -0.005650558830940    -0.004651548595364     0.004348217277652
    -0.005149239071555    -0.002225475497606     0.004435247039557
     0.004700798626858     0.004016360134795    -0.001841747323003
49 47
    -0.000428896132527    -0.001557407722348    -0.000740891849332
    -0.001725368039809    -0.000425235418241     0.000723929579239
     0.000842877991938    -0.000815558515999     0.002995310216679
49 48
    -0.195017961608718    -0.040205465262031    -0.045512868039809
    -0.040205465262031    -0.195017961608718    -0.045512868039809
    -0.044008356135047    -0.044008356135047    -0.198081862402368
49 49
     0.862766060216679     0.006873318468128     0.000657814499874
     0.006873318468128     0.862766060216679     0.000657814499874
     0.000657814499874     0.000657814499874     0.872524726883346
49 50
    -0.188410080656337     0.034398530769715     0.046265070452255
     0.035225739103049    -0.191153808830940    -0.046808945420761
     0.044050286722096    -0.046037721214412    -0.198302892164273
49 51
     0.030338101883346    -0.017061139865205    -0.017278223198539
     0.017752004976064    -0.028585146132527    -0.032347929547745
     0.017916594261779    -0.030748475182666    -0.029090527084908
49 52
    -0.191153808830940     0.035225739103049    -0.046808945420761
     0.034398530769715    -0.188410080656337     0.046265070452255
    -0.046037721214412     0.044050286722096    -0.198302892164273
49 53
    -0.028585146132527     0.017752004976064    -0.032347929547745
    -0.017061139865205     0.030338101883346    -0.017278223198539
    -0.030748475182666     0.017916594261779    -0.029090527084908
49 54
    -0.195030564783321    -0.041644306531872     0.044697405769715
    -0.041644306531872    -0.195030564783321     0.044697405769715
     0.041592935531620     0.041592935531620    -0.198253138196019
49 55
    -0.027968332640464    -0.031828272801713     0.018536471245906
    -0.031828272801713    -0.027968332640464     0.018536471245906
    -0.009878000976316    -0.009878000976316     0.029581524502394
49 56
     0.004662764581759    -0.000487026769967    -0.002156048595364
    -0.000487026769967     0.004662764581759    -0.002156048595364
    -0.002548383912824    -0.002548383912824     0.001692847915092
49 57
    -0.001092332640464    -0.000083372008062    -0.000048518833459
    -0.000083372008062    -0.001092332640464    -0.000048518833459
    -0.000023104150920    -0.000023104150920    -0.001105499307130
49 58
     0.004826994740489     0.000541951404636     0.002353804579239
     0.000377292674477     0.004692330057949    -0.002485899785840
     0.002589685531620    -0.002596735103301     0.001948163391282
49 59
     0.030495316169060     0.016749254976064    -0.016836516849332
    -0.017023554547745    -0.028498376291257     0.032199588309398
     0.017220713309398     0.031713877991938    -0.028886042957924
49 60
     0.004692330057949     0.000377292674477    -0.002485899785840
     0.000541951404636     0.004826994740489     0.002353804579239
    -0.002596735103301     0.002589685531620     0.001948163391282
49 61
    -0.028498376291257    -0.017023554547745     0.032199588309398
     0.016749254976065     0.030495316169060    -0.016836516849332
     0.031713877991938     0.017220713309398    -0.028886042957924
49 62
     0.004675580057949    -0.000652502960443     0.002324270849080
    -0.000652502960443     0.004675580057949     0.002324270849080
     0.002196344261779     0.002196344261779     0.002068328073822
49 63
    -0.000158001291257     0.001433360134795     0.000751048626858
     0.001433360134795    -0.000158001291257     0.000751048626858
    -0.000788227166793    -0.000788227166793     0.002928774502394
50 1
     0.003626605851600    -0.001804052563618     0.001850852198287
    -0.000494510896951    -0.000552747323003    -0.000693280738221
    -0.001880574389015    -0.000302090262031     0.000502211010330
50 2
    -0.002878542957924     0.000028110134794     0.000393014896699
    -0.000457723198539    -0.002738582640464    -0.000163675579491
    -0.002119161690602     0.000664764896699     0.008256000692870
50 3
    -0.002581031053162    -0.003225586293777    -0.004356181531872
    -0.002469423595364    -0.002034320735702    -0.004346225182666
    -0.001806487087428    -0.004404534706475    -0.006634237402368
50 4
    -0.032817229465861     0.041158360134795     0.003990707357017
     0.040818776801461    -0.033333021132527    -0.003037493039809
     0.013346030769715    -0.009371427563618     0.021590375692870
50 5
     0.004393782438902    -0.003775090262031     0.000058282753842
    -0.003410919627110     0.002764740772235     0.001575185531620
     0.001875481166541     0.002082997039557     0.006705262597632
50 6
    -0.001625729465861    -0.000058447404888     0.002792389896699
    -0.000644905738221     0.001887792359536    -0.000189993039809
     0.003817963309398    -0.000389177563618    -0.001351312799194
50 7
     0.005005657438901     0.002925877991938    -0.000989560500126
     0.001771669658604     0.002051429264298     0.002062556563366
    -0.000766358119174     0.002024751007810     0.005818074105568
50 8
     0.003023560216679     0.001064280769715     0.000734409737969
    -0.000858177563618    -0.000429167957924     0.001484776801461
    -0.000073574389015     0.000935909737969    -0.000986582640464
50 9
     0.001558076089695     0.001024620055430     0.001116971245906
     0.001090786722096     0.001504722915092    -0.001229411690602
     0.001274681563366    -0.001195584309650     0.001610461010330
50 10
    -0.000298578672210     0.000032215293525     0.000057046642731
     0.000146909737969    -0.000172648116654     0.000029120055430
     0.000063022833207    -0.000106268833459    -0.000100499307130
50 11
     0.001519788391282    -0.001327832325523    -0.001237631928697
    -0.001453971214412     0.001523300296044    -0.001386701373142
    -0.002728530738221    -0.001421223198539     0.001048750692870
50 12
     0.000133330057949    -0.001218881928697    -0.000602247008062
    -0.001278618039808    -0.000248806846813     0.000823163706223
     0.000731747039557    -0.000970618039809     0.002792500692870
50 13
    -0.005564346529352    -0.004239762881078     0.003844806563366
    -0.004215290658856    -0.002441064783321     0.003268235134795
     0.005550167674477     0.002652078388763    -0.001739624307130
50 14
    -0.000393376291257    -0.000921838277904    -0.001519653754094
     0.001291578388763     0.003176270534140    -0.000434036690602
    -0.001229127960443     0.000153106166541    -0.000801257243638
50 15
    -0.006122673910305     0.004125465293525    -0.004709344230285
     0.003756881960191    -0.002286027084908     0.003804647833207
    -0.003937544627110     0.003712939499874    -0.002193902084908
50 16
     0.003328560216679    -0.000515120023936    -0.000888064468380
     0.000729364103049    -0.000689290973797     0.001421844261779
     0.001005758944318     0.001726092277652     0.000235040375409
50 17
     0.001562326089695     0.002620941484001     0.002184274817334
     0.002893745055430     0.005055252676997    -0.000779899785840
     0.002489348230033     0.000230403785588     0.004438306248425
50 18
    -0.002240578672210    -0.000406358119174     0.000008620055430
     0.000008461325271    -0.000857707640464    -0.000145584309650
    -0.000352153754094    -0.000345689468380    -0.001493314783321
50 19
     0.002783288391282    -0.003009411690602    -0.001374552563618
    -0.003582967246158     0.004138542359536    -0.000150038674729
    -0.002850159706475    -0.001373385896951     0.005689508629378
50 20
    -0.027512626291257    -0.032274433515999     0.017207816484001
    -0.032374064468380    -0.028414840576972     0.016754040690350
    -0.016516610103301    -0.015846471214412     0.032456728867473
50 21
    -0.199937298910305    -0.048395998992189     0.046863495055430
    -0.044826356135047    -0.198332610418241     0.044663249023684
     0.045563568468128     0.043620838309398    -0.197784818751575
50 22
    -0.029588669942051     0.017232598230033    -0.034567477166793
    -0.016922689468380     0.028106792359536    -0.017475308515999
    -0.031866056531872     0.017599479182414    -0.029045598513479
50 23
    -0.175965346529352     0.026311026801461    -0.060605108119174
     0.026392606166541    -0.176782957640464     0.060010887912572
    -0.040516604150920     0.040169175610985    -0.193312981449987
50 24
     0.003555913391282     0.000696296642731    -0.001081548595364
    -0.000741883912824    -0.000503080656337    -0.001529022801713
    -0.000151447404888    -0.002130707325523    -0.000328622323003
50 25
    -0.001841747323003     0.004348217277652     0.004435247039557
     0.004700798626858    -0.005650558830940    -0.005149239071555
     0.004016360134795    -0.004651548595364    -0.002225475497606
50 26
    -0.002474112402368    -0.000483661690602    -0.000748131928697
     0.000350889896699     0.010562191169060     0.000114635928445
    -0.001124298595364     0.000187326404636    -0.002226475497606
50 27
    -0.003435199703956    -0.004057098198539    -0.003380693436634
    -0.003748294627110    -0.006454576688083    -0.004103330341396
    -0.002577858119174    -0.004681764865205    -0.001680618354749
50 28
    -0.000453491370622     0.001507689499874     0.001138961325271
     0.002011929579239    -0.000513949703956     0.000794723230033
     0.000211225214160    -0.000778627960443     0.003585905454774
50 29
     0.004347873708743    -0.000372127960443     0.002688082357017
    -0.000512239071555     0.004692482835727     0.002379552595112
     0.002379366087176     0.002509762912572     0.001982568153187
50 30
    -0.030848991370622    -0.017177568436634     0.031493719261779
     0.017035038706223     0.031545322121441    -0.017177568436634
     0.031378866087176     0.017035038706223    -0.030848991370622
50 31
     0.004796498708743     0.000948552595112    -0.002620473198539
     0.000729554579239     0.004817234819854     0.002398947436382
    -0.002496802563618     0.002426993071303     0.002282316169060
50 32
     0.027688812200806    -0.016899427563618     0.017572102198287
     0.017143296642731    -0.028812042957924     0.033767677595112
    -0.017365016849332     0.031685618071303    -0.029143959624591
50 33
     0.005082105851600     0.002761328388763     0.000627983150668
     0.002525483150668     0.001539722915092    -0.002399483119174
     0.000002669658604    -0.002530792642983     0.004483181248425
50 34
    -0.001012737402368     0.000122268864953     0.000138673626858
     0.000085108150668    -0.002220854465860    -0.000029191452507
     0.000198669658604     0.000475624023684    -0.001551271132527
50 35
     0.004855117756362    -0.002842647801713    -0.000453243039808
    -0.002889832325523     0.002148972915092    -0.002505887881078
    -0.000293645817586    -0.002303447404888     0.004384556248425
50 36
    -0.029091854465860    -0.032306455341396    -0.016326951373142
    -0.032312316452507    -0.027640431846813    -0.016929762881078
     0.016598701404636     0.017065830372890     0.031801935216679
50 37
    -0.001455854465860    -0.002511133912824     0.003904719261779
    -0.003488620023936    -0.002462814783321     0.004058064499874
     0.003828004976065     0.001886574420509    -0.006218116370622
50 38
    -0.000625729465860     0.000676518864953    -0.001527425579491
    -0.000267360103301     0.003344851883346     0.000906139896699
    -0.001542254944570    -0.001019197404888     0.000272651486521
50 39
    -0.000843729465861     0.002072064499874    -0.003060354150920
     0.001379693468128    -0.000343449703956     0.003019633944318
    -0.005062933515999     0.004707254976064    -0.006765231449987
50 40
     0.032159022518267     0.017222449420509     0.017840110134795
    -0.017311536690602    -0.030671189783321    -0.032256556531872
    -0.016713191452507    -0.030771088277904    -0.030536872323003
50 41
    -0.005884580656337     0.005044506960191     0.004859893864953
     0.004216633944318    -0.002153100497606    -0.004255385896951
     0.004294217277652    -0.004594280738221    -0.001583725497606
50 42
     0.010393528470648     0.000079387912572    -0.000126018833459
    -0.000126018833459    -0.001190469545225    -0.000850546611237
     0.000079387912572     0.000196834341144    -0.001190469545226
50 43
    -0.006013663989670    -0.004399780738221    -0.005108189468380
    -0.004259586293777    -0.002454979465860    -0.003461300579491
    -0.004478471214412    -0.003837899785840    -0.002001431846813
50 44
     0.000279169343663     0.001714223230033    -0.000118231135047
     0.001274504976064     0.000266534423028    -0.000907639865205
     0.000832092277652     0.000657685531620     0.003193274502394
50 45
     0.001697401486520    -0.001144086293777     0.001435302595112
    -0.001830181531872     0.001286947121441     0.001196423626858
     0.000638376007811     0.000920751007811     0.000675631645251
50 46
    -0.000513949703956    -0.000778627960443     0.001507689499874
     0.000794723230033     0.003585905454774     0.001138961325271
     0.002011929579239     0.000211225214160    -0.000453491370622
50 47
     0.001597337994457     0.001065512912572    -0.001409294627110
     0.001022719261779     0.001692270534140     0.001437518864953
    -0.001282616055682     0.001275931563366     0.001613816169060
50 48
     0.030036397518267    -0.016326294627110    -0.016549395817586
     0.018377997039557    -0.029385580656337    -0.031919528754094
     0.017691649817334    -0.031815241055682    -0.028069106449987
50 49
    -0.188410080656337     0.035225739103049     0.044050286722096
     0.034398530769715    -0.191153808830940    -0.046037721214412
     0.046265070452255    -0.046808945420761    -0.198302892164273
50 50
     0.858000778470647     0.024953326404636    -0.002836082325523
     0.024953326404636     0.858622822121441     0.002117268864953
    -0.002836082325523     0.002117268864953     0.875317738788107
50 51
    -0.198351288989670    -0.043337219230285    -0.044295875976316
    -0.047488157722348    -0.200723765180146    -0.046103340262031
    -0.044018774785840    -0.045530860103301    -0.198405521132527
50 52
    -0.030993574703956     0.035247659737969     0.015291776801461
     0.035868993071303    -0.030993574703956    -0.014917090262031
    -0.014917090262031     0.015291776801461     0.030721238788108
50 53
     0.002448087994457    -0.003068074389015     0.002489917674477
    -0.003122552563618     0.004785982835727     0.000565116087176
     0.002461030769715     0.000271334341144     0.004537853867473
50 54
    -0.031099330656337     0.015487364103049     0.031266502991938
    -0.016352094230285     0.031366816169060     0.017718495055430
     0.031192316484001    -0.017405324389015    -0.028370007243638
50 55
     0.001785776486520     0.002891397833207    -0.002346181531872
     0.002035814499874     0.004713548311917     0.000270435531620
    -0.001852370023935     0.000825739103049     0.004582155454774
50 56
     0.030996623708743     0.017293643864953    -0.016875326373142
    -0.016702064468380    -0.028782479465860     0.031929165690350
     0.016562497039557     0.031659106166541    -0.028469896132527
50 57
     0.004800151486521     0.000529048626858     0.002939328388763
     0.000742340293525     0.004604923311917    -0.002996054547745
     0.002576526801461    -0.002716864071555     0.002216756645251
50 58
    -0.001371896132527    -0.000004877960443    -0.000281848198539
    -0.000022870023935    -0.001385163989670     0.000156689499874
    -0.000062433515999     0.000102004976064    -0.001151205656337
50 59
     0.004444925296044    -0.000761324389015    -0.002314419627110
    -0.000160342246158     0.004076254661124    -0.002673322404888
    -0.002540655738221    -0.002238256928697     0.001859587994457
50 60
    -0.000105435815067    -0.001453786690602     0.000823072436382
    -0.001487211293777    -0.000162249307130    -0.000619231135047
    -0.000820104150920     0.000800800610985     0.003166919343663
50 61
    -0.001993142164273    -0.004193258912824     0.003249810531620
    -0.004635282722348    -0.006010802878559     0.004954322436382
     0.003758633944318     0.004454328388763    -0.001721537005543
50 62
    -0.029496685815067    -0.016995207325523    -0.032630631928697
     0.017651959341144     0.031385086010330     0.017341985134795
    -0.032260899785840    -0.016765665658856    -0.029078165973797
50 63
    -0.002057392164273     0.003874780769715    -0.003915729150920
     0.004247947436382    -0.006263995338876     0.004689387912572
    -0.003655471214412     0.003969637912572    -0.002054094545225
51 1
    -0.002091211608718     0.005483713309398     0.003968159737969
     0.008299943468128    -0.004676459624591    -0.006521534706475
     0.004571381960191    -0.005588199389015    -0.001726298910305
51 2
    -0.003773985418241    -0.003516248992190    -0.004029802563618
    -0.003568143833459    -0.002737294942051    -0.005755554547745
    -0.004052455341396    -0.002880094230285    -0.006763509227765
51 3
    -0.000866723513479    -0.000658820420761     0.000005501007811
     0.000197905769715    -0.001766783037289    -0.000135354150920
    -0.000912905738221    -0.001819643833459     0.008608252676997
51 4
     0.003175078073822    -0.001190998992189     0.001501639896699
    -0.003780268833459     0.001577766565886    -0.001536872008063
     0.003480737118922    -0.001548661690602     0.001814865772235
51 5
    -0.030469035021416     0.030062050610985     0.012923340293525
     0.033187659737969    -0.027078596529352    -0.015079068436634
    -0.016027937484253     0.017599637912572     0.030646627676997
51 6
     0.000605953073822     0.000535943468128    -0.000822052563618
     0.000561048626858     0.000590580057949     0.001001002991938
    -0.000690705341396     0.001480088309398     0.000770552280171
51 7
    -0.000477910021416    -0.000735856135047     0.001261622039557
     0.000459499023684     0.002929466962711     0.001426177595112
     0.001167973230033    -0.000582108119174    -0.000364935815067
51 8
     0.001916992756362     0.002376171642731     0.002241217277652
     0.002448026801461     0.004741744740489    -0.000445727166793
     0.002539381960191    -0.000492699389015     0.004725532438901
51 9
     0.003201383629378    -0.000692364071555    -0.000725471214412
     0.000716991087176    -0.000312239386495     0.001548459341144
     0.000647637912572     0.001172056563366    -0.000235048910305
51 10
     0.001431103867473    -0.001238768833459    -0.001215645817586
    -0.001305260896951     0.001374514581759    -0.001315258912824
    -0.001286020817586    -0.001256002960443     0.001546740772235
51 11
    -0.000252654069035    -0.000174566452507     0.000200050610985
     0.000166983150668    -0.000288912005543     0.000179669658604
    -0.000294949389015     0.000220292674477    -0.000238884227765
51 12
    -0.002502612402368    -0.004736866055682     0.004082810531620
    -0.004420538674729    -0.006650144148400     0.004204909737969
     0.003763828388763     0.004944772833207    -0.002069509227765
51 13
    -0.000561913989670    -0.001200997008062     0.000742614103049
    -0.001452836293777    -0.000586402084908    -0.000596268833459
    -0.000652375976317     0.000834719261779     0.002932865772235
51 14
    -0.002467318751575     0.003901052595112    -0.004034846214412
     0.003873157753842    -0.002100691767448     0.004507459341144
    -0.004255796611237     0.004878622039557    -0.005511767164273
51 15
    -0.000160241370622     0.000770106166541    -0.001365786690602
    -0.000690288674729     0.003303010613505     0.000719268864953
    -0.001349963277904    -0.000667294627110    -0.000233287005543
51 16
     0.001472367756362     0.001246270849080     0.001091243071303
     0.001256943468128     0.001505746724616    -0.001171534706475
     0.001002840293525    -0.001245016849332     0.001479155454775
51 17
     0.003165883629378     0.000775082357017     0.000821832357017
    -0.000645425579491    -0.000237334624591     0.001253846245906
    -0.000681445420761     0.001431169658604    -0.000266328672210
51 18
     0.001875728867473    -0.001786092246158    -0.002859947404888
    -0.001922584309650     0.004730705057949    -0.000319963277904
    -0.001894447404888    -0.000935298595364     0.004659300296044
51 19
    -0.000864404069035     0.000249854182414    -0.000218245023935
    -0.000030012881078    -0.001011794942051    -0.000423292642983
    -0.000242328357269    -0.000393370023936    -0.000932751291257
51 20
    -0.002017568751575    -0.003809042642983     0.004535874023684
    -0.003568360103301    -0.002087302878559     0.004774911722096
     0.004275471245906     0.004339169658604    -0.006420906053162
51 21
    -0.028501116370622    -0.031611483119174    -0.017129947404888
    -0.032159276769967    -0.028192322719829    -0.017086004944570
     0.017451024817334     0.017459354182414     0.030873921327790
51 22
    -0.002390987402368     0.004081364103049    -0.003944669627110
     0.004721764896699    -0.005796919942051     0.005265062515747
    -0.003801850182666     0.004256745055430    -0.002228358434114
51 23
    -0.030212913989670    -0.013320582325523    -0.030154675579491
     0.015780060531620     0.030735955057949     0.017232758944318
    -0.033378022801713    -0.015305308515999    -0.027536741370622
51 24
    -0.002153029069035     0.004168187515747     0.004576883944318
     0.003489820452255    -0.002700042957924    -0.004549401769967
     0.003919883944318    -0.004017316452507    -0.005993132243638
51 25
     0.002995310216679    -0.000740891849332     0.000723929579239
     0.000842877991938    -0.000428896132527    -0.001725368039809
    -0.000815558515999    -0.001557407722348    -0.000425235418241
51 26
    -0.002042054862686    -0.004597145817586    -0.003615199389015
    -0.004275905738221    -0.006776146132527    -0.004494618039809
    -0.003559967246158    -0.004483407722348    -0.002484110418241
51 27
     0.000074982835727    -0.000005332325523    -0.000939510896951
    -0.000105590262031     0.010658461010330    -0.000802709309650
    -0.000866526769967    -0.000208998992189    -0.000491253275384
51 28
     0.001613816169060    -0.001409294627110     0.001437518864953
    -0.001282616055682     0.001597337994457     0.001022719261779
     0.001275931563366     0.001065512912572     0.001692270534140
51 29
    -0.000257318751575     0.001246887912572    -0.000701860103301
     0.001212090293525    -0.000346104465860    -0.000629076373142
     0.000860572436382     0.000770028785588     0.003267933232552
51 30
     0.002282316169060     0.002398947436382    -0.002620473198539
     0.002426993071303     0.004817234819854     0.000948552595112
    -0.002496802563618     0.000729554579239     0.004796498708743
51 31
    -0.028195693751575     0.017430318468128     0.031010584341144
    -0.017204491055682     0.030324647518267     0.017430318468128
     0.031619028785588    -0.017204491055682    -0.028195693751575
51 32
     0.004859369740489     0.000334213309398     0.002653909737969
     0.000639626007811     0.004890619740489    -0.002671576373142
     0.002747564499874    -0.002560116055682     0.001847905454775
51 33
     0.030622288391282     0.016961219261779    -0.017242834309650
    -0.017470187484253    -0.028220489386495     0.031362887912572
     0.016909876007811     0.031508848230033    -0.028173078672210
51 34
     0.004734445137314    -0.002638465262031    -0.000334393833459
    -0.002846812484253     0.001891558232552    -0.002592570420761
    -0.000500123992189    -0.002692860103301     0.004794718946838
51 35
    -0.000960074703956     0.000047368071303    -0.000069935500126
     0.000111872039557    -0.000851989386495    -0.000012266849332
     0.000014685531620    -0.000061181531872    -0.001041203672210
51 36
    -0.198240921926178    -0.045043314468380     0.046738231166541
    -0.044299487087428    -0.200928144148400     0.044066733150668
     0.047694032753842     0.045648721245906    -0.200383449703956
51 37
    -0.028809171926178    -0.031950743039809     0.017756401801461
    -0.032615540658856    -0.029045152084908     0.017797060531620
    -0.016621288674729    -0.016184409706475     0.031265748708743
51 38
    -0.005877296926178     0.004287034737969    -0.004373743039809
     0.004434844261779    -0.002146485418241     0.004485385928445
    -0.004336673595364     0.004117068468128    -0.002159608434114
51 39
    -0.000747421926178    -0.000306419627110    -0.001864046611237
     0.000962397833207     0.002621212994457    -0.000675870023936
    -0.001413477166793     0.000538020849080     0.000209883629378
51 40
    -0.197836419942051     0.042969465293525     0.047952542674477
     0.044602292674477    -0.198141027084908    -0.047608935500126
     0.044720764896699    -0.045580197404888    -0.200416132243638
51 41
     0.030886601883346    -0.016693977166793    -0.016920673595364
     0.017285713309398    -0.028701812799194    -0.032262639865205
     0.016554548626858    -0.031654889865205    -0.028812985418241
51 42
    -0.006013663989670    -0.004478471214412    -0.004259586293777
    -0.005108189468380    -0.002001431846813    -0.003461300579491
    -0.004399780738221    -0.003837899785840    -0.002454979465860
51 43
     0.009440143550013     0.000194110134795     0.000075868071303
     0.000075868071303    -0.001244691767448    -0.000106054547745
     0.000194110134795    -0.000249383912824    -0.001244691767448
51 44
     0.004414726883346    -0.000466135896951     0.002509826404636
    -0.000724540658856     0.004672072121441     0.002481606166541
     0.002844298626858     0.002498201404636     0.002198514581759
51 45
    -0.000617165973797     0.001631929579239     0.000503360134795
     0.001920772833207    -0.001037265180146     0.000913419658604
    -0.001303792642983    -0.000230483119174     0.002291371724616
51 46
     0.004692482835727     0.002509762912572    -0.000372127960443
     0.002379552595112     0.001982568153187     0.002688082357017
    -0.000512239071555     0.002379366087176     0.004347873708743
51 47
    -0.000346104465860     0.000770028785588     0.001246887912572
    -0.000629076373142     0.003267933232552    -0.000701860103301
     0.001212090293525     0.000860572436382    -0.000257318751575
51 48
    -0.006395419942051     0.003954471245906     0.004100786722096
     0.004314701404636    -0.002260667957924    -0.004154282722348
     0.005031356166541    -0.003614100182666    -0.001900241370622
51 49
     0.030338101883346     0.017752004976064     0.017916594261779
    -0.017061139865205    -0.028585146132527    -0.030748475182666
    -0.017278223198539    -0.032347929547745    -0.029090527084908
51 50
    -0.198351288989670    -0.047488157722348    -0.044018774785840
    -0.043337219230285    -0.200723765180146    -0.045530860103301
    -0.044295875976316    -0.046103340262031    -0.198405521132527
51 51
     0.882882393550012     0.001072046642731     0.000219056563366
     0.001072046642731     0.883356647518267    -0.002214719230285
     0.000219056563366    -0.002214719230285     0.881683468946837
51 52
     0.004785982835727    -0.003068074389015     0.000271334341144
    -0.003122552563618     0.002448087994457     0.002461030769715
     0.000565116087176     0.002489917674477     0.004537853867473
51 53
    -0.028509729465860     0.032411191484001    -0.017324774785840
     0.031630651801461    -0.028509729465860     0.017669362118922
     0.017669362118922    -0.017324774785840     0.030958468946838
51 54
     0.004907976883346     0.000846879976064    -0.002250314468380
     0.000547235134795     0.004699228867473     0.002112241087176
    -0.003022102166793     0.002131441484001     0.002055982835727
51 55
    -0.027393290973797    -0.018888961293777     0.029379251007811
     0.011742393864953     0.031239461010330    -0.011623068436634
     0.029842336325271     0.018674129976065    -0.027936354465860
51 56
     0.004757431248425     0.002512409737969     0.000515981166541
     0.002464889896699     0.001920933232552    -0.002707588277904
     0.000461953388763    -0.002474127960443     0.004661843946838
51 57
     0.030699334026203    -0.017316310500126     0.017277010928445
     0.017167544658604    -0.028236413989670     0.031800441484001
    -0.017023266849332     0.031650651801461    -0.028337503275384
51 58
     0.004762661407155    -0.000406112087428    -0.002429790658856
    -0.000490290658856     0.004668373708743    -0.002351689468380
    -0.002458852166793    -0.002608979150920     0.001789909423028
51 59
    -0.001071142164273    -0.000021558515999    -0.000106612087428
     0.000028612118922    -0.001169207640464    -0.000004701373142
    -0.000000574389015     0.000046008944318    -0.000835421926178
51 60
    -0.006003753275384    -0.004564895817586     0.004493254976065
    -0.004655756928697    -0.002211836608718     0.003596889896699
     0.004622477198287     0.003656066484001    -0.002036215576972
51 61
    -0.000232209624591    -0.001431243039809    -0.000664131928697
    -0.001351578357269    -0.000071015180146     0.000726943468128
     0.000870215293525    -0.000648405738221     0.003229328073822
51 62
    -0.200396878275384     0.045802558547493    -0.046103574389015
     0.046250913706223    -0.200025251291257     0.045620606166541
    -0.046437443436634     0.045806600214160    -0.199616550894432
51 63
    -0.028534209624591     0.017405546642731    -0.032021671611237
    -0.017149723198539     0.031340042359536    -0.017281741055682
    -0.031885764865205     0.017385778785588    -0.028467854465860
52 1
    -0.000552747323003    -0.000494510896951    -0.000693280738221
    -0.001804052563618     0.003626605851600     0.001850852198287
    -0.000302090262031    -0.001880574389015     0.000502211010330
52 2
    -0.033333021132527     0.040818776801461    -0.003037493039809
     0.041158360134795    -0.032817229465861     0.003990707357017
    -0.009371427563618     0.013346030769715     0.021590375692870
52 3
     0.002764740772235    -0.003410919627110     0.001575185531620
    -0.003775090262031     0.004393782438902     0.000058282753842
     0.002082997039557     0.001875481166541     0.006705262597632
52 4
    -0.002738582640464    -0.000457723198539    -0.000163675579491
     0.000028110134795    -0.002878542957924     0.000393014896699
     0.000664764896699    -0.002119161690602     0.008256000692870
52 5
    -0.002034320735702    -0.002469423595364    -0.004346225182666
    -0.003225586293777    -0.002581031053162    -0.004356181531872
    -0.004404534706475    -0.001806487087428    -0.006634237402368
52 6
     0.001887792359536    -0.000644905738221    -0.000189993039809
    -0.000058447404888    -0.001625729465861     0.002792389896699
    -0.000389177563618     0.003817963309398    -0.001351312799194
52 7
     0.002051429264298     0.001771669658604     0.002062556563366
     0.002925877991938     0.005005657438901    -0.000989560500126
     0.002024751007810    -0.000766358119174     0.005818074105568
52 8
    -0.000429167957924    -0.000858177563618     0.001484776801461
     0.001064280769715     0.003023560216679     0.000734409737969
     0.000935909737969    -0.000073574389015    -0.000986582640464
52 9
     0.001504722915092     0.001090786722096    -0.001229411690602
     0.001024620055430     0.001558076089695     0.001116971245906
    -0.001195584309650     0.001274681563366     0.001610461010330
52 10
    -0.000248806846813    -0.001278618039808     0.000823163706223
    -0.001218881928697     0.000133330057949    -0.000602247008062
    -0.000970618039809     0.000731747039557     0.002792500692870
52 11
    -0.002441064783321    -0.004215290658856     0.003268235134795
    -0.004239762881078    -0.005564346529352     0.003844806563366
     0.002652078388763     0.005550167674477    -0.001739624307130
52 12
    -0.000172648116654     0.000146909737969     0.000029120055430
     0.000032215293525    -0.000298578672210     0.000057046642731
    -0.000106268833459     0.000063022833207    -0.000100499307130
52 13
     0.001523300296044    -0.001453971214412    -0.001386701373142
    -0.001327832325523     0.001519788391282    -0.001237631928697
    -0.001421223198539    -0.002728530738221     0.001048750692870
52 14
     0.003176270534140     0.001291578388763    -0.000434036690602
    -0.000921838277904    -0.000393376291257    -0.001519653754094
     0.000153106166541    -0.001229127960443    -0.000801257243638
52 15
    -0.002286027084908     0.003756881960191     0.003804647833207
     0.004125465293525    -0.006122673910305    -0.004709344230285
     0.003712939499874    -0.003937544627110    -0.002193902084908
52 16
    -0.028812042957924     0.017143296642731     0.033767677595112
    -0.016899427563618     0.027688812200806     0.017572102198287
     0.031685618071303    -0.017365016849332    -0.029143959624591
52 17
     0.001539722915092     0.002525483150668    -0.002399483119174
     0.002761328388763     0.005082105851600     0.000627983150668
    -0.002530792642983     0.000002669658604     0.004483181248425
52 18
    -0.027640431846813    -0.032312316452507    -0.016929762881078
    -0.032306455341396    -0.029091854465860    -0.016326951373142
     0.017065830372890     0.016598701404636     0.031801935216679
52 19
    -0.002462814783321    -0.003488620023936     0.004058064499874
    -0.002511133912824    -0.001455854465860     0.003904719261779
     0.001886574420509     0.003828004976065    -0.006218116370622
52 20
    -0.002220854465860     0.000085108150668    -0.000029191452507
     0.000122268864953    -0.001012737402368     0.000138673626858
     0.000475624023684     0.000198669658604    -0.001551271132527
52 21
     0.002148972915092    -0.002889832325523    -0.002505887881078
    -0.002842647801713     0.004855117756362    -0.000453243039808
    -0.002303447404888    -0.000293645817586     0.004384556248425
52 22
     0.003344851883346    -0.000267360103301     0.000906139896699
     0.000676518864953    -0.000625729465860    -0.001527425579491
    -0.001019197404888    -0.001542254944570     0.000272651486521
52 23
    -0.000343449703956     0.001379693468128     0.003019633944318
     0.002072064499874    -0.000843729465861    -0.003060354150920
     0.004707254976064    -0.005062933515999    -0.006765231449987
52 24
    -0.030671189783321    -0.017311536690602    -0.032256556531872
     0.017222449420509     0.032159022518267     0.017840110134795
    -0.030771088277904    -0.016713191452507    -0.030536872323003
52 25
    -0.002153100497606     0.004216633944318    -0.004255385896951
     0.005044506960191    -0.005884580656337     0.004859893864953
    -0.004594280738221     0.004294217277652    -0.001583725497606
52 26
     0.000266534423028     0.001274504976065    -0.000907639865205
     0.001714223230033     0.000279169343663    -0.000118231135047
     0.000657685531620     0.000832092277652     0.003193274502394
52 27
     0.001286947121441    -0.001830181531872     0.001196423626858
    -0.001144086293777     0.001697401486520     0.001435302595112
     0.000920751007811     0.000638376007811     0.000675631645251
52 28
    -0.001190469545225    -0.000126018833459    -0.000850546611237
     0.000079387912572     0.010393528470648    -0.000126018833459
     0.000196834341144     0.000079387912572    -0.001190469545225
52 29
    -0.002454979465860    -0.004259586293777    -0.003461300579491
    -0.004399780738221    -0.006013663989670    -0.005108189468380
    -0.003837899785840    -0.004478471214412    -0.002001431846813
52 30
     0.003585905454774     0.000794723230033     0.001138961325271
    -0.000778627960443    -0.000513949703956     0.001507689499874
     0.000211225214160     0.002011929579239    -0.000453491370622
52 31
     0.001692270534140     0.001022719261779     0.001437518864953
     0.001065512912572     0.001597337994457    -0.001409294627110
     0.001275931563366    -0.001282616055682     0.001613816169060
52 32
    -0.000689290973797     0.000729364103049     0.001421844261779
    -0.000515120023936     0.003328560216679    -0.000888064468380
     0.001726092277652     0.001005758944318     0.000235040375409
52 33
     0.005055252676997     0.002893745055430    -0.000779899785840
     0.002620941484001     0.001562326089695     0.002184274817334
     0.000230403785588     0.002489348230033     0.004438306248425
52 34
    -0.028414840576972    -0.032374064468380     0.016754040690350
    -0.032274433515999    -0.027512626291257     0.017207816484001
    -0.015846471214412    -0.016516610103301     0.032456728867473
52 35
    -0.198332610418241    -0.044826356135047     0.044663249023684
    -0.048395998992189    -0.199937298910305     0.046863495055430
     0.043620838309398     0.045563568468128    -0.197784818751575
52 36
    -0.000857707640464     0.000008461325271    -0.000145584309650
    -0.000406358119174    -0.002240578672210     0.000008620055430
    -0.000345689468380    -0.000352153754094    -0.001493314783321
52 37
     0.004138542359536    -0.003582967246158    -0.000150038674729
    -0.003009411690602     0.002783288391282    -0.001374552563618
    -0.001373385896951    -0.002850159706475     0.005689508629378
52 38
     0.028106792359536    -0.016922689468380    -0.017475308515999
     0.017232598230033    -0.029588669942051    -0.034567477166793
     0.017599479182414    -0.031866056531872    -0.029045598513479
52 39
    -0.176782957640464     0.026392606166541     0.060010887912572
     0.026311026801461    -0.175965346529352    -0.060605108119174
     0.040169175610985    -0.040516604150920    -0.193312981449987
52 40
    -0.000503080656337    -0.000741883912824    -0.001529022801713
     0.000696296642731     0.003555913391282    -0.001081548595364
    -0.002130707325523    -0.000151447404888    -0.000328622323003
52 41
    -0.005650558830940     0.004700798626858    -0.005149239071555
     0.004348217277652    -0.001841747323003     0.004435247039557
    -0.004651548595364     0.004016360134795    -0.002225475497606
52 42
    -0.000513949703956     0.002011929579239     0.000794723230033
     0.001507689499874    -0.000453491370622     0.001138961325271
    -0.000778627960443     0.000211225214160     0.003585905454774
52 43
     0.004692482835727    -0.000512239071555     0.002379552595112
    -0.000372127960443     0.004347873708743     0.002688082357017
     0.002509762912572     0.002379366087176     0.001982568153187
52 44
     0.010562191169060     0.000350889896699     0.000114635928445
    -0.000483661690602    -0.002474112402368    -0.000748131928697
     0.000187326404636    -0.001124298595364    -0.002226475497606
52 45
    -0.006454576688083    -0.003748294627110    -0.004103330341396
    -0.004057098198539    -0.003435199703956    -0.003380693436634
    -0.004681764865205    -0.002577858119174    -0.001680618354749
52 46
     0.031545322121441     0.017035038706223    -0.017177568436634
    -0.017177568436634    -0.030848991370622     0.031493719261779
     0.017035038706223     0.031378866087176    -0.030848991370622
52 47
     0.004817234819854     0.000729554579239     0.002398947436382
     0.000948552595112     0.004796498708743    -0.002620473198539
     0.002426993071303    -0.002496802563618     0.002282316169060
52 48
    -0.029385580656337     0.018377997039557    -0.031919528754094
    -0.016326294627110     0.030036397518267    -0.016549395817586
    -0.031815241055682     0.017691649817334    -0.028069106449987
52 49
    -0.191153808830940     0.034398530769715    -0.046037721214412
     0.035225739103049    -0.188410080656337     0.044050286722096
    -0.046808945420761     0.046265070452255    -0.198302892164273
52 50
    -0.030993574703956     0.035868993071303    -0.014917090262031
     0.035247659737969    -0.030993574703956     0.015291776801461
     0.015291776801461    -0.014917090262031     0.030721238788108
52 51
     0.004785982835727    -0.003122552563618     0.000565116087176
    -0.003068074389015     0.002448087994457     0.002489917674477
     0.000271334341144     0.002461030769715     0.004537853867473
52 52
     0.858622822121441     0.024953326404636     0.002117268864953
     0.024953326404636     0.858000778470647    -0.002836082325523
     0.002117268864953    -0.002836082325523     0.875317738788107
52 53
    -0.200723765180146    -0.047488157722348    -0.046103340262031
    -0.043337219230285    -0.198351288989670    -0.044295875976316
    -0.045530860103301    -0.044018774785840    -0.198405521132527
52 54
     0.031366816169060    -0.016352094230285     0.017718495055430
     0.015487364103049    -0.031099330656337     0.031266502991938
    -0.017405324389015     0.031192316484001    -0.028370007243638
52 55
     0.004713548311917     0.002035814499874     0.000270435531620
     0.002891397833207     0.001785776486520    -0.002346181531872
     0.000825739103049    -0.001852370023935     0.004582155454774
52 56
    -0.028782479465860    -0.016702064468380     0.031929165690350
     0.017293643864953     0.030996623708743    -0.016875326373142
     0.031659106166541     0.016562497039557    -0.028469896132527
52 57
     0.004604923311917     0.000742340293525    -0.002996054547745
     0.000529048626858     0.004800151486521     0.002939328388763
    -0.002716864071555     0.002576526801461     0.002216756645251
52 58
    -0.000162249307130    -0.001487211293777    -0.000619231135047
    -0.001453786690602    -0.000105435815067     0.000823072436382
     0.000800800610985    -0.000820104150920     0.003166919343663
52 59
    -0.006010802878559    -0.004635282722348     0.004954322436382
    -0.004193258912824    -0.001993142164273     0.003249810531620
     0.004454328388763     0.003758633944318    -0.001721537005543
52 60
    -0.001385163989670    -0.000022870023935     0.000156689499874
    -0.000004877960443    -0.001371896132527    -0.000281848198539
     0.000102004976065    -0.000062433515999    -0.001151205656337
52 61
     0.004076254661124    -0.000160342246158    -0.002673322404888
    -0.000761324389015     0.004444925296044    -0.002314419627110
    -0.002238256928697    -0.002540655738221     0.001859587994457
52 62
     0.031385086010330     0.017651959341144     0.017341985134795
    -0.016995207325523    -0.029496685815067    -0.032630631928697
    -0.016765665658856    -0.032260899785840    -0.029078165973797
52 63
    -0.006263995338876     0.004247947436382     0.004689387912572
     0.003874780769715    -0.002057392164273    -0.003915729150920
     0.003969637912572    -0.003655471214412    -0.002054094545225
53 1
    -0.004676459624591     0.008299943468128    -0.006521534706475
     0.005483713309398    -0.002091211608718     0.003968159737969
    -0.005588199389015     0.004571381960191    -0.001726298910305
53 2
     0.001577766565886    -0.003780268833459    -0.001536872008063
    -0.001190998992189     0.003175078073822     0.001501639896699
    -0.001548661690602     0.003480737118922     0.001814865772235
53 3
    -0.027078596529352     0.033187659737969    -0.015079068436634
     0.030062050610985    -0.030469035021416     0.012923340293525
     0.017599637912572    -0.016027937484253     0.030646627676997
53 4
    -0.002737294942051    -0.003568143833459    -0.005755554547745
    -0.003516248992190    -0.003773985418241    -0.004029802563618
    -0.002880094230285    -0.004052455341396    -0.006763509227765
53 5
    -0.001766783037289     0.000197905769715    -0.000135354150920
    -0.000658820420761    -0.000866723513479     0.000005501007811
    -0.001819643833459    -0.000912905738221     0.008608252676997
53 6
     0.000590580057949     0.000561048626858     0.001001002991938
     0.000535943468128     0.000605953073822    -0.000822052563618
     0.001480088309398    -0.000690705341396     0.000770552280171
53 7
     0.002929466962711     0.000459499023684     0.001426177595112
    -0.000735856135047    -0.000477910021416     0.001261622039557
    -0.000582108119174     0.001167973230033    -0.000364935815067
53 8
     0.004741744740489     0.002448026801461    -0.000445727166793
     0.002376171642731     0.001916992756362     0.002241217277652
    -0.000492699389015     0.002539381960191     0.004725532438901
53 9
    -0.000312239386495     0.000716991087176     0.001548459341144
    -0.000692364071555     0.003201383629378    -0.000725471214412
     0.001172056563366     0.000647637912572    -0.000235048910305
53 10
    -0.006650144148400    -0.004420538674729     0.004204909737969
    -0.004736866055682    -0.002502612402368     0.004082810531620
     0.004944772833207     0.003763828388763    -0.002069509227765
53 11
    -0.000586402084908    -0.001452836293777    -0.000596268833459
    -0.001200997008062    -0.000561913989670     0.000742614103049
     0.000834719261779    -0.000652375976317     0.002932865772235
53 12
     0.001374514581759    -0.001305260896951    -0.001315258912824
    -0.001238768833459     0.001431103867473    -0.001215645817586
    -0.001256002960443    -0.001286020817586     0.001546740772235
53 13
    -0.000288912005543     0.000166983150668     0.000179669658604
    -0.000174566452507    -0.000252654069035     0.000200050610985
     0.000220292674477    -0.000294949389015    -0.000238884227765
53 14
    -0.002100691767448     0.003873157753842     0.004507459341144
     0.003901052595112    -0.002467318751575    -0.004034846214412
     0.004878622039557    -0.004255796611237    -0.005511767164273
53 15
     0.003303010613505    -0.000690288674729     0.000719268864953
     0.000770106166541    -0.000160241370622    -0.001365786690602
    -0.000667294627110    -0.001349963277904    -0.000233287005543
53 16
     0.004890619740489     0.000639626007811    -0.002671576373142
     0.000334213309398     0.004859369740489     0.002653909737969
    -0.002560116055682     0.002747564499874     0.001847905454774
53 17
    -0.028220489386495    -0.017470187484253     0.031362887912572
     0.016961219261779     0.030622288391282    -0.017242834309650
     0.031508848230033     0.016909876007811    -0.028173078672210
53 18
    -0.200928144148400    -0.044299487087428     0.044066733150668
    -0.045043314468380    -0.198240921926178     0.046738231166541
     0.045648721245906     0.047694032753842    -0.200383449703956
53 19
    -0.029045152084908    -0.032615540658856     0.017797060531620
    -0.031950743039809    -0.028809171926178     0.017756401801461
    -0.016184409706475    -0.016621288674729     0.031265748708743
53 20
     0.001891558232552    -0.002846812484253    -0.002592570420761
    -0.002638465262031     0.004734445137314    -0.000334393833459
    -0.002692860103301    -0.000500123992189     0.004794718946838
53 21
    -0.000851989386495     0.000111872039557    -0.000012266849332
     0.000047368071303    -0.000960074703956    -0.000069935500126
    -0.000061181531872     0.000014685531620    -0.001041203672210
53 22
    -0.002146485418241     0.004434844261779     0.004485385928445
     0.004287034737969    -0.005877296926178    -0.004373743039809
     0.004117068468128    -0.004336673595364    -0.002159608434114
53 23
     0.002621212994457     0.000962397833207    -0.000675870023936
    -0.000306419627110    -0.000747421926178    -0.001864046611237
     0.000538020849080    -0.001413477166793     0.000209883629378
53 24
    -0.198141027084908     0.044602292674477    -0.047608935500126
     0.042969465293525    -0.197836419942051     0.047952542674477
    -0.045580197404888     0.044720764896699    -0.200416132243638
53 25
    -0.028701812799194     0.017285713309398    -0.032262639865205
    -0.016693977166793     0.030886601883346    -0.016920673595364
    -0.031654889865205     0.016554548626858    -0.028812985418241
53 26
     0.004672072121441    -0.000724540658856     0.002481606166541
    -0.000466135896951     0.004414726883346     0.002509826404636
     0.002498201404636     0.002844298626858     0.002198514581759
53 27
    -0.001037265180146     0.001920772833207     0.000913419658604
     0.001631929579239    -0.000617165973797     0.000503360134795
    -0.000230483119174    -0.001303792642983     0.002291371724616
53 28
    -0.002001431846813    -0.005108189468380    -0.003461300579491
    -0.004478471214412    -0.006013663989670    -0.004259586293777
    -0.003837899785840    -0.004399780738221    -0.002454979465860
53 29
    -0.001244691767448     0.000075868071303    -0.000106054547745
     0.000194110134795     0.009440143550013     0.000075868071303
    -0.000249383912824     0.000194110134795    -0.001244691767448
53 30
     0.001982568153187     0.002379552595112     0.002688082357017
     0.002509762912572     0.004692482835727    -0.000372127960443
     0.002379366087176    -0.000512239071555     0.004347873708743
53 31
     0.003267933232552    -0.000629076373142    -0.000701860103301
     0.000770028785588    -0.000346104465860     0.001246887912572
     0.000860572436382     0.001212090293525    -0.000257318751575
53 32
     0.001505746724616     0.001256943468128    -0.001171534706475
     0.001246270849080     0.001472367756362     0.001091243071303
    -0.001245016849332     0.001002840293525     0.001479155454775
53 33
    -0.000237334624591    -0.000645425579491     0.001253846245906
     0.000775082357017     0.003165883629378     0.000821832357017
     0.001431169658604    -0.000681445420761    -0.000266328672210
53 34
    -0.002087302878559    -0.003568360103301     0.004774911722096
    -0.003809042642983    -0.002017568751575     0.004535874023684
     0.004339169658604     0.004275471245906    -0.006420906053162
53 35
    -0.028192322719829    -0.032159276769967    -0.017086004944570
    -0.031611483119174    -0.028501116370622    -0.017129947404888
     0.017459354182414     0.017451024817334     0.030873921327790
53 36
     0.004730705057949    -0.001922584309650    -0.000319963277904
    -0.001786092246158     0.001875728867473    -0.002859947404888
    -0.000935298595364    -0.001894447404888     0.004659300296044
53 37
    -0.001011794942051    -0.000030012881078    -0.000423292642983
     0.000249854182414    -0.000864404069035    -0.000218245023935
    -0.000393370023936    -0.000242328357269    -0.000932751291257
53 38
    -0.005796919942051     0.004721764896699     0.005265062515747
     0.004081364103049    -0.002390987402368    -0.003944669627110
     0.004256745055430    -0.003801850182666    -0.002228358434114
53 39
     0.030735955057949     0.015780060531620     0.017232758944318
    -0.013320582325523    -0.030212913989670    -0.030154675579491
    -0.015305308515999    -0.033378022801713    -0.027536741370622
53 40
    -0.002700042957924     0.003489820452255    -0.004549401769967
     0.004168187515747    -0.002153029069035     0.004576883944318
    -0.004017316452507     0.003919883944318    -0.005993132243638
53 41
    -0.000428896132527     0.000842877991938    -0.001725368039809
    -0.000740891849332     0.002995310216679     0.000723929579239
    -0.001557407722348    -0.000815558515999    -0.000425235418241
53 42
     0.001597337994457    -0.001282616055682     0.001022719261779
    -0.001409294627110     0.001613816169060     0.001437518864953
     0.001065512912572     0.001275931563366     0.001692270534140
53 43
    -0.000346104465860     0.001212090293525    -0.000629076373142
     0.001246887912572    -0.000257318751575    -0.000701860103301
     0.000770028785588     0.000860572436382     0.003267933232552
53 44
    -0.006776146132527    -0.004275905738221    -0.004494618039809
    -0.004597145817586    -0.002042054862686    -0.003615199389015
    -0.004483407722348    -0.003559967246158    -0.002484110418241
53 45
     0.010658461010330    -0.000105590262031    -0.000802709309650
    -0.000005332325523     0.000074982835727    -0.000939510896951
    -0.000208998992189    -0.000866526769967    -0.000491253275384
53 46
     0.004817234819854     0.002426993071303     0.000948552595112
     0.002398947436382     0.002282316169060    -0.002620473198539
     0.000729554579239    -0.002496802563618     0.004796498708743
53 47
     0.030324647518267    -0.017204491055682     0.017430318468128
     0.017430318468128    -0.028195693751575     0.031010584341144
    -0.017204491055682     0.031619028785588    -0.028195693751575
53 48
    -0.002260667957924     0.004314701404636    -0.004154282722348
     0.003954471245906    -0.006395419942051     0.004100786722096
    -0.003614100182666     0.005031356166541    -0.001900241370622
53 49
    -0.028585146132527    -0.017061139865205    -0.030748475182666
     0.017752004976064     0.030338101883346     0.017916594261779
    -0.032347929547745    -0.017278223198539    -0.029090527084908
53 50
     0.002448087994457    -0.003122552563618     0.002461030769715
    -0.003068074389015     0.004785982835727     0.000271334341144
     0.002489917674477     0.000565116087176     0.004537853867473
53 51
    -0.028509729465860     0.031630651801461     0.017669362118922
     0.032411191484001    -0.028509729465860    -0.017324774785840
    -0.017324774785840     0.017669362118922     0.030958468946838
53 52
    -0.200723765180146    -0.043337219230285    -0.045530860103301
    -0.047488157722348    -0.198351288989670    -0.044018774785840
    -0.046103340262031    -0.044295875976316    -0.198405521132527
53 53
     0.883356647518266     0.001072046642731    -0.002214719230285
     0.001072046642731     0.882882393550013     0.000219056563366
    -0.002214719230285     0.000219056563366     0.881683468946837
53 54
     0.004699228867473     0.000547235134795     0.002112241087176
     0.000846879976065     0.004907976883346    -0.002250314468380
     0.002131441484001    -0.003022102166793     0.002055982835727
53 55
     0.031239461010330     0.011742393864953    -0.011623068436634
    -0.018888961293777    -0.027393290973797     0.029379251007811
     0.018674129976065     0.029842336325271    -0.027936354465860
53 56
     0.001920933232552     0.002464889896699    -0.002707588277904
     0.002512409737969     0.004757431248425     0.000515981166541
    -0.002474127960443     0.000461953388763     0.004661843946838
53 57
    -0.028236413989670     0.017167544658604     0.031800441484001
    -0.017316310500126     0.030699334026203     0.017277010928445
     0.031650651801461    -0.017023266849332    -0.028337503275384
53 58
    -0.002211836608718    -0.004655756928697     0.003596889896699
    -0.004564895817586    -0.006003753275384     0.004493254976064
     0.003656066484001     0.004622477198287    -0.002036215576972
53 59
    -0.000071015180146    -0.001351578357269     0.000726943468128
    -0.001431243039809    -0.000232209624591    -0.000664131928697
    -0.000648405738221     0.000870215293525     0.003229328073822
53 60
     0.004668373708743    -0.000490290658856    -0.002351689468380
    -0.000406112087428     0.004762661407155    -0.002429790658856
    -0.002608979150920    -0.002458852166793     0.001789909423028
53 61
    -0.001169207640464     0.000028612118922    -0.000004701373142
    -0.000021558515999    -0.001071142164273    -0.000106612087428
     0.000046008944318    -0.000000574389015    -0.000835421926178
53 62
    -0.200025251291257     0.046250913706223     0.045620606166541
     0.045802558547493    -0.200396878275384    -0.046103574389015
     0.045806600214160    -0.046437443436634    -0.199616550894432
53 63
     0.031340042359536    -0.017149723198539    -0.017281741055682
     0.017405546642731    -0.028534209624591    -0.032021671611237
     0.017385778785588    -0.031885764865205    -0.028467854465860
54 1
    -0.034845003275384    -0.044087223198539     0.006096001007811
    -0.044087223198539    -0.034845003275384     0.006096001007810
     0.028317510928446     0.028317510928446     0.011103214978584
54 2
    -0.002095277084908     0.000638689499874     0.001477663706223
     0.001934064499874     0.002470786407155     0.000592981166541
     0.002954048626858    -0.001090883912824     0.000889754661124
54 3
     0.001532859819854     0.001610743071303    -0.001251032722348
     0.001336614103049     0.001686548311917     0.001266806563366
    -0.001976151769967     0.001579316484001     0.001660516565886
54 4
     0.002470786407155     0.001934064499874     0.000592981166541
     0.000638689499874    -0.002095277084908     0.001477663706223
    -0.001090883912824     0.002954048626858     0.000889754661124
54 5
     0.001686548311917     0.001336614103049     0.001266806563366
     0.001610743071303     0.001532859819854    -0.001251032722348
     0.001579316484001    -0.001976151769967     0.001660516565886
54 6
    -0.003553838592845    -0.001038868039809     0.000694288706223
    -0.001038868039808    -0.003553838592844     0.000694288706223
    -0.000422201373142    -0.000422201373142     0.003612941169060
54 7
    -0.001511451688083    -0.002439292642983    -0.004545161690602
    -0.002439292642983    -0.001511451688083    -0.004545161690602
    -0.005284522801713    -0.005284522801713    -0.004368921926178
54 8
    -0.000177048910305     0.001306985134795    -0.000788066452507
     0.001306985134795    -0.000177048910305    -0.000788066452507
     0.000701385928445     0.000701385928445     0.002782546327790
54 9
     0.001399341962711    -0.001243550579491     0.001122495055430
    -0.001243550579491     0.001399341962711     0.001122495055430
     0.001276266880826     0.001276266880826     0.001574714978584
54 10
     0.000456562200806     0.000753044658604    -0.001050179547745
    -0.000104427563618     0.003256845930965     0.001064026801461
    -0.001599266849332    -0.000230792642983    -0.000742995338876
54 11
    -0.001365195735702     0.003244372039557    -0.004702358119174
     0.002767066484001    -0.001826080656337     0.004526205372890
    -0.003706570420761     0.003728127991938    -0.006091120338876
54 12
     0.003256845930965    -0.000104427563618     0.001064026801461
     0.000753044658604     0.000456562200806    -0.001050179547745
    -0.000230792642983    -0.001599266849332    -0.000742995338876
54 13
    -0.001826080656337     0.002767066484001     0.004526205372890
     0.003244372039556    -0.001365195735702    -0.004702358119173
     0.003728127991938    -0.003706570420761    -0.006091120338876
54 14
    -0.000165860418241     0.000025241087176    -0.000023129944570
     0.000025241087176    -0.000165860418241    -0.000023129944570
     0.000080332357017     0.000080332357017    -0.000337753275384
54 15
     0.001462466962711    -0.001231580341396    -0.001373445420761
    -0.001231580341396     0.001462466962711    -0.001373445420761
    -0.001319584309650    -0.001319584309650     0.001372101883346
54 16
    -0.028225173910305     0.032666834341144     0.017357834341144
     0.032057401801461    -0.028199796926178    -0.017431248992189
    -0.017289280738221     0.016632568468128     0.031787169343663
54 17
     0.001854341962711    -0.003170229150920     0.002319173626858
    -0.002710342246158     0.004589746724616     0.000977006960191
     0.002319433547493     0.000150629976064     0.004313810216679
54 18
    -0.028491312799194    -0.018210028754094    -0.034553981135047
     0.018038749023684     0.030409286407155     0.016989322436382
    -0.031144568436634    -0.017563588277904    -0.026598435815067
54 19
    -0.002223320735702     0.004279542674477    -0.003660653754094
     0.004008445452255    -0.006998838592844     0.004009743071302
    -0.002621324389015     0.003862590293525    -0.000502362402368
54 20
     0.003685764581759     0.000769395849080    -0.000749784706475
    -0.000670276769967    -0.000540971529352    -0.001545677563618
     0.000980975214160    -0.001220245023936     0.000483607835727
54 21
    -0.002076783037289     0.004426080372890     0.003672768864953
     0.004454806563366    -0.005839366370622    -0.004529969230285
     0.003721778785588    -0.004575810500126    -0.001944939783321
54 22
    -0.001797154069035    -0.000239197404888    -0.000097578357269
     0.000039348230033    -0.001098713592845     0.000050348230033
     0.000094528785588    -0.000194669627110    -0.002088344545226
54 23
     0.002956294343663    -0.003122268833459    -0.001979709309650
    -0.002161606135047     0.004374036407156     0.000101544658604
    -0.002271268833459    -0.000253973198539     0.004299397518267
54 24
     0.000446804264298    -0.001534748992189     0.000924225214160
    -0.001614471214412     0.000143038391282    -0.000503866055682
     0.000282262912572     0.001265143864953     0.003291131645251
54 25
    -0.001825106449987    -0.004673578357269     0.003796645849080
    -0.004912163674729    -0.005947814783321     0.005399042674477
     0.003912820452255     0.004085052595112    -0.001162596529352
54 26
    -0.028854846529352     0.017967042674477     0.031357766880826
    -0.016345947404888     0.032191810216679     0.017967042674477
     0.031755286722096    -0.016345947404888    -0.028854846529352
54 27
     0.002334191169060     0.000320481166541    -0.003436294627110
     0.004874118071303     0.003000667359536    -0.001493923595364
    -0.006078272801713     0.004336211325271     0.007719385613505
54 28
     0.003193274502394    -0.000118231135047    -0.000907639865205
     0.000832092277652     0.000279169343663     0.001274504976064
     0.000657685531620     0.001714223230033     0.000266534423028
54 29
     0.002198514581759     0.002509826404636     0.002481606166541
     0.002844298626858     0.004414726883346    -0.000724540658856
     0.002498201404636    -0.000466135896951     0.004672072121441
54 30
    -0.002226475497606     0.000114635928445    -0.000748131928697
     0.000187326404636     0.010562191169060    -0.000483661690602
    -0.001124298595364     0.000350889896699    -0.002474112402368
54 31
    -0.002484110418241    -0.004494618039809    -0.003615199389015
    -0.004483407722348    -0.006776146132527    -0.004597145817586
    -0.003559967246158    -0.004275905738221    -0.002042054862686
54 32
    -0.028199796926178     0.032057401801461    -0.017431248992189
     0.032666834341144    -0.028225173910305     0.017357834341144
     0.016632568468128    -0.017289280738221     0.031787169343663
54 33
     0.004589746724616    -0.002710342246158     0.000977006960191
    -0.003170229150920     0.001854341962711     0.002319173626858
     0.000150629976064     0.002319433547493     0.004313810216679
54 34
    -0.000540971529352    -0.000670276769967    -0.001545677563618
     0.000769395849080     0.003685764581759    -0.000749784706475
    -0.001220245023936     0.000980975214160     0.000483607835727
54 35
    -0.005839366370622     0.004454806563366    -0.004529969230285
     0.004426080372890    -0.002076783037289     0.003672768864953
    -0.004575810500126     0.003721778785588    -0.001944939783321
54 36
     0.030409286407155     0.018038749023684     0.016989322436382
    -0.018210028754094    -0.028491312799194    -0.034553981135047
    -0.017563588277904    -0.031144568436634    -0.026598435815067
54 37
    -0.006998838592845     0.004008445452255     0.004009743071303
     0.004279542674477    -0.002223320735702    -0.003660653754094
     0.003862590293525    -0.002621324389015    -0.000502362402368
54 38
    -0.001098713592845     0.000039348230033     0.000050348230033
    -0.000239197404888    -0.001797154069035    -0.000097578357269
    -0.000194669627110     0.000094528785588    -0.002088344545226
54 39
     0.004374036407155    -0.002161606135047     0.000101544658604
    -0.003122268833459     0.002956294343663    -0.001979709309650
    -0.000253973198539    -0.002271268833459     0.004299397518267
54 40
     0.000143038391282    -0.001614471214412    -0.000503866055682
    -0.001534748992189     0.000446804264298     0.000924225214160
     0.001265143864953     0.000282262912572     0.003291131645251
54 41
    -0.005947814783321    -0.004912163674729     0.005399042674477
    -0.004673578357269    -0.001825106449987     0.003796645849080
     0.004085052595112     0.003912820452255    -0.001162596529352
54 42
     0.000279169343663     0.000832092277652     0.001274504976065
    -0.000118231135047     0.003193274502394    -0.000907639865205
     0.001714223230033     0.000657685531620     0.000266534423028
54 43
     0.004414726883346     0.002844298626858    -0.000724540658856
     0.002509826404636     0.002198514581759     0.002481606166541
    -0.000466135896951     0.002498201404636     0.004672072121441
54 44
     0.032191810216679    -0.016345947404888     0.017967042674477
     0.017967042674477    -0.028854846529352     0.031357766880826
    -0.016345947404888     0.031755286722096    -0.028854846529352
54 45
     0.003000667359536     0.004874118071303    -0.001493923595364
     0.000320481166541     0.002334191169060    -0.003436294627110
     0.004336211325271    -0.006078272801713     0.007719385613505
54 46
     0.010562191169060     0.000187326404636    -0.000483661690602
     0.000114635928445    -0.002226475497606    -0.000748131928697
     0.000350889896699    -0.001124298595364    -0.002474112402368
54 47
    -0.006776146132527    -0.004483407722348    -0.004597145817586
    -0.004494618039809    -0.002484110418241    -0.003615199389015
    -0.004275905738221    -0.003559967246158    -0.002042054862686
54 48
    -0.029551461608718    -0.034206090262031     0.017665127991938
    -0.034206090262031    -0.029551461608718     0.017665127991938
    -0.016518014865205    -0.016518014865205     0.031491647518267
54 49
    -0.195030564783321    -0.041644306531872     0.041592935531620
    -0.041644306531872    -0.195030564783321     0.041592935531620
     0.044697405769715     0.044697405769715    -0.198253138196019
54 50
    -0.031099330656337    -0.016352094230285     0.031192316484001
     0.015487364103049     0.031366816169060    -0.017405324389015
     0.031266502991938     0.017718495055430    -0.028370007243638
54 51
     0.004907976883346     0.000547235134795    -0.003022102166793
     0.000846879976064     0.004699228867473     0.002131441484001
    -0.002250314468380     0.002112241087176     0.002055982835727
54 52
     0.031366816169060     0.015487364103049    -0.017405324389015
    -0.016352094230285    -0.031099330656337     0.031192316484001
     0.017718495055430     0.031266502991938    -0.028370007243638
54 53
     0.004699228867473     0.000846879976065     0.002131441484001
     0.000547235134795     0.004907976883346    -0.003022102166793
     0.002112241087176    -0.002250314468380     0.002055982835727
54 54
     0.869623060216679    -0.015209931531872    -0.001403348198539
    -0.015209931531872     0.869623060216679    -0.001403348198539
    -0.001403348198539    -0.001403348198539     0.884526996724616
54 55
    -0.185800582640464    -0.026323772801713    -0.053308032722348
    -0.026323772801713    -0.185800582640464    -0.053308032722348
    -0.051272909706475    -0.051272909706475    -0.205656840576972
54 56
    -0.000078360418241     0.001181973230033     0.000782197436382
     0.001181973230033    -0.000078360418241     0.000782197436382
    -0.000605542642983    -0.000605542642983     0.003405982835727
54 57
     0.004696917359536    -0.000767497008062     0.002761227198287
    -0.000767497008062     0.004696917359536     0.002761227198287
     0.002605362118922     0.002605362118922     0.002208510613505
54 58
    -0.028529880259511     0.017910076404636    -0.032066449389015
    -0.017257207325523     0.031781955057949    -0.017287903754094
    -0.032249723198539     0.017925606166541    -0.028806701688083
54 59
    -0.200035058830940     0.044373879976064    -0.046201020817586
     0.046862570452255    -0.199833876291257     0.046701584341144
    -0.046188320420761     0.044064594261779    -0.198883658037289
54 60
     0.031781955057949    -0.017257207325523    -0.017287903754094
     0.017910076404636    -0.028529880259511    -0.032066449389015
     0.017925606166541    -0.032249723198539    -0.028806701688083
54 61
    -0.199833876291257     0.046862570452255     0.046701584341144
     0.044373879976065    -0.200035058830940    -0.046201020817586
     0.044064594261779    -0.046188320420761    -0.198883658037289
54 62
    -0.001555169942051    -0.000075502960443    -0.000028858119174
    -0.000075502960443    -0.001555169942051    -0.000028858119174
    -0.000033189468380    -0.000033189468380    -0.001230287005543
54 63
     0.004684748708743    -0.000774764865205    -0.002830455341396
    -0.000774764865205     0.004684748708743    -0.002830455341396
    -0.002510885896951    -0.002510885896951     0.002013909423028
55 1
    -0.160421396132527     0.024720935531620     0.056425314499874
     0.024720935531620    -0.160421396132527     0.056425314499874
    -0.020612673595364    -0.020612673595364    -0.114215372323003
55 2
     0.001301955057949     0.000749473230033    -0.002713647801713
    -0.001410026769967    -0.000804606449987    -0.001145455341396
    -0.000161010896951     0.002020681563366     0.000428667359536
55 3
     0.000262966962711     0.000236276801461     0.001280530769715
     0.000594897833207     0.002144030454774    -0.000926879944570
     0.002652538706223     0.001553381960192    -0.001026820735702
55 4
    -0.000804606449987    -0.001410026769967    -0.001145455341396
     0.000749473230033     0.001301955057949    -0.002713647801713
     0.002020681563366    -0.000161010896951     0.000428667359536
55 5
     0.002144030454775     0.000594897833207    -0.000926879944570
     0.000236276801461     0.000262966962711     0.001280530769715
     0.001553381960191     0.002652538706223    -0.001026820735702
55 6
    -0.004493731449987    -0.004985709309650    -0.000745147801713
    -0.004985709309650    -0.004493731449987    -0.000745147801713
     0.000678864103049     0.000678864103048     0.004165353867473
55 7
    -0.000334469545226     0.000881866087176    -0.001735848198539
     0.000881866087176    -0.000334469545226    -0.001735848198539
     0.002379042674477     0.002379042674477     0.006914115772235
55 8
     0.004514433232552    -0.000757981135047     0.002692872039557
    -0.000757981135047     0.004514433232552     0.002692872039557
     0.003011826404636     0.003011826404636     0.000787334026203
55 9
    -0.000110800894432     0.001864108150668     0.001110058547493
     0.001864108150668    -0.000110800894432     0.001110058547493
    -0.000792667642983    -0.000792667642983     0.002219627676997
55 10
    -0.006539955656337     0.003869578388763    -0.003810116055682
     0.004043231166541    -0.003812796926178     0.004552215293525
    -0.003704076373142     0.003516772833207    -0.001066957640464
55 11
     0.000579161407155    -0.001156219230285    -0.001766294627110
     0.001694850214160     0.002554651486520    -0.000677981135047
    -0.000364754944570     0.001556193468128    -0.000177207640463
55 12
    -0.003812796926178     0.004043231166541     0.004552215293525
     0.003869578388763    -0.006539955656337    -0.003810116055681
     0.003516772833207    -0.003704076373142    -0.001066957640464
55 13
     0.002554651486521     0.001694850214160    -0.000677981135047
    -0.001156219230285     0.000579161407156    -0.001766294627110
     0.001556193468128    -0.000364754944570    -0.000177207640463
55 14
     0.001285121724616    -0.001577225182666    -0.000888066452507
    -0.001577225182666     0.001285121724616    -0.000888066452507
    -0.001028602166793    -0.001028602166793     0.001867909423028
55 15
    -0.000239050894432    -0.000236796611237     0.000337243071303
    -0.000236796611237    -0.000239050894432     0.000337243071303
     0.000198356166541     0.000198356166541    -0.000224985418241
55 16
     0.004824433232552    -0.003270631928697     0.000563897833207
    -0.002349939468380     0.001624060216679     0.002163814499874
     0.000775534737969     0.002857633944318     0.004377582042076
55 17
    -0.029138550894432     0.033299054579239    -0.016630012881078
     0.033361941484001    -0.029351396132527     0.016279820452255
     0.016909624023683    -0.016840679547745     0.033035722915092
55 18
    -0.208183080656337     0.050229504976064    -0.048698417642983
     0.053733907753842    -0.191835106449987     0.037464260928445
    -0.053471377960443     0.038723602198287    -0.194345148116654
55 19
    -0.030862838592844     0.018207701404636    -0.033882590262031
    -0.018821770817586     0.031538768550013    -0.016052818436634
    -0.034075133912824     0.017394655769715    -0.030571699703956
55 20
    -0.002478878275384     0.003043429579239     0.004381528785588
     0.002985131960192    -0.002409489386495    -0.004061239071555
     0.005519915690350    -0.005205679547745    -0.007173854465860
55 21
     0.002863449105568    -0.001156510896951     0.001007957357017
     0.000485090293525    -0.000729134227765    -0.001712155738221
    -0.000694905738221    -0.001647370023936    -0.000536777084908
55 22
    -0.000036546926178    -0.000773038674729    -0.001062764865205
    -0.002906743039809     0.004413143550013     0.000372036722096
    -0.002043780738221    -0.000877354150920     0.005534318153187
55 23
    -0.002620098513479     0.000547264896699     0.000264479182414
    -0.001062822404888    -0.000321856449987    -0.000136016849332
     0.001363296642731    -0.000470657722348    -0.000139064783321
55 24
    -0.006904713592845    -0.004909090262031     0.004051913706223
    -0.003464437484253    -0.002301729465860     0.002305822436382
     0.002365203388763     0.002636334341144    -0.000673330656337
55 25
    -0.001853249307130    -0.002387419627110    -0.001245290658856
    -0.002470129944570    -0.000885957640464    -0.000293643833459
     0.003191260928445     0.000263993071303     0.002724441169060
55 26
     0.007719385613505    -0.001493923595364    -0.003436294627110
     0.004336211325271     0.003000667359536     0.000320481166541
    -0.006078272801713     0.004874118071303     0.002334191169060
55 27
    -0.029081201688083    -0.026161485103301     0.013435143864953
     0.012699776801461     0.026710524502394    -0.026161485103300
     0.039669417674477     0.012699776801461    -0.029081201688083
55 28
     0.000675631645251     0.001435302595112     0.001196423626858
     0.000638376007811     0.001697401486521    -0.001830181531872
     0.000920751007811    -0.001144086293777     0.001286947121441
55 29
     0.002291371724616     0.000503360134795     0.000913419658604
    -0.001303792642983    -0.000617165973797     0.001920772833207
    -0.000230483119174     0.001631929579239    -0.001037265180146
55 30
    -0.001680618354749    -0.004103330341396    -0.003380693436634
    -0.004681764865205    -0.006454576688083    -0.004057098198539
    -0.002577858119174    -0.003748294627110    -0.003435199703956
55 31
    -0.000491253275384    -0.000802709309650    -0.000939510896951
    -0.000208998992189     0.010658461010330    -0.000005332325523
    -0.000866526769967    -0.000105590262031     0.000074982835727
55 32
     0.001624060216679    -0.002349939468380     0.002163814499874
    -0.003270631928697     0.004824433232552     0.000563897833207
     0.002857633944318     0.000775534737969     0.004377582042076
55 33
    -0.029351396132527     0.033361941484001     0.016279820452255
     0.033299054579239    -0.029138550894432    -0.016630012881078
    -0.016840679547745     0.016909624023683     0.033035722915092
55 34
    -0.002409489386495     0.002985131960192    -0.004061239071555
     0.003043429579239    -0.002478878275384     0.004381528785588
    -0.005205679547745     0.005519915690350    -0.007173854465860
55 35
    -0.000729134227765     0.000485090293525    -0.001712155738221
    -0.001156510896951     0.002863449105568     0.001007957357017
    -0.001647370023936    -0.000694905738221    -0.000536777084908
55 36
    -0.191835106449987     0.053733907753842     0.037464260928445
     0.050229504976065    -0.208183080656337    -0.048698417642983
     0.038723602198287    -0.053471377960443    -0.194345148116654
55 37
     0.031538768550012    -0.018821770817586    -0.016052818436634
     0.018207701404636    -0.030862838592844    -0.033882590262031
     0.017394655769715    -0.034075133912824    -0.030571699703956
55 38
     0.004413143550013    -0.002906743039809     0.000372036722096
    -0.000773038674729    -0.000036546926178    -0.001062764865205
    -0.000877354150920    -0.002043780738221     0.005534318153187
55 39
    -0.000321856449987    -0.001062822404888    -0.000136016849332
     0.000547264896699    -0.002620098513480     0.000264479182414
    -0.000470657722348     0.001363296642731    -0.000139064783321
55 40
    -0.002301729465860    -0.003464437484253     0.002305822436382
    -0.004909090262031    -0.006904713592845     0.004051913706223
     0.002636334341144     0.002365203388763    -0.000673330656337
55 41
    -0.000885957640464    -0.002470129944570    -0.000293643833459
    -0.002387419627110    -0.001853249307130    -0.001245290658856
     0.000263993071303     0.003191260928445     0.002724441169060
55 42
     0.001697401486520     0.000638376007811    -0.001830181531872
     0.001435302595112     0.000675631645251     0.001196423626858
    -0.001144086293777     0.000920751007811     0.001286947121441
55 43
    -0.000617165973797    -0.001303792642983     0.001920772833207
     0.000503360134795     0.002291371724616     0.000913419658604
     0.001631929579239    -0.000230483119174    -0.001037265180146
55 44
     0.003000667359536     0.004336211325271     0.000320481166541
    -0.001493923595364     0.007719385613505    -0.003436294627110
     0.004874118071303    -0.006078272801713     0.002334191169060
55 45
     0.026710524502394     0.012699776801461    -0.026161485103301
    -0.026161485103300    -0.029081201688083     0.013435143864953
     0.012699776801461     0.039669417674477    -0.029081201688083
55 46
    -0.006454576688083    -0.004681764865205    -0.004057098198539
    -0.004103330341396    -0.001680618354749    -0.003380693436634
    -0.003748294627110    -0.002577858119174    -0.003435199703956
55 47
     0.010658461010330    -0.000208998992189    -0.000005332325523
    -0.000802709309650    -0.000491253275384    -0.000939510896951
    -0.000105590262031    -0.000866526769967     0.000074982835727
55 48
    -0.000510354465860    -0.001907056531872     0.002747691484001
    -0.001907056531872    -0.000510354465860     0.002747691484001
     0.004790675610985     0.004790675610985    -0.003421314783321
55 49
    -0.027968332640464    -0.031828272801713    -0.009878000976316
    -0.031828272801713    -0.027968332640464    -0.009878000976316
     0.018536471245906     0.018536471245906     0.029581524502394
55 50
     0.001785776486520     0.002035814499874    -0.001852370023935
     0.002891397833207     0.004713548311917     0.000825739103049
    -0.002346181531872     0.000270435531620     0.004582155454774
55 51
    -0.027393290973797     0.011742393864953     0.029842336325271
    -0.018888961293777     0.031239461010330     0.018674129976065
     0.029379251007811    -0.011623068436634    -0.027936354465860
55 52
     0.004713548311917     0.002891397833207     0.000825739103049
     0.002035814499874     0.001785776486520    -0.001852370023935
     0.000270435531620    -0.002346181531872     0.004582155454774
55 53
     0.031239461010330    -0.018888961293777     0.018674129976065
     0.011742393864953    -0.027393290973797     0.029842336325271
    -0.011623068436634     0.029379251007811    -0.027936354465860
55 54
    -0.185800582640464    -0.026323772801713    -0.051272909706475
    -0.026323772801713    -0.185800582640464    -0.051272909706475
    -0.053308032722348    -0.053308032722348    -0.205656840576972
55 55
     0.819229274502393    -0.106793114071555     0.051116030769715
    -0.106793114071555     0.819229274502393     0.051116030769715
     0.051116030769715     0.051116030769715     0.821352072121441
55 56
     0.001344496724616    -0.001547368039809     0.001314385928445
    -0.001547368039809     0.001344496724616     0.001314385928445
     0.001407772833207     0.001407772833207     0.001467645534140
55 57
    -0.000591350497606     0.001506536722096    -0.000805709309650
     0.001506536722096    -0.000591350497606    -0.000805709309650
     0.001162052595112     0.001162052595112     0.003151798311917
55 58
    -0.002212398116654     0.003420235134795    -0.002922885896951
     0.004490076404636    -0.007403437799194     0.004929659737969
    -0.003552032722348     0.004830671642731    -0.002718288989670
55 59
    -0.028871201688083    -0.015945711293777    -0.033585207325523
     0.015953604182414     0.032707980851600     0.016442397833207
    -0.032588129944570    -0.018146965262031    -0.027617745338876
55 60
    -0.007403437799194     0.004490076404636     0.004929659737969
     0.003420235134795    -0.002212398116654    -0.002922885896951
     0.004830671642731    -0.003552032722348    -0.002718288989670
55 61
     0.032707980851600     0.015953604182414     0.016442397833207
    -0.015945711293777    -0.028871201688083    -0.033585207325523
    -0.018146965262031    -0.032588129944570    -0.027617745338876
55 62
     0.005491812200806    -0.000625594230285    -0.001583169627110
    -0.000625594230285     0.005491812200806    -0.001583169627110
    -0.002864373992189    -0.002864373992190     0.000632750692870
55 63
    -0.001426769148400     0.000111018864953     0.000962858150668
     0.000111018864953    -0.001426769148400     0.000962858150668
     0.000312554579239     0.000312554579239    -0.002305802878559
56 1
    -0.000761798910305     0.000194931563366     0.000194931563366
     0.000194931563366    -0.000761798910305     0.000194931563366
     0.000194931563366     0.000194931563366    -0.000761798910305
56 2
     0.002521177280171    -0.000464405738221    -0.000464405738221
     0.001056219261779    -0.001133134227765     0.000907286722096
     0.001056219261779     0.000907286722096    -0.001133134227765
56 3
     0.002176939184933     0.002562522833207     0.002562522833207
     0.002416518864953     0.005295002676997    -0.000481637881078
     0.002416518864953    -0.000481637881078     0.005295002676997
56 4
    -0.001133134227765     0.001056219261779     0.000907286722096
    -0.000464405738221     0.002521177280171    -0.000464405738221
     0.000907286722096     0.001056219261779    -0.001133134227765
56 5
     0.005295002676997     0.002416518864953    -0.000481637881078
     0.002562522833207     0.002176939184933     0.002562522833207
    -0.000481637881078     0.002416518864953     0.005295002676997
56 6
    -0.001133134227765     0.000907286722096     0.001056219261779
     0.000907286722096    -0.001133134227765     0.001056219261779
    -0.000464405738221    -0.000464405738221     0.002521177280171
56 7
     0.005295002676997    -0.000481637881078     0.002416518864953
    -0.000481637881078     0.005295002676997     0.002416518864953
     0.002562522833207     0.002562522833207     0.002176939184933
56 8
    -0.001402844545225     0.000151764896699    -0.000036635896951
     0.000151764896699    -0.001402844545225    -0.000036635896951
    -0.000041568436634    -0.000041568436634     0.010130657438901
56 9
    -0.002169078672210    -0.003614395817586    -0.004686574389015
    -0.003614395817586    -0.002169078672210    -0.004686574389015
    -0.004391062484253    -0.004391062484253    -0.006389173910305
56 10
     0.003338391565886     0.000856824420509    -0.000620873992189
    -0.000674022801713    -0.000045574703956    -0.001382167642983
     0.000509403785588    -0.001422247008062    -0.000282509227765
56 11
    -0.002313116370622     0.004717901801461     0.002878822436382
     0.003898846245906    -0.005290876291257    -0.004794114071555
     0.003369850214160    -0.004542326373142    -0.002081509227765
56 12
    -0.000045574703956    -0.000674022801713    -0.001382167642983
     0.000856824420509     0.003338391565886    -0.000620873992189
    -0.001422247008062     0.000509403785588    -0.000282509227765
56 13
    -0.005290876291257     0.003898846245906    -0.004794114071555
     0.004717901801461    -0.002313116370622     0.002878822436382
    -0.004542326373142     0.003369850214160    -0.002081509227765
56 14
    -0.028847656053162    -0.032131229150920     0.016826175610985
    -0.032131229150920    -0.028847656053162     0.016826175610985
    -0.017515622008062    -0.017515622008062     0.031134607835727
56 15
    -0.200106953672210    -0.046231800579491     0.046158235134795
    -0.046231800579491    -0.200106953672210     0.046158235134795
     0.045852961325271     0.045852961325271    -0.200180662005543
56 16
    -0.001402844545225    -0.000036635896951     0.000151764896699
    -0.000041568436634     0.010130657438901    -0.000041568436634
     0.000151764896699    -0.000036635896951    -0.001402844545225
56 17
    -0.002169078672210    -0.004686574389015    -0.003614395817586
    -0.004391062484253    -0.006389173910305    -0.004391062484253
    -0.003614395817586    -0.004686574389015    -0.002169078672210
56 18
     0.003338391565886    -0.000620873992189     0.000856824420509
     0.000509403785588    -0.000282509227765    -0.001422247008062
    -0.000674022801713    -0.001382167642983    -0.000045574703956
56 19
    -0.002313116370622     0.002878822436382     0.004717901801461
     0.003369850214160    -0.002081509227765    -0.004542326373142
     0.003898846245906    -0.004794114071555    -0.005290876291257
56 20
    -0.028847656053162     0.016826175610985    -0.032131229150920
    -0.017515622008062     0.031134607835727    -0.017515622008062
    -0.032131229150920     0.016826175610985    -0.028847656053162
56 21
    -0.200106953672210     0.046158235134795    -0.046231800579491
     0.045852961325271    -0.200180662005543     0.045852961325271
    -0.046231800579491     0.046158235134795    -0.200106953672210
56 22
    -0.000045574703956    -0.001382167642983    -0.000674022801713
    -0.001422247008062    -0.000282509227765     0.000509403785588
     0.000856824420509    -0.000620873992189     0.003338391565886
56 23
    -0.005290876291257    -0.004794114071555     0.003898846245906
    -0.004542326373142    -0.002081509227765     0.003369850214160
     0.004717901801461     0.002878822436382    -0.002313116370622
56 24
    -0.001185491370622     0.000240280769715     0.000240280769715
     0.000108433547493    -0.001369007243638    -0.000004810500126
     0.000108433547493    -0.000004810500126    -0.001369007243638
56 25
     0.001692847915092    -0.002156048595364    -0.002156048595364
    -0.002548383912824     0.004662764581759    -0.000487026769967
    -0.002548383912824    -0.000487026769967     0.004662764581759
56 26
     0.003405982835727     0.000782197436382     0.000782197436382
    -0.000605542642983    -0.000078360418241     0.001181973230033
    -0.000605542642983     0.001181973230033    -0.000078360418241
56 27
     0.001467645534140     0.001314385928445     0.001314385928445
     0.001407772833207     0.001344496724616    -0.001547368039809
     0.001407772833207    -0.001547368039809     0.001344496724616
56 28
    -0.028469896132527    -0.016875326373142     0.031929165690350
     0.016562497039557     0.030996623708743    -0.016702064468380
     0.031659106166541     0.017293643864953    -0.028782479465860
56 29
     0.004661843946838     0.000515981166541    -0.002707588277904
     0.000461953388763     0.004757431248425     0.002464889896699
    -0.002474127960443     0.002512409737969     0.001920933232552
56 30
    -0.028469896132527     0.031929165690350    -0.016875326373142
     0.031659106166541    -0.028782479465860     0.017293643864953
     0.016562497039557    -0.016702064468380     0.030996623708743
56 31
     0.004661843946838    -0.002707588277904     0.000515981166541
    -0.002474127960443     0.001920933232552     0.002512409737969
     0.000461953388763     0.002464889896699     0.004757431248425
56 32
     0.010130657438901    -0.000041568436634    -0.000041568436634
    -0.000036635896951    -0.001402844545225     0.000151764896699
    -0.000036635896951     0.000151764896699    -0.001402844545225
56 33
    -0.006389173910305    -0.004391062484253    -0.004391062484253
    -0.004686574389015    -0.002169078672210    -0.003614395817586
    -0.004686574389015    -0.003614395817586    -0.002169078672210
56 34
     0.031134607835727    -0.017515622008062    -0.017515622008062
     0.016826175610985    -0.028847656053162    -0.032131229150920
     0.016826175610985    -0.032131229150920    -0.028847656053162
56 35
    -0.200180662005543     0.045852961325271     0.045852961325271
     0.046158235134795    -0.200106953672210    -0.046231800579491
     0.046158235134795    -0.046231800579491    -0.200106953672210
56 36
    -0.000282509227765     0.000509403785588    -0.001422247008062
    -0.000620873992189     0.003338391565886     0.000856824420509
    -0.001382167642983    -0.000674022801713    -0.000045574703956
56 37
    -0.002081509227765     0.003369850214160    -0.004542326373142
     0.002878822436382    -0.002313116370622     0.004717901801461
    -0.004794114071555     0.003898846245906    -0.005290876291257
56 38
    -0.000282509227765    -0.001422247008062     0.000509403785588
    -0.001382167642983    -0.000045574703956    -0.000674022801713
    -0.000620873992189     0.000856824420509     0.003338391565886
56 39
    -0.002081509227765    -0.004542326373142     0.003369850214160
    -0.004794114071555    -0.005290876291257     0.003898846245906
     0.002878822436382     0.004717901801461    -0.002313116370622
56 40
    -0.001369007243638     0.000108433547493    -0.000004810500126
     0.000240280769715    -0.001185491370622     0.000240280769715
    -0.000004810500126     0.000108433547493    -0.001369007243638
56 41
     0.004662764581759    -0.002548383912824    -0.000487026769967
    -0.002156048595364     0.001692847915092    -0.002156048595364
    -0.000487026769967    -0.002548383912824     0.004662764581759
56 42
     0.030996623708743     0.016562497039557    -0.016702064468380
    -0.016875326373142    -0.028469896132527     0.031929165690350
     0.017293643864953     0.031659106166541    -0.028782479465860
56 43
     0.004757431248425     0.000461953388763     0.002464889896699
     0.000515981166541     0.004661843946838    -0.002707588277904
     0.002512409737969    -0.002474127960443     0.001920933232552
56 44
    -0.000078360418241    -0.000605542642983     0.001181973230033
     0.000782197436382     0.003405982835727     0.000782197436382
     0.001181973230033    -0.000605542642983    -0.000078360418241
56 45
     0.001344496724616     0.001407772833207    -0.001547368039809
     0.001314385928445     0.001467645534140     0.001314385928445
    -0.001547368039809     0.001407772833207     0.001344496724616
56 46
    -0.028782479465860     0.031659106166541     0.017293643864953
     0.031929165690350    -0.028469896132527    -0.016875326373142
    -0.016702064468380     0.016562497039557     0.030996623708743
56 47
     0.001920933232552    -0.002474127960443     0.002512409737969
    -0.002707588277904     0.004661843946838     0.000515981166541
     0.002464889896699     0.000461953388763     0.004757431248425
56 48
    -0.001369007243638    -0.000004810500126     0.000108433547493
    -0.000004810500126    -0.001369007243638     0.000108433547493
     0.000240280769715     0.000240280769715    -0.001185491370622
56 49
     0.004662764581759    -0.000487026769967    -0.002548383912824
    -0.000487026769967     0.004662764581759    -0.002548383912824
    -0.002156048595364    -0.002156048595364     0.001692847915092
56 50
     0.030996623708743    -0.016702064468380     0.016562497039557
     0.017293643864953    -0.028782479465860     0.031659106166541
    -0.016875326373142     0.031929165690350    -0.028469896132527
56 51
     0.004757431248425     0.002464889896699     0.000461953388763
     0.002512409737969     0.001920933232552    -0.002474127960443
     0.000515981166541    -0.002707588277904     0.004661843946838
56 52
    -0.028782479465860     0.017293643864953     0.031659106166541
    -0.016702064468380     0.030996623708743     0.016562497039557
     0.031929165690350    -0.016875326373142    -0.028469896132527
56 53
     0.001920933232552     0.002512409737969    -0.002474127960443
     0.002464889896699     0.004757431248425     0.000461953388763
    -0.002707588277904     0.000515981166541     0.004661843946838
56 54
    -0.000078360418241     0.001181973230033    -0.000605542642983
     0.001181973230033    -0.000078360418241    -0.000605542642983
     0.000782197436382     0.000782197436382     0.003405982835727
56 55
     0.001344496724616    -0.001547368039809     0.001407772833207
    -0.001547368039809     0.001344496724616     0.001407772833207
     0.001314385928445     0.001314385928445     0.001467645534140
56 56
     0.884007468946838     0.000075627991937     0.000075627991938
     0.000075627991937     0.884007468946838     0.000075627991937
     0.000075627991938     0.000075627991937     0.884007468946837
56 57
    -0.200784378275384    -0.045519217246158    -0.045519217246158
    -0.045519217246158    -0.200784378275384    -0.045519217246158
    -0.045519217246158    -0.045519217246158    -0.200784378275384
56 58
     0.031234574105568     0.017604606166541     0.017604606166541
    -0.017202177563618    -0.028310965576972    -0.032003473198539
    -0.017202177563618    -0.032003473198539    -0.028310965576972
56 59
    -0.006339104465860     0.004856284737969     0.004856284737969
     0.004382475214160    -0.002359171926178    -0.003848110103301
     0.004382475214160    -0.003848110103301    -0.002359171926178
56 60
    -0.028310965576972    -0.017202177563618    -0.032003473198539
     0.017604606166541     0.031234574105568     0.017604606166541
    -0.032003473198539    -0.017202177563618    -0.028310965576972
56 61
    -0.002359171926178     0.004382475214160    -0.003848110103301
     0.004856284737969    -0.006339104465860     0.004856284737969
    -0.003848110103301     0.004382475214160    -0.002359171926178
56 62
    -0.028310965576972    -0.032003473198539    -0.017202177563618
    -0.032003473198539    -0.028310965576972    -0.017202177563618
     0.017604606166541     0.017604606166541     0.031234574105568
56 63
    -0.002359171926178    -0.003848110103301     0.004382475214160
    -0.003848110103301    -0.002359171926178     0.004382475214160
     0.004856284737969     0.004856284737969    -0.006339104465860
57 1
     0.001385603867473    -0.000734788674729    -0.000734788674729
    -0.000734788674729     0.001385603867473    -0.000734788674729
    -0.000734788674729    -0.000734788674729     0.001385603867473
57 2
     0.000869955057949     0.001218124023684     0.001218124023684
     0.001123874023684     0.000522518550013    -0.001205683515999
     0.001123874023684    -0.001205683515999     0.000522518550013
57 3
     0.003316591962711     0.001274302595112     0.001274302595112
    -0.000723201373142    -0.000454594545225     0.001063516880826
    -0.000723201373142     0.001063516880826    -0.000454594545225
57 4
     0.000522518550013     0.001123874023684    -0.001205683515999
     0.001218124023684     0.000869955057949     0.001218124023684
    -0.001205683515999     0.001123874023684     0.000522518550013
57 5
    -0.000454594545225    -0.000723201373142     0.001063516880826
     0.001274302595112     0.003316591962711     0.001274302595112
     0.001063516880826    -0.000723201373142    -0.000454594545225
57 6
     0.000522518550013    -0.001205683515999     0.001123874023684
    -0.001205683515999     0.000522518550013     0.001123874023684
     0.001218124023684     0.001218124023684     0.000869955057949
57 7
    -0.000454594545225     0.001063516880826    -0.000723201373142
     0.001063516880826    -0.000454594545225    -0.000723201373142
     0.001274302595112     0.001274302595112     0.003316591962711
57 8
    -0.002256566767448    -0.004055080341396    -0.004960106135047
    -0.004055080341396    -0.002256566767448    -0.004960106135047
    -0.004279288674729    -0.004279288674729    -0.006214564783321
57 9
    -0.000997175894432    -0.000029741055682     0.000129080372890
    -0.000029741055682    -0.000997175894432     0.000129080372890
    -0.000075032722348    -0.000075032722348     0.009938353867473
57 10
    -0.002225455656337     0.004149104182414     0.004534030769715
     0.003980131960191    -0.002471171926178    -0.004630262881078
     0.004358308547493    -0.004713217246158    -0.005869856449987
57 11
     0.003170286407155    -0.001191193436634     0.001241352198287
     0.000944126007811    -0.000339723513479    -0.001415584309650
    -0.000927995023936    -0.001386796611237    -0.000383231449988
57 12
    -0.002471171926178     0.003980131960191    -0.004630262881078
     0.004149104182414    -0.002225455656337     0.004534030769715
    -0.004713217246158     0.004358308547493    -0.005869856449987
57 13
    -0.000339723513479     0.000944126007811    -0.001415584309650
    -0.001191193436634     0.003170286407155     0.001241352198287
    -0.001386796611237    -0.000927995023936    -0.000383231449988
57 14
    -0.002431628275384    -0.004194699389015     0.004650455372890
    -0.004194699389015    -0.002431628275384     0.004650455372890
     0.004474407753842     0.004474407753842    -0.006117864386495
57 15
    -0.028425550894432    -0.031885270817586    -0.017261110103301
    -0.031885270817586    -0.028425550894432    -0.017261110103301
     0.017244241087176     0.017244241087176     0.031329115772235
57 16
    -0.002256566767448    -0.004960106135047    -0.004055080341396
    -0.004279288674729    -0.006214564783321    -0.004279288674729
    -0.004055080341396    -0.004960106135047    -0.002256566767448
57 17
    -0.000997175894432     0.000129080372890    -0.000029741055682
    -0.000075032722348     0.009938353867473    -0.000075032722348
    -0.000029741055682     0.000129080372890    -0.000997175894432
57 18
    -0.002225455656337     0.004534030769715     0.004149104182414
     0.004358308547493    -0.005869856449987    -0.004713217246158
     0.003980131960191    -0.004630262881078    -0.002471171926178
57 19
     0.003170286407155     0.001241352198287    -0.001191193436634
    -0.000927995023936    -0.000383231449988    -0.001386796611237
     0.000944126007811    -0.001415584309650    -0.000339723513479
57 20
    -0.002431628275384     0.004650455372890    -0.004194699389015
     0.004474407753842    -0.006117864386495     0.004474407753842
    -0.004194699389015     0.004650455372890    -0.002431628275384
57 21
    -0.028425550894432    -0.017261110103301    -0.031885270817586
     0.017244241087176     0.031329115772235     0.017244241087176
    -0.031885270817586    -0.017261110103301    -0.028425550894432
57 22
    -0.002471171926178    -0.004630262881078     0.003980131960191
    -0.004713217246158    -0.005869856449987     0.004358308547493
     0.004149104182414     0.004534030769715    -0.002225455656337
57 23
    -0.000339723513479    -0.001415584309650     0.000944126007811
    -0.001386796611237    -0.000383231449988    -0.000927995023936
    -0.001191193436634     0.001241352198287     0.003170286407155
57 24
     0.002056911407155    -0.002719814468380    -0.002719814468380
    -0.002774161690602     0.004729645534140    -0.000568905738221
    -0.002774161690602    -0.000568905738221     0.004729645534140
57 25
    -0.001105499307130    -0.000048518833459    -0.000048518833459
    -0.000023104150920    -0.001092332640464    -0.000083372008062
    -0.000023104150920    -0.000083372008062    -0.001092332640464
57 26
     0.002208510613505     0.002761227198287     0.002761227198287
     0.002605362118922     0.004696917359536    -0.000767497008062
     0.002605362118922    -0.000767497008062     0.004696917359536
57 27
     0.003151798311917    -0.000805709309650    -0.000805709309650
     0.001162052595112    -0.000591350497606     0.001506536722096
     0.001162052595112     0.001506536722096    -0.000591350497606
57 28
     0.002216756645251     0.002939328388763    -0.002996054547745
     0.002576526801461     0.004800151486521     0.000742340293525
    -0.002716864071555     0.000529048626858     0.004604923311917
57 29
    -0.028337503275384     0.017277010928445     0.031800441484001
    -0.017023266849332     0.030699334026203     0.017167544658604
     0.031650651801461    -0.017316310500126    -0.028236413989670
57 30
     0.002216756645251    -0.002996054547745     0.002939328388763
    -0.002716864071555     0.004604923311917     0.000529048626858
     0.002576526801461     0.000742340293525     0.004800151486521
57 31
    -0.028337503275384     0.031800441484001     0.017277010928445
     0.031650651801461    -0.028236413989670    -0.017316310500126
    -0.017023266849332     0.017167544658604     0.030699334026203
57 32
    -0.006214564783321    -0.004279288674729    -0.004279288674729
    -0.004960106135047    -0.002256566767448    -0.004055080341396
    -0.004960106135047    -0.004055080341396    -0.002256566767448
57 33
     0.009938353867473    -0.000075032722348    -0.000075032722348
     0.000129080372890    -0.000997175894432    -0.000029741055682
     0.000129080372890    -0.000029741055682    -0.000997175894432
57 34
    -0.006117864386495     0.004474407753842     0.004474407753842
     0.004650455372890    -0.002431628275384    -0.004194699389015
     0.004650455372890    -0.004194699389015    -0.002431628275384
57 35
     0.031329115772235     0.017244241087176     0.017244241087176
    -0.017261110103301    -0.028425550894432    -0.031885270817586
    -0.017261110103301    -0.031885270817586    -0.028425550894432
57 36
    -0.005869856449987     0.004358308547493    -0.004713217246158
     0.004534030769715    -0.002225455656337     0.004149104182414
    -0.004630262881078     0.003980131960191    -0.002471171926178
57 37
    -0.000383231449988    -0.000927995023936    -0.001386796611237
     0.001241352198287     0.003170286407155    -0.001191193436634
    -0.001415584309650     0.000944126007811    -0.000339723513479
57 38
    -0.005869856449987    -0.004713217246158     0.004358308547493
    -0.004630262881078    -0.002471171926178     0.003980131960191
     0.004534030769715     0.004149104182414    -0.002225455656337
57 39
    -0.000383231449988    -0.001386796611237    -0.000927995023936
    -0.001415584309650    -0.000339723513479     0.000944126007811
     0.001241352198287    -0.001191193436634     0.003170286407155
57 40
     0.004729645534140    -0.002774161690602    -0.000568905738221
    -0.002719814468380     0.002056911407155    -0.002719814468380
    -0.000568905738221    -0.002774161690602     0.004729645534140
57 41
    -0.001092332640464    -0.000023104150920    -0.000083372008062
    -0.000048518833459    -0.001105499307130    -0.000048518833459
    -0.000083372008062    -0.000023104150920    -0.001092332640464
57 42
     0.004800151486521     0.002576526801461     0.000742340293525
     0.002939328388763     0.002216756645251    -0.002996054547745
     0.000529048626858    -0.002716864071555     0.004604923311917
57 43
     0.030699334026203    -0.017023266849332     0.017167544658604
     0.017277010928445    -0.028337503275384     0.031800441484001
    -0.017316310500126     0.031650651801461    -0.028236413989670
57 44
     0.004696917359536     0.002605362118922    -0.000767497008062
     0.002761227198287     0.002208510613505     0.002761227198287
    -0.000767497008062     0.002605362118922     0.004696917359536
57 45
    -0.000591350497606     0.001162052595112     0.001506536722096
    -0.000805709309650     0.003151798311917    -0.000805709309650
     0.001506536722096     0.001162052595112    -0.000591350497606
57 46
     0.004604923311917    -0.002716864071555     0.000529048626858
    -0.002996054547745     0.002216756645251     0.002939328388763
     0.000742340293525     0.002576526801461     0.004800151486521
57 47
    -0.028236413989670     0.031650651801461    -0.017316310500126
     0.031800441484001    -0.028337503275384     0.017277010928445
     0.017167544658604    -0.017023266849332     0.030699334026203
57 48
     0.004729645534140    -0.000568905738221    -0.002774161690602
    -0.000568905738221     0.004729645534140    -0.002774161690602
    -0.002719814468380    -0.002719814468380     0.002056911407155
57 49
    -0.001092332640464    -0.000083372008062    -0.000023104150920
    -0.000083372008062    -0.001092332640464    -0.000023104150920
    -0.000048518833459    -0.000048518833459    -0.001105499307130
57 50
     0.004800151486521     0.000742340293525     0.002576526801461
     0.000529048626858     0.004604923311917    -0.002716864071555
     0.002939328388763    -0.002996054547745     0.002216756645251
57 51
     0.030699334026203     0.017167544658604    -0.017023266849332
    -0.017316310500126    -0.028236413989670     0.031650651801461
     0.017277010928445     0.031800441484001    -0.028337503275384
57 52
     0.004604923311917     0.000529048626858    -0.002716864071555
     0.000742340293525     0.004800151486521     0.002576526801461
    -0.002996054547745     0.002939328388763     0.002216756645251
57 53
    -0.028236413989670    -0.017316310500126     0.031650651801461
     0.017167544658604     0.030699334026203    -0.017023266849332
     0.031800441484001     0.017277010928445    -0.028337503275384
57 54
     0.004696917359536    -0.000767497008062     0.002605362118922
    -0.000767497008062     0.004696917359536     0.002605362118922
     0.002761227198287     0.002761227198287     0.002208510613505
57 55
    -0.000591350497606     0.001506536722096     0.001162052595112
     0.001506536722096    -0.000591350497606     0.001162052595112
    -0.000805709309650    -0.000805709309650     0.003151798311917
57 56
    -0.200784378275384    -0.045519217246158    -0.045519217246158
    -0.045519217246158    -0.200784378275384    -0.045519217246158
    -0.045519217246158    -0.045519217246158    -0.200784378275384
57 57
     0.883867274502394     0.000053937515747     0.000053937515747
     0.000053937515747     0.883867274502394     0.000053937515747
     0.000053937515747     0.000053937515747     0.883867274502394
57 58
    -0.199989773116654     0.045953135928445     0.045953135928445
     0.045886977198287    -0.200294937799194    -0.046072318436634
     0.045886977198287    -0.046072318436634    -0.200294937799194
57 59
     0.031232923311917    -0.017488560500126    -0.017488560500126
     0.017696254976064    -0.028605519148400    -0.032100705341396
     0.017696254976064    -0.032100705341396    -0.028605519148400
57 60
    -0.200294937799194     0.045886977198287    -0.046072318436634
     0.045953135928445    -0.199989773116654     0.045953135928445
    -0.046072318436634     0.045886977198287    -0.200294937799194
57 61
    -0.028605519148400     0.017696254976064    -0.032100705341396
    -0.017488560500126     0.031232923311917    -0.017488560500126
    -0.032100705341396     0.017696254976064    -0.028605519148400
57 62
    -0.200294937799194    -0.046072318436634     0.045886977198287
    -0.046072318436634    -0.200294937799194     0.045886977198287
     0.045953135928445     0.045953135928445    -0.199989773116654
57 63
    -0.028605519148400    -0.032100705341396     0.017696254976064
    -0.032100705341396    -0.028605519148400     0.017696254976064
    -0.017488560500126    -0.017488560500126     0.031232923311917
58 1
     0.003040556248425     0.000786501007811     0.000786501007811
     0.000957784737969    -0.000187983434114    -0.000262919627110
     0.000957784737969    -0.000262919627110    -0.000187983434115
58 2
    -0.001159092561098     0.000461413706223     0.000461413706223
     0.000653197436382    -0.000625443751575    -0.000391814468380
     0.000653197436382    -0.000391814468380    -0.000625443751574
58 3
     0.001343169343663    -0.001183407722348    -0.001183407722348
    -0.001329502960443     0.001569068153187    -0.001004989071554
    -0.001329502960443    -0.001004989071555     0.001569068153187
58 4
    -0.000561279069035    -0.000640211293777    -0.000823143833459
    -0.001163302563618    -0.001547257243638     0.000700618071303
     0.000682514896700    -0.000268756928698     0.002765181248426
58 5
    -0.005331892164273    -0.004264411690602     0.004720806563366
    -0.004670873992189    -0.002171870338876     0.003290046642731
     0.004780465293525     0.003517292674477    -0.001682681846813
58 6
    -0.000561279069035    -0.000823143833459    -0.000640211293777
     0.000682514896699     0.002765181248425    -0.000268756928697
    -0.001163302563618     0.000700618071303    -0.001547257243638
58 7
    -0.005331892164273     0.004720806563366    -0.004264411690602
     0.004780465293525    -0.001682681846813     0.003517292674477
    -0.004670873992190     0.003290046642731    -0.002171870338876
58 8
     0.003300010613505    -0.000806915658856     0.000792933547493
     0.000668743071303    -0.000141779069035    -0.001465737087428
    -0.000643465262031    -0.001435544627110    -0.000323402084908
58 9
    -0.002242723513479     0.003502173626858     0.004452620055430
     0.003585457357017    -0.002166888196019    -0.004490300579491
     0.004401415690350    -0.004335288674729    -0.006183233434114
58 10
    -0.001659878275384    -0.000185856135047     0.000018320452255
    -0.000391294627110    -0.001578259227765     0.000078481166541
    -0.000049618039809     0.000009151801461     0.010194181248425
58 11
    -0.002304636211892    -0.002662028754094    -0.005272983119174
    -0.003660675579491    -0.001488435815067    -0.005189715262031
    -0.004042671611237    -0.004410427563618    -0.005891318751575
58 12
    -0.028763594545225     0.031619921642731    -0.016619723198539
     0.031806177595112    -0.028613417957924     0.016717649817334
     0.018215231166541    -0.017348447404888     0.030286431248425
58 13
     0.004999353867473    -0.002640084309650     0.000419705372890
    -0.002605995023936     0.002044949105568     0.002464721245906
     0.000277276801461     0.002587374023684     0.005091931248425
58 14
    -0.000024675894432     0.000853965293525     0.001386745055430
    -0.000761875976316     0.003317534423028    -0.000750675579491
     0.001336606166541     0.000563401801461    -0.000315451688083
58 15
     0.004656151486521     0.002470643864953    -0.000597820420761
     0.002408052595112     0.001972111803981     0.002456508944318
    -0.000442435500126     0.002513610134795     0.004705028470648
58 16
     0.003300010613505     0.000792933547493    -0.000806915658856
    -0.000643465262031    -0.000323402084908    -0.001435544627110
     0.000668743071303    -0.001465737087428    -0.000141779069035
58 17
    -0.002242723513479     0.004452620055430     0.003502173626858
     0.004401415690350    -0.006183233434114    -0.004335288674729
     0.003585457357017    -0.004490300579491    -0.002166888196019
58 18
    -0.001659878275384     0.000018320452255    -0.000185856135047
    -0.000049618039809     0.010194181248425     0.000009151801461
    -0.000391294627110     0.000078481166541    -0.001578259227765
58 19
    -0.002304636211892    -0.005272983119174    -0.002662028754094
    -0.004042671611237    -0.005891318751575    -0.004410427563618
    -0.003660675579491    -0.005189715262031    -0.001488435815067
58 20
    -0.000024675894432     0.001386745055430     0.000853965293525
     0.001336606166541    -0.000315451688083     0.000563401801461
    -0.000761875976316    -0.000750675579491     0.003317534423028
58 21
     0.004656151486521    -0.000597820420761     0.002470643864953
    -0.000442435500126     0.004705028470648     0.002513610134795
     0.002408052595112     0.002456508944318     0.001972111803981
58 22
    -0.028763594545225    -0.016619723198539     0.031619921642731
     0.018215231166541     0.030286431248425    -0.017348447404888
     0.031806177595112     0.016717649817334    -0.028613417957924
58 23
     0.004999353867473     0.000419705372890    -0.002640084309650
     0.000277276801461     0.005091931248425     0.002587374023684
    -0.002605995023936     0.002464721245906     0.002044949105568
58 24
     0.003305613788108    -0.000666524785840    -0.000666524785840
     0.000968786722096    -0.000209691767448     0.001393213309398
     0.000968786722096     0.001393213309398    -0.000209691767448
58 25
     0.002068328073822     0.002324270849080     0.002324270849080
     0.002196344261779     0.004675580057949    -0.000652502960443
     0.002196344261779    -0.000652502960443     0.004675580057949
58 26
    -0.001230287005543    -0.000028858119174    -0.000028858119174
    -0.000033189468380    -0.001555169942051    -0.000075502960443
    -0.000033189468380    -0.000075502960443    -0.001555169942051
58 27
     0.000632750692870    -0.001583169627110    -0.001583169627110
    -0.002864373992189     0.005491812200806    -0.000625594230285
    -0.002864373992190    -0.000625594230285     0.005491812200806
58 28
    -0.029078165973797    -0.032630631928697     0.017341985134795
    -0.032260899785840    -0.029496685815067     0.017651959341144
    -0.016765665658856    -0.016995207325523     0.031385086010330
58 29
    -0.199616550894432    -0.046103574389015     0.045620606166541
    -0.046437443436634    -0.200396878275384     0.046250913706223
     0.045806600214160     0.045802558547493    -0.200025251291257
58 30
    -0.029078165973797     0.017341985134795    -0.032630631928697
    -0.016765665658856     0.031385086010330    -0.016995207325523
    -0.032260899785840     0.017651959341144    -0.029496685815067
58 31
    -0.199616550894432     0.045620606166541    -0.046103574389015
     0.045806600214160    -0.200025251291257     0.045802558547493
    -0.046437443436634     0.046250913706223    -0.200396878275384
58 32
     0.031811512597632     0.017129251007811     0.017129251007811
    -0.016631157722348    -0.028537904069035    -0.031781461293777
    -0.016631157722348    -0.031781461293777    -0.028537904069035
58 33
    -0.006591693751575     0.004427506960191     0.004427506960191
     0.004259653785588    -0.002214013196019    -0.003634747008062
     0.004259653785588    -0.003634747008062    -0.002214013196019
58 34
     0.009980962994457     0.000126697436382     0.000126697436382
     0.000043028785588    -0.001419465576972     0.000071294658604
     0.000043028785588     0.000071294658604    -0.001419465576972
58 35
    -0.006340431846813    -0.004606844230285    -0.004606844230285
    -0.004585911690602    -0.002289638196019    -0.003757901769967
    -0.004585911690602    -0.003757901769967    -0.002289638196019
58 36
    -0.000200529069035     0.001194848230033    -0.000575302563618
     0.001421354182414    -0.000007542957924    -0.000649026769967
     0.000803060531620     0.000879126007811     0.003459990772235
58 37
     0.001520845930965    -0.001156080341396     0.001118118071303
    -0.001222074389015     0.001385824105568     0.001107175610985
     0.001058364103049     0.001039370055430     0.001613189184933
58 38
    -0.000200529069035    -0.000575302563618     0.001194848230033
     0.000803060531620     0.003459990772235     0.000879126007811
     0.001421354182414    -0.000649026769967    -0.000007542957924
58 39
     0.001520845930965     0.001118118071303    -0.001156080341396
     0.001058364103049     0.001613189184933     0.001039370055430
    -0.001222074389015     0.001107175610985     0.001385824105568
58 40
     0.031169347915092    -0.016294372008062     0.017054258944318
     0.017001508944318    -0.028296800894432     0.031840929579239
    -0.016978207325523     0.031690082357017    -0.028624691767448
58 41
     0.004826994740489     0.002589685531620     0.000377292674477
     0.002353804579239     0.001948163391282    -0.002485899785840
     0.000541951404636    -0.002596735103301     0.004692330057949
58 42
    -0.001371896132527    -0.000062433515999    -0.000022870023935
    -0.000281848198539    -0.001151205656337     0.000156689499874
    -0.000004877960443     0.000102004976065    -0.001385163989670
58 43
     0.004762661407155    -0.002458852166793    -0.000490290658856
    -0.002429790658856     0.001789909423028    -0.002351689468380
    -0.000406112087428    -0.002608979150920     0.004668373708743
58 44
    -0.028529880259511    -0.032249723198539    -0.017257207325523
    -0.032066449389015    -0.028806701688083    -0.017287903754094
     0.017910076404636     0.017925606166541     0.031781955057949
58 45
    -0.002212398116654    -0.003552032722348     0.004490076404636
    -0.002922885896951    -0.002718288989670     0.004929659737969
     0.003420235134795     0.004830671642731    -0.007403437799194
58 46
    -0.000162249307130     0.000800800610985    -0.001453786690602
    -0.000619231135047     0.003166919343663     0.000823072436382
    -0.001487211293777    -0.000820104150920    -0.000105435815067
58 47
    -0.002211836608718     0.003656066484001    -0.004564895817586
     0.003596889896699    -0.002036215576972     0.004493254976065
    -0.004655756928697     0.004622477198287    -0.006003753275384
58 48
     0.031169347915092     0.017054258944318    -0.016294372008062
    -0.016978207325523    -0.028624691767448     0.031690082357017
     0.017001508944318     0.031840929579239    -0.028296800894432
58 49
     0.004826994740489     0.000377292674477     0.002589685531620
     0.000541951404636     0.004692330057949    -0.002596735103301
     0.002353804579239    -0.002485899785840     0.001948163391282
58 50
    -0.001371896132527    -0.000022870023935    -0.000062433515999
    -0.000004877960443    -0.001385163989670     0.000102004976064
    -0.000281848198539     0.000156689499874    -0.001151205656337
58 51
     0.004762661407155    -0.000490290658856    -0.002458852166793
    -0.000406112087428     0.004668373708743    -0.002608979150920
    -0.002429790658856    -0.002351689468380     0.001789909423028
58 52
    -0.000162249307130    -0.001453786690602     0.000800800610985
    -0.001487211293777    -0.000105435815067    -0.000820104150920
    -0.000619231135047     0.000823072436382     0.003166919343663
58 53
    -0.002211836608718    -0.004564895817586     0.003656066484001
    -0.004655756928697    -0.006003753275384     0.004622477198287
     0.003596889896699     0.004493254976064    -0.002036215576972
58 54
    -0.028529880259511    -0.017257207325523    -0.032249723198539
     0.017910076404636     0.031781955057949     0.017925606166541
    -0.032066449389015    -0.017287903754094    -0.028806701688083
58 55
    -0.002212398116654     0.004490076404636    -0.003552032722348
     0.003420235134795    -0.007403437799194     0.004830671642731
    -0.002922885896951     0.004929659737969    -0.002718288989670
58 56
     0.031234574105568    -0.017202177563618    -0.017202177563618
     0.017604606166541    -0.028310965576972    -0.032003473198539
     0.017604606166541    -0.032003473198539    -0.028310965576972
58 57
    -0.199989773116654     0.045886977198287     0.045886977198287
     0.045953135928445    -0.200294937799194    -0.046072318436634
     0.045953135928445    -0.046072318436634    -0.200294937799194
58 58
     0.883615929264298    -0.000675699389015    -0.000675699389015
    -0.000675699389015     0.884209349899219    -0.000034324389015
    -0.000675699389015    -0.000034324389015     0.884209349899219
58 59
    -0.200913374307130    -0.045195770817586    -0.045195770817586
    -0.046126796611237    -0.200127606449987    -0.045795336293777
    -0.046126796611237    -0.045795336293777    -0.200127606449987
58 60
    -0.028345860418241     0.031751766880826     0.017429346245906
     0.031914084341144    -0.028345860418241    -0.017344120023936
    -0.017344120023936     0.017429346245906     0.030938099899219
58 61
     0.001978308232552    -0.002782080341396     0.002504459341144
    -0.002590737087428     0.004688336010330     0.000403683547493
     0.002525743071303     0.000585499023684     0.004839393550013
58 62
    -0.028345860418241     0.017429346245906     0.031751766880826
    -0.017344120023936     0.030938099899219     0.017429346245906
     0.031914084341144    -0.017344120023936    -0.028345860418241
58 63
     0.001978308232552     0.002504459341144    -0.002782080341396
     0.002525743071303     0.004839393550013     0.000585499023684
    -0.002590737087428     0.000403683547493     0.004688336010330
59 1
     0.006389252676997     0.001880778785588     0.001880778785588
     0.004974213309398     0.001203310216679     0.002882318468128
     0.004974213309398     0.002882318468128     0.001203310216679
59 2
     0.000956228867473    -0.000422683515999    -0.000422683515999
    -0.000629248992189     0.000505974899219    -0.001567701373142
    -0.000629248992190    -0.001567701373142     0.000505974899219
59 3
    -0.000244384227765     0.000252245055430     0.000252245055430
    -0.000341074389015    -0.000146513196019    -0.000073375976316
    -0.000341074389015    -0.000073375976317    -0.000146513196019
59 4
    -0.003320207640464    -0.004319558515999     0.003817383944318
    -0.004116873992190    -0.006318213592844     0.002969356166541
     0.002657818468128     0.005912606166541    -0.002081400100781
59 5
    -0.000626945735702    -0.001740133912824     0.000377959341144
    -0.001689820420761     0.000452923311917    -0.000364715262031
    -0.000938856135047     0.000440280769715     0.002994111803981
59 6
    -0.003320207640464     0.003817383944318    -0.004319558515999
     0.002657818468128    -0.002081400100781     0.005912606166541
    -0.004116873992189     0.002969356166541    -0.006318213592845
59 7
    -0.000626945735702     0.000377959341144    -0.001740133912824
    -0.000938856135047     0.002994111803981     0.000440280769715
    -0.001689820420761    -0.000364715262031     0.000452923311917
59 8
    -0.002095292957924     0.004508362118922     0.003686086325271
     0.004451421642731    -0.006456735418241    -0.004377123992189
     0.003617213309398    -0.004792806531872    -0.002233108434114
59 9
     0.003254097915092     0.000749326404636    -0.000684352166793
    -0.000703239071555    -0.000225969545225    -0.001332687484253
     0.000613219261779    -0.001329300579491    -0.000335564783321
59 10
    -0.002681806846813    -0.004119703357269    -0.004317526769967
    -0.003824366055682    -0.002188965576972    -0.004346280738221
    -0.004629564468380    -0.004758860103301    -0.006255025100781
59 11
    -0.000578314783321     0.000009624023684     0.000508044658604
     0.000576502991938    -0.001576642164273     0.000534272833207
    -0.001029493039809     0.001743685531620     0.008990849899219
59 12
     0.001739351883346    -0.002661800579491     0.002280429579239
    -0.002384893833459     0.004708500692870     0.000289512912572
     0.002621409737969     0.000424415690350     0.004762474899219
59 13
    -0.028813699703956     0.031545193468128     0.018235108150668
     0.032115058547493    -0.028862007243638    -0.017313790658856
    -0.016471044627110     0.016018987118922     0.030836724899219
59 14
     0.001444895534140     0.001251868071303    -0.001340227166793
     0.000979552595112     0.001456828073822     0.001350937515747
    -0.001347090262031     0.001162389896699     0.001472716962711
59 15
    -0.000099652084908    -0.000686953357269     0.001244832357017
     0.000702606166541     0.003275155454775     0.000908247039557
     0.001290368071303    -0.000666526769967    -0.000165927878559
59 16
    -0.002095292957924     0.003686086325271     0.004508362118922
     0.003617213309398    -0.002233108434114    -0.004792806531872
     0.004451421642731    -0.004377123992189    -0.006456735418241
59 17
     0.003254097915092    -0.000684352166793     0.000749326404636
     0.000613219261779    -0.000335564783321    -0.001329300579491
    -0.000703239071555    -0.001332687484253    -0.000225969545225
59 18
    -0.002681806846813    -0.004317526769967    -0.004119703357269
    -0.004629564468380    -0.006255025100781    -0.004758860103301
    -0.003824366055682    -0.004346280738221    -0.002188965576972
59 19
    -0.000578314783321     0.000508044658604     0.000009624023684
    -0.001029493039809     0.008990849899219     0.001743685531620
     0.000576502991938     0.000534272833207    -0.001576642164273
59 20
     0.001444895534140    -0.001340227166793     0.001251868071303
    -0.001347090262031     0.001472716962711     0.001162389896699
     0.000979552595112     0.001350937515747     0.001456828073822
59 21
    -0.000099652084908     0.001244832357017    -0.000686953357269
     0.001290368071303    -0.000165927878559    -0.000666526769967
     0.000702606166541     0.000908247039557     0.003275155454775
59 22
     0.001739351883346     0.002280429579239    -0.002661800579491
     0.002621409737969     0.004762474899219     0.000424415690350
    -0.002384893833459     0.000289512912572     0.004708500692870
59 23
    -0.028813699703956     0.018235108150668     0.031545193468128
    -0.016471044627110     0.030836724899219     0.016018987118922
     0.032115058547493    -0.017313790658856    -0.028862007243638
59 24
     0.001555060216679     0.001281127991938     0.001281127991938
     0.001332215293525     0.001510101883346    -0.001112923595364
     0.001332215293525    -0.001112923595364     0.001510101883346
59 25
     0.002928774502394     0.000751048626858     0.000751048626858
    -0.000788227166793    -0.000158001291257     0.001433360134795
    -0.000788227166793     0.001433360134795    -0.000158001291257
59 26
     0.002013909423028    -0.002830455341396    -0.002830455341396
    -0.002510885896951     0.004684748708743    -0.000774764865205
    -0.002510885896951    -0.000774764865205     0.004684748708743
59 27
    -0.002305802878559     0.000962858150668     0.000962858150668
     0.000312554579239    -0.001426769148400     0.000111018864953
     0.000312554579239     0.000111018864953    -0.001426769148400
59 28
    -0.002054094545225    -0.003915729150920     0.004689387912572
    -0.003655471214412    -0.002057392164273     0.004247947436382
     0.003969637912572     0.003874780769715    -0.006263995338876
59 29
    -0.028467854465860    -0.032021671611237    -0.017281741055682
    -0.031885764865205    -0.028534209624591    -0.017149723198539
     0.017385778785588     0.017405546642731     0.031340042359536
59 30
    -0.002054094545225     0.004689387912572    -0.003915729150920
     0.003969637912572    -0.006263995338876     0.003874780769715
    -0.003655471214412     0.004247947436382    -0.002057392164273
59 31
    -0.028467854465860    -0.017281741055682    -0.032021671611237
     0.017385778785588     0.031340042359536     0.017405546642731
    -0.031885764865205    -0.017149723198539    -0.028534209624591
59 32
    -0.198488790973797     0.044192903785588     0.044192903785588
     0.044456770849080    -0.201268360418241    -0.044936723198539
     0.044456770849080    -0.044936723198539    -0.201268360418241
59 33
     0.030740127676997    -0.017428590262031    -0.017428590262031
     0.017949832357017    -0.028504469545225    -0.031338258912824
     0.017949832357017    -0.031338258912824    -0.028504469545225
59 34
    -0.005986840576972    -0.004015899785840    -0.004015899785840
    -0.004799042642983    -0.002587171926178    -0.004570092246158
    -0.004799042642983    -0.004570092246158    -0.002587171926178
59 35
     0.009497764581759    -0.000020191452507    -0.000020191452507
     0.000166641880826    -0.001185594545225     0.000132211325271
     0.000166641880826     0.000132211325271    -0.001185594545226
59 36
     0.004587917359536    -0.000575123992189     0.002900975214160
    -0.000541592246158     0.005014125692870     0.002858336325271
     0.002898239103049     0.002563114103049     0.002068659423028
59 37
    -0.000506707640464     0.001121822436382     0.000854770849080
     0.001484729182414    -0.000321632243638     0.000742163706223
    -0.000521957325523    -0.000754891849332     0.003073607835727
59 38
     0.004587917359536     0.002900975214160    -0.000575123992189
     0.002898239103049     0.002068659423028     0.002563114103049
    -0.000541592246158     0.002858336325271     0.005014125692870
59 39
    -0.000506707640464     0.000854770849080     0.001121822436382
    -0.000521957325523     0.003073607835727    -0.000754891849332
     0.001484729182414     0.000742163706223    -0.000321632243638
59 40
     0.004785794343663     0.000267405769715     0.002658911722096
     0.000434812515747     0.004281117756362    -0.002492582325523
     0.003158721245906    -0.002703179547745     0.002358726883346
59 41
     0.030495316169060     0.017220713309398    -0.017023554547745
    -0.016836516849332    -0.028886042957924     0.032199588309398
     0.016749254976065     0.031713877991938    -0.028498376291257
59 42
     0.004444925296044    -0.002540655738221    -0.000160342246158
    -0.002314419627110     0.001859587994457    -0.002673322404888
    -0.000761324389015    -0.002238256928697     0.004076254661124
59 43
    -0.001071142164273    -0.000000574389015     0.000028612118922
    -0.000106612087428    -0.000835421926178    -0.000004701373142
    -0.000021558515999     0.000046008944318    -0.001169207640464
59 44
    -0.200035058830940    -0.046188320420761     0.046862570452255
    -0.046201020817586    -0.198883658037289     0.046701584341144
     0.044373879976065     0.044064594261779    -0.199833876291257
59 45
    -0.028871201688083    -0.032588129944570     0.015953604182414
    -0.033585207325523    -0.027617745338876     0.016442397833207
    -0.015945711293777    -0.018146965262031     0.032707980851600
59 46
    -0.006010802878559     0.004454328388763    -0.004193258912824
     0.004954322436382    -0.001721537005543     0.003249810531620
    -0.004635282722348     0.003758633944318    -0.001993142164273
59 47
    -0.000071015180146    -0.000648405738221    -0.001431243039809
     0.000726943468128     0.003229328073822    -0.000664131928697
    -0.001351578357269     0.000870215293525    -0.000232209624591
59 48
     0.004785794343663     0.002658911722096     0.000267405769715
     0.003158721245906     0.002358726883346    -0.002703179547745
     0.000434812515747    -0.002492582325523     0.004281117756362
59 49
     0.030495316169060    -0.017023554547745     0.017220713309398
     0.016749254976064    -0.028498376291257     0.031713877991938
    -0.016836516849332     0.032199588309398    -0.028886042957924
59 50
     0.004444925296044    -0.000160342246158    -0.002540655738221
    -0.000761324389015     0.004076254661124    -0.002238256928697
    -0.002314419627110    -0.002673322404888     0.001859587994457
59 51
    -0.001071142164273     0.000028612118922    -0.000000574389015
    -0.000021558515999    -0.001169207640464     0.000046008944318
    -0.000106612087428    -0.000004701373142    -0.000835421926178
59 52
    -0.006010802878559    -0.004193258912824     0.004454328388763
    -0.004635282722348    -0.001993142164273     0.003758633944318
     0.004954322436382     0.003249810531620    -0.001721537005543
59 53
    -0.000071015180146    -0.001431243039809    -0.000648405738221
    -0.001351578357269    -0.000232209624591     0.000870215293525
     0.000726943468128    -0.000664131928697     0.003229328073822
59 54
    -0.200035058830940     0.046862570452255    -0.046188320420761
     0.044373879976064    -0.199833876291257     0.044064594261779
    -0.046201020817586     0.046701584341144    -0.198883658037289
59 55
    -0.028871201688083     0.015953604182414    -0.032588129944570
    -0.015945711293777     0.032707980851600    -0.018146965262031
    -0.033585207325523     0.016442397833207    -0.027617745338876
59 56
    -0.006339104465860     0.004382475214160     0.004382475214160
     0.004856284737969    -0.002359171926178    -0.003848110103301
     0.004856284737969    -0.003848110103301    -0.002359171926178
59 57
     0.031232923311917     0.017696254976064     0.017696254976064
    -0.017488560500126    -0.028605519148400    -0.032100705341396
    -0.017488560500126    -0.032100705341396    -0.028605519148400
59 58
    -0.200913374307130    -0.046126796611237    -0.046126796611237
    -0.045195770817586    -0.200127606449987    -0.045795336293777
    -0.045195770817586    -0.045795336293777    -0.200127606449987
59 59
     0.885051072121441     0.000169381960191     0.000169381960191
     0.000169381960191     0.883392187200806    -0.000104098198539
     0.000169381960191    -0.000104098198539     0.883392187200806
59 60
     0.004688336010330    -0.002782080341396     0.000585499023684
    -0.002590737087428     0.001978308232552     0.002525743071303
     0.000403683547493     0.002504459341144     0.004839393550013
59 61
    -0.028180245338876     0.031920572436382    -0.017236762881078
     0.031973441484001    -0.028180245338876     0.017486296642731
     0.017486296642731    -0.017236762881078     0.031023687200806
59 62
     0.004688336010330     0.000585499023684    -0.002782080341396
     0.000403683547493     0.004839393550013     0.002504459341144
    -0.002590737087428     0.002525743071303     0.001978308232552
59 63
    -0.028180245338876    -0.017236762881078     0.031920572436382
     0.017486296642731     0.031023687200806    -0.017236762881078
     0.031973441484001     0.017486296642731    -0.028180245338876
60 1
    -0.000187983434115     0.000957784737969    -0.000262919627110
     0.000786501007811     0.003040556248425     0.000786501007811
    -0.000262919627110     0.000957784737969    -0.000187983434114
60 2
    -0.001547257243638    -0.001163302563618     0.000700618071303
    -0.000640211293777    -0.000561279069035    -0.000823143833459
    -0.000268756928697     0.000682514896699     0.002765181248425
60 3
    -0.002171870338876    -0.004670873992190     0.003290046642731
    -0.004264411690602    -0.005331892164273     0.004720806563366
     0.003517292674477     0.004780465293525    -0.001682681846813
60 4
    -0.000625443751574     0.000653197436382    -0.000391814468380
     0.000461413706223    -0.001159092561098     0.000461413706223
    -0.000391814468380     0.000653197436382    -0.000625443751575
60 5
     0.001569068153187    -0.001329502960443    -0.001004989071555
    -0.001183407722348     0.001343169343663    -0.001183407722348
    -0.001004989071554    -0.001329502960443     0.001569068153187
60 6
     0.002765181248426     0.000682514896700    -0.000268756928698
    -0.000823143833459    -0.000561279069035    -0.000640211293777
     0.000700618071303    -0.001163302563618    -0.001547257243638
60 7
    -0.001682681846813     0.004780465293525     0.003517292674477
     0.004720806563366    -0.005331892164273    -0.004264411690602
     0.003290046642731    -0.004670873992189    -0.002171870338876
60 8
    -0.000141779069035     0.000668743071303    -0.001465737087428
    -0.000806915658856     0.003300010613505     0.000792933547493
    -0.001435544627110    -0.000643465262031    -0.000323402084908
60 9
    -0.002166888196019     0.003585457357017    -0.004490300579491
     0.003502173626858    -0.002242723513479     0.004452620055430
    -0.004335288674729     0.004401415690350    -0.006183233434114
60 10
    -0.028613417957924     0.031806177595112     0.016717649817334
     0.031619921642731    -0.028763594545225    -0.016619723198539
    -0.017348447404888     0.018215231166541     0.030286431248425
60 11
     0.002044949105568    -0.002605995023936     0.002464721245906
    -0.002640084309650     0.004999353867473     0.000419705372890
     0.002587374023684     0.000277276801461     0.005091931248425
60 12
    -0.001578259227765    -0.000391294627110     0.000078481166541
    -0.000185856135047    -0.001659878275384     0.000018320452255
     0.000009151801461    -0.000049618039809     0.010194181248425
60 13
    -0.001488435815067    -0.003660675579491    -0.005189715262031
    -0.002662028754094    -0.002304636211892    -0.005272983119174
    -0.004410427563618    -0.004042671611237    -0.005891318751575
60 14
     0.003317534423028    -0.000761875976316    -0.000750675579491
     0.000853965293525    -0.000024675894432     0.001386745055430
     0.000563401801461     0.001336606166541    -0.000315451688083
60 15
     0.001972111803981     0.002408052595112     0.002456508944318
     0.002470643864953     0.004656151486521    -0.000597820420761
     0.002513610134795    -0.000442435500126     0.004705028470648
60 16
    -0.028537904069035    -0.016631157722348    -0.031781461293777
     0.017129251007811     0.031811512597632     0.017129251007811
    -0.031781461293777    -0.016631157722348    -0.028537904069035
60 17
    -0.002214013196019     0.004259653785588    -0.003634747008062
     0.004427506960191    -0.006591693751575     0.004427506960191
    -0.003634747008062     0.004259653785588    -0.002214013196019
60 18
    -0.000007542957924     0.001421354182414    -0.000649026769967
     0.001194848230033    -0.000200529069035    -0.000575302563618
     0.000879126007811     0.000803060531620     0.003459990772235
60 19
     0.001385824105568    -0.001222074389015     0.001107175610985
    -0.001156080341396     0.001520845930965     0.001118118071303
     0.001039370055430     0.001058364103049     0.001613189184933
60 20
    -0.001419465576972     0.000043028785588     0.000071294658604
     0.000126697436382     0.009980962994457     0.000126697436382
     0.000071294658604     0.000043028785588    -0.001419465576972
60 21
    -0.002289638196019    -0.004585911690602    -0.003757901769967
    -0.004606844230285    -0.006340431846813    -0.004606844230285
    -0.003757901769967    -0.004585911690602    -0.002289638196019
60 22
     0.003459990772235     0.000803060531620     0.000879126007811
    -0.000575302563618    -0.000200529069035     0.001194848230033
    -0.000649026769967     0.001421354182414    -0.000007542957924
60 23
     0.001613189184933     0.001058364103049     0.001039370055430
     0.001118118071303     0.001520845930965    -0.001156080341396
     0.001107175610985    -0.001222074389015     0.001385824105568
60 24
    -0.028296800894432     0.017001508944318     0.031840929579239
    -0.016294372008062     0.031169347915092     0.017054258944318
     0.031690082357017    -0.016978207325523    -0.028624691767448
60 25
     0.001948163391282     0.002353804579239    -0.002485899785840
     0.002589685531620     0.004826994740489     0.000377292674477
    -0.002596735103301     0.000541951404636     0.004692330057949
60 26
    -0.028806701688083    -0.032066449389015    -0.017287903754094
    -0.032249723198539    -0.028529880259511    -0.017257207325523
     0.017925606166541     0.017910076404636     0.031781955057949
60 27
    -0.002718288989670    -0.002922885896951     0.004929659737969
    -0.003552032722348    -0.002212398116654     0.004490076404636
     0.004830671642731     0.003420235134795    -0.007403437799194
60 28
    -0.001151205656337    -0.000281848198539     0.000156689499874
    -0.000062433515999    -0.001371896132527    -0.000022870023935
     0.000102004976064    -0.000004877960443    -0.001385163989670
60 29
     0.001789909423028    -0.002429790658856    -0.002351689468380
    -0.002458852166793     0.004762661407155    -0.000490290658856
    -0.002608979150920    -0.000406112087428     0.004668373708743
60 30
     0.003166919343663    -0.000619231135047     0.000823072436382
     0.000800800610985    -0.000162249307130    -0.001453786690602
    -0.000820104150920    -0.001487211293777    -0.000105435815067
60 31
    -0.002036215576972     0.003596889896699     0.004493254976064
     0.003656066484001    -0.002211836608718    -0.004564895817586
     0.004622477198287    -0.004655756928697    -0.006003753275384
60 32
    -0.000323402084908    -0.000643465262031    -0.001435544627110
     0.000792933547493     0.003300010613505    -0.000806915658856
    -0.001465737087428     0.000668743071303    -0.000141779069035
60 33
    -0.006183233434114     0.004401415690350    -0.004335288674729
     0.004452620055430    -0.002242723513479     0.003502173626858
    -0.004490300579491     0.003585457357017    -0.002166888196019
60 34
    -0.000315451688083     0.001336606166541     0.000563401801461
     0.001386745055430    -0.000024675894432     0.000853965293525
    -0.000750675579491    -0.000761875976316     0.003317534423028
60 35
     0.004705028470648    -0.000442435500126     0.002513610134795
    -0.000597820420761     0.004656151486521     0.002470643864953
     0.002456508944318     0.002408052595112     0.001972111803981
60 36
     0.010194181248425    -0.000049618039809     0.000009151801461
     0.000018320452255    -0.001659878275384    -0.000185856135047
     0.000078481166541    -0.000391294627110    -0.001578259227765
60 37
    -0.005891318751575    -0.004042671611237    -0.004410427563618
    -0.005272983119174    -0.002304636211892    -0.002662028754094
    -0.005189715262031    -0.003660675579491    -0.001488435815067
60 38
     0.030286431248425     0.018215231166541    -0.017348447404888
    -0.016619723198539    -0.028763594545225     0.031619921642731
     0.016717649817334     0.031806177595112    -0.028613417957924
60 39
     0.005091931248425     0.000277276801461     0.002587374023684
     0.000419705372890     0.004999353867473    -0.002640084309650
     0.002464721245906    -0.002605995023936     0.002044949105568
60 40
    -0.000209691767448     0.000968786722096     0.001393213309398
    -0.000666524785840     0.003305613788108    -0.000666524785840
     0.001393213309398     0.000968786722096    -0.000209691767448
60 41
     0.004675580057949     0.002196344261779    -0.000652502960443
     0.002324270849080     0.002068328073822     0.002324270849080
    -0.000652502960443     0.002196344261779     0.004675580057949
60 42
    -0.029496685815067    -0.032260899785840     0.017651959341144
    -0.032630631928697    -0.029078165973797     0.017341985134795
    -0.016995207325523    -0.016765665658856     0.031385086010330
60 43
    -0.200396878275384    -0.046437443436634     0.046250913706223
    -0.046103574389015    -0.199616550894432     0.045620606166541
     0.045802558547493     0.045806600214160    -0.200025251291257
60 44
    -0.001555169942051    -0.000033189468380    -0.000075502960443
    -0.000028858119174    -0.001230287005543    -0.000028858119174
    -0.000075502960443    -0.000033189468380    -0.001555169942051
60 45
     0.005491812200806    -0.002864373992190    -0.000625594230285
    -0.001583169627110     0.000632750692870    -0.001583169627110
    -0.000625594230285    -0.002864373992189     0.005491812200806
60 46
     0.031385086010330    -0.016765665658856    -0.016995207325523
     0.017341985134795    -0.029078165973797    -0.032630631928697
     0.017651959341144    -0.032260899785840    -0.029496685815067
60 47
    -0.200025251291257     0.045806600214160     0.045802558547493
     0.045620606166541    -0.199616550894432    -0.046103574389015
     0.046250913706223    -0.046437443436634    -0.200396878275384
60 48
    -0.028624691767448    -0.016978207325523     0.031690082357017
     0.017054258944318     0.031169347915092    -0.016294372008062
     0.031840929579239     0.017001508944318    -0.028296800894432
60 49
     0.004692330057949     0.000541951404636    -0.002596735103301
     0.000377292674477     0.004826994740489     0.002589685531620
    -0.002485899785840     0.002353804579239     0.001948163391282
60 50
    -0.000105435815067    -0.001487211293777    -0.000820104150920
    -0.001453786690602    -0.000162249307130     0.000800800610985
     0.000823072436382    -0.000619231135047     0.003166919343663
60 51
    -0.006003753275384    -0.004655756928697     0.004622477198287
    -0.004564895817586    -0.002211836608718     0.003656066484001
     0.004493254976065     0.003596889896699    -0.002036215576972
60 52
    -0.001385163989670    -0.000004877960443     0.000102004976065
    -0.000022870023935    -0.001371896132527    -0.000062433515999
     0.000156689499874    -0.000281848198539    -0.001151205656337
60 53
     0.004668373708743    -0.000406112087428    -0.002608979150920
    -0.000490290658856     0.004762661407155    -0.002458852166793
    -0.002351689468380    -0.002429790658856     0.001789909423028
60 54
     0.031781955057949     0.017910076404636     0.017925606166541
    -0.017257207325523    -0.028529880259511    -0.032249723198539
    -0.017287903754094    -0.032066449389015    -0.028806701688083
60 55
    -0.007403437799194     0.003420235134795     0.004830671642731
     0.004490076404636    -0.002212398116654    -0.003552032722348
     0.004929659737969    -0.002922885896951    -0.002718288989670
60 56
    -0.028310965576972     0.017604606166541    -0.032003473198539
    -0.017202177563618     0.031234574105568    -0.017202177563618
    -0.032003473198539     0.017604606166541    -0.028310965576972
60 57
    -0.200294937799194     0.045953135928445    -0.046072318436634
     0.045886977198287    -0.199989773116654     0.045886977198287
    -0.046072318436634     0.045953135928445    -0.200294937799194
60 58
    -0.028345860418241     0.031914084341144    -0.017344120023936
     0.031751766880826    -0.028345860418241     0.017429346245906
     0.017429346245906    -0.017344120023936     0.030938099899219
60 59
     0.004688336010330    -0.002590737087428     0.000403683547493
    -0.002782080341396     0.001978308232552     0.002504459341144
     0.000585499023684     0.002525743071303     0.004839393550013
60 60
     0.884209349899219    -0.000675699389015    -0.000034324389015
    -0.000675699389015     0.883615929264298    -0.000675699389015
    -0.000034324389015    -0.000675699389015     0.884209349899219
60 61
    -0.200127606449987    -0.046126796611237    -0.045795336293777
    -0.045195770817586    -0.200913374307130    -0.045195770817586
    -0.045795336293777    -0.046126796611237    -0.200127606449987
60 62
     0.030938099899219    -0.017344120023936     0.017429346245906
     0.017429346245906    -0.028345860418241     0.031751766880826
    -0.017344120023936     0.031914084341144    -0.028345860418241
60 63
     0.004839393550013     0.002525743071303     0.000585499023684
     0.002504459341144     0.001978308232552    -0.002782080341396
     0.000403683547493    -0.002590737087428     0.004688336010330
61 1
     0.001203310216679     0.004974213309398     0.002882318468128
     0.001880778785588     0.006389252676997     0.001880778785588
     0.002882318468128     0.004974213309398     0.001203310216679
61 2
    -0.006318213592845    -0.004116873992189     0.002969356166541
    -0.004319558515999    -0.003320207640464     0.003817383944318
     0.005912606166541     0.002657818468128    -0.002081400100781
61 3
     0.000452923311917    -0.001689820420761    -0.000364715262031
    -0.001740133912824    -0.000626945735702     0.000377959341144
     0.000440280769715    -0.000938856135047     0.002994111803981
61 4
     0.000505974899219    -0.000629248992190    -0.001567701373142
    -0.000422683515999     0.000956228867473    -0.000422683515999
    -0.001567701373142    -0.000629248992189     0.000505974899219
61 5
    -0.000146513196019    -0.000341074389015    -0.000073375976317
     0.000252245055430    -0.000244384227765     0.000252245055430
    -0.000073375976316    -0.000341074389015    -0.000146513196019
61 6
    -0.002081400100781     0.002657818468128     0.005912606166541
     0.003817383944318    -0.003320207640464    -0.004319558515999
     0.002969356166541    -0.004116873992190    -0.006318213592844
61 7
     0.002994111803981    -0.000938856135047     0.000440280769715
     0.000377959341144    -0.000626945735702    -0.001740133912824
    -0.000364715262031    -0.001689820420761     0.000452923311917
61 8
    -0.006456735418241     0.004451421642731    -0.004377123992189
     0.004508362118922    -0.002095292957924     0.003686086325271
    -0.004792806531872     0.003617213309398    -0.002233108434114
61 9
    -0.000225969545225    -0.000703239071555    -0.001332687484253
     0.000749326404636     0.003254097915092    -0.000684352166793
    -0.001329300579491     0.000613219261779    -0.000335564783321
61 10
     0.004708500692870    -0.002384893833459     0.000289512912572
    -0.002661800579491     0.001739351883346     0.002280429579239
     0.000424415690350     0.002621409737969     0.004762474899219
61 11
    -0.028862007243638     0.032115058547493    -0.017313790658856
     0.031545193468128    -0.028813699703956     0.018235108150668
     0.016018987118922    -0.016471044627110     0.030836724899219
61 12
    -0.002188965576972    -0.003824366055682    -0.004346280738221
    -0.004119703357269    -0.002681806846813    -0.004317526769967
    -0.004758860103301    -0.004629564468380    -0.006255025100781
61 13
    -0.001576642164273     0.000576502991938     0.000534272833207
     0.000009624023684    -0.000578314783321     0.000508044658604
     0.001743685531620    -0.001029493039809     0.008990849899219
61 14
     0.001456828073822     0.000979552595112     0.001350937515747
     0.001251868071303     0.001444895534140    -0.001340227166793
     0.001162389896699    -0.001347090262031     0.001472716962711
61 15
     0.003275155454775     0.000702606166541     0.000908247039557
    -0.000686953357269    -0.000099652084908     0.001244832357017
    -0.000666526769967     0.001290368071303    -0.000165927878559
61 16
    -0.201268360418241     0.044456770849080    -0.044936723198539
     0.044192903785588    -0.198488790973797     0.044192903785588
    -0.044936723198539     0.044456770849080    -0.201268360418241
61 17
    -0.028504469545225     0.017949832357017    -0.031338258912824
    -0.017428590262031     0.030740127676997    -0.017428590262031
    -0.031338258912824     0.017949832357017    -0.028504469545225
61 18
     0.005014125692870    -0.000541592246158     0.002858336325271
    -0.000575123992189     0.004587917359536     0.002900975214160
     0.002563114103049     0.002898239103049     0.002068659423028
61 19
    -0.000321632243638     0.001484729182414     0.000742163706223
     0.001121822436382    -0.000506707640464     0.000854770849080
    -0.000754891849332    -0.000521957325523     0.003073607835727
61 20
    -0.002587171926178    -0.004799042642983    -0.004570092246158
    -0.004015899785840    -0.005986840576972    -0.004015899785840
    -0.004570092246158    -0.004799042642983    -0.002587171926178
61 21
    -0.001185594545226     0.000166641880826     0.000132211325271
    -0.000020191452507     0.009497764581759    -0.000020191452507
     0.000132211325271     0.000166641880826    -0.001185594545225
61 22
     0.002068659423028     0.002898239103049     0.002563114103049
     0.002900975214160     0.004587917359536    -0.000575123992189
     0.002858336325271    -0.000541592246158     0.005014125692870
61 23
     0.003073607835727    -0.000521957325523    -0.000754891849332
     0.000854770849080    -0.000506707640464     0.001121822436382
     0.000742163706223     0.001484729182414    -0.000321632243638
61 24
     0.004281117756362     0.000434812515747    -0.002492582325523
     0.000267405769715     0.004785794343663     0.002658911722096
    -0.002703179547745     0.003158721245906     0.002358726883346
61 25
    -0.028886042957924    -0.016836516849332     0.032199588309398
     0.017220713309398     0.030495316169060    -0.017023554547745
     0.031713877991938     0.016749254976064    -0.028498376291257
61 26
    -0.198883658037289    -0.046201020817586     0.046701584341144
    -0.046188320420761    -0.200035058830940     0.046862570452255
     0.044064594261779     0.044373879976064    -0.199833876291257
61 27
    -0.027617745338876    -0.033585207325523     0.016442397833207
    -0.032588129944570    -0.028871201688083     0.015953604182414
    -0.018146965262031    -0.015945711293777     0.032707980851600
61 28
     0.001859587994457    -0.002314419627110    -0.002673322404888
    -0.002540655738221     0.004444925296044    -0.000160342246158
    -0.002238256928697    -0.000761324389015     0.004076254661124
61 29
    -0.000835421926178    -0.000106612087428    -0.000004701373142
    -0.000000574389015    -0.001071142164273     0.000028612118922
     0.000046008944318    -0.000021558515999    -0.001169207640464
61 30
    -0.001721537005543     0.004954322436382     0.003249810531620
     0.004454328388763    -0.006010802878559    -0.004193258912824
     0.003758633944318    -0.004635282722348    -0.001993142164273
61 31
     0.003229328073822     0.000726943468128    -0.000664131928697
    -0.000648405738221    -0.000071015180146    -0.001431243039809
     0.000870215293525    -0.001351578357269    -0.000232209624591
61 32
    -0.002233108434114     0.003617213309398    -0.004792806531872
     0.003686086325271    -0.002095292957924     0.004508362118922
    -0.004377123992189     0.004451421642731    -0.006456735418241
61 33
    -0.000335564783321     0.000613219261779    -0.001329300579491
    -0.000684352166793     0.003254097915092     0.000749326404636
    -0.001332687484253    -0.000703239071555    -0.000225969545225
61 34
     0.001472716962711    -0.001347090262031     0.001162389896699
    -0.001340227166793     0.001444895534140     0.001251868071303
     0.001350937515747     0.000979552595112     0.001456828073822
61 35
    -0.000165927878559     0.001290368071303    -0.000666526769967
     0.001244832357017    -0.000099652084908    -0.000686953357269
     0.000908247039557     0.000702606166541     0.003275155454775
61 36
    -0.006255025100781    -0.004629564468380    -0.004758860103301
    -0.004317526769967    -0.002681806846813    -0.004119703357269
    -0.004346280738221    -0.003824366055682    -0.002188965576972
61 37
     0.008990849899219    -0.001029493039809     0.001743685531620
     0.000508044658604    -0.000578314783321     0.000009624023684
     0.000534272833207     0.000576502991938    -0.001576642164273
61 38
     0.004762474899219     0.002621409737969     0.000424415690350
     0.002280429579239     0.001739351883346    -0.002661800579491
     0.000289512912572    -0.002384893833459     0.004708500692870
61 39
     0.030836724899219    -0.016471044627110     0.016018987118922
     0.018235108150668    -0.028813699703956     0.031545193468128
    -0.017313790658856     0.032115058547493    -0.028862007243638
61 40
     0.001510101883346     0.001332215293525    -0.001112923595364
     0.001281127991938     0.001555060216679     0.001281127991938
    -0.001112923595364     0.001332215293525     0.001510101883346
61 41
    -0.000158001291257    -0.000788227166793     0.001433360134795
     0.000751048626858     0.002928774502394     0.000751048626858
     0.001433360134795    -0.000788227166793    -0.000158001291257
61 42
    -0.002057392164273    -0.003655471214412     0.004247947436382
    -0.003915729150920    -0.002054094545225     0.004689387912572
     0.003874780769715     0.003969637912572    -0.006263995338876
61 43
    -0.028534209624591    -0.031885764865205    -0.017149723198539
    -0.032021671611237    -0.028467854465860    -0.017281741055682
     0.017405546642731     0.017385778785588     0.031340042359536
61 44
     0.004684748708743    -0.002510885896951    -0.000774764865205
    -0.002830455341396     0.002013909423028    -0.002830455341396
    -0.000774764865205    -0.002510885896951     0.004684748708743
61 45
    -0.001426769148400     0.000312554579239     0.000111018864953
     0.000962858150668    -0.002305802878559     0.000962858150668
     0.000111018864953     0.000312554579239    -0.001426769148400
61 46
    -0.006263995338876     0.003969637912572     0.003874780769715
     0.004689387912572    -0.002054094545225    -0.003915729150920
     0.004247947436382    -0.003655471214412    -0.002057392164273
61 47
     0.031340042359536     0.017385778785588     0.017405546642731
    -0.017281741055682    -0.028467854465860    -0.032021671611237
    -0.017149723198539    -0.031885764865205    -0.028534209624591
61 48
     0.002358726883346     0.003158721245906    -0.002703179547745
     0.002658911722096     0.004785794343663     0.000267405769715
    -0.002492582325523     0.000434812515747     0.004281117756362
61 49
    -0.028498376291257     0.016749254976065     0.031713877991938
    -0.017023554547745     0.030495316169060     0.017220713309398
     0.032199588309398    -0.016836516849332    -0.028886042957924
61 50
    -0.001993142164273    -0.004635282722348     0.003758633944318
    -0.004193258912824    -0.006010802878559     0.004454328388763
     0.003249810531620     0.004954322436382    -0.001721537005543
61 51
    -0.000232209624591    -0.001351578357269     0.000870215293525
    -0.001431243039809    -0.000071015180146    -0.000648405738221
    -0.000664131928697     0.000726943468128     0.003229328073822
61 52
     0.004076254661124    -0.000761324389015    -0.002238256928697
    -0.000160342246158     0.004444925296044    -0.002540655738221
    -0.002673322404888    -0.002314419627110     0.001859587994457
61 53
    -0.001169207640464    -0.000021558515999     0.000046008944318
     0.000028612118922    -0.001071142164273    -0.000000574389015
    -0.000004701373142    -0.000106612087428    -0.000835421926178
61 54
    -0.199833876291257     0.044373879976065     0.044064594261779
     0.046862570452255    -0.200035058830940    -0.046188320420761
     0.046701584341144    -0.046201020817586    -0.198883658037289
61 55
     0.032707980851600    -0.015945711293777    -0.018146965262031
     0.015953604182414    -0.028871201688083    -0.032588129944570
     0.016442397833207    -0.033585207325523    -0.027617745338876
61 56
    -0.002359171926178     0.004856284737969    -0.003848110103301
     0.004382475214160    -0.006339104465860     0.004382475214160
    -0.003848110103301     0.004856284737969    -0.002359171926178
61 57
    -0.028605519148400    -0.017488560500126    -0.032100705341396
     0.017696254976064     0.031232923311917     0.017696254976064
    -0.032100705341396    -0.017488560500126    -0.028605519148400
61 58
     0.001978308232552    -0.002590737087428     0.002525743071303
    -0.002782080341396     0.004688336010330     0.000585499023684
     0.002504459341144     0.000403683547493     0.004839393550013
61 59
    -0.028180245338876     0.031973441484001     0.017486296642731
     0.031920572436382    -0.028180245338876    -0.017236762881078
    -0.017236762881078     0.017486296642731     0.031023687200806
61 60
    -0.200127606449987    -0.045195770817586    -0.045795336293777
    -0.046126796611237    -0.200913374307130    -0.046126796611237
    -0.045795336293777    -0.045195770817586    -0.200127606449987
61 61
     0.883392187200806     0.000169381960192    -0.000104098198539
     0.000169381960192     0.885051072121441     0.000169381960192
    -0.000104098198539     0.000169381960192     0.883392187200806
61 62
     0.004839393550013     0.000403683547493     0.002504459341144
     0.000585499023684     0.004688336010330    -0.002782080341396
     0.002525743071303    -0.002590737087428     0.001978308232552
61 63
     0.031023687200806     0.017486296642731    -0.017236762881078
    -0.017236762881078    -0.028180245338876     0.031920572436382
     0.017486296642731     0.031973441484001    -0.028180245338876
62 1
    -0.000187983434114    -0.000262919627110     0.000957784737969
    -0.000262919627110    -0.000187983434115     0.000957784737969
     0.000786501007811     0.000786501007811     0.003040556248425
62 2
    -0.001547257243638     0.000700618071303    -0.001163302563618
    -0.000268756928698     0.002765181248426     0.000682514896700
    -0.000640211293777    -0.000823143833459    -0.000561279069035
62 3
    -0.002171870338876     0.003290046642731    -0.004670873992189
     0.003517292674477    -0.001682681846813     0.004780465293525
    -0.004264411690602     0.004720806563366    -0.005331892164273
62 4
     0.002765181248425    -0.000268756928697     0.000682514896699
     0.000700618071303    -0.001547257243638    -0.001163302563618
    -0.000823143833459    -0.000640211293777    -0.000561279069035
62 5
    -0.001682681846813     0.003517292674477     0.004780465293525
     0.003290046642731    -0.002171870338876    -0.004670873992190
     0.004720806563366    -0.004264411690602    -0.005331892164273
62 6
    -0.000625443751575    -0.000391814468380     0.000653197436382
    -0.000391814468380    -0.000625443751574     0.000653197436382
     0.000461413706223     0.000461413706223    -0.001159092561098
62 7
     0.001569068153187    -0.001004989071554    -0.001329502960443
    -0.001004989071555     0.001569068153187    -0.001329502960443
    -0.001183407722348    -0.001183407722348     0.001343169343663
62 8
    -0.028537904069035    -0.031781461293777    -0.016631157722348
    -0.031781461293777    -0.028537904069035    -0.016631157722348
     0.017129251007811     0.017129251007811     0.031811512597632
62 9
    -0.002214013196019    -0.003634747008062     0.004259653785588
    -0.003634747008062    -0.002214013196019     0.004259653785588
     0.004427506960191     0.004427506960191    -0.006591693751575
62 10
    -0.000007542957924    -0.000649026769967     0.001421354182414
     0.000879126007811     0.003459990772235     0.000803060531620
     0.001194848230033    -0.000575302563618    -0.000200529069035
62 11
     0.001385824105568     0.001107175610985    -0.001222074389015
     0.001039370055430     0.001613189184933     0.001058364103049
    -0.001156080341396     0.001118118071303     0.001520845930965
62 12
     0.003459990772235     0.000879126007811     0.000803060531620
    -0.000649026769967    -0.000007542957924     0.001421354182414
    -0.000575302563618     0.001194848230033    -0.000200529069035
62 13
     0.001613189184933     0.001039370055430     0.001058364103049
     0.001107175610985     0.001385824105568    -0.001222074389015
     0.001118118071303    -0.001156080341396     0.001520845930965
62 14
    -0.001419465576972     0.000071294658604     0.000043028785588
     0.000071294658604    -0.001419465576972     0.000043028785588
     0.000126697436382     0.000126697436382     0.009980962994457
62 15
    -0.002289638196019    -0.003757901769967    -0.004585911690602
    -0.003757901769967    -0.002289638196019    -0.004585911690602
    -0.004606844230285    -0.004606844230285    -0.006340431846813
62 16
    -0.000141779069035    -0.001465737087428     0.000668743071303
    -0.001435544627110    -0.000323402084908    -0.000643465262031
    -0.000806915658856     0.000792933547493     0.003300010613505
62 17
    -0.002166888196019    -0.004490300579491     0.003585457357017
    -0.004335288674729    -0.006183233434114     0.004401415690350
     0.003502173626858     0.004452620055430    -0.002242723513479
62 18
    -0.028613417957924     0.016717649817334     0.031806177595112
    -0.017348447404888     0.030286431248425     0.018215231166541
     0.031619921642731    -0.016619723198539    -0.028763594545225
62 19
     0.002044949105568     0.002464721245906    -0.002605995023936
     0.002587374023684     0.005091931248425     0.000277276801461
    -0.002640084309650     0.000419705372890     0.004999353867473
62 20
     0.003317534423028    -0.000750675579491    -0.000761875976316
     0.000563401801461    -0.000315451688083     0.001336606166541
     0.000853965293525     0.001386745055430    -0.000024675894432
62 21
     0.001972111803981     0.002456508944318     0.002408052595112
     0.002513610134795     0.004705028470648    -0.000442435500126
     0.002470643864953    -0.000597820420761     0.004656151486521
62 22
    -0.001578259227765     0.000078481166541    -0.000391294627110
     0.000009151801461     0.010194181248425    -0.000049618039809
    -0.000185856135047     0.000018320452255    -0.001659878275384
62 23
    -0.001488435815067    -0.005189715262031    -0.003660675579491
    -0.004410427563618    -0.005891318751575    -0.004042671611237
    -0.002662028754094    -0.005272983119174    -0.002304636211892
62 24
    -0.028296800894432     0.031840929579239     0.017001508944318
     0.031690082357017    -0.028624691767448    -0.016978207325523
    -0.016294372008062     0.017054258944318     0.031169347915092
62 25
     0.001948163391282    -0.002485899785840     0.002353804579239
    -0.002596735103301     0.004692330057949     0.000541951404636
     0.002589685531620     0.000377292674477     0.004826994740489
62 26
    -0.028806701688083    -0.017287903754094    -0.032066449389015
     0.017925606166541     0.031781955057949     0.017910076404636
    -0.032249723198539    -0.017257207325523    -0.028529880259511
62 27
    -0.002718288989670     0.004929659737969    -0.002922885896951
     0.004830671642731    -0.007403437799194     0.003420235134795
    -0.003552032722348     0.004490076404636    -0.002212398116654
62 28
     0.003166919343663     0.000823072436382    -0.000619231135047
    -0.000820104150920    -0.000105435815067    -0.001487211293777
     0.000800800610985    -0.001453786690602    -0.000162249307130
62 29
    -0.002036215576972     0.004493254976065     0.003596889896699
     0.004622477198287    -0.006003753275384    -0.004655756928697
     0.003656066484001    -0.004564895817586    -0.002211836608718
62 30
    -0.001151205656337     0.000156689499874    -0.000281848198539
     0.000102004976065    -0.001385163989670    -0.000004877960443
    -0.000062433515999    -0.000022870023935    -0.001371896132527
62 31
     0.001789909423028    -0.002351689468380    -0.002429790658856
    -0.002608979150920     0.004668373708743    -0.000406112087428
    -0.002458852166793    -0.000490290658856     0.004762661407155
62 32
    -0.000323402084908    -0.001435544627110    -0.000643465262031
    -0.001465737087428    -0.000141779069035     0.000668743071303
     0.000792933547493    -0.000806915658856     0.003300010613505
62 33
    -0.006183233434114    -0.004335288674729     0.004401415690350
    -0.004490300579491    -0.002166888196019     0.003585457357017
     0.004452620055430     0.003502173626858    -0.002242723513479
62 34
    -0.000315451688083     0.000563401801461     0.001336606166541
    -0.000750675579491     0.003317534423028    -0.000761875976316
     0.001386745055430     0.000853965293525    -0.000024675894432
62 35
     0.004705028470648     0.002513610134795    -0.000442435500126
     0.002456508944318     0.001972111803981     0.002408052595112
    -0.000597820420761     0.002470643864953     0.004656151486521
62 36
     0.030286431248425    -0.017348447404888     0.018215231166541
     0.016717649817334    -0.028613417957924     0.031806177595112
    -0.016619723198539     0.031619921642731    -0.028763594545225
62 37
     0.005091931248425     0.002587374023684     0.000277276801461
     0.002464721245906     0.002044949105568    -0.002605995023936
     0.000419705372890    -0.002640084309650     0.004999353867473
62 38
     0.010194181248425     0.000009151801461    -0.000049618039809
     0.000078481166541    -0.001578259227765    -0.000391294627110
     0.000018320452255    -0.000185856135047    -0.001659878275384
62 39
    -0.005891318751575    -0.004410427563618    -0.004042671611237
    -0.005189715262031    -0.001488435815067    -0.003660675579491
    -0.005272983119174    -0.002662028754094    -0.002304636211892
62 40
    -0.028624691767448     0.031690082357017    -0.016978207325523
     0.031840929579239    -0.028296800894432     0.017001508944318
     0.017054258944318    -0.016294372008062     0.031169347915092
62 41
     0.004692330057949    -0.002596735103301     0.000541951404636
    -0.002485899785840     0.001948163391282     0.002353804579239
     0.000377292674477     0.002589685531620     0.004826994740489
62 42
    -0.000105435815067    -0.000820104150920    -0.001487211293777
     0.000823072436382     0.003166919343663    -0.000619231135047
    -0.001453786690602     0.000800800610985    -0.000162249307130
62 43
    -0.006003753275384     0.004622477198287    -0.004655756928697
     0.004493254976064    -0.002036215576972     0.003596889896699
    -0.004564895817586     0.003656066484001    -0.002211836608718
62 44
     0.031781955057949     0.017925606166541     0.017910076404636
    -0.017287903754094    -0.028806701688083    -0.032066449389015
    -0.017257207325523    -0.032249723198539    -0.028529880259511
62 45
    -0.007403437799194     0.004830671642731     0.003420235134795
     0.004929659737969    -0.002718288989670    -0.002922885896951
     0.004490076404636    -0.003552032722348    -0.002212398116654
62 46
    -0.001385163989670     0.000102004976064    -0.000004877960443
     0.000156689499874    -0.001151205656337    -0.000281848198539
    -0.000022870023935    -0.000062433515999    -0.001371896132527
62 47
     0.004668373708743    -0.002608979150920    -0.000406112087428
    -0.002351689468380     0.001789909423028    -0.002429790658856
    -0.000490290658856    -0.002458852166793     0.004762661407155
62 48
    -0.000209691767448     0.001393213309398     0.000968786722096
     0.001393213309398    -0.000209691767448     0.000968786722096
    -0.000666524785840    -0.000666524785840     0.003305613788108
62 49
     0.004675580057949    -0.000652502960443     0.002196344261779
    -0.000652502960443     0.004675580057949     0.002196344261779
     0.002324270849080     0.002324270849080     0.002068328073822
62 50
    -0.029496685815067     0.017651959341144    -0.032260899785840
    -0.016995207325523     0.031385086010330    -0.016765665658856
    -0.032630631928697     0.017341985134795    -0.029078165973797
62 51
    -0.200396878275384     0.046250913706223    -0.046437443436634
     0.045802558547493    -0.200025251291257     0.045806600214160
    -0.046103574389015     0.045620606166541    -0.199616550894432
62 52
     0.031385086010330    -0.016995207325523    -0.016765665658856
     0.017651959341144    -0.029496685815067    -0.032260899785840
     0.017341985134795    -0.032630631928697    -0.029078165973797
62 53
    -0.200025251291257     0.045802558547493     0.045806600214160
     0.046250913706223    -0.200396878275384    -0.046437443436634
     0.045620606166541    -0.046103574389015    -0.199616550894432
62 54
    -0.001555169942051    -0.000075502960443    -0.000033189468380
    -0.000075502960443    -0.001555169942051    -0.000033189468380
    -0.000028858119174    -0.000028858119174    -0.001230287005543
62 55
     0.005491812200806    -0.000625594230285    -0.002864373992189
    -0.000625594230285     0.005491812200806    -0.002864373992190
    -0.001583169627110    -0.001583169627110     0.000632750692870
62 56
    -0.028310965576972    -0.032003473198539     0.017604606166541
    -0.032003473198539    -0.028310965576972     0.017604606166541
    -0.017202177563618    -0.017202177563618     0.031234574105568
62 57
    -0.200294937799194    -0.046072318436634     0.045953135928445
    -0.046072318436634    -0.200294937799194     0.045953135928445
     0.045886977198287     0.045886977198287    -0.199989773116654
62 58
    -0.028345860418241    -0.017344120023936     0.031914084341144
     0.017429346245906     0.030938099899219    -0.017344120023936
     0.031751766880826     0.017429346245906    -0.028345860418241
62 59
     0.004688336010330     0.000403683547493    -0.002590737087428
     0.000585499023684     0.004839393550013     0.002525743071303
    -0.002782080341396     0.002504459341144     0.001978308232552
62 60
     0.030938099899219     0.017429346245906    -0.017344120023936
    -0.017344120023936    -0.028345860418241     0.031914084341144
     0.017429346245906     0.031751766880826    -0.028345860418241
62 61
     0.004839393550013     0.000585499023684     0.002525743071303
     0.000403683547493     0.004688336010330    -0.002590737087428
     0.002504459341144    -0.002782080341396     0.001978308232552
62 62
     0.884209349899219    -0.000034324389015    -0.000675699389015
    -0.000034324389015     0.884209349899219    -0.000675699389015
    -0.000675699389015    -0.000675699389015     0.883615929264298
62 63
    -0.200127606449987    -0.045795336293777    -0.046126796611237
    -0.045795336293777    -0.200127606449987    -0.046126796611237
    -0.045195770817586    -0.045195770817586    -0.200913374307130
63 1
     0.001203310216679     0.002882318468128     0.004974213309398
     0.002882318468128     0.001203310216679     0.004974213309398
     0.001880778785588     0.001880778785588     0.006389252676997
63 2
    -0.006318213592844     0.002969356166541    -0.004116873992190
     0.005912606166541    -0.002081400100781     0.002657818468128
    -0.004319558515999     0.003817383944318    -0.003320207640464
63 3
     0.000452923311917    -0.000364715262031    -0.001689820420761
     0.000440280769715     0.002994111803981    -0.000938856135047
    -0.001740133912824     0.000377959341144    -0.000626945735702
63 4
    -0.002081400100781     0.005912606166541     0.002657818468128
     0.002969356166541    -0.006318213592845    -0.004116873992189
     0.003817383944318    -0.004319558515999    -0.003320207640464
63 5
     0.002994111803981     0.000440280769715    -0.000938856135047
    -0.000364715262031     0.000452923311917    -0.001689820420761
     0.000377959341144    -0.001740133912824    -0.000626945735702
63 6
     0.000505974899219    -0.001567701373142    -0.000629248992189
    -0.001567701373142     0.000505974899219    -0.000629248992190
    -0.000422683515999    -0.000422683515999     0.000956228867473
63 7
    -0.000146513196019    -0.000073375976316    -0.000341074389015
    -0.000073375976317    -0.000146513196019    -0.000341074389015
     0.000252245055430     0.000252245055430    -0.000244384227765
63 8
    -0.201268360418241    -0.044936723198539     0.044456770849080
    -0.044936723198539    -0.201268360418241     0.044456770849080
     0.044192903785588     0.044192903785588    -0.198488790973797
63 9
    -0.028504469545225    -0.031338258912824     0.017949832357017
    -0.031338258912824    -0.028504469545225     0.017949832357017
    -0.017428590262031    -0.017428590262031     0.030740127676997
63 10
     0.005014125692870     0.002858336325271    -0.000541592246158
     0.002563114103049     0.002068659423028     0.002898239103049
    -0.000575123992189     0.002900975214160     0.004587917359536
63 11
    -0.000321632243638     0.000742163706223     0.001484729182414
    -0.000754891849332     0.003073607835727    -0.000521957325523
     0.001121822436382     0.000854770849080    -0.000506707640464
63 12
     0.002068659423028     0.002563114103049     0.002898239103049
     0.002858336325271     0.005014125692870    -0.000541592246158
     0.002900975214160    -0.000575123992189     0.004587917359536
63 13
     0.003073607835727    -0.000754891849332    -0.000521957325523
     0.000742163706223    -0.000321632243638     0.001484729182414
     0.000854770849080     0.001121822436382    -0.000506707640464
63 14
    -0.002587171926178    -0.004570092246158    -0.004799042642983
    -0.004570092246158    -0.002587171926178    -0.004799042642983
    -0.004015899785840    -0.004015899785840    -0.005986840576972
63 15
    -0.001185594545225     0.000132211325271     0.000166641880826
     0.000132211325271    -0.001185594545225     0.000166641880826
    -0.000020191452507    -0.000020191452507     0.009497764581759
63 16
    -0.006456735418241    -0.004377123992189     0.004451421642731
    -0.004792806531872    -0.002233108434114     0.003617213309398
     0.004508362118922     0.003686086325271    -0.002095292957924
63 17
    -0.000225969545225    -0.001332687484253    -0.000703239071555
    -0.001329300579491    -0.000335564783321     0.000613219261779
     0.000749326404636    -0.000684352166793     0.003254097915092
63 18
     0.004708500692870     0.000289512912572    -0.002384893833459
     0.000424415690350     0.004762474899219     0.002621409737969
    -0.002661800579491     0.002280429579239     0.001739351883346
63 19
    -0.028862007243638    -0.017313790658856     0.032115058547493
     0.016018987118922     0.030836724899219    -0.016471044627110
     0.031545193468128     0.018235108150668    -0.028813699703956
63 20
     0.001456828073822     0.001350937515747     0.000979552595112
     0.001162389896699     0.001472716962711    -0.001347090262031
     0.001251868071303    -0.001340227166793     0.001444895534140
63 21
     0.003275155454775     0.000908247039557     0.000702606166541
    -0.000666526769967    -0.000165927878559     0.001290368071303
    -0.000686953357269     0.001244832357017    -0.000099652084908
63 22
    -0.002188965576972    -0.004346280738221    -0.003824366055682
    -0.004758860103301    -0.006255025100781    -0.004629564468380
    -0.004119703357269    -0.004317526769967    -0.002681806846813
63 23
    -0.001576642164273     0.000534272833207     0.000576502991938
     0.001743685531620     0.008990849899219    -0.001029493039809
     0.000009624023684     0.000508044658604    -0.000578314783321
63 24
     0.004281117756362    -0.002492582325523     0.000434812515747
    -0.002703179547745     0.002358726883346     0.003158721245906
     0.000267405769715     0.002658911722096     0.004785794343663
63 25
    -0.028886042957924     0.032199588309398    -0.016836516849332
     0.031713877991938    -0.028498376291257     0.016749254976065
     0.017220713309398    -0.017023554547745     0.030495316169060
63 26
    -0.198883658037289     0.046701584341144    -0.046201020817586
     0.044064594261779    -0.199833876291257     0.044373879976065
    -0.046188320420761     0.046862570452255    -0.200035058830940
63 27
    -0.027617745338876     0.016442397833207    -0.033585207325523
    -0.018146965262031     0.032707980851600    -0.015945711293777
    -0.032588129944570     0.015953604182414    -0.028871201688083
63 28
    -0.001721537005543     0.003249810531620     0.004954322436382
     0.003758633944318    -0.001993142164273    -0.004635282722348
     0.004454328388763    -0.004193258912824    -0.006010802878559
63 29
     0.003229328073822    -0.000664131928697     0.000726943468128
     0.000870215293525    -0.000232209624591    -0.001351578357269
    -0.000648405738221    -0.001431243039809    -0.000071015180146
63 30
     0.001859587994457    -0.002673322404888    -0.002314419627110
    -0.002238256928697     0.004076254661124    -0.000761324389015
    -0.002540655738221    -0.000160342246158     0.004444925296044
63 31
    -0.000835421926178    -0.000004701373142    -0.000106612087428
     0.000046008944318    -0.001169207640464    -0.000021558515999
    -0.000000574389015     0.000028612118922    -0.001071142164273
63 32
    -0.002233108434114    -0.004792806531872     0.003617213309398
    -0.004377123992189    -0.006456735418241     0.004451421642731
     0.003686086325271     0.004508362118922    -0.002095292957924
63 33
    -0.000335564783321    -0.001329300579491     0.000613219261779
    -0.001332687484253    -0.000225969545225    -0.000703239071555
    -0.000684352166793     0.000749326404636     0.003254097915092
63 34
     0.001472716962711     0.001162389896699    -0.001347090262031
     0.001350937515747     0.001456828073822     0.000979552595112
    -0.001340227166793     0.001251868071303     0.001444895534140
63 35
    -0.000165927878559    -0.000666526769967     0.001290368071303
     0.000908247039557     0.003275155454775     0.000702606166541
     0.001244832357017    -0.000686953357269    -0.000099652084908
63 36
     0.004762474899219     0.000424415690350     0.002621409737969
     0.000289512912572     0.004708500692870    -0.002384893833459
     0.002280429579239    -0.002661800579491     0.001739351883346
63 37
     0.030836724899219     0.016018987118922    -0.016471044627110
    -0.017313790658856    -0.028862007243638     0.032115058547493
     0.018235108150668     0.031545193468128    -0.028813699703956
63 38
    -0.006255025100781    -0.004758860103301    -0.004629564468380
    -0.004346280738221    -0.002188965576972    -0.003824366055682
    -0.004317526769967    -0.004119703357269    -0.002681806846813
63 39
     0.008990849899219     0.001743685531620    -0.001029493039809
     0.000534272833207    -0.001576642164273     0.000576502991938
     0.000508044658604     0.000009624023684    -0.000578314783321
63 40
     0.002358726883346    -0.002703179547745     0.003158721245906
    -0.002492582325523     0.004281117756362     0.000434812515747
     0.002658911722096     0.000267405769715     0.004785794343663
63 41
    -0.028498376291257     0.031713877991938     0.016749254976064
     0.032199588309398    -0.028886042957924    -0.016836516849332
    -0.017023554547745     0.017220713309398     0.030495316169060
63 42
    -0.001993142164273     0.003758633944318    -0.004635282722348
     0.003249810531620    -0.001721537005543     0.004954322436382
    -0.004193258912824     0.004454328388763    -0.006010802878559
63 43
    -0.000232209624591     0.000870215293525    -0.001351578357269
    -0.000664131928697     0.003229328073822     0.000726943468128
    -0.001431243039809    -0.000648405738221    -0.000071015180146
63 44
    -0.199833876291257     0.044064594261779     0.044373879976064
     0.046701584341144    -0.198883658037289    -0.046201020817586
     0.046862570452255    -0.046188320420761    -0.200035058830940
63 45
     0.032707980851600    -0.018146965262031    -0.015945711293777
     0.016442397833207    -0.027617745338876    -0.033585207325523
     0.015953604182414    -0.032588129944570    -0.028871201688083
63 46
     0.004076254661124    -0.002238256928697    -0.000761324389015
    -0.002673322404888     0.001859587994457    -0.002314419627110
    -0.000160342246158    -0.002540655738221     0.004444925296044
63 47
    -0.001169207640464     0.000046008944318    -0.000021558515999
    -0.000004701373142    -0.000835421926178    -0.000106612087428
     0.000028612118922    -0.000000574389015    -0.001071142164273
63 48
     0.001510101883346    -0.001112923595364     0.001332215293525
    -0.001112923595364     0.001510101883346     0.001332215293525
     0.001281127991938     0.001281127991938     0.001555060216679
63 49
    -0.000158001291257     0.001433360134795    -0.000788227166793
     0.001433360134795    -0.000158001291257    -0.000788227166793
     0.000751048626858     0.000751048626858     0.002928774502394
63 50
    -0.002057392164273     0.004247947436382    -0.003655471214412
     0.003874780769715    -0.006263995338876     0.003969637912572
    -0.003915729150920     0.004689387912572    -0.002054094545225
63 51
    -0.028534209624591    -0.017149723198539    -0.031885764865205
     0.017405546642731     0.031340042359536     0.017385778785588
    -0.032021671611237    -0.017281741055682    -0.028467854465860
63 52
    -0.006263995338876     0.003874780769715     0.003969637912572
     0.004247947436382    -0.002057392164273    -0.003655471214412
     0.004689387912572    -0.003915729150920    -0.002054094545225
63 53
     0.031340042359536     0.017405546642731     0.017385778785588
    -0.017149723198539    -0.028534209624591    -0.031885764865205
    -0.017281741055682    -0.032021671611237    -0.028467854465860
63 54
     0.004684748708743    -0.000774764865205    -0.002510885896951
    -0.000774764865205     0.004684748708743    -0.002510885896951
    -0.002830455341396    -0.002830455341396     0.002013909423028
63 55
    -0.001426769148400     0.000111018864953     0.000312554579239
     0.000111018864953    -0.001426769148400     0.000312554579239
     0.000962858150668     0.000962858150668    -0.002305802878559
63 56
    -0.002359171926178    -0.003848110103301     0.004856284737969
    -0.003848110103301    -0.002359171926178     0.004856284737969
     0.004382475214160     0.004382475214160    -0.006339104465860
63 57
    -0.028605519148400    -0.032100705341396    -0.017488560500126
    -0.032100705341396    -0.028605519148400    -0.017488560500126
     0.017696254976064     0.017696254976064     0.031232923311917
63 58
     0.001978308232552     0.002525743071303    -0.002590737087428
     0.002504459341144     0.004839393550013     0.000403683547493
    -0.002782080341396     0.000585499023684     0.004688336010330
63 59
    -0.028180245338876     0.017486296642731     0.031973441484001
    -0.017236762881078     0.031023687200806     0.017486296642731
     0.031920572436382    -0.017236762881078    -0.028180245338876
63 60
     0.004839393550013     0.002504459341144     0.000403683547493
     0.002525743071303     0.001978308232552    -0.002590737087428
     0.000585499023684    -0.002782080341396     0.004688336010330
63 61
     0.031023687200806    -0.017236762881078     0.017486296642731
     0.017486296642731    -0.028180245338876     0.031973441484001
    -0.017236762881078     0.031920572436382    -0.028180245338876
63 62
    -0.200127606449987    -0.045795336293777    -0.045195770817586
    -0.045795336293777    -0.200127606449987    -0.045195770817586
    -0.046126796611237    -0.046126796611237    -0.200913374307130
63 63
     0.883392187200806    -0.000104098198539     0.000169381960191
    -0.000104098198539     0.883392187200806     0.000169381960191
     0.000169381960191     0.000169381960191     0.885051072121441