  63   63
1 1
     0.788247008503401    -0.161084718505921    -0.161084718505921
    -0.161084718505921     0.788247008503402    -0.161084718505921
    -0.161084718505921    -0.161084718505921     0.788247008503401
1 2
    -0.000457725623583     0.000526579113127     0.000526579113127
    -0.000320440728143    -0.013357943877551    -0.020348708585286
    -0.000320440728143    -0.020348708585286    -0.013357943877551
1 3
     0.005745131519274    -0.001399204617032    -0.001399204617032
    -0.000519611363064     0.000665530328798    -0.002347192712270
    -0.000519611363064    -0.002347192712270     0.000665530328798
1 4
    -0.013357943877551    -0.000320440728143    -0.020348708585286
     0.000526579113127    -0.000457725623583     0.000526579113127
    -0.020348708585286    -0.000320440728143    -0.013357943877551
1 5
     0.000665530328798    -0.000519611363064    -0.002347192712270
    -0.001399204617032     0.005745131519274    -0.001399204617032
    -0.002347192712270    -0.000519611363064     0.000665530328798
1 6
    -0.013357943877551    -0.020348708585286    -0.000320440728143
    -0.020348708585286    -0.013357943877551    -0.000320440728143
     0.000526579113127     0.000526579113127    -0.000457725623583
1 7
     0.000665530328798    -0.002347192712270    -0.000519611363064
    -0.002347192712270     0.000665530328798    -0.000519611363064
    -0.001399204617032    -0.001399204617032     0.005745131519274
1 8
    -0.000216691893424    -0.000685595490048    -0.000853924855127
    -0.000685595490048    -0.000216691893424    -0.000853924855127
     0.000109418398841     0.000109418398841    -0.002303463718821
1 9
     0.001494968820862     0.002052547367095    -0.003370472474175
     0.002052547367095     0.001494968820862    -0.003370472474175
    -0.004718339537667    -0.004718339537667     0.005531242630385
1 10
     0.030950954931973    -0.011853653029730     0.014900718002016
     0.018990874748047    -0.026908410147392     0.031712475938524
    -0.024282484378937     0.035055255700428    -0.031734886337868
1 11
     0.001484478741497     0.001166475938524    -0.001687593505921
     0.002580670382968     0.003290530328798    -0.003498335569413
    -0.002960408982111    -0.001978722474175     0.000263363662132
1 12
    -0.026908410147392     0.018990874748047     0.031712475938524
    -0.011853653029730     0.030950954931973     0.014900718002016
     0.035055255700428    -0.024282484378937    -0.031734886337868
1 13
     0.003290530328798     0.002580670382968    -0.003498335569413
     0.001166475938524     0.001484478741497    -0.001687593505921
    -0.001978722474175    -0.002960408982111     0.000263363662132
1 14
     0.000609405328798    -0.001433772077349     0.000670354906778
    -0.001433772077349     0.000609405328798     0.000670354906778
     0.000021513636936     0.000021513636936     0.002106095804989
1 15
     0.001166970804989    -0.001062952632905     0.000665093002016
    -0.001062952632905     0.001166970804989     0.000665093002016
     0.000636880700428     0.000636880700428     0.001237962868481
1 16
    -0.000216691893424    -0.000853924855127    -0.000685595490048
     0.000109418398841    -0.002303463718821     0.000109418398841
    -0.000685595490048    -0.000853924855127    -0.000216691893424
1 17
     0.001494968820862    -0.003370472474175     0.002052547367095
    -0.004718339537667     0.005531242630385    -0.004718339537667
     0.002052547367095    -0.003370472474175     0.001494968820862
1 18
     0.030950954931973     0.014900718002016    -0.011853653029730
    -0.024282484378937    -0.031734886337868     0.035055255700428
     0.018990874748047     0.031712475938524    -0.026908410147392
1 19
     0.001484478741497    -0.001687593505921     0.001166475938524
    -0.002960408982111     0.000263363662132    -0.001978722474175
     0.002580670382968    -0.003498335569413     0.003290530328798
1 20
     0.000609405328798     0.000670354906778    -0.001433772077349
     0.000021513636936     0.002106095804989     0.000021513636936
    -0.001433772077349     0.000670354906778     0.000609405328798
1 21
     0.001166970804989     0.000665093002016    -0.001062952632905
     0.000636880700428     0.001237962868481     0.000636880700428
    -0.001062952632905     0.000665093002016     0.001166970804989
1 22
    -0.026908410147392     0.031712475938524     0.018990874748047
     0.035055255700428    -0.031734886337868    -0.024282484378937
    -0.011853653029730     0.014900718002016     0.030950954931973
1 23
     0.003290530328798    -0.003498335569413     0.002580670382968
    -0.001978722474175     0.000263363662132    -0.002960408982111
     0.001166475938524    -0.001687593505921     0.001484478741497
1 24
    -0.001571187925170    -0.000158684775762    -0.000158684775762
     0.004458589033762    -0.005999866496599    -0.001699432791635
     0.004458589033762    -0.001699432791635    -0.005999866496599
1 25
     0.007152071995465    -0.001219502236080    -0.001219502236080
    -0.012302988347191    -0.006070453798186    -0.009714240331318
    -0.012302988347191    -0.009714240331318    -0.006070453798186
1 26
     0.010145292233560     0.012083023557571     0.012083023557571
     0.035262104906778    -0.041278791099773    -0.054677403029730
     0.035262104906778    -0.054677403029730    -0.041278791099773
1 27
    -0.184658257369615     0.113600874748047     0.113600874748047
     0.058928174351222    -0.227508505385488    -0.024514581601159
     0.058928174351222    -0.024514581601159    -0.227508505385488
1 28
     0.001111341836735     0.002468708081381    -0.001233305807508
    -0.001782986363064     0.004267071995465    -0.000869045886873
    -0.000979998267826    -0.000551210569413    -0.001351174036281
1 29
    -0.002684303004535     0.003891789430587    -0.007658204617032
     0.005273132684555    -0.003785473639456     0.008125420382968
    -0.005807992315445     0.004770694192492    -0.005853441893424
1 30
     0.001111341836735    -0.001233305807508     0.002468708081381
    -0.000979998267826    -0.001351174036281    -0.000551210569413
    -0.001782986363064    -0.000869045886873     0.004267071995465
1 31
    -0.002684303004535    -0.007658204617032     0.003891789430587
    -0.005807992315445    -0.005853441893424     0.004770694192492
     0.005273132684555     0.008125420382968    -0.003785473639456
1 32
    -0.002303463718821     0.000109418398841     0.000109418398841
    -0.000853924855127    -0.000216691893424    -0.000685595490048
    -0.000853924855127    -0.000685595490048    -0.000216691893424
1 33
     0.005531242630385    -0.004718339537667    -0.004718339537667
    -0.003370472474175     0.001494968820862     0.002052547367095
    -0.003370472474175     0.002052547367095     0.001494968820862
1 34
     0.002106095804989     0.000021513636936     0.000021513636936
     0.000670354906778     0.000609405328798    -0.001433772077349
     0.000670354906778    -0.001433772077349     0.000609405328798
1 35
     0.001237962868481     0.000636880700428     0.000636880700428
     0.000665093002016     0.001166970804989    -0.001062952632905
     0.000665093002016    -0.001062952632905     0.001166970804989
1 36
    -0.031734886337868    -0.024282484378937     0.035055255700428
     0.014900718002016     0.030950954931973    -0.011853653029730
     0.031712475938524     0.018990874748047    -0.026908410147392
1 37
     0.000263363662132    -0.002960408982111    -0.001978722474175
    -0.001687593505921     0.001484478741497     0.001166475938524
    -0.003498335569413     0.002580670382968     0.003290530328798
1 38
    -0.031734886337868     0.035055255700428    -0.024282484378937
     0.031712475938524    -0.026908410147392     0.018990874748047
     0.014900718002016    -0.011853653029730     0.030950954931973
1 39
     0.000263363662132    -0.001978722474175    -0.002960408982111
    -0.003498335569413     0.003290530328798     0.002580670382968
    -0.001687593505921     0.001166475938524     0.001484478741497
1 40
    -0.005999866496599     0.004458589033762    -0.001699432791635
    -0.000158684775762    -0.001571187925170    -0.000158684775762
    -0.001699432791635     0.004458589033762    -0.005999866496599
1 41
    -0.006070453798186    -0.012302988347191    -0.009714240331318
    -0.001219502236080     0.007152071995465    -0.001219502236080
    -0.009714240331318    -0.012302988347191    -0.006070453798186
1 42
     0.004267071995465    -0.001782986363064    -0.000869045886873
     0.002468708081381     0.001111341836735    -0.001233305807508
    -0.000551210569413    -0.000979998267826    -0.001351174036281
1 43
    -0.003785473639456     0.005273132684555     0.008125420382968
     0.003891789430587    -0.002684303004535    -0.007658204617032
     0.004770694192492    -0.005807992315445    -0.005853441893424
1 44
    -0.041278791099773     0.035262104906778    -0.054677403029730
     0.012083023557571     0.010145292233560     0.012083023557571
    -0.054677403029730     0.035262104906778    -0.041278791099773
1 45
    -0.227508505385488     0.058928174351222    -0.024514581601159
     0.113600874748047    -0.184658257369615     0.113600874748047
    -0.024514581601159     0.058928174351222    -0.227508505385488
1 46
    -0.001351174036281    -0.000979998267826    -0.000551210569413
    -0.001233305807508     0.001111341836735     0.002468708081381
    -0.000869045886873    -0.001782986363064     0.004267071995465
1 47
    -0.005853441893424    -0.005807992315445     0.004770694192492
    -0.007658204617032    -0.002684303004535     0.003891789430587
     0.008125420382968     0.005273132684555    -0.003785473639456
1 48
    -0.005999866496599    -0.001699432791635     0.004458589033762
    -0.001699432791635    -0.005999866496599     0.004458589033762
    -0.000158684775762    -0.000158684775762    -0.001571187925170
1 49
    -0.006070453798186    -0.009714240331318    -0.012302988347191
    -0.009714240331318    -0.006070453798186    -0.012302988347191
    -0.001219502236080    -0.001219502236080     0.007152071995465
1 50
     0.004267071995465    -0.000869045886873    -0.001782986363064
    -0.000551210569413    -0.001351174036281    -0.000979998267826
     0.002468708081381    -0.001233305807508     0.001111341836735
1 51
    -0.003785473639456     0.008125420382968     0.005273132684555
     0.004770694192492    -0.005853441893424    -0.005807992315445
     0.003891789430587    -0.007658204617032    -0.002684303004535
1 52
    -0.001351174036281    -0.000551210569413    -0.000979998267826
    -0.000869045886873     0.004267071995465    -0.001782986363064
    -0.001233305807508     0.002468708081381     0.001111341836735
1 53
    -0.005853441893424     0.004770694192492    -0.005807992315445
     0.008125420382968    -0.003785473639456     0.005273132684555
    -0.007658204617032     0.003891789430587    -0.002684303004535
1 54
    -0.041278791099773    -0.054677403029730     0.035262104906778
    -0.054677403029730    -0.041278791099773     0.035262104906778
     0.012083023557571     0.012083023557571     0.010145292233560
1 55
    -0.227508505385488    -0.024514581601159     0.058928174351222
    -0.024514581601159    -0.227508505385488     0.058928174351222
     0.113600874748047     0.113600874748047    -0.184658257369615
1 56
    -0.000510338718821    -0.000155252236080    -0.000155252236080
    -0.000155252236080    -0.000510338718821    -0.000155252236080
    -0.000155252236080    -0.000155252236080    -0.000510338718821
1 57
     0.001295909297052    -0.001221418902746    -0.001221418902746
    -0.001221418902746     0.001295909297052    -0.001221418902746
    -0.001221418902746    -0.001221418902746     0.001295909297052
1 58
     0.003490821995465     0.000675708081381     0.000675708081381
     0.000756969986143    -0.000154358560091    -0.000507109378937
     0.000756969986143    -0.000507109378937    -0.000154358560091
1 59
     0.007260302154195     0.004986767605190     0.004986767605190
     0.002019287446460     0.000244250566893     0.003069386652809
     0.002019287446460     0.003069386652809     0.000244250566893
1 60
    -0.000154358560091     0.000756969986143    -0.000507109378937
     0.000675708081381     0.003490821995465     0.000675708081381
    -0.000507109378937     0.000756969986143    -0.000154358560091
1 61
     0.000244250566893     0.002019287446460     0.003069386652809
     0.004986767605190     0.007260302154195     0.004986767605190
     0.003069386652809     0.002019287446460     0.000244250566893
1 62
    -0.000154358560091    -0.000507109378937     0.000756969986143
    -0.000507109378937    -0.000154358560091     0.000756969986143
     0.000675708081381     0.000675708081381     0.003490821995465
1 63
     0.000244250566893     0.003069386652809     0.002019287446460
     0.003069386652809     0.000244250566893     0.002019287446460
     0.004986767605190     0.004986767605190     0.007260302154195
2 1
    -0.000457725623583    -0.000320440728143    -0.000320440728143
     0.000526579113127    -0.013357943877551    -0.020348708585286
     0.000526579113127    -0.020348708585286    -0.013357943877551
2 2
     0.776506790249433     0.206868231890905     0.206868231890905
     0.206868231890905     0.809667853741497    -0.165756698664651
     0.206868231890905    -0.165756698664651     0.809667853741497
2 3
    -0.223850977607710    -0.127813551839254    -0.127813551839254
    -0.106200438744016    -0.227778922052154    -0.056801307791635
    -0.106200438744016    -0.056801307791635    -0.227778922052154
2 4
    -0.002942178004535     0.007503337049635    -0.006629055807508
     0.002229626732174    -0.002942178004535     0.003503714033762
     0.003503714033762    -0.006629055807508     0.006003353741497
2 5
     0.000188171201814    -0.004064208585286    -0.000047289934492
     0.002085843002016     0.001086429138322     0.004017680303603
     0.000494604906778     0.006713648557571     0.002499452947846
2 6
    -0.002942178004535    -0.006629055807508     0.007503337049635
     0.003503714033762     0.006003353741497    -0.006629055807508
     0.002229626732174     0.003503714033762    -0.002942178004535
2 7
     0.000188171201814    -0.000047289934492    -0.004064208585286
     0.000494604906778     0.002499452947846     0.006713648557571
     0.002085843002016     0.004017680303603     0.001086429138322
2 8
     0.029697573979592     0.015132432287730    -0.011065647077349
    -0.012520797871000    -0.025619519274376     0.032487085065508
     0.016020966017889     0.032993553319476    -0.031323291099773
2 9
     0.003303609693878    -0.001698674855127     0.002649680303603
    -0.001224655013857     0.002834516439909    -0.003360712553540
     0.003699208081381    -0.003128454617032     0.004245165249433
2 10
    -0.000942904195011    -0.000450250251953     0.001428120779793
    -0.000204077632905    -0.001821112528345    -0.000820264140842
    -0.000177561759889     0.000239765621063    -0.002533088718821
2 11
     0.003735369614512    -0.005542746283699     0.002387934271857
    -0.004401781997984     0.002750952947846    -0.001695075648778
     0.000500763636936     0.001717037446460    -0.002192213718821
2 12
    -0.000776894274376     0.000673777525825     0.000441253716301
    -0.000426855410683    -0.000244747448980    -0.000614022077349
     0.000006303319476    -0.000071974458302     0.000624911281179
2 13
    -0.001711703798186     0.004589073160746     0.002575317208365
    -0.000130476442429    -0.006472848639456    -0.000253833585286
     0.002148700144873    -0.001905149061476    -0.002944713718821
2 14
    -0.024874078798186    -0.011620244299572    -0.032919117315445
     0.015249900541698     0.030011952947846     0.013714239827412
    -0.033717563744016    -0.015736726442429    -0.029799606575964
2 15
    -0.002058388321995     0.002424825144873    -0.004294629220207
     0.005329719986143    -0.006746481575964     0.004295852922651
    -0.003628696680524     0.004097140621063    -0.003525239512472
2 16
     0.029697573979592    -0.011065647077349     0.015132432287730
     0.016020966017889    -0.031323291099773     0.032993553319476
    -0.012520797871000     0.032487085065508    -0.025619519274376
2 17
     0.003303609693878     0.002649680303603    -0.001698674855127
     0.003699208081381     0.004245165249433    -0.003128454617032
    -0.001224655013857    -0.003360712553540     0.002834516439909
2 18
    -0.000942904195011     0.001428120779793    -0.000450250251953
    -0.000177561759889    -0.002533088718821     0.000239765621063
    -0.000204077632905    -0.000820264140842    -0.001821112528345
2 19
     0.003735369614512     0.002387934271857    -0.005542746283699
     0.000500763636936    -0.002192213718821     0.001717037446460
    -0.004401781997984    -0.001695075648778     0.002750952947846
2 20
    -0.024874078798186    -0.032919117315445    -0.011620244299572
    -0.033717563744016    -0.029799606575964    -0.015736726442429
     0.015249900541698     0.013714239827412     0.030011952947846
2 21
    -0.002058388321995    -0.004294629220207     0.002424825144873
    -0.003628696680524    -0.003525239512472     0.004097140621063
     0.005329719986143     0.004295852922651    -0.006746481575964
2 22
    -0.000776894274376     0.000441253716301     0.000673777525825
     0.000006303319476     0.000624911281179    -0.000071974458302
    -0.000426855410683    -0.000614022077349    -0.000244747448980
2 23
    -0.001711703798186     0.002575317208365     0.004589073160746
     0.002148700144873    -0.002944713718821    -0.001905149061476
    -0.000130476442429    -0.000253833585286    -0.006472848639456
2 24
     0.019145827947846    -0.008872781997984    -0.008872781997984
    -0.015375113347191    -0.038299443877551    -0.048551297871000
    -0.015375113347191    -0.048551297871000    -0.038299443877551
2 25
     0.003090337868481     0.001992775541698     0.001992775541698
     0.003969559271857    -0.005944656179138    -0.005166230410683
     0.003969559271857    -0.005166230410683    -0.005944656179138
2 26
     0.003259433106576     0.000256801335349     0.000256801335349
    -0.001310222474175    -0.004158868480726    -0.001173643109095
    -0.001310222474175    -0.001173643109095    -0.004158868480726
2 27
     0.001871883503401     0.000884027525825     0.000884027525825
    -0.001041653029730    -0.001539832766440    -0.000977946680524
    -0.001041653029730    -0.000977946680524    -0.001539832766440
2 28
    -0.000910267290249     0.002619985859158    -0.000545153029730
     0.003218186255984    -0.002005380385488    -0.000086035966238
     0.000132049351222    -0.000257325648778     0.002781873582766
2 29
     0.000875587868481    -0.000665057791635     0.000704198160746
    -0.000342819696397     0.000482323979592     0.000601680303603
     0.001211430303603     0.000526204113127     0.000844230725624
2 30
    -0.000910267290249    -0.000545153029730     0.002619985859158
     0.000132049351222     0.002781873582766    -0.000257325648778
     0.003218186255984    -0.000086035966238    -0.002005380385488
2 31
     0.000875587868481     0.000704198160746    -0.000665057791635
     0.001211430303603     0.000844230725624     0.000526204113127
    -0.000342819696397     0.000601680303603     0.000482323979592
2 32
     0.000831427154195    -0.000368303823381    -0.000368303823381
     0.000350997763920     0.000225105725624     0.000105664430587
     0.000350997763920     0.000105664430587     0.000225105725624
2 33
     0.003818633503401     0.003666438240111     0.003666438240111
     0.003066075144873     0.002553016439909     0.001796182287730
     0.003066075144873     0.001796182287730     0.002553016439909
2 34
    -0.002967888321995     0.000488291414714     0.000488291414714
     0.001647402525825    -0.001515172052154    -0.000160887156715
     0.001647402525825    -0.000160887156715    -0.001515172052154
2 35
     0.002496853741497    -0.004663466521794    -0.004663466521794
     0.000051890621063     0.002052768424036     0.002102932287730
     0.000051890621063     0.002102932287730     0.002052768424036
2 36
    -0.030928745464853    -0.030826331601159     0.015567908478206
    -0.032277734378937    -0.024342247448980     0.013083981890905
    -0.013025351442429    -0.015545865331318     0.030722012471655
2 37
    -0.214942995464853    -0.101328381204334     0.042039805303603
    -0.118107920886873    -0.225010098639456     0.113100360859158
     0.045050587049635     0.093568055303603    -0.216111422052154
2 38
    -0.030928745464853     0.015567908478206    -0.030826331601159
    -0.013025351442429     0.030722012471655    -0.015545865331318
    -0.032277734378937     0.013083981890905    -0.024342247448980
2 39
    -0.214942995464853     0.042039805303603    -0.101328381204334
     0.045050587049635    -0.216111422052154     0.093568055303603
    -0.118107920886873     0.113100360859158    -0.225010098639456
2 40
     0.002527774376417     0.002804366811539     0.001006844986143
    -0.001201262156715    -0.000013890306122    -0.003053549855127
    -0.000733135172588    -0.004990401045603    -0.002312318877551
2 41
    -0.002202312925170     0.004629664430587     0.004736412446460
     0.002188795382968    -0.000083755385488    -0.002309492315445
     0.005068182287730    -0.004289978426556    -0.005968531179138
2 42
    -0.002719912131519    -0.002255208585286    -0.000577518109095
     0.000144505700428     0.007989389455782     0.000386579113127
    -0.000525662950365     0.001913261652809    -0.002303376417234
2 43
    -0.004282457766440    -0.004237089537667    -0.004309426839254
    -0.003962412950365    -0.007066130385488    -0.005301569696397
    -0.003662758188461    -0.002670982394810    -0.002519519274376
2 44
    -0.002282525226757     0.002289382684555     0.001010999748047
     0.001206071176619     0.000090839852608     0.001129283478206
     0.000071269589317    -0.000990635172588     0.002188881519274
2 45
     0.001680260487528     0.000018452129000    -0.000585178823381
    -0.001558702632905     0.000894790249433     0.000644509668682
     0.002364841017889     0.000945184271857     0.001253792233560
2 46
    -0.038153158163265    -0.011817220490048     0.048134692208365
    -0.011300008188461     0.021374389455782     0.012561843002016
     0.047559376732174     0.014590273557571    -0.036917130385488
2 47
     0.001329198979592    -0.001914964537667    -0.000865528029730
    -0.002160156997984     0.001595369614512     0.001111424351222
    -0.004197406997984     0.004152392605190     0.002027323979592
2 48
     0.002527774376417     0.001006844986143     0.002804366811539
    -0.000733135172588    -0.002312318877551    -0.004990401045603
    -0.001201262156715    -0.003053549855127    -0.000013890306122
2 49
    -0.002202312925170     0.004736412446460     0.004629664430587
     0.005068182287730    -0.005968531179138    -0.004289978426556
     0.002188795382968    -0.002309492315445    -0.000083755385488
2 50
    -0.002719912131519    -0.000577518109095    -0.002255208585286
    -0.000525662950365    -0.002303376417234     0.001913261652809
     0.000144505700428     0.000386579113127     0.007989389455782
2 51
    -0.004282457766440    -0.004309426839254    -0.004237089537667
    -0.003662758188461    -0.002519519274376    -0.002670982394810
    -0.003962412950365    -0.005301569696397    -0.007066130385488
2 52
    -0.038153158163265     0.048134692208365    -0.011817220490048
     0.047559376732174    -0.036917130385488     0.014590273557571
    -0.011300008188461     0.012561843002016     0.021374389455782
2 53
     0.001329198979592    -0.000865528029730    -0.001914964537667
    -0.004197406997984     0.002027323979592     0.004152392605190
    -0.002160156997984     0.001111424351222     0.001595369614512
2 54
    -0.002282525226757     0.001010999748047     0.002289382684555
     0.000071269589317     0.002188881519274    -0.000990635172588
     0.001206071176619     0.001129283478206     0.000090839852608
2 55
     0.001680260487528    -0.000585178823381     0.000018452129000
     0.002364841017889     0.001253792233560     0.000945184271857
    -0.001558702632905     0.000644509668682     0.000894790249433
2 56
     0.003090302154195     0.001003525541698     0.001003525541698
    -0.000670454617032    -0.000946291099773     0.001382382684555
    -0.000670454617032     0.001382382684555    -0.000946291099773
2 57
     0.001508800170068     0.000934483875031     0.000934483875031
     0.001065878716301     0.001232331916100    -0.001089408982111
     0.001065878716301    -0.001089408982111     0.001232331916100
2 58
    -0.000863912131519     0.000414110859158     0.000414110859158
     0.000297392605190    -0.000395185941043    -0.000235224458302
     0.000297392605190    -0.000235224458302    -0.000395185941043
2 59
     0.000370818027211    -0.000659454617032    -0.000659454617032
    -0.000524414934492     0.000650173185941    -0.001245728426556
    -0.000524414934492    -0.001245728426556     0.000650173185941
2 60
    -0.001301467687075    -0.001197002236080    -0.000525831601159
    -0.001474494299572    -0.000767880385488     0.001075718002016
     0.000417813240111    -0.000580145093222     0.002808564058957
2 61
    -0.006232858560091    -0.004826434775762     0.005629039430587
    -0.004546184775762    -0.004056525226757     0.003300277525825
     0.002884309271857     0.003940422367095    -0.001912201814059
2 62
    -0.001301467687075    -0.000525831601159    -0.001197002236080
     0.000417813240111     0.002808564058957    -0.000580145093222
    -0.001474494299572     0.001075718002016    -0.000767880385488
2 63
    -0.006232858560091     0.005629039430587    -0.004826434775762
     0.002884309271857    -0.001912201814059     0.003940422367095
    -0.004546184775762     0.003300277525825    -0.004056525226757
3 1
     0.005745131519274    -0.000519611363064    -0.000519611363064
    -0.001399204617032     0.000665530328798    -0.002347192712270
    -0.001399204617032    -0.002347192712270     0.000665530328798
3 2
    -0.223850977607710    -0.106200438744016    -0.106200438744016
    -0.127813551839254    -0.227778922052154    -0.056801307791635
    -0.127813551839254    -0.056801307791635    -0.227778922052154
3 3
     0.936436504535147     0.068709652525825     0.068709652525825
     0.068709652525825     0.874302052154195    -0.023576666918619
     0.068709652525825    -0.023576666918619     0.874302052154196
3 4
     0.001086429138322    -0.004064208585286     0.006713648557571
     0.002085843002016     0.000188171201814     0.000494604906778
     0.004017680303603    -0.000047289934492     0.002499452947846
3 5
    -0.031315346655329     0.038966495779793    -0.016487710569413
     0.029114559271857    -0.031315346655329     0.013803946176619
     0.013803946176619    -0.016487710569413     0.026289552154195
3 6
     0.001086429138322     0.006713648557571    -0.004064208585286
     0.004017680303603     0.002499452947846    -0.000047289934492
     0.002085843002016     0.000494604906778     0.000188171201814
3 7
    -0.031315346655329    -0.016487710569413     0.038966495779793
     0.013803946176619     0.026289552154195    -0.016487710569413
     0.029114559271857     0.013803946176619    -0.031315346655329
3 8
     0.003441181122449     0.001897761652809     0.001417807287730
     0.001199168398841     0.003216954931973    -0.003541274061476
     0.000434432287730    -0.001244055807508     0.002794183106576
3 9
     0.031551091836735    -0.015152470490048     0.015670759668682
     0.016940436255984    -0.028533634353741     0.032051928319476
    -0.016347575648778     0.032757686255984    -0.028787235544218
3 10
     0.002561952947846    -0.000457170886873    -0.003138299855127
     0.000283263636936     0.002713986678005    -0.001557498267826
    -0.001629845490048    -0.002805468505921     0.002535135487528
3 11
    -0.003213648242630     0.000503458081381    -0.000686736363064
     0.000709184271857    -0.001548822845805    -0.000354309775762
     0.000937604906778     0.000695553319476    -0.002818114512472
3 12
    -0.007671162131519    -0.005517268109095     0.005762583081381
    -0.004259139140842    -0.003056023242630     0.003574743795666
     0.004829644589317     0.003396666414714    -0.002168614512472
3 13
    -0.002155096655329    -0.006798097474175    -0.000608728426556
    -0.001037135172588    -0.000769374433107    -0.000057317712270
     0.001156166414714    -0.000662133188461     0.001832760487528
3 14
    -0.192616471655329     0.040066085065508    -0.041897287950365
     0.042827741811539    -0.194610197845805     0.050698880700428
    -0.041378722474175     0.044254414430587    -0.190052257369615
3 15
    -0.029142156179138     0.017822404509952    -0.030045174855127
    -0.017778813744016     0.030786367630385    -0.018577381204334
    -0.031290480410683     0.016798906494079    -0.027445515306122
3 16
     0.003441181122449     0.001417807287730     0.001897761652809
     0.000434432287730     0.002794183106576    -0.001244055807508
     0.001199168398841    -0.003541274061476     0.003216954931973
3 17
     0.031551091836735     0.015670759668682    -0.015152470490048
    -0.016347575648778    -0.028787235544218     0.032757686255984
     0.016940436255984     0.032051928319476    -0.028533634353741
3 18
     0.002561952947846    -0.003138299855127    -0.000457170886873
    -0.001629845490048     0.002535135487528    -0.002805468505921
     0.000283263636936    -0.001557498267826     0.002713986678005
3 19
    -0.003213648242630    -0.000686736363064     0.000503458081381
     0.000937604906778    -0.002818114512472     0.000695553319476
     0.000709184271857    -0.000354309775762    -0.001548822845805
3 20
    -0.192616471655329    -0.041897287950365     0.040066085065508
    -0.041378722474175    -0.190052257369615     0.044254414430587
     0.042827741811539     0.050698880700428    -0.194610197845805
3 21
    -0.029142156179138    -0.030045174855127     0.017822404509952
    -0.031290480410683    -0.027445515306122     0.016798906494079
    -0.017778813744016    -0.018577381204334     0.030786367630385
3 22
    -0.007671162131519     0.005762583081381    -0.005517268109095
     0.004829644589317    -0.002168614512472     0.003396666414714
    -0.004259139140842     0.003574743795666    -0.003056023242630
3 23
    -0.002155096655329    -0.000608728426556    -0.006798097474175
     0.001156166414714     0.001832760487528    -0.000662133188461
    -0.001037135172588    -0.000057317712270    -0.000769374433107
3 24
    -0.182329564909297     0.054254422367095     0.054254422367095
     0.032477477922651    -0.171318219671202    -0.024707156997984
     0.032477477922651    -0.024707156997984    -0.171318219671202
3 25
     0.026105820011338    -0.017146770093222    -0.017146770093222
     0.016396150541698    -0.028489931972789    -0.033313839537667
     0.016396150541698    -0.033313839537667    -0.028489931972789
3 26
    -0.005061459750567    -0.004856619299572    -0.004856619299572
    -0.005476381204334    -0.001637519274376    -0.002465752236080
    -0.005476381204334    -0.002465752236080    -0.001637519274376
3 27
     0.007240990646258    -0.002622893109095    -0.002622893109095
     0.002771688240111    -0.000771608560091     0.001365694192492
     0.002771688240111     0.001365694192492    -0.000771608560091
3 28
     0.005675589852608    -0.000916184775762     0.001978676335349
    -0.000733097474175     0.004669718820862     0.001421354906778
     0.001599140621063     0.003043440224238     0.001723722789116
3 29
    -0.001055054988662     0.001507271573444     0.001619902525825
     0.001291771573444    -0.000978701814059     0.000182321176619
    -0.000565728426556    -0.000951280013857     0.002703454931973
3 30
     0.005675589852608     0.001978676335349    -0.000916184775762
     0.001599140621063     0.001723722789116     0.003043440224238
    -0.000733097474175     0.001421354906778     0.004669718820862
3 31
    -0.001055054988662     0.001619902525825     0.001507271573444
    -0.000565728426556     0.002703454931973    -0.000951280013857
     0.001291771573444     0.000182321176619    -0.000978701814059
3 32
     0.001480409297052     0.001932775541698     0.001932775541698
     0.001184464033762     0.001143579931973    -0.001363194696397
     0.001184464033762    -0.001363194696397     0.001143579931973
3 33
     0.003216365646259     0.000205892605190     0.000205892605190
    -0.000354583585286     0.000072115646259     0.001656948160746
    -0.000354583585286     0.001656948160746     0.000072115646259
3 34
     0.000757718820862    -0.003128754220207    -0.003128754220207
    -0.002972131204334     0.004564302154195    -0.001017996283699
    -0.002972131204334    -0.001017996283699     0.004564302154195
3 35
    -0.000775789115646    -0.000003387156715    -0.000003387156715
     0.000174731890905    -0.000906007369615     0.000171698160746
     0.000174731890905     0.000171698160746    -0.000906007369615
3 36
    -0.000209388321995    -0.002907002236080     0.004847987843285
    -0.006963268109095    -0.005507148242630     0.005724372763920
     0.002054114827412     0.003416150541698    -0.005632763321995
3 37
    -0.029755388321995    -0.029915676839254    -0.014263990331318
    -0.028329579617032    -0.032253374433107    -0.025788373267826
     0.023216303319476     0.016058696176619     0.025463927154195
3 38
    -0.000209388321995     0.004847987843285    -0.002907002236080
     0.002054114827412    -0.005632763321995     0.003416150541698
    -0.006963268109095     0.005724372763920    -0.005507148242630
3 39
    -0.029755388321995    -0.014263990331318    -0.029915676839254
     0.023216303319476     0.025463927154195     0.016058696176619
    -0.028329579617032    -0.025788373267826    -0.032253374433107
3 40
    -0.002736993480726     0.000057446176619     0.002768299351222
     0.003044454113127    -0.002001291099773    -0.003195283982111
     0.004484706097254    -0.005807010172588    -0.005310594671202
3 41
     0.000394669217687    -0.000343131204334     0.001256491811539
     0.001514261652809    -0.000919781179138    -0.001750601442429
     0.000259898557571    -0.001034212553540    -0.001499306972789
3 42
    -0.002722054988662    -0.001704254220207    -0.002241563744016
    -0.004260653029730    -0.006190261337868    -0.004245780013857
    -0.002926446680524    -0.003988097474175    -0.001653527210884
3 43
    -0.000997100623583    -0.000807010172588     0.000455777525825
     0.000149678319476     0.007777593820862    -0.000144928823381
    -0.000549166918619    -0.002058341521794    -0.001785920068027
3 44
     0.000442831916100    -0.001884287950365     0.000781204113127
    -0.001362837553540     0.001093939058957     0.001010799351222
     0.001122735859158     0.001374005700428     0.000896980725624
3 45
    -0.001369007369615     0.002136281494079    -0.000063849458302
     0.001280888636936    -0.001345610544218    -0.001104599458302
     0.000274182287730     0.001340700144873     0.001076266439909
3 46
     0.002705698979592     0.001906108875031    -0.003665103426556
     0.001609208081381     0.006779363662132    -0.000593016124969
    -0.003514781997984     0.001902289430587     0.003341718820862
3 47
    -0.027280943877551     0.017996364827412     0.029537801335349
    -0.013933315728143     0.029080343820862     0.011804440224238
     0.033862434271857    -0.015686716521794    -0.031967201814059
3 48
    -0.002736993480726     0.002768299351222     0.000057446176619
     0.004484706097254    -0.005310594671202    -0.005807010172588
     0.003044454113127    -0.003195283982111    -0.002001291099773
3 49
     0.000394669217687     0.001256491811539    -0.000343131204334
     0.000259898557571    -0.001499306972789    -0.001034212553540
     0.001514261652809    -0.001750601442429    -0.000919781179138
3 50
    -0.002722054988662    -0.002241563744016    -0.001704254220207
    -0.002926446680524    -0.001653527210884    -0.003988097474175
    -0.004260653029730    -0.004245780013857    -0.006190261337868
3 51
    -0.000997100623583     0.000455777525825    -0.000807010172588
    -0.000549166918619    -0.001785920068027    -0.002058341521794
     0.000149678319476    -0.000144928823381     0.007777593820862
3 52
     0.002705698979592    -0.003665103426556     0.001906108875031
    -0.003514781997984     0.003341718820862     0.001902289430587
     0.001609208081381    -0.000593016124969     0.006779363662132
3 53
    -0.027280943877551     0.029537801335349     0.017996364827412
     0.033862434271857    -0.031967201814059    -0.015686716521794
    -0.013933315728143     0.011804440224238     0.029080343820862
3 54
     0.000442831916100     0.000781204113127    -0.001884287950365
     0.001122735859158     0.000896980725624     0.001374005700428
    -0.001362837553540     0.001010799351222     0.001093939058957
3 55
    -0.001369007369615    -0.000063849458302     0.002136281494079
     0.000274182287730     0.001076266439909     0.001340700144873
     0.001280888636936    -0.001104599458302    -0.001345610544218
3 56
     0.002257284297052     0.002244354906778     0.002244354906778
     0.002483761652809     0.005594683106576    -0.000370726442429
     0.002483761652809    -0.000370726442429     0.005594683106576
3 57
     0.003229532312925    -0.000930311759889    -0.000930311759889
     0.001265969986143    -0.000324193877551     0.001028856890905
     0.001265969986143     0.001028856890905    -0.000324193877551
3 58
     0.000800320011338    -0.001310059775762    -0.001310059775762
    -0.001113141124969     0.001580163265306    -0.000949458585286
    -0.001113141124969    -0.000949458585286     0.001580163265306
3 59
    -0.000769824829932    -0.000537000251953    -0.000537000251953
     0.000236051335349    -0.000325352607710    -0.000109712553540
     0.000236051335349    -0.000109712553540    -0.000325352607710
3 60
    -0.002759985544218    -0.004153297871000     0.003531247763920
    -0.004570278029730    -0.005293781179138     0.004649733875031
     0.003164654509952     0.004951245779793    -0.001764711734694
3 61
    -0.000100876417234    -0.001799355410683     0.000224743795666
    -0.001890968505921    -0.001274676020408    -0.001014706601159
    -0.000517224458302     0.000090313240111     0.002649522392290
3 62
    -0.002759985544218     0.003531247763920    -0.004153297871000
     0.003164654509952    -0.001764711734694     0.004951245779793
    -0.004570278029730     0.004649733875031    -0.005293781179138
3 63
    -0.000100876417234     0.000224743795666    -0.001799355410683
    -0.000517224458302     0.002649522392290     0.000090313240111
    -0.001890968505921    -0.001014706601159    -0.001274676020408
4 1
    -0.013357943877551     0.000526579113127    -0.020348708585286
    -0.000320440728143    -0.000457725623583    -0.000320440728143
    -0.020348708585286     0.000526579113127    -0.013357943877551
4 2
    -0.002942178004535     0.002229626732174     0.003503714033762
     0.007503337049635    -0.002942178004535    -0.006629055807508
    -0.006629055807508     0.003503714033762     0.006003353741497
4 3
     0.001086429138322     0.002085843002016     0.004017680303603
    -0.004064208585286     0.000188171201814    -0.000047289934492
     0.006713648557571     0.000494604906778     0.002499452947846
4 4
     0.809667853741497     0.206868231890905    -0.165756698664651
     0.206868231890905     0.776506790249433     0.206868231890905
    -0.165756698664651     0.206868231890905     0.809667853741497
4 5
    -0.227778922052154    -0.106200438744016    -0.056801307791635
    -0.127813551839254    -0.223850977607710    -0.127813551839254
    -0.056801307791635    -0.106200438744016    -0.227778922052154
4 6
     0.006003353741497     0.003503714033762    -0.006629055807508
    -0.006629055807508    -0.002942178004535     0.007503337049635
     0.003503714033762     0.002229626732174    -0.002942178004535
4 7
     0.002499452947846     0.000494604906778     0.006713648557571
    -0.000047289934492     0.000188171201814    -0.004064208585286
     0.004017680303603     0.002085843002016     0.001086429138322
4 8
    -0.025619519274376    -0.012520797871000     0.032487085065508
     0.015132432287730     0.029697573979592    -0.011065647077349
     0.032993553319476     0.016020966017889    -0.031323291099773
4 9
     0.002834516439909    -0.001224655013857    -0.003360712553540
    -0.001698674855127     0.003303609693878     0.002649680303603
    -0.003128454617032     0.003699208081381     0.004245165249433
4 10
    -0.000244747448980    -0.000426855410683    -0.000614022077349
     0.000673777525825    -0.000776894274376     0.000441253716301
    -0.000071974458302     0.000006303319476     0.000624911281179
4 11
    -0.006472848639456    -0.000130476442429    -0.000253833585286
     0.004589073160746    -0.001711703798186     0.002575317208365
    -0.001905149061476     0.002148700144873    -0.002944713718821
4 12
    -0.001821112528345    -0.000204077632905    -0.000820264140842
    -0.000450250251953    -0.000942904195011     0.001428120779793
     0.000239765621063    -0.000177561759889    -0.002533088718821
4 13
     0.002750952947846    -0.004401781997984    -0.001695075648778
    -0.005542746283699     0.003735369614512     0.002387934271857
     0.001717037446460     0.000500763636936    -0.002192213718821
4 14
     0.030011952947846     0.015249900541698     0.013714239827412
    -0.011620244299572    -0.024874078798186    -0.032919117315445
    -0.015736726442429    -0.033717563744016    -0.029799606575964
4 15
    -0.006746481575964     0.005329719986143     0.004295852922651
     0.002424825144873    -0.002058388321995    -0.004294629220207
     0.004097140621063    -0.003628696680524    -0.003525239512472
4 16
     0.000225105725624     0.000350997763920     0.000105664430587
    -0.000368303823381     0.000831427154195    -0.000368303823381
     0.000105664430587     0.000350997763920     0.000225105725624
4 17
     0.002553016439909     0.003066075144873     0.001796182287730
     0.003666438240111     0.003818633503401     0.003666438240111
     0.001796182287730     0.003066075144873     0.002553016439909
4 18
    -0.024342247448980    -0.032277734378937     0.013083981890905
    -0.030826331601159    -0.030928745464853     0.015567908478206
    -0.015545865331318    -0.013025351442429     0.030722012471655
4 19
    -0.225010098639456    -0.118107920886873     0.113100360859158
    -0.101328381204334    -0.214942995464853     0.042039805303603
     0.093568055303603     0.045050587049635    -0.216111422052154
4 20
    -0.001515172052154     0.001647402525825    -0.000160887156715
     0.000488291414714    -0.002967888321995     0.000488291414714
    -0.000160887156715     0.001647402525825    -0.001515172052154
4 21
     0.002052768424036     0.000051890621063     0.002102932287730
    -0.004663466521794     0.002496853741497    -0.004663466521794
     0.002102932287730     0.000051890621063     0.002052768424036
4 22
     0.030722012471655    -0.013025351442429    -0.015545865331318
     0.015567908478206    -0.030928745464853    -0.030826331601159
     0.013083981890905    -0.032277734378937    -0.024342247448980
4 23
    -0.216111422052154     0.045050587049635     0.093568055303603
     0.042039805303603    -0.214942995464853    -0.101328381204334
     0.113100360859158    -0.118107920886873    -0.225010098639456
4 24
    -0.000013890306122    -0.001201262156715    -0.003053549855127
     0.002804366811539     0.002527774376417     0.001006844986143
    -0.004990401045603    -0.000733135172588    -0.002312318877551
4 25
    -0.000083755385488     0.002188795382968    -0.002309492315445
     0.004629664430587    -0.002202312925170     0.004736412446460
    -0.004289978426556     0.005068182287730    -0.005968531179138
4 26
     0.000090839852608     0.001206071176619     0.001129283478206
     0.002289382684555    -0.002282525226757     0.001010999748047
    -0.000990635172588     0.000071269589317     0.002188881519274
4 27
     0.000894790249433    -0.001558702632905     0.000644509668682
     0.000018452129000     0.001680260487528    -0.000585178823381
     0.000945184271857     0.002364841017889     0.001253792233560
4 28
     0.007989389455782     0.000144505700428     0.000386579113127
    -0.002255208585286    -0.002719912131519    -0.000577518109095
     0.001913261652809    -0.000525662950365    -0.002303376417234
4 29
    -0.007066130385488    -0.003962412950365    -0.005301569696397
    -0.004237089537667    -0.004282457766440    -0.004309426839254
    -0.002670982394810    -0.003662758188461    -0.002519519274376
4 30
     0.021374389455782    -0.011300008188461     0.012561843002016
    -0.011817220490048    -0.038153158163265     0.048134692208365
     0.014590273557571     0.047559376732174    -0.036917130385488
4 31
     0.001595369614512    -0.002160156997984     0.001111424351222
    -0.001914964537667     0.001329198979592    -0.000865528029730
     0.004152392605190    -0.004197406997984     0.002027323979592
4 32
    -0.031323291099773     0.016020966017889     0.032993553319476
    -0.011065647077349     0.029697573979592     0.015132432287730
     0.032487085065508    -0.012520797871000    -0.025619519274376
4 33
     0.004245165249433     0.003699208081381    -0.003128454617032
     0.002649680303603     0.003303609693878    -0.001698674855127
    -0.003360712553540    -0.001224655013857     0.002834516439909
4 34
    -0.029799606575964    -0.033717563744016    -0.015736726442429
    -0.032919117315445    -0.024874078798186    -0.011620244299572
     0.013714239827412     0.015249900541698     0.030011952947846
4 35
    -0.003525239512472    -0.003628696680524     0.004097140621063
    -0.004294629220207    -0.002058388321995     0.002424825144873
     0.004295852922651     0.005329719986143    -0.006746481575964
4 36
    -0.002533088718821    -0.000177561759889     0.000239765621063
     0.001428120779793    -0.000942904195011    -0.000450250251953
    -0.000820264140842    -0.000204077632905    -0.001821112528345
4 37
    -0.002192213718821     0.000500763636936     0.001717037446460
     0.002387934271857     0.003735369614512    -0.005542746283699
    -0.001695075648778    -0.004401781997984     0.002750952947846
4 38
     0.000624911281179     0.000006303319476    -0.000071974458302
     0.000441253716301    -0.000776894274376     0.000673777525825
    -0.000614022077349    -0.000426855410683    -0.000244747448980
4 39
    -0.002944713718821     0.002148700144873    -0.001905149061476
     0.002575317208365    -0.001711703798186     0.004589073160746
    -0.000253833585286    -0.000130476442429    -0.006472848639456
4 40
    -0.038299443877551    -0.015375113347191    -0.048551297871000
    -0.008872781997984     0.019145827947846    -0.008872781997984
    -0.048551297871000    -0.015375113347191    -0.038299443877551
4 41
    -0.005944656179138     0.003969559271857    -0.005166230410683
     0.001992775541698     0.003090337868481     0.001992775541698
    -0.005166230410683     0.003969559271857    -0.005944656179138
4 42
    -0.002005380385488     0.003218186255984    -0.000086035966238
     0.002619985859158    -0.000910267290249    -0.000545153029730
    -0.000257325648778     0.000132049351222     0.002781873582766
4 43
     0.000482323979592    -0.000342819696397     0.000601680303603
    -0.000665057791635     0.000875587868481     0.000704198160746
     0.000526204113127     0.001211430303603     0.000844230725624
4 44
    -0.004158868480726    -0.001310222474175    -0.001173643109095
     0.000256801335349     0.003259433106576     0.000256801335349
    -0.001173643109095    -0.001310222474175    -0.004158868480726
4 45
    -0.001539832766440    -0.001041653029730    -0.000977946680524
     0.000884027525825     0.001871883503401     0.000884027525825
    -0.000977946680524    -0.001041653029730    -0.001539832766440
4 46
     0.002781873582766     0.000132049351222    -0.000257325648778
    -0.000545153029730    -0.000910267290249     0.002619985859158
    -0.000086035966238     0.003218186255984    -0.002005380385488
4 47
     0.000844230725624     0.001211430303603     0.000526204113127
     0.000704198160746     0.000875587868481    -0.000665057791635
     0.000601680303603    -0.000342819696397     0.000482323979592
4 48
    -0.002312318877551    -0.000733135172588    -0.004990401045603
     0.001006844986143     0.002527774376417     0.002804366811539
    -0.003053549855127    -0.001201262156715    -0.000013890306122
4 49
    -0.005968531179138     0.005068182287730    -0.004289978426556
     0.004736412446460    -0.002202312925170     0.004629664430587
    -0.002309492315445     0.002188795382968    -0.000083755385488
4 50
    -0.036917130385488     0.047559376732174     0.014590273557571
     0.048134692208365    -0.038153158163265    -0.011817220490048
     0.012561843002016    -0.011300008188461     0.021374389455782
4 51
     0.002027323979592    -0.004197406997984     0.004152392605190
    -0.000865528029730     0.001329198979592    -0.001914964537667
     0.001111424351222    -0.002160156997984     0.001595369614512
4 52
    -0.002303376417234    -0.000525662950365     0.001913261652809
    -0.000577518109095    -0.002719912131519    -0.002255208585286
     0.000386579113127     0.000144505700428     0.007989389455782
4 53
    -0.002519519274376    -0.003662758188461    -0.002670982394810
    -0.004309426839254    -0.004282457766440    -0.004237089537667
    -0.005301569696397    -0.003962412950365    -0.007066130385488
4 54
     0.002188881519274     0.000071269589317    -0.000990635172588
     0.001010999748047    -0.002282525226757     0.002289382684555
     0.001129283478206     0.001206071176619     0.000090839852608
4 55
     0.001253792233560     0.002364841017889     0.000945184271857
    -0.000585178823381     0.001680260487528     0.000018452129000
     0.000644509668682    -0.001558702632905     0.000894790249433
4 56
    -0.000946291099773    -0.000670454617032     0.001382382684555
     0.001003525541698     0.003090302154195     0.001003525541698
     0.001382382684555    -0.000670454617032    -0.000946291099773
4 57
     0.001232331916100     0.001065878716301    -0.001089408982111
     0.000934483875031     0.001508800170068     0.000934483875031
    -0.001089408982111     0.001065878716301     0.001232331916100
4 58
    -0.000767880385488    -0.001474494299572     0.001075718002016
    -0.001197002236080    -0.001301467687075    -0.000525831601159
    -0.000580145093222     0.000417813240111     0.002808564058957
4 59
    -0.004056525226757    -0.004546184775762     0.003300277525825
    -0.004826434775762    -0.006232858560091     0.005629039430587
     0.003940422367095     0.002884309271857    -0.001912201814059
4 60
    -0.000395185941043     0.000297392605190    -0.000235224458302
     0.000414110859158    -0.000863912131519     0.000414110859158
    -0.000235224458302     0.000297392605190    -0.000395185941043
4 61
     0.000650173185941    -0.000524414934492    -0.001245728426556
    -0.000659454617032     0.000370818027211    -0.000659454617032
    -0.001245728426556    -0.000524414934492     0.000650173185941
4 62
     0.002808564058957     0.000417813240111    -0.000580145093222
    -0.000525831601159    -0.001301467687075    -0.001197002236080
     0.001075718002016    -0.001474494299572    -0.000767880385488
4 63
    -0.001912201814059     0.002884309271857     0.003940422367095
     0.005629039430587    -0.006232858560091    -0.004826434775762
     0.003300277525825    -0.004546184775762    -0.004056525226757
5 1
     0.000665530328798    -0.001399204617032    -0.002347192712270
    -0.000519611363064     0.005745131519274    -0.000519611363064
    -0.002347192712270    -0.001399204617032     0.000665530328798
5 2
     0.000188171201814     0.002085843002016     0.000494604906778
    -0.004064208585286     0.001086429138322     0.006713648557571
    -0.000047289934492     0.004017680303603     0.002499452947846
5 3
    -0.031315346655329     0.029114559271857     0.013803946176619
     0.038966495779793    -0.031315346655329    -0.016487710569413
    -0.016487710569413     0.013803946176619     0.026289552154195
5 4
    -0.227778922052154    -0.127813551839254    -0.056801307791635
    -0.106200438744016    -0.223850977607710    -0.106200438744016
    -0.056801307791635    -0.127813551839254    -0.227778922052154
5 5
     0.874302052154195     0.068709652525825    -0.023576666918619
     0.068709652525825     0.936436504535147     0.068709652525825
    -0.023576666918619     0.068709652525825     0.874302052154194
5 6
     0.002499452947846     0.004017680303603    -0.000047289934492
     0.006713648557571     0.001086429138322    -0.004064208585286
     0.000494604906778     0.002085843002016     0.000188171201814
5 7
     0.026289552154195     0.013803946176619    -0.016487710569413
    -0.016487710569413    -0.031315346655329     0.038966495779793
     0.013803946176619     0.029114559271857    -0.031315346655329
5 8
     0.003216954931973     0.001199168398841    -0.003541274061476
     0.001897761652809     0.003441181122449     0.001417807287730
    -0.001244055807508     0.000434432287730     0.002794183106576
5 9
    -0.028533634353741     0.016940436255984     0.032051928319476
    -0.015152470490048     0.031551091836735     0.015670759668682
     0.032757686255984    -0.016347575648778    -0.028787235544218
5 10
    -0.003056023242630    -0.004259139140842     0.003574743795666
    -0.005517268109095    -0.007671162131519     0.005762583081381
     0.003396666414714     0.004829644589317    -0.002168614512472
5 11
    -0.000769374433107    -0.001037135172588    -0.000057317712270
    -0.006798097474175    -0.002155096655329    -0.000608728426556
    -0.000662133188461     0.001156166414714     0.001832760487528
5 12
     0.002713986678005     0.000283263636936    -0.001557498267826
    -0.000457170886873     0.002561952947846    -0.003138299855127
    -0.002805468505921    -0.001629845490048     0.002535135487528
5 13
    -0.001548822845805     0.000709184271857    -0.000354309775762
     0.000503458081381    -0.003213648242630    -0.000686736363064
     0.000695553319476     0.000937604906778    -0.002818114512472
5 14
    -0.194610197845805     0.042827741811539     0.050698880700428
     0.040066085065508    -0.192616471655329    -0.041897287950365
     0.044254414430587    -0.041378722474175    -0.190052257369614
5 15
     0.030786367630385    -0.017778813744016    -0.018577381204334
     0.017822404509952    -0.029142156179138    -0.030045174855127
     0.016798906494079    -0.031290480410683    -0.027445515306122
5 16
     0.001143579931973     0.001184464033762    -0.001363194696397
     0.001932775541698     0.001480409297052     0.001932775541698
    -0.001363194696397     0.001184464033762     0.001143579931973
5 17
     0.000072115646259    -0.000354583585286     0.001656948160746
     0.000205892605190     0.003216365646258     0.000205892605190
     0.001656948160746    -0.000354583585286     0.000072115646259
5 18
    -0.005507148242630    -0.006963268109095     0.005724372763920
    -0.002907002236080    -0.000209388321995     0.004847987843285
     0.003416150541698     0.002054114827412    -0.005632763321995
5 19
    -0.032253374433107    -0.028329579617032    -0.025788373267826
    -0.029915676839254    -0.029755388321995    -0.014263990331318
     0.016058696176619     0.023216303319476     0.025463927154195
5 20
     0.004564302154195    -0.002972131204334    -0.001017996283699
    -0.003128754220207     0.000757718820862    -0.003128754220207
    -0.001017996283699    -0.002972131204334     0.004564302154195
5 21
    -0.000906007369615     0.000174731890905     0.000171698160746
    -0.000003387156715    -0.000775789115646    -0.000003387156715
     0.000171698160746     0.000174731890905    -0.000906007369615
5 22
    -0.005632763321995     0.002054114827412     0.003416150541698
     0.004847987843285    -0.000209388321995    -0.002907002236080
     0.005724372763920    -0.006963268109095    -0.005507148242630
5 23
     0.025463927154195     0.023216303319476     0.016058696176619
    -0.014263990331318    -0.029755388321995    -0.029915676839254
    -0.025788373267826    -0.028329579617032    -0.032253374433107
5 24
    -0.002001291099773     0.003044454113127    -0.003195283982111
     0.000057446176619    -0.002736993480726     0.002768299351222
    -0.005807010172588     0.004484706097254    -0.005310594671202
5 25
    -0.000919781179138     0.001514261652809    -0.001750601442429
    -0.000343131204334     0.000394669217687     0.001256491811539
    -0.001034212553540     0.000259898557571    -0.001499306972789
5 26
     0.001093939058957    -0.001362837553540     0.001010799351222
    -0.001884287950365     0.000442831916100     0.000781204113127
     0.001374005700428     0.001122735859158     0.000896980725624
5 27
    -0.001345610544218     0.001280888636936    -0.001104599458302
     0.002136281494079    -0.001369007369615    -0.000063849458302
     0.001340700144873     0.000274182287730     0.001076266439909
5 28
    -0.006190261337868    -0.004260653029730    -0.004245780013857
    -0.001704254220207    -0.002722054988662    -0.002241563744016
    -0.003988097474175    -0.002926446680524    -0.001653527210884
5 29
     0.007777593820862     0.000149678319476    -0.000144928823381
    -0.000807010172588    -0.000997100623583     0.000455777525825
    -0.002058341521794    -0.000549166918619    -0.001785920068027
5 30
     0.006779363662132     0.001609208081381    -0.000593016124969
     0.001906108875031     0.002705698979592    -0.003665103426556
     0.001902289430587    -0.003514781997984     0.003341718820862
5 31
     0.029080343820862    -0.013933315728143     0.011804440224238
     0.017996364827412    -0.027280943877551     0.029537801335349
    -0.015686716521794     0.033862434271857    -0.031967201814059
5 32
     0.002794183106576     0.000434432287730    -0.001244055807508
     0.001417807287730     0.003441181122449     0.001897761652809
    -0.003541274061476     0.001199168398841     0.003216954931973
5 33
    -0.028787235544218    -0.016347575648778     0.032757686255984
     0.015670759668682     0.031551091836735    -0.015152470490048
     0.032051928319476     0.016940436255984    -0.028533634353741
5 34
    -0.190052257369615    -0.041378722474175     0.044254414430587
    -0.041897287950365    -0.192616471655329     0.040066085065508
     0.050698880700428     0.042827741811539    -0.194610197845805
5 35
    -0.027445515306122    -0.031290480410683     0.016798906494079
    -0.030045174855127    -0.029142156179138     0.017822404509952
    -0.018577381204334    -0.017778813744016     0.030786367630385
5 36
     0.002535135487528    -0.001629845490048    -0.002805468505921
    -0.003138299855127     0.002561952947846    -0.000457170886873
    -0.001557498267826     0.000283263636936     0.002713986678005
5 37
    -0.002818114512472     0.000937604906778     0.000695553319476
    -0.000686736363064    -0.003213648242630     0.000503458081381
    -0.000354309775762     0.000709184271857    -0.001548822845805
5 38
    -0.002168614512472     0.004829644589317     0.003396666414714
     0.005762583081381    -0.007671162131519    -0.005517268109095
     0.003574743795666    -0.004259139140842    -0.003056023242630
5 39
     0.001832760487528     0.001156166414714    -0.000662133188461
    -0.000608728426556    -0.002155096655329    -0.006798097474175
    -0.000057317712270    -0.001037135172588    -0.000769374433107
5 40
    -0.171318219671202     0.032477477922651    -0.024707156997984
     0.054254422367095    -0.182329564909297     0.054254422367095
    -0.024707156997984     0.032477477922651    -0.171318219671202
5 41
    -0.028489931972789     0.016396150541698    -0.033313839537667
    -0.017146770093222     0.026105820011338    -0.017146770093222
    -0.033313839537667     0.016396150541698    -0.028489931972789
5 42
     0.004669718820862    -0.000733097474175     0.001421354906778
    -0.000916184775762     0.005675589852608     0.001978676335349
     0.003043440224238     0.001599140621063     0.001723722789116
5 43
    -0.000978701814059     0.001291771573444     0.000182321176619
     0.001507271573444    -0.001055054988662     0.001619902525825
    -0.000951280013857    -0.000565728426556     0.002703454931973
5 44
    -0.001637519274376    -0.005476381204334    -0.002465752236080
    -0.004856619299572    -0.005061459750567    -0.004856619299572
    -0.002465752236080    -0.005476381204334    -0.001637519274376
5 45
    -0.000771608560091     0.002771688240111     0.001365694192492
    -0.002622893109095     0.007240990646258    -0.002622893109095
     0.001365694192492     0.002771688240111    -0.000771608560091
5 46
     0.001723722789116     0.001599140621063     0.003043440224238
     0.001978676335349     0.005675589852608    -0.000916184775762
     0.001421354906778    -0.000733097474175     0.004669718820862
5 47
     0.002703454931973    -0.000565728426556    -0.000951280013857
     0.001619902525825    -0.001055054988662     0.001507271573444
     0.000182321176619     0.001291771573444    -0.000978701814059
5 48
    -0.005310594671202     0.004484706097254    -0.005807010172588
     0.002768299351222    -0.002736993480726     0.000057446176619
    -0.003195283982111     0.003044454113127    -0.002001291099773
5 49
    -0.001499306972789     0.000259898557571    -0.001034212553540
     0.001256491811539     0.000394669217687    -0.000343131204334
    -0.001750601442429     0.001514261652809    -0.000919781179138
5 50
     0.003341718820862    -0.003514781997984     0.001902289430587
    -0.003665103426556     0.002705698979592     0.001906108875031
    -0.000593016124969     0.001609208081381     0.006779363662132
5 51
    -0.031967201814059     0.033862434271857    -0.015686716521794
     0.029537801335349    -0.027280943877551     0.017996364827412
     0.011804440224238    -0.013933315728143     0.029080343820862
5 52
    -0.001653527210884    -0.002926446680524    -0.003988097474175
    -0.002241563744016    -0.002722054988662    -0.001704254220207
    -0.004245780013857    -0.004260653029730    -0.006190261337868
5 53
    -0.001785920068027    -0.000549166918619    -0.002058341521794
     0.000455777525825    -0.000997100623583    -0.000807010172588
    -0.000144928823381     0.000149678319476     0.007777593820862
5 54
     0.000896980725624     0.001122735859158     0.001374005700428
     0.000781204113127     0.000442831916100    -0.001884287950365
     0.001010799351222    -0.001362837553540     0.001093939058957
5 55
     0.001076266439909     0.000274182287730     0.001340700144873
    -0.000063849458302    -0.001369007369615     0.002136281494079
    -0.001104599458302     0.001280888636936    -0.001345610544218
5 56
     0.005594683106576     0.002483761652809    -0.000370726442429
     0.002244354906778     0.002257284297052     0.002244354906778
    -0.000370726442429     0.002483761652809     0.005594683106576
5 57
    -0.000324193877551     0.001265969986143     0.001028856890905
    -0.000930311759889     0.003229532312925    -0.000930311759889
     0.001028856890905     0.001265969986143    -0.000324193877551
5 58
    -0.005293781179138    -0.004570278029730     0.004649733875031
    -0.004153297871000    -0.002759985544218     0.003531247763920
     0.004951245779793     0.003164654509952    -0.001764711734694
5 59
    -0.001274676020408    -0.001890968505921    -0.001014706601159
    -0.001799355410683    -0.000100876417234     0.000224743795666
     0.000090313240111    -0.000517224458302     0.002649522392290
5 60
     0.001580163265306    -0.001113141124969    -0.000949458585286
    -0.001310059775762     0.000800320011338    -0.001310059775762
    -0.000949458585286    -0.001113141124969     0.001580163265306
5 61
    -0.000325352607710     0.000236051335349    -0.000109712553540
    -0.000537000251953    -0.000769824829932    -0.000537000251953
    -0.000109712553540     0.000236051335349    -0.000325352607710
5 62
    -0.001764711734694     0.003164654509952     0.004951245779793
     0.003531247763920    -0.002759985544218    -0.004153297871000
     0.004649733875031    -0.004570278029730    -0.005293781179138
5 63
     0.002649522392290    -0.000517224458302     0.000090313240111
     0.000224743795666    -0.000100876417234    -0.001799355410683
    -0.001014706601159    -0.001890968505921    -0.001274676020408
6 1
    -0.013357943877551    -0.020348708585286     0.000526579113127
    -0.020348708585286    -0.013357943877551     0.000526579113127
    -0.000320440728143    -0.000320440728143    -0.000457725623583
6 2
    -0.002942178004535     0.003503714033762     0.002229626732174
    -0.006629055807508     0.006003353741497     0.003503714033762
     0.007503337049635    -0.006629055807508    -0.002942178004535
6 3
     0.001086429138322     0.004017680303603     0.002085843002016
     0.006713648557571     0.002499452947846     0.000494604906778
    -0.004064208585286    -0.000047289934492     0.000188171201814
6 4
     0.006003353741497    -0.006629055807508     0.003503714033762
     0.003503714033762    -0.002942178004535     0.002229626732174
    -0.006629055807508     0.007503337049635    -0.002942178004535
6 5
     0.002499452947846     0.006713648557571     0.000494604906778
     0.004017680303603     0.001086429138322     0.002085843002016
    -0.000047289934492    -0.004064208585286     0.000188171201814
6 6
     0.809667853741497    -0.165756698664651     0.206868231890905
    -0.165756698664651     0.809667853741497     0.206868231890905
     0.206868231890905     0.206868231890905     0.776506790249433
6 7
    -0.227778922052154    -0.056801307791635    -0.106200438744016
    -0.056801307791635    -0.227778922052154    -0.106200438744016
    -0.127813551839254    -0.127813551839254    -0.223850977607710
6 8
     0.000225105725624     0.000105664430587     0.000350997763920
     0.000105664430587     0.000225105725624     0.000350997763920
    -0.000368303823381    -0.000368303823381     0.000831427154195
6 9
     0.002553016439909     0.001796182287730     0.003066075144873
     0.001796182287730     0.002553016439909     0.003066075144873
     0.003666438240111     0.003666438240111     0.003818633503401
6 10
    -0.024342247448980     0.013083981890905    -0.032277734378937
    -0.015545865331318     0.030722012471655    -0.013025351442429
    -0.030826331601159     0.015567908478206    -0.030928745464853
6 11
    -0.225010098639456     0.113100360859158    -0.118107920886873
     0.093568055303603    -0.216111422052154     0.045050587049635
    -0.101328381204334     0.042039805303603    -0.214942995464853
6 12
     0.030722012471655    -0.015545865331318    -0.013025351442429
     0.013083981890905    -0.024342247448980    -0.032277734378937
     0.015567908478206    -0.030826331601159    -0.030928745464853
6 13
    -0.216111422052154     0.093568055303603     0.045050587049635
     0.113100360859158    -0.225010098639456    -0.118107920886873
     0.042039805303603    -0.101328381204334    -0.214942995464853
6 14
    -0.001515172052154    -0.000160887156715     0.001647402525825
    -0.000160887156715    -0.001515172052154     0.001647402525825
     0.000488291414714     0.000488291414714    -0.002967888321995
6 15
     0.002052768424036     0.002102932287730     0.000051890621063
     0.002102932287730     0.002052768424036     0.000051890621063
    -0.004663466521794    -0.004663466521794     0.002496853741497
6 16
    -0.025619519274376     0.032487085065508    -0.012520797871000
     0.032993553319476    -0.031323291099773     0.016020966017889
     0.015132432287730    -0.011065647077349     0.029697573979592
6 17
     0.002834516439909    -0.003360712553540    -0.001224655013857
    -0.003128454617032     0.004245165249433     0.003699208081381
    -0.001698674855127     0.002649680303603     0.003303609693878
6 18
    -0.000244747448980    -0.000614022077349    -0.000426855410683
    -0.000071974458302     0.000624911281179     0.000006303319476
     0.000673777525825     0.000441253716301    -0.000776894274376
6 19
    -0.006472848639456    -0.000253833585286    -0.000130476442429
    -0.001905149061476    -0.002944713718821     0.002148700144873
     0.004589073160746     0.002575317208365    -0.001711703798186
6 20
     0.030011952947846     0.013714239827412     0.015249900541698
    -0.015736726442429    -0.029799606575964    -0.033717563744016
    -0.011620244299572    -0.032919117315445    -0.024874078798186
6 21
    -0.006746481575964     0.004295852922651     0.005329719986143
     0.004097140621063    -0.003525239512472    -0.003628696680524
     0.002424825144873    -0.004294629220207    -0.002058388321995
6 22
    -0.001821112528345    -0.000820264140842    -0.000204077632905
     0.000239765621063    -0.002533088718821    -0.000177561759889
    -0.000450250251953     0.001428120779793    -0.000942904195011
6 23
     0.002750952947846    -0.001695075648778    -0.004401781997984
     0.001717037446460    -0.002192213718821     0.000500763636936
    -0.005542746283699     0.002387934271857     0.003735369614512
6 24
    -0.000013890306122    -0.003053549855127    -0.001201262156715
    -0.004990401045603    -0.002312318877551    -0.000733135172588
     0.002804366811539     0.001006844986143     0.002527774376417
6 25
    -0.000083755385488    -0.002309492315445     0.002188795382968
    -0.004289978426556    -0.005968531179138     0.005068182287730
     0.004629664430587     0.004736412446460    -0.002202312925170
6 26
     0.000090839852608     0.001129283478206     0.001206071176619
    -0.000990635172588     0.002188881519274     0.000071269589317
     0.002289382684555     0.001010999748047    -0.002282525226757
6 27
     0.000894790249433     0.000644509668682    -0.001558702632905
     0.000945184271857     0.001253792233560     0.002364841017889
     0.000018452129000    -0.000585178823381     0.001680260487528
6 28
     0.021374389455782     0.012561843002016    -0.011300008188461
     0.014590273557571    -0.036917130385488     0.047559376732174
    -0.011817220490048     0.048134692208365    -0.038153158163265
6 29
     0.001595369614512     0.001111424351222    -0.002160156997984
     0.004152392605190     0.002027323979592    -0.004197406997984
    -0.001914964537667    -0.000865528029730     0.001329198979592
6 30
     0.007989389455782     0.000386579113127     0.000144505700428
     0.001913261652809    -0.002303376417234    -0.000525662950365
    -0.002255208585286    -0.000577518109095    -0.002719912131519
6 31
    -0.007066130385488    -0.005301569696397    -0.003962412950365
    -0.002670982394810    -0.002519519274376    -0.003662758188461
    -0.004237089537667    -0.004309426839254    -0.004282457766440
6 32
    -0.031323291099773     0.032993553319476     0.016020966017889
     0.032487085065508    -0.025619519274376    -0.012520797871000
    -0.011065647077349     0.015132432287730     0.029697573979592
6 33
     0.004245165249433    -0.003128454617032     0.003699208081381
    -0.003360712553540     0.002834516439909    -0.001224655013857
     0.002649680303603    -0.001698674855127     0.003303609693878
6 34
    -0.029799606575964    -0.015736726442429    -0.033717563744016
     0.013714239827412     0.030011952947846     0.015249900541698
    -0.032919117315445    -0.011620244299572    -0.024874078798186
6 35
    -0.003525239512472     0.004097140621063    -0.003628696680524
     0.004295852922651    -0.006746481575964     0.005329719986143
    -0.004294629220207     0.002424825144873    -0.002058388321995
6 36
     0.000624911281179    -0.000071974458302     0.000006303319476
    -0.000614022077349    -0.000244747448980    -0.000426855410683
     0.000441253716301     0.000673777525825    -0.000776894274376
6 37
    -0.002944713718821    -0.001905149061476     0.002148700144873
    -0.000253833585286    -0.006472848639456    -0.000130476442429
     0.002575317208365     0.004589073160746    -0.001711703798186
6 38
    -0.002533088718821     0.000239765621063    -0.000177561759889
    -0.000820264140842    -0.001821112528345    -0.000204077632905
     0.001428120779793    -0.000450250251953    -0.000942904195011
6 39
    -0.002192213718821     0.001717037446460     0.000500763636936
    -0.001695075648778     0.002750952947846    -0.004401781997984
     0.002387934271857    -0.005542746283699     0.003735369614512
6 40
    -0.002312318877551    -0.004990401045603    -0.000733135172588
    -0.003053549855127    -0.000013890306122    -0.001201262156715
     0.001006844986143     0.002804366811539     0.002527774376417
6 41
    -0.005968531179138    -0.004289978426556     0.005068182287730
    -0.002309492315445    -0.000083755385488     0.002188795382968
     0.004736412446460     0.004629664430587    -0.002202312925170
6 42
    -0.036917130385488     0.014590273557571     0.047559376732174
     0.012561843002016     0.021374389455782    -0.011300008188461
     0.048134692208365    -0.011817220490048    -0.038153158163265
6 43
     0.002027323979592     0.004152392605190    -0.004197406997984
     0.001111424351222     0.001595369614512    -0.002160156997984
    -0.000865528029730    -0.001914964537667     0.001329198979592
6 44
     0.002188881519274    -0.000990635172588     0.000071269589317
     0.001129283478206     0.000090839852608     0.001206071176619
     0.001010999748047     0.002289382684555    -0.002282525226757
6 45
     0.001253792233560     0.000945184271857     0.002364841017889
     0.000644509668682     0.000894790249433    -0.001558702632905
    -0.000585178823381     0.000018452129000     0.001680260487528
6 46
    -0.002303376417234     0.001913261652809    -0.000525662950365
     0.000386579113127     0.007989389455782     0.000144505700428
    -0.000577518109095    -0.002255208585286    -0.002719912131519
6 47
    -0.002519519274376    -0.002670982394810    -0.003662758188461
    -0.005301569696397    -0.007066130385488    -0.003962412950365
    -0.004309426839254    -0.004237089537667    -0.004282457766440
6 48
    -0.038299443877551    -0.048551297871000    -0.015375113347191
    -0.048551297871000    -0.038299443877551    -0.015375113347191
    -0.008872781997984    -0.008872781997984     0.019145827947846
6 49
    -0.005944656179138    -0.005166230410683     0.003969559271857
    -0.005166230410683    -0.005944656179138     0.003969559271857
     0.001992775541698     0.001992775541698     0.003090337868481
6 50
    -0.002005380385488    -0.000086035966238     0.003218186255984
    -0.000257325648778     0.002781873582766     0.000132049351222
     0.002619985859158    -0.000545153029730    -0.000910267290249
6 51
     0.000482323979592     0.000601680303603    -0.000342819696397
     0.000526204113127     0.000844230725624     0.001211430303603
    -0.000665057791635     0.000704198160746     0.000875587868481
6 52
     0.002781873582766    -0.000257325648778     0.000132049351222
    -0.000086035966238    -0.002005380385488     0.003218186255984
    -0.000545153029730     0.002619985859158    -0.000910267290249
6 53
     0.000844230725624     0.000526204113127     0.001211430303603
     0.000601680303603     0.000482323979592    -0.000342819696397
     0.000704198160746    -0.000665057791635     0.000875587868481
6 54
    -0.004158868480726    -0.001173643109095    -0.001310222474175
    -0.001173643109095    -0.004158868480726    -0.001310222474175
     0.000256801335349     0.000256801335349     0.003259433106576
6 55
    -0.001539832766440    -0.000977946680524    -0.001041653029730
    -0.000977946680524    -0.001539832766440    -0.001041653029730
     0.000884027525825     0.000884027525825     0.001871883503401
6 56
    -0.000946291099773     0.001382382684555    -0.000670454617032
     0.001382382684555    -0.000946291099773    -0.000670454617032
     0.001003525541698     0.001003525541698     0.003090302154195
6 57
     0.001232331916100    -0.001089408982111     0.001065878716301
    -0.001089408982111     0.001232331916100     0.001065878716301
     0.000934483875031     0.000934483875031     0.001508800170068
6 58
    -0.000767880385488     0.001075718002016    -0.001474494299572
    -0.000580145093222     0.002808564058957     0.000417813240111
    -0.001197002236080    -0.000525831601159    -0.001301467687075
6 59
    -0.004056525226757     0.003300277525825    -0.004546184775762
     0.003940422367095    -0.001912201814059     0.002884309271857
    -0.004826434775762     0.005629039430587    -0.006232858560091
6 60
     0.002808564058957    -0.000580145093222     0.000417813240111
     0.001075718002016    -0.000767880385488    -0.001474494299572
    -0.000525831601159    -0.001197002236080    -0.001301467687075
6 61
    -0.001912201814059     0.003940422367095     0.002884309271857
     0.003300277525825    -0.004056525226757    -0.004546184775762
     0.005629039430587    -0.004826434775762    -0.006232858560091
6 62
    -0.000395185941043    -0.000235224458302     0.000297392605190
    -0.000235224458302    -0.000395185941043     0.000297392605190
     0.000414110859158     0.000414110859158    -0.000863912131519
6 63
     0.000650173185941    -0.001245728426556    -0.000524414934492
    -0.001245728426556     0.000650173185941    -0.000524414934492
    -0.000659454617032    -0.000659454617032     0.000370818027211
7 1
     0.000665530328798    -0.002347192712270    -0.001399204617032
    -0.002347192712270     0.000665530328798    -0.001399204617032
    -0.000519611363064    -0.000519611363064     0.005745131519274
7 2
     0.000188171201814     0.000494604906778     0.002085843002016
    -0.000047289934492     0.002499452947846     0.004017680303603
    -0.004064208585286     0.006713648557571     0.001086429138322
7 3
    -0.031315346655329     0.013803946176619     0.029114559271857
    -0.016487710569413     0.026289552154195     0.013803946176619
     0.038966495779793    -0.016487710569413    -0.031315346655329
7 4
     0.002499452947846    -0.000047289934492     0.004017680303603
     0.000494604906778     0.000188171201814     0.002085843002016
     0.006713648557571    -0.004064208585286     0.001086429138322
7 5
     0.026289552154195    -0.016487710569413     0.013803946176619
     0.013803946176619    -0.031315346655329     0.029114559271857
    -0.016487710569413     0.038966495779793    -0.031315346655329
7 6
    -0.227778922052154    -0.056801307791635    -0.127813551839254
    -0.056801307791635    -0.227778922052154    -0.127813551839254
    -0.106200438744016    -0.106200438744016    -0.223850977607710
7 7
     0.874302052154195    -0.023576666918619     0.068709652525825
    -0.023576666918619     0.874302052154195     0.068709652525825
     0.068709652525825     0.068709652525825     0.936436504535147
7 8
     0.001143579931973    -0.001363194696397     0.001184464033762
    -0.001363194696397     0.001143579931973     0.001184464033762
     0.001932775541698     0.001932775541698     0.001480409297052
7 9
     0.000072115646259     0.001656948160746    -0.000354583585286
     0.001656948160746     0.000072115646259    -0.000354583585286
     0.000205892605190     0.000205892605190     0.003216365646258
7 10
    -0.005507148242630     0.005724372763920    -0.006963268109095
     0.003416150541698    -0.005632763321995     0.002054114827412
    -0.002907002236080     0.004847987843285    -0.000209388321995
7 11
    -0.032253374433107    -0.025788373267826    -0.028329579617032
     0.016058696176619     0.025463927154195     0.023216303319476
    -0.029915676839254    -0.014263990331318    -0.029755388321995
7 12
    -0.005632763321995     0.003416150541698     0.002054114827412
     0.005724372763920    -0.005507148242630    -0.006963268109095
     0.004847987843285    -0.002907002236080    -0.000209388321995
7 13
     0.025463927154195     0.016058696176619     0.023216303319476
    -0.025788373267826    -0.032253374433107    -0.028329579617032
    -0.014263990331318    -0.029915676839254    -0.029755388321995
7 14
     0.004564302154195    -0.001017996283699    -0.002972131204334
    -0.001017996283699     0.004564302154195    -0.002972131204334
    -0.003128754220207    -0.003128754220207     0.000757718820862
7 15
    -0.000906007369615     0.000171698160746     0.000174731890905
     0.000171698160746    -0.000906007369615     0.000174731890905
    -0.000003387156715    -0.000003387156715    -0.000775789115646
7 16
     0.003216954931973    -0.003541274061476     0.001199168398841
    -0.001244055807508     0.002794183106576     0.000434432287730
     0.001897761652809     0.001417807287730     0.003441181122449
7 17
    -0.028533634353741     0.032051928319476     0.016940436255984
     0.032757686255984    -0.028787235544218    -0.016347575648778
    -0.015152470490048     0.015670759668682     0.031551091836735
7 18
    -0.003056023242630     0.003574743795666    -0.004259139140842
     0.003396666414714    -0.002168614512472     0.004829644589317
    -0.005517268109095     0.005762583081381    -0.007671162131519
7 19
    -0.000769374433107    -0.000057317712270    -0.001037135172588
    -0.000662133188461     0.001832760487528     0.001156166414714
    -0.006798097474175    -0.000608728426556    -0.002155096655329
7 20
    -0.194610197845805     0.050698880700428     0.042827741811539
     0.044254414430587    -0.190052257369615    -0.041378722474175
     0.040066085065508    -0.041897287950365    -0.192616471655329
7 21
     0.030786367630385    -0.018577381204334    -0.017778813744016
     0.016798906494079    -0.027445515306122    -0.031290480410683
     0.017822404509952    -0.030045174855127    -0.029142156179138
7 22
     0.002713986678005    -0.001557498267826     0.000283263636936
    -0.002805468505921     0.002535135487528    -0.001629845490048
    -0.000457170886873    -0.003138299855127     0.002561952947846
7 23
    -0.001548822845805    -0.000354309775762     0.000709184271857
     0.000695553319476    -0.002818114512472     0.000937604906778
     0.000503458081381    -0.000686736363064    -0.003213648242630
7 24
    -0.002001291099773    -0.003195283982111     0.003044454113127
    -0.005807010172588    -0.005310594671202     0.004484706097254
     0.000057446176619     0.002768299351222    -0.002736993480726
7 25
    -0.000919781179138    -0.001750601442429     0.001514261652809
    -0.001034212553540    -0.001499306972789     0.000259898557571
    -0.000343131204334     0.001256491811539     0.000394669217687
7 26
     0.001093939058957     0.001010799351222    -0.001362837553540
     0.001374005700428     0.000896980725624     0.001122735859158
    -0.001884287950365     0.000781204113127     0.000442831916100
7 27
    -0.001345610544218    -0.001104599458302     0.001280888636936
     0.001340700144873     0.001076266439909     0.000274182287730
     0.002136281494079    -0.000063849458302    -0.001369007369615
7 28
     0.006779363662132    -0.000593016124969     0.001609208081381
     0.001902289430587     0.003341718820862    -0.003514781997984
     0.001906108875031    -0.003665103426556     0.002705698979592
7 29
     0.029080343820862     0.011804440224238    -0.013933315728143
    -0.015686716521794    -0.031967201814059     0.033862434271857
     0.017996364827412     0.029537801335349    -0.027280943877551
7 30
    -0.006190261337868    -0.004245780013857    -0.004260653029730
    -0.003988097474175    -0.001653527210884    -0.002926446680524
    -0.001704254220207    -0.002241563744016    -0.002722054988662
7 31
     0.007777593820862    -0.000144928823381     0.000149678319476
    -0.002058341521794    -0.001785920068027    -0.000549166918619
    -0.000807010172588     0.000455777525825    -0.000997100623583
7 32
     0.002794183106576    -0.001244055807508     0.000434432287730
    -0.003541274061476     0.003216954931973     0.001199168398841
     0.001417807287730     0.001897761652809     0.003441181122449
7 33
    -0.028787235544218     0.032757686255984    -0.016347575648778
     0.032051928319476    -0.028533634353741     0.016940436255984
     0.015670759668682    -0.015152470490048     0.031551091836735
7 34
    -0.190052257369615     0.044254414430587    -0.041378722474175
     0.050698880700428    -0.194610197845805     0.042827741811539
    -0.041897287950365     0.040066085065508    -0.192616471655329
7 35
    -0.027445515306122     0.016798906494079    -0.031290480410683
    -0.018577381204334     0.030786367630385    -0.017778813744016
    -0.030045174855127     0.017822404509952    -0.029142156179138
7 36
    -0.002168614512472     0.003396666414714     0.004829644589317
     0.003574743795666    -0.003056023242630    -0.004259139140842
     0.005762583081381    -0.005517268109095    -0.007671162131519
7 37
     0.001832760487528    -0.000662133188461     0.001156166414714
    -0.000057317712270    -0.000769374433107    -0.001037135172588
    -0.000608728426556    -0.006798097474175    -0.002155096655329
7 38
     0.002535135487528    -0.002805468505921    -0.001629845490048
    -0.001557498267826     0.002713986678005     0.000283263636936
    -0.003138299855127    -0.000457170886873     0.002561952947846
7 39
    -0.002818114512472     0.000695553319476     0.000937604906778
    -0.000354309775762    -0.001548822845805     0.000709184271857
    -0.000686736363064     0.000503458081381    -0.003213648242630
7 40
    -0.005310594671202    -0.005807010172588     0.004484706097254
    -0.003195283982111    -0.002001291099773     0.003044454113127
     0.002768299351222     0.000057446176619    -0.002736993480726
7 41
    -0.001499306972789    -0.001034212553540     0.000259898557571
    -0.001750601442429    -0.000919781179138     0.001514261652809
     0.001256491811539    -0.000343131204334     0.000394669217687
7 42
     0.003341718820862     0.001902289430587    -0.003514781997984
    -0.000593016124969     0.006779363662132     0.001609208081381
    -0.003665103426556     0.001906108875031     0.002705698979592
7 43
    -0.031967201814059    -0.015686716521794     0.033862434271857
     0.011804440224238     0.029080343820862    -0.013933315728143
     0.029537801335349     0.017996364827412    -0.027280943877551
7 44
     0.000896980725624     0.001374005700428     0.001122735859158
     0.001010799351222     0.001093939058957    -0.001362837553540
     0.000781204113127    -0.001884287950365     0.000442831916100
7 45
     0.001076266439909     0.001340700144873     0.000274182287730
    -0.001104599458302    -0.001345610544218     0.001280888636936
    -0.000063849458302     0.002136281494079    -0.001369007369615
7 46
    -0.001653527210884    -0.003988097474175    -0.002926446680524
    -0.004245780013857    -0.006190261337868    -0.004260653029730
    -0.002241563744016    -0.001704254220207    -0.002722054988662
7 47
    -0.001785920068027    -0.002058341521794    -0.000549166918619
    -0.000144928823381     0.007777593820862     0.000149678319476
     0.000455777525825    -0.000807010172588    -0.000997100623583
7 48
    -0.171318219671202    -0.024707156997984     0.032477477922651
    -0.024707156997984    -0.171318219671202     0.032477477922651
     0.054254422367095     0.054254422367095    -0.182329564909297
7 49
    -0.028489931972789    -0.033313839537667     0.016396150541698
    -0.033313839537667    -0.028489931972789     0.016396150541698
    -0.017146770093222    -0.017146770093222     0.026105820011338
7 50
     0.004669718820862     0.001421354906778    -0.000733097474175
     0.003043440224238     0.001723722789116     0.001599140621063
    -0.000916184775762     0.001978676335349     0.005675589852608
7 51
    -0.000978701814059     0.000182321176619     0.001291771573444
    -0.000951280013857     0.002703454931973    -0.000565728426556
     0.001507271573444     0.001619902525825    -0.001055054988662
7 52
     0.001723722789116     0.003043440224238     0.001599140621063
     0.001421354906778     0.004669718820862    -0.000733097474175
     0.001978676335349    -0.000916184775762     0.005675589852608
7 53
     0.002703454931973    -0.000951280013857    -0.000565728426556
     0.000182321176619    -0.000978701814059     0.001291771573444
     0.001619902525825     0.001507271573444    -0.001055054988662
7 54
    -0.001637519274376    -0.002465752236080    -0.005476381204334
    -0.002465752236080    -0.001637519274376    -0.005476381204334
    -0.004856619299572    -0.004856619299572    -0.005061459750567
7 55
    -0.000771608560091     0.001365694192492     0.002771688240111
     0.001365694192492    -0.000771608560091     0.002771688240111
    -0.002622893109095    -0.002622893109095     0.007240990646259
7 56
     0.005594683106576    -0.000370726442429     0.002483761652809
    -0.000370726442429     0.005594683106576     0.002483761652809
     0.002244354906778     0.002244354906778     0.002257284297052
7 57
    -0.000324193877551     0.001028856890905     0.001265969986143
     0.001028856890905    -0.000324193877551     0.001265969986143
    -0.000930311759889    -0.000930311759889     0.003229532312925
7 58
    -0.005293781179138     0.004649733875031    -0.004570278029730
     0.004951245779793    -0.001764711734694     0.003164654509952
    -0.004153297871000     0.003531247763920    -0.002759985544218
7 59
    -0.001274676020408    -0.001014706601159    -0.001890968505921
     0.000090313240111     0.002649522392290    -0.000517224458302
    -0.001799355410683     0.000224743795666    -0.000100876417234
7 60
    -0.001764711734694     0.004951245779793     0.003164654509952
     0.004649733875031    -0.005293781179138    -0.004570278029730
     0.003531247763920    -0.004153297871000    -0.002759985544218
7 61
     0.002649522392290     0.000090313240111    -0.000517224458302
    -0.001014706601159    -0.001274676020408    -0.001890968505921
     0.000224743795666    -0.001799355410683    -0.000100876417234
7 62
     0.001580163265306    -0.000949458585286    -0.001113141124969
    -0.000949458585286     0.001580163265306    -0.001113141124969
    -0.001310059775762    -0.001310059775762     0.000800320011338
7 63
    -0.000325352607710    -0.000109712553540     0.000236051335349
    -0.000109712553540    -0.000325352607710     0.000236051335349
    -0.000537000251953    -0.000537000251953    -0.000769824829932
8 1
    -0.000216691893424    -0.000685595490048     0.000109418398841
    -0.000685595490048    -0.000216691893424     0.000109418398841
    -0.000853924855127    -0.000853924855127    -0.002303463718821
8 2
     0.029697573979592    -0.012520797871000     0.016020966017889
     0.015132432287730    -0.025619519274376     0.032993553319476
    -0.011065647077349     0.032487085065508    -0.031323291099773
8 3
     0.003441181122449     0.001199168398841     0.000434432287730
     0.001897761652809     0.003216954931973    -0.001244055807508
     0.001417807287730    -0.003541274061476     0.002794183106576
8 4
    -0.025619519274376     0.015132432287730     0.032993553319476
    -0.012520797871000     0.029697573979592     0.016020966017889
     0.032487085065508    -0.011065647077349    -0.031323291099773
8 5
     0.003216954931973     0.001897761652809    -0.001244055807508
     0.001199168398841     0.003441181122449     0.000434432287730
    -0.003541274061476     0.001417807287730     0.002794183106576
8 6
     0.000225105725624     0.000105664430587    -0.000368303823381
     0.000105664430587     0.000225105725624    -0.000368303823381
     0.000350997763920     0.000350997763920     0.000831427154195
8 7
     0.001143579931973    -0.001363194696397     0.001932775541698
    -0.001363194696397     0.001143579931973     0.001932775541698
     0.001184464033762     0.001184464033762     0.001480409297052
8 8
     0.901197607709750     0.003409527525825    -0.005661287950365
     0.003409527525825     0.901197607709750    -0.005661287950365
    -0.005661287950365    -0.005661287950365     0.897429064058957
8 9
    -0.198550856575964    -0.044528954617032    -0.045195585569413
    -0.044528954617032    -0.198550856575964    -0.045195585569413
    -0.043367545886873    -0.043367545886873    -0.197526729591837
8 10
     0.031206504535147     0.017459594986143     0.016375354906778
    -0.017509377236080    -0.029593110544218    -0.032337637156715
    -0.016635440728143    -0.032475325648778    -0.031390983560091
8 11
    -0.007978096655329     0.004061098954397     0.004362168398841
     0.004543543398841    -0.002785670068027    -0.002923948664651
     0.005644634668682    -0.003084803823381    -0.002633858560091
8 12
    -0.029593110544218    -0.017509377236080    -0.032337637156715
     0.017459594986143     0.031206504535147     0.016375354906778
    -0.032475325648778    -0.016635440728143    -0.031390983560091
8 13
    -0.002785670068027     0.004543543398841    -0.002923948664651
     0.004061098954397    -0.007978096655329     0.004362168398841
    -0.003084803823381     0.005644634668682    -0.002633858560091
8 14
    -0.029477170068027    -0.032110774061476    -0.016099633188461
    -0.032110774061476    -0.029477170068027    -0.016099633188461
     0.016046182287730     0.016046182287730     0.031954373582766
8 15
    -0.002256354591837    -0.004454079617032     0.004523479906778
    -0.004454079617032    -0.002256354591837     0.004523479906778
     0.004889049351222     0.004889049351222    -0.005859759353741
8 16
     0.009169107709751     0.000778948160746     0.000302541414714
     0.000302541414714    -0.000642914115646    -0.000129444696397
     0.000778948160746     0.000407368795666    -0.000642914115646
8 17
    -0.006174606575964    -0.004755224458302    -0.004292440728143
    -0.004412466521794    -0.002893957766440    -0.003970702632905
    -0.003674908982111    -0.004248053823381    -0.002937378401361
8 18
     0.029291879535147    -0.017088908982111    -0.015989641124968
     0.015795763636936    -0.026801586734694    -0.029854607394810
     0.016948668398841    -0.028773105410683    -0.027449257369615
8 19
    -0.196774721655329     0.043436904509952     0.046806487843285
     0.042972839033762    -0.198219836734694    -0.048294585569413
     0.043414839033762    -0.053218416918619    -0.192869566893424
8 20
     0.000159954931973     0.001022477922651    -0.001160385172588
    -0.001342363347191     0.003092270408163     0.000706025541698
    -0.001156728426556    -0.000299976442429    -0.000593816893424
8 21
    -0.002006854591837     0.003408966017889    -0.004386440728143
     0.003967378716301    -0.002414112528345     0.004506267605190
    -0.004027158982111     0.004154511652809    -0.005800376417234
8 22
    -0.000781110544218    -0.001320901045603     0.001355511652809
    -0.001202746283699    -0.001349086734694    -0.000617972474175
    -0.000829484378937     0.000738261652809     0.002258357709751
8 23
    -0.006425670068027    -0.002918087553540     0.001649932287730
    -0.005511724458302    -0.005515461734694     0.005391602922651
     0.007559144589317     0.001313450144873     0.000152881519274
8 24
    -0.001719513321995     0.000163938240111     0.000127827129000
    -0.000046037950365    -0.003471691893424    -0.000343670886873
    -0.000527367315445    -0.000094389140842    -0.001586213718821
8 25
     0.003551746598639    -0.002955879220207     0.000031134668682
    -0.002778365331318     0.002202970804989    -0.002249353426556
     0.000028180303603    -0.002914946680524     0.004454323979592
8 26
     0.030941966836735     0.016687271573444    -0.016633214537667
    -0.016674397077349    -0.028397491496599     0.031125108875031
     0.016177023557571     0.031882015621063    -0.028419263321995
8 27
     0.003779042233560     0.000241497763920     0.002526886652809
     0.000123047367095     0.003418794217687    -0.002410569696397
     0.003128843002016    -0.002509537950365     0.000914897392290
8 28
     0.000210016439909    -0.000993668902746     0.001682956097254
     0.001214511652809     0.002951621598639     0.001097841017889
     0.001889295382968    -0.000239541918619    -0.001070271258503
8 29
     0.001040121598639     0.001171287446460    -0.000808817712270
     0.001121880700428     0.000949450963719     0.001312432287730
    -0.000872573664651     0.001339112843285     0.000930210884354
8 30
    -0.029121108560091     0.034427317208365     0.015777594986143
     0.032932124748047    -0.030619874433107    -0.016515698664651
    -0.017317817712270     0.017392997763920     0.026495599773243
8 31
     0.001188371598639    -0.002822706601159     0.002946676335349
    -0.002452869299572     0.004663857709751     0.000328331097254
     0.003247801335349     0.000718714033762     0.004201304138322
8 32
    -0.000642914115646     0.000302541414714    -0.000129444696397
     0.000778948160746     0.009169107709751     0.000302541414714
     0.000407368795666     0.000778948160746    -0.000642914115646
8 33
    -0.002893957766440    -0.004412466521794    -0.003970702632905
    -0.004755224458302    -0.006174606575964    -0.004292440728143
    -0.004248053823381    -0.003674908982111    -0.002937378401361
8 34
     0.003092270408163    -0.001342363347191     0.000706025541698
     0.001022477922651     0.000159954931973    -0.001160385172588
    -0.000299976442429    -0.001156728426556    -0.000593816893424
8 35
    -0.002414112528345     0.003967378716301     0.004506267605190
     0.003408966017889    -0.002006854591837    -0.004386440728143
     0.004154511652809    -0.004027158982111    -0.005800376417234
8 36
    -0.026801586734694     0.015795763636936    -0.029854607394810
    -0.017088908982111     0.029291879535147    -0.015989641124968
    -0.028773105410683     0.016948668398841    -0.027449257369615
8 37
    -0.198219836734694     0.042972839033762    -0.048294585569413
     0.043436904509952    -0.196774721655329     0.046806487843285
    -0.053218416918619     0.043414839033762    -0.192869566893424
8 38
    -0.001349086734694    -0.001202746283699    -0.000617972474175
    -0.001320901045603    -0.000781110544218     0.001355511652809
     0.000738261652809    -0.000829484378937     0.002258357709751
8 39
    -0.005515461734694    -0.005511724458302     0.005391602922651
    -0.002918087553540    -0.006425670068027     0.001649932287730
     0.001313450144873     0.007559144589317     0.000152881519274
8 40
    -0.003471691893424    -0.000046037950365    -0.000343670886873
     0.000163938240111    -0.001719513321995     0.000127827129000
    -0.000094389140842    -0.000527367315445    -0.001586213718821
8 41
     0.002202970804989    -0.002778365331318    -0.002249353426556
    -0.002955879220207     0.003551746598639     0.000031134668682
    -0.002914946680524     0.000028180303603     0.004454323979592
8 42
     0.002951621598639     0.001214511652809     0.001097841017889
    -0.000993668902746     0.000210016439909     0.001682956097254
    -0.000239541918619     0.001889295382968    -0.001070271258503
8 43
     0.000949450963719     0.001121880700428     0.001312432287730
     0.001171287446460     0.001040121598639    -0.000808817712270
     0.001339112843285    -0.000872573664651     0.000930210884354
8 44
    -0.028397491496599    -0.016674397077349     0.031125108875031
     0.016687271573444     0.030941966836735    -0.016633214537667
     0.031882015621063     0.016177023557571    -0.028419263321995
8 45
     0.003418794217687     0.000123047367095    -0.002410569696397
     0.000241497763920     0.003779042233560     0.002526886652809
    -0.002509537950365     0.003128843002016     0.000914897392290
8 46
    -0.030619874433107     0.032932124748047    -0.016515698664651
     0.034427317208365    -0.029121108560091     0.015777594986143
     0.017392997763920    -0.017317817712270     0.026495599773243
8 47
     0.004663857709751    -0.002452869299572     0.000328331097254
    -0.002822706601159     0.001188371598639     0.002946676335349
     0.000718714033762     0.003247801335349     0.004201304138322
8 48
    -0.000985191893424    -0.000463309775762    -0.000376774061476
    -0.000463309775762    -0.000985191893424    -0.000376774061476
    -0.000087266124969    -0.000087266124969    -0.000978535147392
8 49
     0.001527845804989    -0.001739992315445    -0.001149726442429
    -0.001739992315445     0.001527845804989    -0.001149726442429
    -0.001359458585286    -0.001359458585286     0.002291099773243
8 50
     0.002350371598639    -0.000721422871000     0.000416900541698
     0.001120662446460    -0.000580374433107     0.001100013636936
     0.001039751732174     0.001468737843285    -0.001738755385488
8 51
     0.001254825963719     0.001865418398841     0.002999894589317
     0.001955442208365     0.004177482709751    -0.000195980410683
     0.002672833081381    -0.000280535966238     0.004161724773243
8 52
    -0.000580374433107     0.001120662446460     0.001100013636936
    -0.000721422871000     0.002350371598639     0.000416900541698
     0.001468737843285     0.001039751732174    -0.001738755385488
8 53
     0.004177482709751     0.001955442208365    -0.000195980410683
     0.001865418398841     0.001254825963719     0.002999894589317
    -0.000280535966238     0.002672833081381     0.004161724773243
8 54
    -0.000973991496599     0.000669344986143     0.000766616811539
     0.000669344986143    -0.000973991496599     0.000766616811539
    -0.000766807791635    -0.000766807791635     0.001899570011338
8 55
     0.003555919217687    -0.000772833585286     0.003433311255984
    -0.000772833585286     0.003555919217687     0.003433311255984
     0.003185543398841     0.003185543398841    -0.000176604591837
8 56
    -0.001557539115646     0.000061120779793     0.000018759668682
     0.000061120779793    -0.001557539115646     0.000018759668682
     0.000097416414714     0.000097416414714     0.010115314058957
8 57
    -0.002260041099773    -0.004279170886873    -0.004114906997984
    -0.004279170886873    -0.002260041099773    -0.004114906997984
    -0.004663000251953    -0.004663000251953    -0.006086937925170
8 58
     0.002994496598639     0.000679206097254    -0.000241030013857
    -0.000827281997984    -0.000291308956916    -0.001300972474175
     0.000967388636936    -0.001280440728143    -0.000672455782313
8 59
    -0.002536273242630     0.004356515621063     0.003508404509952
     0.004296035462333    -0.006507324829932    -0.004539976442429
     0.003682831097254    -0.004291069696397    -0.002422096655329
8 60
    -0.000291308956916    -0.000827281997984    -0.001300972474175
     0.000679206097254     0.002994496598639    -0.000241030013857
    -0.001280440728143     0.000967388636936    -0.000672455782313
8 61
    -0.006507324829932     0.004296035462333    -0.004539976442429
     0.004356515621063    -0.002536273242630     0.003508404509952
    -0.004291069696397     0.003682831097254    -0.002422096655329
8 62
    -0.028800933956916    -0.031847111363064     0.017463856890905
    -0.031847111363064    -0.028800933956916     0.017463856890905
    -0.016360498267826    -0.016360498267826     0.031431974773243
8 63
    -0.198300574829932    -0.041480990331318     0.039272299351222
    -0.041480990331318    -0.198300574829932     0.039272299351222
     0.040224436255984     0.040224436255984    -0.194127170068027
9 1
     0.001494968820862     0.002052547367095    -0.004718339537667
     0.002052547367095     0.001494968820862    -0.004718339537667
    -0.003370472474175    -0.003370472474175     0.005531242630385
9 2
     0.003303609693878    -0.001224655013857     0.003699208081381
    -0.001698674855127     0.002834516439909    -0.003128454617032
     0.002649680303603    -0.003360712553540     0.004245165249433
9 3
     0.031551091836735     0.016940436255984    -0.016347575648778
    -0.015152470490048    -0.028533634353741     0.032757686255984
     0.015670759668682     0.032051928319476    -0.028787235544218
9 4
     0.002834516439909    -0.001698674855127    -0.003128454617032
    -0.001224655013857     0.003303609693878     0.003699208081381
    -0.003360712553540     0.002649680303603     0.004245165249433
9 5
    -0.028533634353741    -0.015152470490048     0.032757686255984
     0.016940436255984     0.031551091836735    -0.016347575648778
     0.032051928319476     0.015670759668682    -0.028787235544218
9 6
     0.002553016439909     0.001796182287730     0.003666438240111
     0.001796182287730     0.002553016439909     0.003666438240111
     0.003066075144873     0.003066075144873     0.003818633503401
9 7
     0.000072115646259     0.001656948160746     0.000205892605190
     0.001656948160746     0.000072115646259     0.000205892605190
    -0.000354583585286    -0.000354583585286     0.003216365646258
9 8
    -0.198550856575964    -0.044528954617032    -0.043367545886873
    -0.044528954617032    -0.198550856575964    -0.043367545886873
    -0.045195585569413    -0.045195585569413    -0.197526729591837
9 9
     0.893790679138321    -0.008559436759889    -0.001436093505921
    -0.008559436759889     0.893790679138321    -0.001436093505921
    -0.001436093505921    -0.001436093505921     0.885775476757370
9 10
    -0.204527709750567     0.047244112843285     0.051167346970270
     0.047418765621063    -0.202916324829932    -0.050213645093222
     0.051726511652809    -0.050496373267826    -0.202933527210884
9 11
     0.032026314058957    -0.016332133188461    -0.016256214537667
     0.015110061255984    -0.028417509353741    -0.032745956601159
     0.015004837049635    -0.031170601442429    -0.029638152210884
9 12
    -0.202916324829932     0.047418765621063    -0.050213645093222
     0.047244112843285    -0.204527709750567     0.051167346970270
    -0.050496373267826     0.051726511652809    -0.202933527210884
9 13
    -0.028417509353741     0.015110061255984    -0.032745956601159
    -0.016332133188461     0.032026314058957    -0.016256214537667
    -0.031170601442429     0.015004837049635    -0.029638152210884
9 14
    -0.198258134353741    -0.043911006204334     0.043421233875031
    -0.043911006204334    -0.198258134353741     0.043421233875031
     0.044300634668682     0.044300634668682    -0.196627670068027
9 15
    -0.028275943877551    -0.031449811759889     0.016691971970270
    -0.031449811759889    -0.028275943877551     0.016691971970270
    -0.017453373267826    -0.017453373267826     0.031472571995465
9 16
    -0.006174606575964    -0.003674908982111    -0.004412466521794
    -0.004292440728143    -0.002937378401361    -0.003970702632905
    -0.004755224458302    -0.004248053823381    -0.002893957766440
9 17
     0.010409679138322     0.000195293398841    -0.000079573664651
    -0.000079573664651    -0.000063797052154     0.000052789430587
     0.000195293398841     0.000191523557571    -0.000063797052154
9 18
    -0.006492334750567     0.003785358875031     0.004335725938524
     0.004123781494079    -0.003370676020408    -0.004084240331318
     0.004350370779793    -0.004385903029730    -0.003273176020408
9 19
     0.031797564058957     0.016700297367095     0.016394354906778
    -0.015079143109095    -0.028423551020408    -0.032855968505921
    -0.014988208585286    -0.031180214537667    -0.029704610544218
9 20
    -0.005847509353741     0.003744870779793    -0.003965893109095
     0.004321904509952    -0.002616443877551     0.004338767605190
    -0.004631526045603     0.004510725938524    -0.002856110544218
9 21
     0.000237306122449    -0.000668141124969    -0.001219323664651
     0.000775396573444     0.003619048185941    -0.000656490331318
    -0.001400956601159     0.000785464033762     0.000027329931973
9 22
    -0.006546824829932    -0.003989008188461     0.004407878716301
    -0.004052978426556    -0.003393926020408     0.003823394589317
     0.004416718002016     0.004197339033762    -0.003350685941043
9 23
    -0.000817634353741    -0.001378069696397    -0.000372950648778
    -0.001563831601159    -0.000655551020408     0.000339594986143
    -0.000148278029730     0.000051527525825     0.001769962868481
9 24
     0.004055897392290    -0.002233043902746    -0.000973680807508
    -0.002892145093222     0.001242468820862    -0.003088928823381
     0.000331585065508    -0.003079311759889     0.004505367630385
9 25
    -0.000028717687075     0.000143638636936     0.000185251732174
     0.000142902525825    -0.001487243480726     0.000108013636936
    -0.000302617315445    -0.000072994299572     0.000000280328798
9 26
     0.003862502551020     0.001950164430587     0.001014027525825
     0.002080245779793     0.001579919217687    -0.003145524061476
    -0.000292149061476    -0.003836656997984     0.004023068027211
9 27
     0.033242827947846    -0.017614359378937     0.016095378716301
     0.015245315224238    -0.029724170068027     0.034517922367095
    -0.015501829617032     0.033570289430587    -0.029942521258503
9 28
     0.004238927154195     0.001995223954397    -0.000921301839254
     0.002280154509952     0.001481907312925     0.002953208081381
     0.000436497763920     0.002893035462333     0.005092310090703
9 29
    -0.000326842687075     0.001072305303603     0.001476549351222
    -0.000369976442429     0.002981486678005    -0.000802825648778
     0.001572753716301     0.000709065224238    -0.000235457766440
9 30
     0.004370177154195    -0.002247664934492     0.000760337049635
    -0.002523857394810     0.001621786281179     0.002895793398841
    -0.000108615331318     0.002783325144873     0.004848806122449
9 31
    -0.028819092687075     0.032551561255984    -0.016959331601159
     0.032227398557571    -0.028963481575964     0.016792698160746
     0.016907628716301    -0.017484583585286     0.030284635487528
9 32
    -0.002937378401361    -0.004292440728143    -0.003970702632905
    -0.003674908982111    -0.006174606575964    -0.004412466521794
    -0.004248053823381    -0.004755224458302    -0.002893957766440
9 33
    -0.000063797052154    -0.000079573664651     0.000052789430587
     0.000195293398841     0.010409679138322    -0.000079573664651
     0.000191523557571     0.000195293398841    -0.000063797052154
9 34
    -0.002616443877551     0.004321904509952     0.004338767605190
     0.003744870779793    -0.005847509353741    -0.003965893109095
     0.004510725938524    -0.004631526045603    -0.002856110544218
9 35
     0.003619048185941     0.000775396573444    -0.000656490331318
    -0.000668141124969     0.000237306122449    -0.001219323664651
     0.000785464033762    -0.001400956601159     0.000027329931973
9 36
    -0.003370676020408     0.004123781494079    -0.004084240331318
     0.003785358875031    -0.006492334750567     0.004335725938524
    -0.004385903029730     0.004350370779793    -0.003273176020408
9 37
    -0.028423551020408    -0.015079143109095    -0.032855968505921
     0.016700297367095     0.031797564058957     0.016394354906778
    -0.031180214537667    -0.014988208585286    -0.029704610544218
9 38
    -0.003393926020408    -0.004052978426556     0.003823394589317
    -0.003989008188461    -0.006546824829932     0.004407878716301
     0.004197339033762     0.004416718002016    -0.003350685941043
9 39
    -0.000655551020408    -0.001563831601159     0.000339594986143
    -0.001378069696397    -0.000817634353741    -0.000372950648778
     0.000051527525825    -0.000148278029730     0.001769962868481
9 40
     0.001242468820862    -0.002892145093222    -0.003088928823381
    -0.002233043902746     0.004055897392290    -0.000973680807508
    -0.003079311759889     0.000331585065508     0.004505367630385
9 41
    -0.001487243480726     0.000142902525825     0.000108013636936
     0.000143638636936    -0.000028717687075     0.000185251732174
    -0.000072994299572    -0.000302617315445     0.000000280328798
9 42
     0.001481907312925     0.002280154509952     0.002953208081381
     0.001995223954397     0.004238927154195    -0.000921301839254
     0.002893035462333     0.000436497763920     0.005092310090703
9 43
     0.002981486678005    -0.000369976442429    -0.000802825648778
     0.001072305303603    -0.000326842687075     0.001476549351222
     0.000709065224238     0.001572753716301    -0.000235457766440
9 44
     0.001579919217687     0.002080245779793    -0.003145524061476
     0.001950164430587     0.003862502551020     0.001014027525825
    -0.003836656997984    -0.000292149061476     0.004023068027211
9 45
    -0.029724170068027     0.015245315224238     0.034517922367095
    -0.017614359378937     0.033242827947846     0.016095378716301
     0.033570289430587    -0.015501829617032    -0.029942521258503
9 46
     0.001621786281179    -0.002523857394810     0.002895793398841
    -0.002247664934492     0.004370177154195     0.000760337049635
     0.002783325144873    -0.000108615331318     0.004848806122449
9 47
    -0.028963481575964     0.032227398557571     0.016792698160746
     0.032551561255984    -0.028819092687075    -0.016959331601159
    -0.017484583585286     0.016907628716301     0.030284635487528
9 48
     0.001083343820862    -0.001350416918619    -0.001213656997984
    -0.001350416918619     0.001083343820862    -0.001213656997984
    -0.001481688744016    -0.001481688744016     0.000766296201814
9 49
     0.000712506519274     0.000151025541698    -0.000021609378937
     0.000151025541698     0.000712506519274    -0.000021609378937
    -0.000097881204334    -0.000097881204334     0.000133181122449
9 50
     0.001530282312925     0.001162469986143     0.001335267605190
     0.001083555303603     0.001648161281179    -0.001209744299572
     0.001205454113127    -0.001289809775762     0.001824950963719
9 51
     0.003001861678005     0.000518311255984     0.000911636652809
    -0.000854414934492    -0.000325481575964     0.001309761652809
    -0.000422089537667     0.001666291414714    -0.000350568877551
9 52
     0.001648161281179     0.001083555303603    -0.001209744299572
     0.001162469986143     0.001530282312925     0.001335267605190
    -0.001289809775762     0.001205454113127     0.001824950963719
9 53
    -0.000325481575964    -0.000854414934492     0.001309761652809
     0.000518311255984     0.003001861678005     0.000911636652809
     0.001666291414714    -0.000422089537667    -0.000350568877551
9 54
     0.001021044217687    -0.001583637156715     0.001129858875031
    -0.001583637156715     0.001021044217687     0.001129858875031
     0.001033019589317     0.001033019589317     0.001321151360544
9 55
    -0.000570295068027     0.001913434271857    -0.000682696680524
     0.001913434271857    -0.000570295068027    -0.000682696680524
     0.001032370779793     0.001032370779793     0.001357976757370
9 56
    -0.001613253401361    -0.003475486363064    -0.004425748267826
    -0.003475486363064    -0.001613253401361    -0.004425748267826
    -0.004734006204334    -0.004734006204334    -0.005958604591837
9 57
    -0.000562880385488     0.000003221970270    -0.000073539934492
     0.000003221970270    -0.000562880385488    -0.000073539934492
     0.000141077129000     0.000141077129000     0.010155768424036
9 58
    -0.002345592687075     0.003610973954397     0.004541337049635
     0.003521110859158    -0.002069273242630    -0.004364480410683
     0.004527966017889    -0.004500488347191    -0.005982874433107
9 59
     0.002942012471655    -0.000707591521794     0.000614396573444
     0.000665428319476    -0.000219164115646    -0.001368609378937
    -0.000727466521794    -0.001310992315445    -0.000310890306122
9 60
    -0.002069273242630     0.003521110859158    -0.004364480410683
     0.003610973954397    -0.002345592687075     0.004541337049635
    -0.004500488347191     0.004527966017889    -0.005982874433107
9 61
    -0.000219164115646     0.000665428319476    -0.001368609378937
    -0.000707591521794     0.002942012471655     0.000614396573444
    -0.001310992315445    -0.000727466521794    -0.000310890306122
9 62
    -0.001934023242630    -0.003455468505921     0.004534973954397
    -0.003455468505921    -0.001934023242630     0.004534973954397
     0.004288954113127     0.004288954113127    -0.006552943877551
9 63
    -0.028497164115646    -0.031241097474175    -0.017395583585286
    -0.031241097474175    -0.028497164115646    -0.017395583585286
     0.017550638636936     0.017550638636936     0.030520661281179
10 1
     0.030950954931973     0.018990874748047    -0.024282484378937
    -0.011853653029730    -0.026908410147392     0.035055255700428
     0.014900718002016     0.031712475938524    -0.031734886337868
10 2
    -0.000942904195011    -0.000204077632905    -0.000177561759889
    -0.000450250251953    -0.001821112528345     0.000239765621063
     0.001428120779793    -0.000820264140842    -0.002533088718821
10 3
     0.002561952947846     0.000283263636936    -0.001629845490048
    -0.000457170886873     0.002713986678005    -0.002805468505921
    -0.003138299855127    -0.001557498267826     0.002535135487528
10 4
    -0.000244747448980     0.000673777525825    -0.000071974458302
    -0.000426855410683    -0.000776894274376     0.000006303319476
    -0.000614022077349     0.000441253716301     0.000624911281179
10 5
    -0.003056023242630    -0.005517268109095     0.003396666414714
    -0.004259139140842    -0.007671162131519     0.004829644589317
     0.003574743795666     0.005762583081381    -0.002168614512472
10 6
    -0.024342247448980    -0.015545865331318    -0.030826331601159
     0.013083981890905     0.030722012471655     0.015567908478206
    -0.032277734378937    -0.013025351442429    -0.030928745464853
10 7
    -0.005507148242630     0.003416150541698    -0.002907002236080
     0.005724372763920    -0.005632763321995     0.004847987843285
    -0.006963268109095     0.002054114827412    -0.000209388321995
10 8
     0.031206504535147    -0.017509377236080    -0.016635440728143
     0.017459594986143    -0.029593110544218    -0.032475325648778
     0.016375354906778    -0.032337637156715    -0.031390983560091
10 9
    -0.204527709750567     0.047418765621063     0.051726511652809
     0.047244112843285    -0.202916324829932    -0.050496373267826
     0.051167346970270    -0.050213645093222    -0.202933527210884
10 10
     0.921496401360544    -0.008675184775762    -0.007190297871000
    -0.008675184775762     0.911782671201814     0.019660575144873
    -0.007190297871000     0.019660575144873     0.896195468820861
10 11
    -0.196152074829932    -0.041944680807508    -0.041061859378937
    -0.041328264140842    -0.198117013321995    -0.044064861363064
    -0.039522972474175    -0.050122528029730    -0.192021531179138
10 12
    -0.031635713718821     0.033465718002016     0.016097210065508
     0.034354662446460    -0.031635713718821    -0.016775432791635
    -0.016775432791635     0.016097210065508     0.030873468820862
10 13
     0.001957351757370    -0.001932361363064     0.002037148557571
    -0.001505333585286     0.003237935090703    -0.000028369299572
     0.003679089033762     0.001087035462333     0.001940593820862
10 14
    -0.029071273242630     0.017114196176619     0.032903964033762
    -0.017153706601159     0.032055986678005     0.016383704113127
     0.032704325144873    -0.015301541918619    -0.030546799036281
10 15
     0.001419667233560     0.002687015621063    -0.002544422871000
     0.002562487843285     0.004408802154195     0.000216067208365
    -0.002821182791635     0.000737200144873     0.004089568027211
10 16
     0.029291879535147     0.016948668398841     0.015795763636936
    -0.015989641124968    -0.027449257369615    -0.029854607394810
    -0.017088908982111    -0.028773105410683    -0.026801586734694
10 17
    -0.006492334750567     0.004350370779793     0.004123781494079
     0.004335725938524    -0.003273176020408    -0.004084240331318
     0.003785358875031    -0.004385903029730    -0.003370676020408
10 18
     0.008283151360544    -0.000063188744016    -0.000223168902746
    -0.000223168902746    -0.001388179988662    -0.000296270093222
    -0.000063188744016     0.000326420382968    -0.001388179988662
10 19
    -0.008177074829932    -0.004508250251953    -0.003937539934492
    -0.005101968505921    -0.003885054988662    -0.002827498267826
    -0.005406518109095    -0.003514391124969    -0.003008114512472
10 20
    -0.000246898242630     0.001494073160746    -0.001330162950365
     0.001164454113127    -0.000967947845805    -0.000399762156715
     0.001070414430587     0.000692674351222     0.002741260487528
10 21
     0.001029167233560    -0.001116813744016     0.001049281494079
    -0.000827803823381     0.000969169217687     0.001511979906778
     0.001059233875031     0.001420037446460     0.000944075963719
10 22
    -0.000891463718821    -0.000686305807508     0.001259733875031
     0.001725571176619     0.001538070011338     0.000440739827412
     0.001391908478206    -0.000267087553540    -0.001448064909297
10 23
     0.000300601757370     0.001392507684555    -0.001518595490048
     0.001413593002016     0.000222070011338     0.001192065224238
    -0.001048712553540     0.001006100938524     0.000768458900227
10 24
     0.030555633503401    -0.015381091521794     0.015804549351222
     0.016229279509952    -0.027864410147392     0.030057791414714
    -0.014822474458302     0.030674386652809    -0.028046136337868
10 25
     0.003134018424036     0.003094716017889     0.000087856890905
     0.002257327129000     0.001693752551020    -0.002359891124969
     0.000124948160746    -0.003192795886873     0.003712776360544
10 26
    -0.003156886337868    -0.000094383188461    -0.000091867315445
     0.000162670382968    -0.003740959750567    -0.000278053823381
    -0.000431833585286    -0.000432083585286    -0.002188685941043
10 27
     0.005123314058957    -0.001654531997984    -0.000212516124969
    -0.002474510172588    -0.000044174036281    -0.001375357394810
    -0.000625264140842    -0.001327887156715     0.002081974773243
10 28
    -0.028602586734694    -0.035096948664651    -0.015429821680524
    -0.032257420886873    -0.032237971655329    -0.016296696680524
     0.017382813240111     0.017589358875031     0.026967306122449
10 29
    -0.002967731575964    -0.003285617315445     0.004932404509952
    -0.003498301839254    -0.003389267290249     0.004835394589317
     0.004073194192492     0.003949263636936    -0.006863586734694
10 30
    -0.000273961734694     0.001105537446460    -0.001650307791635
    -0.001236057791635     0.002574282312925     0.001014138636936
    -0.001582049855127     0.000125148557571    -0.001653197845805
10 31
    -0.003209731575964     0.005030888636936    -0.004266226442429
     0.004691448160746    -0.003358985544218     0.004573418398841
    -0.004276930807508     0.004590739827412    -0.006887243480726
10 32
     0.002258357709751     0.001355511652809    -0.000617972474175
    -0.000829484378937    -0.000781110544218    -0.001202746283699
     0.000738261652809    -0.001320901045603    -0.001349086734694
10 33
    -0.003350685941043     0.004407878716301     0.003823394589317
     0.004416718002016    -0.006546824829932    -0.004052978426556
     0.004197339033762    -0.003989008188461    -0.003393926020408
10 34
    -0.000675332766440     0.000089856890905    -0.000069377236080
    -0.000611829617032     0.009005736678005     0.000533202129000
    -0.000213083585286     0.000741922367095    -0.000550239512472
10 35
    -0.002502965702948    -0.004388776045603    -0.003462760172588
    -0.004235091521794    -0.006383572845805    -0.004591728426556
    -0.003801220490048    -0.004596258188461    -0.002200049036281
10 36
    -0.001448064909297     0.001259733875031     0.000440739827412
     0.001391908478206    -0.000891463718821     0.001725571176619
    -0.000267087553540    -0.000686305807508     0.001538070011338
10 37
     0.002373435090703    -0.000308815728143     0.002937511652809
     0.000733346970270     0.003138935090703     0.001648700144873
     0.001825600938524     0.002567614827412     0.001798885487528
10 38
    -0.026964689909297    -0.014885151045603     0.029326749748047
     0.016917916414714     0.028304671201814    -0.014885151045603
     0.032876904509952     0.016917916414714    -0.026964689909297
10 39
     0.003072185090703     0.001255620779793    -0.002960674855127
     0.001188604906778     0.002782986678005     0.003453769589317
    -0.003736531997984     0.003336170382968    -0.000244416099773
10 40
     0.002270329931973    -0.000548442712270    -0.001098698664651
     0.000656255700428    -0.000557481575964     0.001026414430587
     0.000441003716301     0.001458658478206    -0.001986636337868
10 41
     0.001928117630385     0.002124854906778     0.002507868795666
     0.001993563240111     0.003633153344671    -0.000484403029730
     0.003458071176619    -0.000069418902746     0.004047151360544
10 42
    -0.003788606575964    -0.000153393109095     0.000177813240111
    -0.000005226442429    -0.002380326814059     0.000083668398841
    -0.000287649061476    -0.000235678823381    -0.001585693877551
10 43
     0.000663222789116    -0.001147274061476    -0.002366220490048
    -0.002200895093222     0.003435528344671    -0.000132855410683
    -0.001991744299572    -0.000803547871000     0.004002413265306
10 44
    -0.031233219671202    -0.031229801839254     0.017718581097254
    -0.035150535966238    -0.026995626417234     0.015354497763920
    -0.018680966521794    -0.017250575648778     0.029065064058957
10 45
    -0.202535683956916    -0.045239232394810     0.042355777525825
    -0.036895934775762    -0.183904926020408     0.027148848954397
     0.035283354906778     0.028744868795666    -0.182658900226757
10 46
    -0.027039602607710     0.016547219986143    -0.031263851442429
    -0.015936990331318     0.030729798185941    -0.015244692712270
    -0.031158359378937     0.016317708081381    -0.029143322845805
10 47
    -0.190560620464853     0.033712225938524    -0.033266321680524
     0.032998985859158    -0.189911721655329     0.034767638636936
    -0.033298018109095     0.035559702129000    -0.185678868480726
10 48
     0.002330454931973     0.000993035462333    -0.000438926839254
    -0.001127367315445    -0.001188535147392     0.000817188240111
    -0.001019748267826     0.001249884668682    -0.002234207766440
10 49
     0.001312242630385     0.001712352922651     0.001646745779793
     0.001401575144873     0.001148252551020    -0.001325264140842
     0.001495809271857    -0.001417807791635     0.002137927154195
10 50
    -0.001201356575964     0.000319547367095     0.000105372763920
     0.000247979906778    -0.000915967687075    -0.000017274061476
     0.000068894589317     0.000096388636936    -0.000817553004535
10 51
     0.000433472789116    -0.001171986363064    -0.001071883188461
    -0.001155740331318     0.000502514455782    -0.000881768109095
    -0.001090899061476    -0.001008010172588     0.000468802154195
10 52
    -0.001015727607710    -0.000844992315445    -0.001065764140842
    -0.000882480410683    -0.000786346655329     0.000960737843285
     0.000803755700428    -0.000328722474175     0.001932821995465
10 53
    -0.007133620464853    -0.004650837553540     0.004735866811539
    -0.004326514140842    -0.003122517290249     0.003693106890905
     0.004033606890905     0.004075483875031    -0.002553822845805
10 54
    -0.000536219671202    -0.000302309775762    -0.001812285966238
     0.000275287446460     0.001525665249433     0.000411204113127
    -0.001035164934492     0.001254968002016    -0.002367477607710
10 55
    -0.007141183956916     0.005246886652809    -0.002953841521794
     0.003360983875031    -0.006154424036281     0.001278398557571
    -0.002919438744016     0.005471194192492    -0.000363277210884
10 56
     0.002911982709751    -0.000605408982111     0.000271106890905
     0.000995688240111    -0.000510632369615    -0.001293278029730
    -0.000621815728143    -0.001134182791635    -0.000775608560091
10 57
    -0.002551644274376     0.004038799351222     0.004218940224238
     0.004194896573444    -0.002782009353741    -0.004454819696397
     0.004296392605190    -0.004409224458302    -0.006095360544218
10 58
    -0.002601356575964    -0.000238948664651     0.000212442208365
    -0.000016964537667    -0.002411902210884    -0.000092635172588
    -0.000041343505921     0.000263585065508     0.009649746598639
10 59
    -0.003769126417234    -0.003888264140842    -0.004837373267826
    -0.003759647077349    -0.002633793083900    -0.004224139140842
    -0.004615526045603    -0.004214043902746    -0.007112144274376
10 60
    -0.028742787131519     0.031178813240111    -0.017435000251953
     0.031271398557571    -0.029126971655329     0.018328682287730
     0.016133702129000    -0.015848335569413     0.029656746598639
10 61
     0.003670196995465    -0.002376494299572     0.000324995779793
    -0.001972041918619     0.000538258503401     0.002834241811539
     0.000354948160746     0.002400106890905     0.003962730725624
10 62
    -0.000589287131519     0.000954858875031     0.001194579113127
    -0.000622043902746     0.002799722789116    -0.000172555807508
     0.001475519589317     0.001041152525825    -0.001085447845805
10 63
     0.004345696995465     0.002532354906778    -0.000504978426556
     0.002992827129000     0.001194081916100     0.002975886652809
    -0.000773045886873     0.003159837049635     0.003548407312925
11 1
     0.001484478741497     0.002580670382968    -0.002960408982111
     0.001166475938524     0.003290530328798    -0.001978722474175
    -0.001687593505921    -0.003498335569413     0.000263363662132
11 2
     0.003735369614512    -0.004401781997984     0.000500763636936
    -0.005542746283699     0.002750952947846     0.001717037446460
     0.002387934271857    -0.001695075648778    -0.002192213718821
11 3
    -0.003213648242630     0.000709184271857     0.000937604906778
     0.000503458081381    -0.001548822845805     0.000695553319476
    -0.000686736363064    -0.000354309775762    -0.002818114512472
11 4
    -0.006472848639456     0.004589073160746    -0.001905149061476
    -0.000130476442429    -0.001711703798186     0.002148700144873
    -0.000253833585286     0.002575317208365    -0.002944713718821
11 5
    -0.000769374433107    -0.006798097474175    -0.000662133188461
    -0.001037135172588    -0.002155096655329     0.001156166414714
    -0.000057317712270    -0.000608728426556     0.001832760487528
11 6
    -0.225010098639456     0.093568055303603    -0.101328381204334
     0.113100360859158    -0.216111422052154     0.042039805303603
    -0.118107920886873     0.045050587049635    -0.214942995464853
11 7
    -0.032253374433107     0.016058696176619    -0.029915676839254
    -0.025788373267826     0.025463927154195    -0.014263990331318
    -0.028329579617032     0.023216303319476    -0.029755388321995
11 8
    -0.007978096655329     0.004543543398841     0.005644634668682
     0.004061098954397    -0.002785670068027    -0.003084803823381
     0.004362168398841    -0.002923948664651    -0.002633858560091
11 9
     0.032026314058957     0.015110061255984     0.015004837049635
    -0.016332133188461    -0.028417509353741    -0.031170601442429
    -0.016256214537667    -0.032745956601159    -0.029638152210884
11 10
    -0.196152074829932    -0.041328264140842    -0.039522972474175
    -0.041944680807508    -0.198117013321995    -0.050122528029730
    -0.041061859378937    -0.044064861363064    -0.192021531179138
11 11
     0.948491948979591    -0.075299135172587     0.071407216017889
    -0.075299135172587     0.884063802154195     0.047395285462333
     0.071407216017889     0.047395285462333     0.889532218820861
11 12
     0.003237935090703    -0.001932361363064     0.001087035462333
    -0.001505333585286     0.001957351757370     0.003679089033762
    -0.000028369299572     0.002037148557571     0.001940593820862
11 13
    -0.031329499433107     0.032222559271857    -0.014973651045603
     0.030778920382968    -0.031329499433107     0.024853027525825
     0.024853027525825    -0.014973651045603     0.023027718820862
11 14
     0.004040125566893     0.001012491811539    -0.002990210569413
    -0.000549577632905     0.003177552154195     0.002165475938524
    -0.001565986363064     0.002992271573444     0.002371450963719
11 15
    -0.026897308956916    -0.017838813744016     0.028741027525825
     0.013423741811539     0.029178617630385    -0.010717410966238
     0.033826505700428     0.016141888636936    -0.031570306972789
11 16
    -0.196774721655329     0.043414839033762     0.042972839033762
     0.046806487843285    -0.192869566893424    -0.048294585569413
     0.043436904509952    -0.053218416918619    -0.198219836734694
11 17
     0.031797564058957    -0.014988208585286    -0.015079143109095
     0.016394354906778    -0.029704610544218    -0.032855968505921
     0.016700297367095    -0.031180214537667    -0.028423551020408
11 18
    -0.008177074829932    -0.005406518109095    -0.005101968505921
    -0.003937539934492    -0.003008114512472    -0.002827498267826
    -0.004508250251953    -0.003514391124969    -0.003885054988662
11 19
     0.014875948979592     0.002453295382968    -0.001918464537667
    -0.001918464537667    -0.001350614512472    -0.001331726442429
     0.002453295382968    -0.000614702632905    -0.001350614512472
11 20
     0.004442500566893    -0.001165631204334     0.001517787446460
     0.000266833081381     0.003212617630385     0.001745634668682
     0.000839227922651     0.003686362843285     0.003013635487528
11 21
    -0.000361808956916     0.002127731890905     0.000301981890905
     0.001621325144873    -0.001517890306122     0.001261376732174
    -0.000517577632905     0.000330975938524     0.002053700963719
11 22
     0.003138935090703     0.002567614827412    -0.000308815728143
     0.001648700144873     0.001798885487528     0.002937511652809
     0.000733346970270     0.001825600938524     0.002373435090703
11 23
    -0.002512499433107     0.002463928319476     0.004928104906778
     0.000370721970270     0.000612385487528    -0.000367787950365
     0.001521350938524     0.001291789430587    -0.001675166099773
11 24
     0.004841407312925     0.000270454113127     0.001253624748047
     0.000384033478206     0.003658655328798    -0.002020061759889
     0.001682589033762    -0.002823174855127     0.000657863662132
11 25
     0.026267042233560     0.017002136652809    -0.016046442712270
    -0.014173418902746    -0.030059306972789     0.032644505700428
     0.014325136652809     0.034294892605190    -0.029148098639456
11 26
     0.003594762471655    -0.002088337553540     0.000031583081381
    -0.002044950648778     0.001578855725624    -0.002187656997984
    -0.000624770093222    -0.002979770093222     0.002860814058957
11 27
    -0.001431412131519     0.000130763636936    -0.000529565728143
     0.001401493795666    -0.004364358560091    -0.000875585569413
    -0.000780575648778     0.001018426335349    -0.001792275226757
11 28
    -0.175657437925170    -0.048469153029730     0.047672253716301
    -0.025355416918619    -0.156114656179138     0.008831325144873
     0.025039001732174     0.009280047367095    -0.157117068877551
11 29
    -0.027591582766440    -0.028735696680524     0.017976979906778
    -0.033441047871000    -0.032420201814059     0.015830041414714
    -0.013690617315445    -0.010972547871000     0.029132788265306
11 30
    -0.007295312925170     0.002806708081381    -0.003069857394810
     0.005218571176619    -0.000276277210884     0.001986535462333
    -0.005590486363064     0.000949087049635    -0.001215322845805
11 31
    -0.000714707766440    -0.000330565728143    -0.001842276045603
     0.000823577129000     0.001714579931973    -0.000114934775762
    -0.001493117315445     0.001064303319476    -0.001927743480726
11 32
     0.000152881519274     0.001649932287730     0.005391602922651
     0.007559144589317    -0.006425670068027    -0.005511724458302
     0.001313450144873    -0.002918087553540    -0.005515461734694
11 33
     0.001769962868481    -0.000372950648778     0.000339594986143
    -0.000148278029730    -0.000817634353741    -0.001563831601159
     0.000051527525825    -0.001378069696397    -0.000655551020408
11 34
    -0.000174308956916    -0.005429847474175    -0.001844176839254
    -0.002099200648778    -0.005426822845805    -0.002999026045603
    -0.007140020093222    -0.005064889140842    -0.005586739512472
11 35
    -0.000555316893424     0.001554769589317    -0.000179684775762
     0.000233162446460     0.007772242630385     0.000476543398841
     0.000083593002016     0.002380430303603    -0.001662799036281
11 36
     0.000768458900227    -0.001518595490048     0.001192065224238
    -0.001048712553540     0.000300601757370     0.001413593002016
     0.001006100938524     0.001392507684555     0.000222070011338
11 37
    -0.001675166099773     0.004928104906778    -0.000367787950365
     0.001521350938524    -0.002512499433107     0.000370721970270
     0.001291789430587     0.002463928319476     0.000612385487528
11 38
    -0.000244416099773     0.003453769589317    -0.002960674855127
     0.003336170382968     0.002782986678005     0.001255620779793
    -0.003736531997984     0.001188604906778     0.003072185090703
11 39
    -0.032087041099773     0.016426291414714     0.035014650541698
    -0.014018391124969     0.024133052154195     0.016426291414714
     0.033412031494079    -0.014018391124969    -0.032087041099773
11 40
     0.000770853741497     0.003282477922651     0.000822001732174
     0.001415634668682     0.000649083900227    -0.000796188744016
     0.000425192208365    -0.001422153029730    -0.000145136337868
11 41
     0.002385766439909     0.000981775541698     0.001277694192492
    -0.000835307791635    -0.001630656179138     0.001636493795666
     0.000426634668682     0.001638019589317    -0.001673723639456
11 42
     0.002223042233560    -0.002495097474175    -0.003482236363064
    -0.001090222474175     0.005116488662132     0.000690315224238
    -0.003194335569413    -0.001249990331318     0.002488306122449
11 43
    -0.001799003401361     0.000261896573444    -0.000446145093222
     0.000133358875031    -0.001670656179138    -0.000247458585286
     0.000037694192492    -0.000211609378937    -0.001776086734694
11 44
    -0.003496445861678    -0.002625631204334     0.003322781494079
    -0.003297406997984    -0.001531935941043     0.004082019589317
     0.003742471970270     0.003696612843285    -0.008540435941043
11 45
    -0.030362910147392    -0.031944561759889    -0.017853897077349
    -0.032175430807508    -0.030345110544218    -0.016166629220207
     0.018435543398841     0.016191182287730     0.031202974773243
11 46
    -0.003076953798186     0.001642390621063    -0.002354901045603
     0.003978388636936    -0.006693761337868     0.003957329113127
    -0.003375420886873     0.003465271573444    -0.001986072845805
11 47
    -0.029228346655329    -0.016182978426556    -0.031044246283699
     0.017934239827412     0.029816843820862     0.018243910462333
    -0.031152829617032    -0.015504984378937    -0.028527743480726
11 48
     0.001796728741497     0.003183456097254     0.001501023557571
     0.002332011652809     0.001587780328798    -0.001929539934492
     0.000927440224238     0.000761948160746     0.004192542233560
11 49
     0.002589266439909    -0.000873726442429    -0.000154678823381
     0.000413829113127    -0.001918931972789     0.000979757684555
     0.001097747763920     0.002093630700428    -0.000670947845805
11 50
     0.000708792233560    -0.001091031997984    -0.002674801839254
    -0.000920641124969     0.000649597789116    -0.001324002236080
    -0.001433666918619    -0.001116547871000     0.000435946995465
11 51
    -0.001274878401361     0.000300059271857    -0.000315057791635
    -0.000249861363064    -0.001120920068027     0.000532753716301
     0.000417664430587     0.000545553319476    -0.001218447845805
11 52
    -0.003355828798186    -0.003979321680524     0.002467686255984
    -0.004023851442429    -0.006209781179138     0.006160759668682
     0.002926069192492     0.004183216017889    -0.002842178004535
11 53
    -0.001414471655329    -0.001086166918619     0.000851567208365
    -0.001232760172588    -0.001624826814059    -0.000047996283699
    -0.000673079617032     0.001229047367095     0.001942927154195
11 54
    -0.002298945861678     0.002109360859158    -0.004155460569413
     0.002530041414714    -0.002919269274376     0.003673975938524
    -0.004882726442429     0.004644156494079    -0.007439727607710
11 55
    -0.000786160147392     0.001950932287730    -0.000375016124969
    -0.001233637156715     0.000627266439909     0.001728295382968
    -0.001466000251953     0.000022507684555    -0.001256777210884
11 56
    -0.002800243480726     0.003986886652809     0.003139807287730
     0.004852942208365    -0.005203441893424    -0.004222131204334
     0.002380997763920    -0.004702744299572    -0.002452108560091
11 57
     0.002705879535147     0.001272219986143    -0.001256609378937
    -0.001170849458302    -0.000780943877551    -0.001136672871000
     0.001205456097254    -0.001105785966238    -0.000878235544218
11 58
    -0.003221832766440    -0.003539403029730    -0.004213482394810
    -0.002190585569413    -0.001986086734694    -0.004380488347191
    -0.005361905013857    -0.005048101442429    -0.006261128401361
11 59
    -0.001249977607710     0.000668031494079    -0.001105672871000
    -0.000026268109095    -0.002177477607710     0.002333757684555
     0.000592787446460     0.000623144589317     0.007873355725624
11 60
     0.001738236678005    -0.002422891124969     0.002413200144873
    -0.002290847474175     0.004152593820862     0.000422704113127
     0.002209890621063     0.000589727922651     0.004474996598639
11 61
    -0.029598404195011     0.030552551335349     0.015745946176619
     0.030739712049635    -0.028461551020408    -0.015389486363064
    -0.017797238347191     0.018688170382968     0.029952105725624
11 62
     0.000680736678005     0.001116779509952    -0.001282970490048
     0.001227960065508     0.001043038265306     0.001378091017889
    -0.001383541918619     0.001211216017889     0.000619802154195
11 63
    -0.000971404195011    -0.000608724458302     0.000764721970270
     0.000874581097254     0.002230022392290     0.001079033478206
     0.001286017605190    -0.000249724458302    -0.001701592687075
12 1
    -0.026908410147392    -0.011853653029730     0.035055255700428
     0.018990874748047     0.030950954931973    -0.024282484378937
     0.031712475938524     0.014900718002016    -0.031734886337868
12 2
    -0.000776894274376    -0.000426855410683     0.000006303319476
     0.000673777525825    -0.000244747448980    -0.000071974458302
     0.000441253716301    -0.000614022077349     0.000624911281179
12 3
    -0.007671162131519    -0.004259139140842     0.004829644589317
    -0.005517268109095    -0.003056023242630     0.003396666414714
     0.005762583081381     0.003574743795666    -0.002168614512472
12 4
    -0.001821112528345    -0.000450250251953     0.000239765621063
    -0.000204077632905    -0.000942904195011    -0.000177561759889
    -0.000820264140842     0.001428120779793    -0.002533088718821
12 5
     0.002713986678005    -0.000457170886873    -0.002805468505921
     0.000283263636936     0.002561952947846    -0.001629845490048
    -0.001557498267826    -0.003138299855127     0.002535135487528
12 6
     0.030722012471655     0.013083981890905     0.015567908478206
    -0.015545865331318    -0.024342247448980    -0.030826331601159
    -0.013025351442429    -0.032277734378937    -0.030928745464853
12 7
    -0.005632763321995     0.005724372763920     0.004847987843285
     0.003416150541698    -0.005507148242630    -0.002907002236080
     0.002054114827412    -0.006963268109095    -0.000209388321995
12 8
    -0.029593110544218     0.017459594986143    -0.032475325648778
    -0.017509377236080     0.031206504535147    -0.016635440728143
    -0.032337637156715     0.016375354906778    -0.031390983560091
12 9
    -0.202916324829932     0.047244112843285    -0.050496373267826
     0.047418765621063    -0.204527709750567     0.051726511652809
    -0.050213645093222     0.051167346970270    -0.202933527210884
12 10
    -0.031635713718821     0.034354662446460    -0.016775432791635
     0.033465718002016    -0.031635713718821     0.016097210065508
     0.016097210065508    -0.016775432791635     0.030873468820862
12 11
     0.003237935090703    -0.001505333585286    -0.000028369299572
    -0.001932361363064     0.001957351757370     0.002037148557571
     0.001087035462333     0.003679089033762     0.001940593820862
12 12
     0.911782671201814    -0.008675184775762     0.019660575144873
    -0.008675184775762     0.921496401360544    -0.007190297871000
     0.019660575144873    -0.007190297871000     0.896195468820861
12 13
    -0.198117013321995    -0.041328264140842    -0.044064861363064
    -0.041944680807508    -0.196152074829932    -0.041061859378937
    -0.050122528029730    -0.039522972474175    -0.192021531179138
12 14
     0.032055986678005    -0.017153706601159     0.016383704113127
     0.017114196176619    -0.029071273242630     0.032903964033762
    -0.015301541918619     0.032704325144873    -0.030546799036281
12 15
     0.004408802154195     0.002562487843285     0.000216067208365
     0.002687015621063     0.001419667233560    -0.002544422871000
     0.000737200144873    -0.002821182791635     0.004089568027211
12 16
    -0.000781110544218    -0.000829484378937    -0.001202746283699
     0.001355511652809     0.002258357709751    -0.000617972474175
    -0.001320901045603     0.000738261652809    -0.001349086734694
12 17
    -0.006546824829932     0.004416718002016    -0.004052978426556
     0.004407878716301    -0.003350685941043     0.003823394589317
    -0.003989008188461     0.004197339033762    -0.003393926020408
12 18
    -0.000891463718821     0.001391908478206     0.001725571176619
     0.001259733875031    -0.001448064909297     0.000440739827412
    -0.000686305807508    -0.000267087553540     0.001538070011338
12 19
     0.003138935090703     0.000733346970270     0.001648700144873
    -0.000308815728143     0.002373435090703     0.002937511652809
     0.002567614827412     0.001825600938524     0.001798885487528
12 20
     0.009005736678005    -0.000611829617032     0.000533202129000
     0.000089856890905    -0.000675332766440    -0.000069377236080
     0.000741922367095    -0.000213083585286    -0.000550239512472
12 21
    -0.006383572845805    -0.004235091521794    -0.004591728426556
    -0.004388776045603    -0.002502965702948    -0.003462760172588
    -0.004596258188461    -0.003801220490048    -0.002200049036281
12 22
     0.028304671201814     0.016917916414714    -0.014885151045603
    -0.014885151045603    -0.026964689909297     0.029326749748047
     0.016917916414714     0.032876904509952    -0.026964689909297
12 23
     0.002782986678005     0.001188604906778     0.003453769589317
     0.001255620779793     0.003072185090703    -0.002960674855127
     0.003336170382968    -0.003736531997984    -0.000244416099773
12 24
    -0.000557481575964     0.000656255700428     0.001026414430587
    -0.000548442712270     0.002270329931973    -0.001098698664651
     0.001458658478206     0.000441003716301    -0.001986636337868
12 25
     0.003633153344671     0.001993563240111    -0.000484403029730
     0.002124854906778     0.001928117630385     0.002507868795666
    -0.000069418902746     0.003458071176619     0.004047151360544
12 26
    -0.026995626417234    -0.035150535966238     0.015354497763920
    -0.031229801839254    -0.031233219671202     0.017718581097254
    -0.017250575648778    -0.018680966521794     0.029065064058957
12 27
    -0.183904926020408    -0.036895934775762     0.027148848954397
    -0.045239232394810    -0.202535683956916     0.042355777525825
     0.028744868795666     0.035283354906778    -0.182658900226757
12 28
    -0.002380326814059    -0.000005226442429     0.000083668398841
    -0.000153393109095    -0.003788606575964     0.000177813240111
    -0.000235678823381    -0.000287649061476    -0.001585693877551
12 29
     0.003435528344671    -0.002200895093222    -0.000132855410683
    -0.001147274061476     0.000663222789116    -0.002366220490048
    -0.000803547871000    -0.001991744299572     0.004002413265306
12 30
     0.030729798185941    -0.015936990331318    -0.015244692712270
     0.016547219986143    -0.027039602607710    -0.031263851442429
     0.016317708081381    -0.031158359378937    -0.029143322845805
12 31
    -0.189911721655329     0.032998985859158     0.034767638636936
     0.033712225938524    -0.190560620464853    -0.033266321680524
     0.035559702129000    -0.033298018109095    -0.185678868480726
12 32
    -0.027449257369615    -0.015989641124968    -0.029854607394810
     0.016948668398841     0.029291879535147     0.015795763636936
    -0.028773105410683    -0.017088908982111    -0.026801586734694
12 33
    -0.003273176020408     0.004335725938524    -0.004084240331318
     0.004350370779793    -0.006492334750567     0.004123781494079
    -0.004385903029730     0.003785358875031    -0.003370676020408
12 34
    -0.000967947845805     0.001164454113127    -0.000399762156715
     0.001494073160746    -0.000246898242630    -0.001330162950365
     0.000692674351222     0.001070414430587     0.002741260487528
12 35
     0.000969169217687    -0.000827803823381     0.001511979906778
    -0.001116813744016     0.001029167233560     0.001049281494079
     0.001420037446460     0.001059233875031     0.000944075963719
12 36
    -0.001388179988662    -0.000223168902746    -0.000296270093222
    -0.000063188744016     0.008283151360544    -0.000223168902746
     0.000326420382968    -0.000063188744016    -0.001388179988662
12 37
    -0.003885054988662    -0.005101968505921    -0.002827498267826
    -0.004508250251953    -0.008177074829932    -0.003937539934492
    -0.003514391124969    -0.005406518109095    -0.003008114512472
12 38
     0.001538070011338     0.001725571176619     0.000440739827412
    -0.000686305807508    -0.000891463718821     0.001259733875031
    -0.000267087553540     0.001391908478206    -0.001448064909297
12 39
     0.000222070011338     0.001413593002016     0.001192065224238
     0.001392507684555     0.000300601757370    -0.001518595490048
     0.001006100938524    -0.001048712553540     0.000768458900227
12 40
    -0.027864410147392     0.016229279509952     0.030057791414714
    -0.015381091521794     0.030555633503401     0.015804549351222
     0.030674386652809    -0.014822474458302    -0.028046136337868
12 41
     0.001693752551020     0.002257327129000    -0.002359891124969
     0.003094716017889     0.003134018424036     0.000087856890905
    -0.003192795886873     0.000124948160746     0.003712776360544
12 42
    -0.032237971655329    -0.032257420886873    -0.016296696680524
    -0.035096948664651    -0.028602586734694    -0.015429821680524
     0.017589358875031     0.017382813240111     0.026967306122449
12 43
    -0.003389267290249    -0.003498301839254     0.004835394589317
    -0.003285617315445    -0.002967731575964     0.004932404509952
     0.003949263636936     0.004073194192492    -0.006863586734694
12 44
    -0.003740959750567     0.000162670382968    -0.000278053823381
    -0.000094383188461    -0.003156886337868    -0.000091867315445
    -0.000432083585286    -0.000431833585286    -0.002188685941043
12 45
    -0.000044174036281    -0.002474510172588    -0.001375357394810
    -0.001654531997984     0.005123314058957    -0.000212516124969
    -0.001327887156715    -0.000625264140842     0.002081974773243
12 46
     0.002574282312925    -0.001236057791635     0.001014138636936
     0.001105537446460    -0.000273961734694    -0.001650307791635
     0.000125148557571    -0.001582049855127    -0.001653197845805
12 47
    -0.003358985544218     0.004691448160746     0.004573418398841
     0.005030888636936    -0.003209731575964    -0.004266226442429
     0.004590739827412    -0.004276930807508    -0.006887243480726
12 48
    -0.001188535147392    -0.001127367315445     0.000817188240111
     0.000993035462333     0.002330454931973    -0.000438926839254
     0.001249884668682    -0.001019748267826    -0.002234207766440
12 49
     0.001148252551020     0.001401575144873    -0.001325264140842
     0.001712352922651     0.001312242630385     0.001646745779793
    -0.001417807791635     0.001495809271857     0.002137927154195
12 50
    -0.000786346655329    -0.000882480410683     0.000960737843285
    -0.000844992315445    -0.001015727607710    -0.001065764140842
    -0.000328722474175     0.000803755700428     0.001932821995465
12 51
    -0.003122517290249    -0.004326514140842     0.003693106890905
    -0.004650837553540    -0.007133620464853     0.004735866811539
     0.004075483875031     0.004033606890905    -0.002553822845805
12 52
    -0.000915967687075     0.000247979906778    -0.000017274061476
     0.000319547367095    -0.001201356575964     0.000105372763920
     0.000096388636936     0.000068894589317    -0.000817553004535
12 53
     0.000502514455782    -0.001155740331318    -0.000881768109095
    -0.001171986363064     0.000433472789116    -0.001071883188461
    -0.001008010172588    -0.001090899061476     0.000468802154195
12 54
     0.001525665249433     0.000275287446460     0.000411204113127
    -0.000302309775762    -0.000536219671202    -0.001812285966238
     0.001254968002016    -0.001035164934492    -0.002367477607710
12 55
    -0.006154424036281     0.003360983875031     0.001278398557571
     0.005246886652809    -0.007141183956916    -0.002953841521794
     0.005471194192492    -0.002919438744016    -0.000363277210884
12 56
    -0.000510632369615     0.000995688240111    -0.001293278029730
    -0.000605408982111     0.002911982709751     0.000271106890905
    -0.001134182791635    -0.000621815728143    -0.000775608560091
12 57
    -0.002782009353741     0.004194896573444    -0.004454819696397
     0.004038799351222    -0.002551644274376     0.004218940224238
    -0.004409224458302     0.004296392605190    -0.006095360544218
12 58
    -0.029126971655329     0.031271398557571     0.018328682287730
     0.031178813240111    -0.028742787131519    -0.017435000251953
    -0.015848335569413     0.016133702129000     0.029656746598639
12 59
     0.000538258503401    -0.001972041918619     0.002834241811539
    -0.002376494299572     0.003670196995465     0.000324995779793
     0.002400106890905     0.000354948160746     0.003962730725624
12 60
    -0.002411902210884    -0.000016964537667    -0.000092635172588
    -0.000238948664651    -0.002601356575964     0.000212442208365
     0.000263585065508    -0.000041343505921     0.009649746598639
12 61
    -0.002633793083900    -0.003759647077349    -0.004224139140842
    -0.003888264140842    -0.003769126417234    -0.004837373267826
    -0.004214043902746    -0.004615526045603    -0.007112144274376
12 62
     0.002799722789116    -0.000622043902746    -0.000172555807508
     0.000954858875031    -0.000589287131519     0.001194579113127
     0.001041152525825     0.001475519589317    -0.001085447845805
12 63
     0.001194081916100     0.002992827129000     0.002975886652809
     0.002532354906778     0.004345696995465    -0.000504978426556
     0.003159837049635    -0.000773045886873     0.003548407312925
13 1
     0.003290530328798     0.001166475938524    -0.001978722474175
     0.002580670382968     0.001484478741497    -0.002960408982111
    -0.003498335569413    -0.001687593505921     0.000263363662132
13 2
    -0.001711703798186    -0.000130476442429     0.002148700144873
     0.004589073160746    -0.006472848639456    -0.001905149061476
     0.002575317208365    -0.000253833585286    -0.002944713718821
13 3
    -0.002155096655329    -0.001037135172588     0.001156166414714
    -0.006798097474175    -0.000769374433107    -0.000662133188461
    -0.000608728426556    -0.000057317712270     0.001832760487528
13 4
     0.002750952947846    -0.005542746283699     0.001717037446460
    -0.004401781997984     0.003735369614512     0.000500763636936
    -0.001695075648778     0.002387934271857    -0.002192213718821
13 5
    -0.001548822845805     0.000503458081381     0.000695553319476
     0.000709184271857    -0.003213648242630     0.000937604906778
    -0.000354309775762    -0.000686736363064    -0.002818114512472
13 6
    -0.216111422052154     0.113100360859158     0.042039805303603
     0.093568055303603    -0.225010098639456    -0.101328381204334
     0.045050587049635    -0.118107920886873    -0.214942995464853
13 7
     0.025463927154195    -0.025788373267826    -0.014263990331318
     0.016058696176619    -0.032253374433107    -0.029915676839254
     0.023216303319476    -0.028329579617032    -0.029755388321995
13 8
    -0.002785670068027     0.004061098954397    -0.003084803823381
     0.004543543398841    -0.007978096655329     0.005644634668682
    -0.002923948664651     0.004362168398841    -0.002633858560091
13 9
    -0.028417509353741    -0.016332133188461    -0.031170601442429
     0.015110061255984     0.032026314058957     0.015004837049635
    -0.032745956601159    -0.016256214537667    -0.029638152210884
13 10
     0.001957351757370    -0.001505333585286     0.003679089033762
    -0.001932361363064     0.003237935090703     0.001087035462333
     0.002037148557571    -0.000028369299572     0.001940593820862
13 11
    -0.031329499433107     0.030778920382968     0.024853027525825
     0.032222559271857    -0.031329499433107    -0.014973651045603
    -0.014973651045603     0.024853027525825     0.023027718820862
13 12
    -0.198117013321995    -0.041944680807508    -0.050122528029730
    -0.041328264140842    -0.196152074829932    -0.039522972474175
    -0.044064861363064    -0.041061859378937    -0.192021531179138
13 13
     0.884063802154195    -0.075299135172588     0.047395285462333
    -0.075299135172588     0.948491948979591     0.071407216017889
     0.047395285462333     0.071407216017889     0.889532218820861
13 14
     0.003177552154195    -0.000549577632905     0.002165475938524
     0.001012491811539     0.004040125566893    -0.002990210569413
     0.002992271573444    -0.001565986363064     0.002371450963719
13 15
     0.029178617630385     0.013423741811539    -0.010717410966238
    -0.017838813744016    -0.026897308956916     0.028741027525825
     0.016141888636936     0.033826505700428    -0.031570306972789
13 16
    -0.006425670068027     0.007559144589317    -0.005511724458302
     0.001649932287730     0.000152881519274     0.005391602922651
    -0.002918087553540     0.001313450144873    -0.005515461734694
13 17
    -0.000817634353741    -0.000148278029730    -0.001563831601159
    -0.000372950648778     0.001769962868481     0.000339594986143
    -0.001378069696397     0.000051527525825    -0.000655551020408
13 18
     0.000300601757370    -0.001048712553540     0.001413593002016
    -0.001518595490048     0.000768458900227     0.001192065224238
     0.001392507684555     0.001006100938524     0.000222070011338
13 19
    -0.002512499433107     0.001521350938524     0.000370721970270
     0.004928104906778    -0.001675166099773    -0.000367787950365
     0.002463928319476     0.001291789430587     0.000612385487528
13 20
    -0.005426822845805    -0.002099200648778    -0.002999026045603
    -0.005429847474175    -0.000174308956916    -0.001844176839254
    -0.005064889140842    -0.007140020093222    -0.005586739512472
13 21
     0.007772242630385     0.000233162446460     0.000476543398841
     0.001554769589317    -0.000555316893424    -0.000179684775762
     0.002380430303603     0.000083593002016    -0.001662799036281
13 22
     0.002782986678005     0.003336170382968     0.001255620779793
     0.003453769589317    -0.000244416099773    -0.002960674855127
     0.001188604906778    -0.003736531997984     0.003072185090703
13 23
     0.024133052154195    -0.014018391124969     0.016426291414714
     0.016426291414714    -0.032087041099773     0.035014650541698
    -0.014018391124969     0.033412031494079    -0.032087041099773
13 24
     0.000649083900227     0.001415634668682    -0.000796188744016
     0.003282477922651     0.000770853741497     0.000822001732174
    -0.001422153029730     0.000425192208365    -0.000145136337868
13 25
    -0.001630656179138    -0.000835307791635     0.001636493795666
     0.000981775541698     0.002385766439909     0.001277694192492
     0.001638019589317     0.000426634668682    -0.001673723639456
13 26
    -0.001531935941043    -0.003297406997984     0.004082019589317
    -0.002625631204334    -0.003496445861678     0.003322781494079
     0.003696612843285     0.003742471970270    -0.008540435941043
13 27
    -0.030345110544218    -0.032175430807508    -0.016166629220207
    -0.031944561759889    -0.030362910147392    -0.017853897077349
     0.016191182287730     0.018435543398841     0.031202974773243
13 28
     0.005116488662132    -0.001090222474175     0.000690315224238
    -0.002495097474175     0.002223042233560    -0.003482236363064
    -0.001249990331318    -0.003194335569413     0.002488306122449
13 29
    -0.001670656179138     0.000133358875031    -0.000247458585286
     0.000261896573444    -0.001799003401361    -0.000446145093222
    -0.000211609378937     0.000037694192492    -0.001776086734694
13 30
    -0.006693761337868     0.003978388636936     0.003957329113127
     0.001642390621063    -0.003076953798186    -0.002354901045603
     0.003465271573444    -0.003375420886873    -0.001986072845805
13 31
     0.029816843820862     0.017934239827412     0.018243910462333
    -0.016182978426556    -0.029228346655329    -0.031044246283699
    -0.015504984378937    -0.031152829617032    -0.028527743480726
13 32
    -0.192869566893424     0.046806487843285    -0.048294585569413
     0.043414839033762    -0.196774721655329     0.042972839033762
    -0.053218416918619     0.043436904509952    -0.198219836734694
13 33
    -0.029704610544218     0.016394354906778    -0.032855968505921
    -0.014988208585286     0.031797564058957    -0.015079143109095
    -0.031180214537667     0.016700297367095    -0.028423551020408
13 34
     0.003212617630385     0.000266833081381     0.001745634668682
    -0.001165631204334     0.004442500566893     0.001517787446460
     0.003686362843285     0.000839227922651     0.003013635487528
13 35
    -0.001517890306122     0.001621325144873     0.001261376732174
     0.002127731890905    -0.000361808956916     0.000301981890905
     0.000330975938524    -0.000517577632905     0.002053700963719
13 36
    -0.003008114512472    -0.003937539934492    -0.002827498267826
    -0.005406518109095    -0.008177074829932    -0.005101968505921
    -0.003514391124969    -0.004508250251953    -0.003885054988662
13 37
    -0.001350614512472    -0.001918464537667    -0.001331726442429
     0.002453295382968     0.014875948979592    -0.001918464537667
    -0.000614702632905     0.002453295382968    -0.001350614512472
13 38
     0.001798885487528     0.001648700144873     0.002937511652809
     0.002567614827412     0.003138935090703    -0.000308815728143
     0.001825600938524     0.000733346970270     0.002373435090703
13 39
     0.000612385487528     0.000370721970270    -0.000367787950365
     0.002463928319476    -0.002512499433107     0.004928104906778
     0.001291789430587     0.001521350938524    -0.001675166099773
13 40
     0.003658655328798     0.000384033478206    -0.002020061759889
     0.000270454113127     0.004841407312925     0.001253624748047
    -0.002823174855127     0.001682589033762     0.000657863662132
13 41
    -0.030059306972789    -0.014173418902746     0.032644505700428
     0.017002136652809     0.026267042233560    -0.016046442712270
     0.034294892605190     0.014325136652809    -0.029148098639456
13 42
    -0.156114656179138    -0.025355416918619     0.008831325144873
    -0.048469153029730    -0.175657437925170     0.047672253716301
     0.009280047367095     0.025039001732174    -0.157117068877551
13 43
    -0.032420201814059    -0.033441047871000     0.015830041414714
    -0.028735696680524    -0.027591582766440     0.017976979906778
    -0.010972547871000    -0.013690617315445     0.029132788265306
13 44
     0.001578855725624    -0.002044950648778    -0.002187656997984
    -0.002088337553540     0.003594762471655     0.000031583081381
    -0.002979770093222    -0.000624770093222     0.002860814058957
13 45
    -0.004364358560091     0.001401493795666    -0.000875585569413
     0.000130763636936    -0.001431412131519    -0.000529565728143
     0.001018426335349    -0.000780575648778    -0.001792275226757
13 46
    -0.000276277210884     0.005218571176619     0.001986535462333
     0.002806708081381    -0.007295312925170    -0.003069857394810
     0.000949087049635    -0.005590486363064    -0.001215322845805
13 47
     0.001714579931973     0.000823577129000    -0.000114934775762
    -0.000330565728143    -0.000714707766440    -0.001842276045603
     0.001064303319476    -0.001493117315445    -0.001927743480726
13 48
     0.001587780328798     0.002332011652809    -0.001929539934492
     0.003183456097254     0.001796728741497     0.001501023557571
     0.000761948160746     0.000927440224238     0.004192542233560
13 49
    -0.001918931972789     0.000413829113127     0.000979757684555
    -0.000873726442429     0.002589266439909    -0.000154678823381
     0.002093630700428     0.001097747763920    -0.000670947845805
13 50
    -0.006209781179138    -0.004023851442429     0.006160759668682
    -0.003979321680524    -0.003355828798186     0.002467686255984
     0.004183216017889     0.002926069192492    -0.002842178004535
13 51
    -0.001624826814059    -0.001232760172588    -0.000047996283699
    -0.001086166918619    -0.001414471655329     0.000851567208365
     0.001229047367095    -0.000673079617032     0.001942927154195
13 52
     0.000649597789116    -0.000920641124969    -0.001324002236080
    -0.001091031997984     0.000708792233560    -0.002674801839254
    -0.001116547871000    -0.001433666918619     0.000435946995465
13 53
    -0.001120920068027    -0.000249861363064     0.000532753716301
     0.000300059271857    -0.001274878401361    -0.000315057791635
     0.000545553319476     0.000417664430587    -0.001218447845805
13 54
    -0.002919269274376     0.002530041414714     0.003673975938524
     0.002109360859158    -0.002298945861678    -0.004155460569413
     0.004644156494079    -0.004882726442429    -0.007439727607710
13 55
     0.000627266439909    -0.001233637156715     0.001728295382968
     0.001950932287730    -0.000786160147392    -0.000375016124969
     0.000022507684555    -0.001466000251953    -0.001256777210884
13 56
    -0.005203441893424     0.004852942208365    -0.004222131204334
     0.003986886652809    -0.002800243480726     0.003139807287730
    -0.004702744299572     0.002380997763920    -0.002452108560091
13 57
    -0.000780943877551    -0.001170849458302    -0.001136672871000
     0.001272219986143     0.002705879535147    -0.001256609378937
    -0.001105785966238     0.001205456097254    -0.000878235544218
13 58
     0.004152593820862    -0.002290847474175     0.000422704113127
    -0.002422891124969     0.001738236678005     0.002413200144873
     0.000589727922651     0.002209890621063     0.004474996598639
13 59
    -0.028461551020408     0.030739712049635    -0.015389486363064
     0.030552551335349    -0.029598404195011     0.015745946176619
     0.018688170382968    -0.017797238347191     0.029952105725624
13 60
    -0.001986086734694    -0.002190585569413    -0.004380488347191
    -0.003539403029730    -0.003221832766440    -0.004213482394810
    -0.005048101442429    -0.005361905013857    -0.006261128401361
13 61
    -0.002177477607710    -0.000026268109095     0.002333757684555
     0.000668031494079    -0.001249977607710    -0.001105672871000
     0.000623144589317     0.000592787446460     0.007873355725624
13 62
     0.001043038265306     0.001227960065508     0.001378091017889
     0.001116779509952     0.000680736678005    -0.001282970490048
     0.001211216017889    -0.001383541918619     0.000619802154195
13 63
     0.002230022392290     0.000874581097254     0.001079033478206
    -0.000608724458302    -0.000971404195011     0.000764721970270
    -0.000249724458302     0.001286017605190    -0.001701592687075
14 1
     0.000609405328798    -0.001433772077349     0.000021513636936
    -0.001433772077349     0.000609405328798     0.000021513636936
     0.000670354906778     0.000670354906778     0.002106095804989
14 2
    -0.024874078798186     0.015249900541698    -0.033717563744016
    -0.011620244299572     0.030011952947846    -0.015736726442429
    -0.032919117315445     0.013714239827412    -0.029799606575964
14 3
    -0.192616471655329     0.042827741811539    -0.041378722474175
     0.040066085065508    -0.194610197845805     0.044254414430587
    -0.041897287950365     0.050698880700428    -0.190052257369615
14 4
     0.030011952947846    -0.011620244299572    -0.015736726442429
     0.015249900541698    -0.024874078798186    -0.033717563744016
     0.013714239827412    -0.032919117315445    -0.029799606575964
14 5
    -0.194610197845805     0.040066085065508     0.044254414430587
     0.042827741811539    -0.192616471655329    -0.041378722474175
     0.050698880700428    -0.041897287950365    -0.190052257369614
14 6
    -0.001515172052154    -0.000160887156715     0.000488291414714
    -0.000160887156715    -0.001515172052154     0.000488291414714
     0.001647402525825     0.001647402525825    -0.002967888321995
14 7
     0.004564302154195    -0.001017996283699    -0.003128754220207
    -0.001017996283699     0.004564302154195    -0.003128754220207
    -0.002972131204334    -0.002972131204334     0.000757718820862
14 8
    -0.029477170068027    -0.032110774061476     0.016046182287730
    -0.032110774061476    -0.029477170068027     0.016046182287730
    -0.016099633188461    -0.016099633188461     0.031954373582766
14 9
    -0.198258134353741    -0.043911006204334     0.044300634668682
    -0.043911006204334    -0.198258134353741     0.044300634668682
     0.043421233875031     0.043421233875031    -0.196627670068027
14 10
    -0.029071273242630    -0.017153706601159     0.032704325144873
     0.017114196176619     0.032055986678005    -0.015301541918619
     0.032903964033762     0.016383704113127    -0.030546799036281
14 11
     0.004040125566893    -0.000549577632905    -0.001565986363064
     0.001012491811539     0.003177552154195     0.002992271573444
    -0.002990210569413     0.002165475938524     0.002371450963719
14 12
     0.032055986678005     0.017114196176619    -0.015301541918619
    -0.017153706601159    -0.029071273242630     0.032704325144873
     0.016383704113127     0.032903964033762    -0.030546799036281
14 13
     0.003177552154195     0.001012491811539     0.002992271573444
    -0.000549577632905     0.004040125566893    -0.001565986363064
     0.002165475938524    -0.002990210569413     0.002371450963719
14 14
     0.873232302154195     0.003566424351222    -0.001608162950365
     0.003566424351222     0.873232302154195    -0.001608162950365
    -0.001608162950365    -0.001608162950365     0.863188933106576
14 15
    -0.199163882369614    -0.044210131204334    -0.041783049855127
    -0.044210131204334    -0.199163882369614    -0.041783049855127
    -0.043922545886873    -0.043922545886873    -0.194845949829932
14 16
     0.000159954931973    -0.001156728426556    -0.001342363347191
    -0.001160385172588    -0.000593816893424     0.000706025541698
     0.001022477922651    -0.000299976442429     0.003092270408163
14 17
    -0.005847509353741    -0.004631526045603     0.004321904509952
    -0.003965893109095    -0.002856110544218     0.004338767605190
     0.003744870779793     0.004510725938524    -0.002616443877551
14 18
    -0.000246898242630     0.001070414430587     0.001164454113127
    -0.001330162950365     0.002741260487528    -0.000399762156715
     0.001494073160746     0.000692674351222    -0.000967947845805
14 19
     0.004442500566893     0.000839227922651     0.000266833081381
     0.001517787446460     0.003013635487528     0.001745634668682
    -0.001165631204334     0.003686362843285     0.003212617630385
14 20
     0.029939552154195    -0.016780573664651     0.016028835065508
     0.016028835065508    -0.025202757369615     0.029538745779793
    -0.016780573664651     0.029228428319476    -0.025202757369615
14 21
     0.004892117630385     0.002313914430587     0.000566529509952
     0.002009327129000     0.002226859693878    -0.002682137156715
     0.000664245779793    -0.002384708585286     0.005085308106576
14 22
     0.009005736678005     0.000741922367095     0.000089856890905
     0.000533202129000    -0.000550239512472    -0.000069377236080
    -0.000611829617032    -0.000213083585286    -0.000675332766440
14 23
    -0.005426822845805    -0.005064889140842    -0.005429847474175
    -0.002999026045603    -0.005586739512472    -0.001844176839254
    -0.002099200648778    -0.007140020093222    -0.000174308956916
14 24
    -0.029249416099773     0.034356386652809    -0.016270702632905
     0.032870785462333    -0.030785094671202     0.016942924351222
     0.017318912446460    -0.017310234378937     0.027140720804989
14 25
     0.004271593820862    -0.002770805807508    -0.000083395093222
    -0.002928166918619     0.002752443027211     0.003010741811539
     0.000078460065508     0.002961083081381     0.005043133503401
14 26
     0.000239439058957    -0.000926530013857    -0.001602119299572
     0.001030801335349     0.003224605725624    -0.000980670886873
    -0.001269821680524     0.000507795382968    -0.001127578798186
14 27
    -0.006980985544218     0.004613446176619    -0.004286643109095
     0.005601245779793    -0.002753983560091     0.002937025541698
    -0.005930877236080     0.002917866811539    -0.002590543083900
14 28
     0.032523363662132     0.016913779509952     0.016346676335349
    -0.015906164934492    -0.027029781179138    -0.031907188744016
    -0.015046674855127    -0.031876637156715    -0.028201836734694
14 29
    -0.006286031179138     0.004708360859158     0.004814027525825
     0.004596454113127    -0.002060451814059    -0.003496097474175
     0.004428581097254    -0.003861357394810    -0.001902229591837
14 30
    -0.001487261337868    -0.000082609378937     0.000139815224238
     0.000440198160746    -0.002751902210884     0.000314521573444
     0.000301462049635     0.000215277525825    -0.000980090702948
14 31
     0.004939343820862    -0.002396633188461    -0.000008978426556
    -0.002694545886873     0.001795704931973    -0.002561073664651
    -0.000304418902746    -0.003036631204334     0.004531988662132
14 32
    -0.000593816893424    -0.001160385172588     0.000706025541698
    -0.001156728426556     0.000159954931973    -0.001342363347191
    -0.000299976442429     0.001022477922651     0.003092270408163
14 33
    -0.002856110544218    -0.003965893109095     0.004338767605190
    -0.004631526045603    -0.005847509353741     0.004321904509952
     0.004510725938524     0.003744870779793    -0.002616443877551
14 34
    -0.025202757369615     0.016028835065508     0.029538745779793
    -0.016780573664651     0.029939552154195     0.016028835065508
     0.029228428319476    -0.016780573664651    -0.025202757369615
14 35
     0.002226859693878     0.002009327129000    -0.002682137156715
     0.002313914430587     0.004892117630385     0.000566529509952
    -0.002384708585286     0.000664245779793     0.005085308106576
14 36
     0.002741260487528    -0.001330162950365    -0.000399762156715
     0.001070414430587    -0.000246898242630     0.001164454113127
     0.000692674351222     0.001494073160746    -0.000967947845805
14 37
     0.003013635487528     0.001517787446460     0.001745634668682
     0.000839227922651     0.004442500566893     0.000266833081381
     0.003686362843285    -0.001165631204334     0.003212617630385
14 38
    -0.000550239512472     0.000533202129000    -0.000069377236080
     0.000741922367095     0.009005736678005     0.000089856890905
    -0.000213083585286    -0.000611829617032    -0.000675332766440
14 39
    -0.005586739512472    -0.002999026045603    -0.001844176839254
    -0.005064889140842    -0.005426822845805    -0.005429847474175
    -0.007140020093222    -0.002099200648778    -0.000174308956916
14 40
    -0.030785094671202     0.032870785462333     0.016942924351222
     0.034356386652809    -0.029249416099773    -0.016270702632905
    -0.017310234378937     0.017318912446460     0.027140720804989
14 41
     0.002752443027211    -0.002928166918619     0.003010741811539
    -0.002770805807508     0.004271593820862    -0.000083395093222
     0.002961083081381     0.000078460065508     0.005043133503401
14 42
    -0.027029781179138    -0.015906164934492    -0.031907188744016
     0.016913779509952     0.032523363662132     0.016346676335349
    -0.031876637156715    -0.015046674855127    -0.028201836734694
14 43
    -0.002060451814059     0.004596454113127    -0.003496097474175
     0.004708360859158    -0.006286031179138     0.004814027525825
    -0.003861357394810     0.004428581097254    -0.001902229591837
14 44
     0.003224605725624     0.001030801335349    -0.000980670886873
    -0.000926530013857     0.000239439058957    -0.001602119299572
     0.000507795382968    -0.001269821680524    -0.001127578798186
14 45
    -0.002753983560091     0.005601245779793     0.002937025541698
     0.004613446176619    -0.006980985544218    -0.004286643109095
     0.002917866811539    -0.005930877236080    -0.002590543083900
14 46
    -0.002751902210884     0.000440198160746     0.000314521573444
    -0.000082609378937    -0.001487261337868     0.000139815224238
     0.000215277525825     0.000301462049635    -0.000980090702948
14 47
     0.001795704931973    -0.002694545886873    -0.002561073664651
    -0.002396633188461     0.004939343820862    -0.000008978426556
    -0.003036631204334    -0.000304418902746     0.004531988662132
14 48
    -0.000490594671202     0.000719888636936    -0.000873178823381
     0.000719888636936    -0.000490594671202    -0.000873178823381
     0.000398138636936     0.000398138636936     0.002280149376417
14 49
     0.001981943027211    -0.001514168902746     0.001381493795666
    -0.001514168902746     0.001981943027211     0.001381493795666
     0.001429196176619     0.001429196176619     0.002643409297052
14 50
    -0.000359156179138     0.001508400541698    -0.001121254220207
    -0.000708389140842     0.003027347789116    -0.000222391124969
    -0.001257218505921    -0.000502482394810    -0.001065695861678
14 51
    -0.002606076814059     0.003912491811539    -0.004057260172588
     0.003490015621063    -0.001985545068027     0.004562864827412
    -0.003782012156715     0.004513243795666    -0.005502965702948
14 52
     0.003027347789116    -0.000708389140842    -0.000222391124969
     0.001508400541698    -0.000359156179138    -0.001121254220207
    -0.000502482394810    -0.001257218505921    -0.001065695861678
14 53
    -0.001985545068027     0.003490015621063     0.004562864827412
     0.003912491811539    -0.002606076814059    -0.004057260172588
     0.004513243795666    -0.003782012156715    -0.005502965702948
14 54
    -0.000622894274376    -0.000306706601159     0.000053337049635
    -0.000306706601159    -0.000622894274376     0.000053337049635
    -0.000166653029730    -0.000166653029730    -0.000580370464853
14 55
     0.000970391439909    -0.001327885172588    -0.001263843505921
    -0.001327885172588     0.000970391439909    -0.001263843505921
    -0.001139926839254    -0.001139926839254     0.001750579931973
14 56
    -0.028816191893424    -0.032340055807508    -0.017711145093222
    -0.032340055807508    -0.028816191893424    -0.017711145093222
     0.016495446176619     0.016495446176619     0.031541498582766
14 57
    -0.002159943877551    -0.004378222474175     0.004563688240111
    -0.004378222474175    -0.002159943877551     0.004563688240111
     0.004485529509952     0.004485529509952    -0.005481503401361
14 58
    -0.000052906179138    -0.000604845490048     0.001541690224238
     0.000991166414714     0.003584038265306     0.000354372763920
     0.001453168398841    -0.000719910966238    -0.000214646258503
14 59
     0.001228573979592     0.000960714033762    -0.001349875251953
     0.001204858875031     0.001567147392290     0.001117118795666
    -0.001330264140842     0.001241710065508     0.001456462868481
14 60
     0.003584038265306     0.000991166414714     0.000354372763920
    -0.000604845490048    -0.000052906179138     0.001541690224238
    -0.000719910966238     0.001453168398841    -0.000214646258503
14 61
     0.001567147392290     0.001204858875031     0.001117118795666
     0.000960714033762     0.001228573979592    -0.001349875251953
     0.001241710065508    -0.001330264140842     0.001456462868481
14 62
    -0.001398211734694     0.000007087049635     0.000255577129000
     0.000007087049635    -0.001398211734694     0.000255577129000
     0.000145156494079     0.000145156494079     0.009898284297052
14 63
    -0.002445477607710    -0.004674541918619    -0.004127105410683
    -0.004674541918619    -0.002445477607710    -0.004127105410683
    -0.004900908982111    -0.004900908982111    -0.006243485544218
15 1
     0.001166970804989    -0.001062952632905     0.000636880700428
    -0.001062952632905     0.001166970804989     0.000636880700428
     0.000665093002016     0.000665093002016     0.001237962868481
15 2
    -0.002058388321995     0.005329719986143    -0.003628696680524
     0.002424825144873    -0.006746481575964     0.004097140621063
    -0.004294629220207     0.004295852922651    -0.003525239512472
15 3
    -0.029142156179138    -0.017778813744016    -0.031290480410683
     0.017822404509952     0.030786367630385     0.016798906494079
    -0.030045174855127    -0.018577381204334    -0.027445515306122
15 4
    -0.006746481575964     0.002424825144873     0.004097140621063
     0.005329719986143    -0.002058388321995    -0.003628696680524
     0.004295852922651    -0.004294629220207    -0.003525239512472
15 5
     0.030786367630385     0.017822404509952     0.016798906494079
    -0.017778813744016    -0.029142156179138    -0.031290480410683
    -0.018577381204334    -0.030045174855127    -0.027445515306122
15 6
     0.002052768424036     0.002102932287730    -0.004663466521794
     0.002102932287730     0.002052768424036    -0.004663466521794
     0.000051890621063     0.000051890621063     0.002496853741497
15 7
    -0.000906007369615     0.000171698160746    -0.000003387156715
     0.000171698160746    -0.000906007369615    -0.000003387156715
     0.000174731890905     0.000174731890905    -0.000775789115646
15 8
    -0.002256354591837    -0.004454079617032     0.004889049351222
    -0.004454079617032    -0.002256354591837     0.004889049351222
     0.004523479906778     0.004523479906778    -0.005859759353741
15 9
    -0.028275943877551    -0.031449811759889    -0.017453373267826
    -0.031449811759889    -0.028275943877551    -0.017453373267826
     0.016691971970270     0.016691971970270     0.031472571995465
15 10
     0.001419667233560     0.002562487843285    -0.002821182791635
     0.002687015621063     0.004408802154195     0.000737200144873
    -0.002544422871000     0.000216067208365     0.004089568027211
15 11
    -0.026897308956916     0.013423741811539     0.033826505700428
    -0.017838813744016     0.029178617630385     0.016141888636936
     0.028741027525825    -0.010717410966238    -0.031570306972789
15 12
     0.004408802154195     0.002687015621063     0.000737200144873
     0.002562487843285     0.001419667233560    -0.002821182791635
     0.000216067208365    -0.002544422871000     0.004089568027211
15 13
     0.029178617630385    -0.017838813744016     0.016141888636936
     0.013423741811539    -0.026897308956916     0.033826505700428
    -0.010717410966238     0.028741027525825    -0.031570306972789
15 14
    -0.199163882369614    -0.044210131204334    -0.043922545886873
    -0.044210131204334    -0.199163882369614    -0.043922545886873
    -0.041783049855127    -0.041783049855127    -0.194845949829932
15 15
     0.875884683106576     0.006120813240111    -0.003797682791635
     0.006120813240111     0.875884683106576    -0.003797682791635
    -0.003797682791635    -0.003797682791635     0.874811417233560
15 16
    -0.002006854591837    -0.004027158982111     0.003967378716301
    -0.004386440728143    -0.005800376417234     0.004506267605190
     0.003408966017889     0.004154511652809    -0.002414112528345
15 17
     0.000237306122449    -0.001400956601159     0.000775396573444
    -0.001219323664651     0.000027329931973    -0.000656490331318
    -0.000668141124969     0.000785464033762     0.003619048185941
15 18
     0.001029167233560     0.001059233875031    -0.000827803823381
     0.001049281494079     0.000944075963719     0.001511979906778
    -0.001116813744016     0.001420037446460     0.000969169217687
15 19
    -0.000361808956916    -0.000517577632905     0.001621325144873
     0.000301981890905     0.002053700963719     0.001261376732174
     0.002127731890905     0.000330975938524    -0.001517890306122
15 20
     0.004892117630385     0.000664245779793     0.002009327129000
     0.000566529509952     0.005085308106576    -0.002682137156715
     0.002313914430587    -0.002384708585286     0.002226859693878
15 21
     0.031302183106576     0.017397233875031    -0.017507103426556
    -0.017507103426556    -0.027911949829932     0.031454479906778
     0.017397233875031     0.032074154509952    -0.027911949829932
15 22
    -0.006383572845805    -0.004596258188461    -0.004388776045603
    -0.004591728426556    -0.002200049036281    -0.003462760172588
    -0.004235091521794    -0.003801220490048    -0.002502965702948
15 23
     0.007772242630385     0.002380430303603     0.001554769589317
     0.000476543398841    -0.001662799036281    -0.000179684775762
     0.000233162446460     0.000083593002016    -0.000555316893424
15 24
     0.001549649376417    -0.002984668902746     0.002225414430587
    -0.002662395093222     0.003799845804989     0.000237541414714
     0.002306025541698    -0.000313121283699     0.004632587868481
15 25
    -0.027233340702948     0.031175763636936     0.017001346970270
     0.031092527525825    -0.027901366496599    -0.015932266124969
    -0.016721551839254     0.017226196176619     0.029930625566893
15 26
    -0.002172495464853     0.003299039430587    -0.004653377236080
     0.003460620779793    -0.002320453798186     0.004160446176619
    -0.004646583585286     0.003764783478206    -0.006406711734694
15 27
    -0.000812045068027     0.000857140621063    -0.001773526045603
    -0.001008684775762     0.002546581916100     0.000623892605190
    -0.001567764140842    -0.001118645093222    -0.001270051020408
15 28
    -0.194075945861678     0.044832348954397     0.040094418398841
     0.043528154509952    -0.196491590702948    -0.040661196680524
     0.039286063240111    -0.045514399061476    -0.194148469671202
15 29
     0.030064159297052    -0.016450569696397    -0.016563480410683
     0.017387773557571    -0.028336886337868    -0.031673855410683
     0.017371069192492    -0.030851744299572    -0.027740987528345
15 30
     0.004490554138322    -0.002318289934492    -0.000396442712270
    -0.002007982394810     0.002505538265306    -0.002915986363064
    -0.000232049855127    -0.002850859378937     0.004931401360544
15 31
    -0.000989340702948     0.000102686255984     0.000134013636936
     0.000106273557571    -0.000602354591837    -0.000067206601159
     0.000398194192492    -0.000025268109095    -0.000883269274376
15 32
    -0.005800376417234    -0.004386440728143     0.004506267605190
    -0.004027158982111    -0.002006854591837     0.003967378716301
     0.004154511652809     0.003408966017889    -0.002414112528345
15 33
     0.000027329931973    -0.001219323664651    -0.000656490331318
    -0.001400956601159     0.000237306122449     0.000775396573444
     0.000785464033762    -0.000668141124969     0.003619048185941
15 34
     0.005085308106576     0.000566529509952    -0.002682137156715
     0.000664245779793     0.004892117630385     0.002009327129000
    -0.002384708585286     0.002313914430587     0.002226859693878
15 35
    -0.027911949829932    -0.017507103426556     0.031454479906778
     0.017397233875031     0.031302183106576    -0.017507103426556
     0.032074154509952     0.017397233875031    -0.027911949829932
15 36
     0.000944075963719     0.001049281494079     0.001511979906778
     0.001059233875031     0.001029167233560    -0.000827803823381
     0.001420037446460    -0.001116813744016     0.000969169217687
15 37
     0.002053700963719     0.000301981890905     0.001261376732174
    -0.000517577632905    -0.000361808956916     0.001621325144873
     0.000330975938524     0.002127731890905    -0.001517890306122
15 38
    -0.002200049036281    -0.004591728426556    -0.003462760172588
    -0.004596258188461    -0.006383572845805    -0.004388776045603
    -0.003801220490048    -0.004235091521794    -0.002502965702948
15 39
    -0.001662799036281     0.000476543398841    -0.000179684775762
     0.002380430303603     0.007772242630385     0.001554769589317
     0.000083593002016     0.000233162446460    -0.000555316893424
15 40
     0.003799845804989    -0.002662395093222     0.000237541414714
    -0.002984668902746     0.001549649376417     0.002225414430587
    -0.000313121283699     0.002306025541698     0.004632587868481
15 41
    -0.027901366496599     0.031092527525825    -0.015932266124969
     0.031175763636936    -0.027233340702948     0.017001346970270
     0.017226196176619    -0.016721551839254     0.029930625566893
15 42
    -0.196491590702948     0.043528154509952    -0.040661196680524
     0.044832348954397    -0.194075945861678     0.040094418398841
    -0.045514399061476     0.039286063240111    -0.194148469671202
15 43
    -0.028336886337868     0.017387773557571    -0.031673855410683
    -0.016450569696397     0.030064159297052    -0.016563480410683
    -0.030851744299572     0.017371069192492    -0.027740987528345
15 44
    -0.002320453798186     0.003460620779793     0.004160446176619
     0.003299039430587    -0.002172495464853    -0.004653377236080
     0.003764783478206    -0.004646583585286    -0.006406711734694
15 45
     0.002546581916100    -0.001008684775762     0.000623892605190
     0.000857140621063    -0.000812045068027    -0.001773526045603
    -0.001118645093222    -0.001567764140842    -0.001270051020408
15 46
     0.002505538265306    -0.002007982394810    -0.002915986363064
    -0.002318289934492     0.004490554138322    -0.000396442712270
    -0.002850859378937    -0.000232049855127     0.004931401360544
15 47
    -0.000602354591837     0.000106273557571    -0.000067206601159
     0.000102686255984    -0.000989340702948     0.000134013636936
    -0.000025268109095     0.000398194192492    -0.000883269274376
15 48
     0.004506470804989    -0.001236541918619     0.001978438240111
    -0.001236541918619     0.004506470804989     0.001978438240111
     0.002199876732174     0.002199876732174     0.001926516439909
15 49
    -0.000070741496599     0.001540150541698     0.000614485859158
     0.001540150541698    -0.000070741496599     0.000614485859158
    -0.000568690728143    -0.000568690728143     0.003481901360544
15 50
    -0.006064340702948     0.003739969986143    -0.003500762156715
     0.004205055303603    -0.002522961734694     0.003954350938524
    -0.004579980410683     0.003839005700428    -0.001905453798186
15 51
    -0.000350011337868    -0.000900063744016    -0.000967518109095
     0.000561960065508     0.003289020408163    -0.000623768109095
    -0.001081524061476     0.000731731890905    -0.000413223639456
15 52
    -0.002522961734694     0.004205055303603     0.003954350938524
     0.003739969986143    -0.006064340702948    -0.003500762156715
     0.003839005700428    -0.004579980410683    -0.001905453798186
15 53
     0.003289020408163     0.000561960065508    -0.000623768109095
    -0.000900063744016    -0.000350011337868    -0.000967518109095
     0.000731731890905    -0.001081524061476    -0.000413223639456
15 54
     0.001063046201814    -0.001530012156715    -0.001374420886873
    -0.001530012156715     0.001063046201814    -0.001374420886873
    -0.001486414934492    -0.001486414934492     0.001111871598639
15 55
    -0.000616543083900    -0.000128315728143     0.000188898557571
    -0.000128315728143    -0.000616543083900     0.000188898557571
     0.000191561255984     0.000191561255984    -0.000390803004535
15 56
    -0.199131126417233    -0.046314361363064     0.046309721970270
    -0.046314361363064    -0.199131126417233     0.046309721970270
     0.046051684271857     0.046051684271857    -0.199365134353741
15 57
    -0.027713253401361    -0.031675028029730     0.016949930303603
    -0.031675028029730    -0.027713253401361     0.016949930303603
    -0.017224982394810    -0.017224982394810     0.031443488662132
15 58
     0.004751284297052     0.002391973954397    -0.000405817712270
     0.002562485859158     0.002142728741497     0.002443739827412
    -0.000449218505921     0.002278577129000     0.004960345804989
15 59
    -0.000443985544218     0.000705908478206     0.001321241811539
    -0.000562571680524     0.003354837868481    -0.000759264140842
     0.001307723954397     0.000835823160746    -0.000097545068027
15 60
     0.002142728741497     0.002562485859158     0.002443739827412
     0.002391973954397     0.004751284297052    -0.000405817712270
     0.002278577129000    -0.000449218505921     0.004960345804989
15 61
     0.003354837868481    -0.000562571680524    -0.000759264140842
     0.000705908478206    -0.000443985544218     0.001321241811539
     0.000835823160746     0.001307723954397    -0.000097545068027
15 62
    -0.001893146258503    -0.003701843505921    -0.004449805807508
    -0.003701843505921    -0.001893146258503    -0.004449805807508
    -0.004445730410683    -0.004445730410683    -0.006061223639456
15 63
    -0.000789162131519     0.000431527525825    -0.000023488347191
     0.000431527525825    -0.000789162131519    -0.000023488347191
     0.000166079113127     0.000166079113127     0.009214881519274
16 1
    -0.000216691893424     0.000109418398841    -0.000685595490048
    -0.000853924855127    -0.002303463718821    -0.000853924855127
    -0.000685595490048     0.000109418398841    -0.000216691893424
16 2
     0.029697573979592     0.016020966017889    -0.012520797871000
    -0.011065647077349    -0.031323291099773     0.032487085065508
     0.015132432287730     0.032993553319476    -0.025619519274376
16 3
     0.003441181122449     0.000434432287730     0.001199168398841
     0.001417807287730     0.002794183106576    -0.003541274061476
     0.001897761652809    -0.001244055807508     0.003216954931973
16 4
     0.000225105725624    -0.000368303823381     0.000105664430587
     0.000350997763920     0.000831427154195     0.000350997763920
     0.000105664430587    -0.000368303823381     0.000225105725624
16 5
     0.001143579931973     0.001932775541698    -0.001363194696397
     0.001184464033762     0.001480409297052     0.001184464033762
    -0.001363194696397     0.001932775541698     0.001143579931973
16 6
    -0.025619519274376     0.032993553319476     0.015132432287730
     0.032487085065508    -0.031323291099773    -0.011065647077349
    -0.012520797871000     0.016020966017889     0.029697573979592
16 7
     0.003216954931973    -0.001244055807508     0.001897761652809
    -0.003541274061476     0.002794183106576     0.001417807287730
     0.001199168398841     0.000434432287730     0.003441181122449
16 8
     0.009169107709751     0.000302541414714     0.000778948160746
     0.000778948160746    -0.000642914115646     0.000407368795666
     0.000302541414714    -0.000129444696397    -0.000642914115646
16 9
    -0.006174606575964    -0.004292440728143    -0.004755224458302
    -0.003674908982111    -0.002937378401361    -0.004248053823381
    -0.004412466521794    -0.003970702632905    -0.002893957766440
16 10
     0.029291879535147    -0.015989641124968    -0.017088908982111
     0.016948668398841    -0.027449257369615    -0.028773105410683
     0.015795763636936    -0.029854607394810    -0.026801586734694
16 11
    -0.196774721655329     0.046806487843285     0.043436904509952
     0.043414839033762    -0.192869566893424    -0.053218416918619
     0.042972839033762    -0.048294585569413    -0.198219836734694
16 12
    -0.000781110544218     0.001355511652809    -0.001320901045603
    -0.000829484378937     0.002258357709751     0.000738261652809
    -0.001202746283699    -0.000617972474175    -0.001349086734694
16 13
    -0.006425670068027     0.001649932287730    -0.002918087553540
     0.007559144589317     0.000152881519274     0.001313450144873
    -0.005511724458302     0.005391602922651    -0.005515461734694
16 14
     0.000159954931973    -0.001160385172588     0.001022477922651
    -0.001156728426556    -0.000593816893424    -0.000299976442429
    -0.001342363347191     0.000706025541698     0.003092270408163
16 15
    -0.002006854591837    -0.004386440728143     0.003408966017889
    -0.004027158982111    -0.005800376417234     0.004154511652809
     0.003967378716301     0.004506267605190    -0.002414112528345
16 16
     0.901197607709750    -0.005661287950365     0.003409527525825
    -0.005661287950365     0.897429064058957    -0.005661287950365
     0.003409527525825    -0.005661287950365     0.901197607709750
16 17
    -0.198550856575964    -0.045195585569413    -0.044528954617032
    -0.043367545886873    -0.197526729591837    -0.043367545886873
    -0.044528954617032    -0.045195585569413    -0.198550856575964
16 18
     0.031206504535147     0.016375354906778     0.017459594986143
    -0.016635440728143    -0.031390983560091    -0.032475325648778
    -0.017509377236080    -0.032337637156715    -0.029593110544218
16 19
    -0.007978096655329     0.004362168398841     0.004061098954397
     0.005644634668682    -0.002633858560091    -0.003084803823381
     0.004543543398841    -0.002923948664651    -0.002785670068027
16 20
    -0.029477170068027    -0.016099633188461    -0.032110774061476
     0.016046182287730     0.031954373582766     0.016046182287730
    -0.032110774061476    -0.016099633188461    -0.029477170068027
16 21
    -0.002256354591837     0.004523479906778    -0.004454079617032
     0.004889049351222    -0.005859759353741     0.004889049351222
    -0.004454079617032     0.004523479906778    -0.002256354591837
16 22
    -0.029593110544218    -0.032337637156715    -0.017509377236080
    -0.032475325648778    -0.031390983560091    -0.016635440728143
     0.017459594986143     0.016375354906778     0.031206504535147
16 23
    -0.002785670068027    -0.002923948664651     0.004543543398841
    -0.003084803823381    -0.002633858560091     0.005644634668682
     0.004061098954397     0.004362168398841    -0.007978096655329
16 24
    -0.001719513321995     0.000127827129000     0.000163938240111
    -0.000527367315445    -0.001586213718821    -0.000094389140842
    -0.000046037950365    -0.000343670886873    -0.003471691893424
16 25
     0.003551746598639     0.000031134668682    -0.002955879220207
     0.000028180303603     0.004454323979592    -0.002914946680524
    -0.002778365331318    -0.002249353426556     0.002202970804989
16 26
     0.030941966836735    -0.016633214537667     0.016687271573444
     0.016177023557571    -0.028419263321995     0.031882015621063
    -0.016674397077349     0.031125108875031    -0.028397491496599
16 27
     0.003779042233560     0.002526886652809     0.000241497763920
     0.003128843002016     0.000914897392290    -0.002509537950365
     0.000123047367095    -0.002410569696397     0.003418794217687
16 28
    -0.029121108560091     0.015777594986143     0.034427317208365
    -0.017317817712270     0.026495599773243     0.017392997763920
     0.032932124748047    -0.016515698664651    -0.030619874433107
16 29
     0.001188371598639     0.002946676335349    -0.002822706601159
     0.003247801335349     0.004201304138322     0.000718714033762
    -0.002452869299572     0.000328331097254     0.004663857709751
16 30
     0.000210016439909     0.001682956097254    -0.000993668902746
     0.001889295382968    -0.001070271258503    -0.000239541918619
     0.001214511652809     0.001097841017889     0.002951621598639
16 31
     0.001040121598639    -0.000808817712270     0.001171287446460
    -0.000872573664651     0.000930210884354     0.001339112843285
     0.001121880700428     0.001312432287730     0.000949450963719
16 32
    -0.000642914115646    -0.000129444696397     0.000302541414714
     0.000407368795666    -0.000642914115646     0.000778948160746
     0.000778948160746     0.000302541414714     0.009169107709751
16 33
    -0.002893957766440    -0.003970702632905    -0.004412466521794
    -0.004248053823381    -0.002937378401361    -0.003674908982111
    -0.004755224458302    -0.004292440728143    -0.006174606575964
16 34
     0.003092270408163     0.000706025541698    -0.001342363347191
    -0.000299976442429    -0.000593816893424    -0.001156728426556
     0.001022477922651    -0.001160385172588     0.000159954931973
16 35
    -0.002414112528345     0.004506267605190     0.003967378716301
     0.004154511652809    -0.005800376417234    -0.004027158982111
     0.003408966017889    -0.004386440728143    -0.002006854591837
16 36
    -0.001349086734694    -0.000617972474175    -0.001202746283699
     0.000738261652809     0.002258357709751    -0.000829484378937
    -0.001320901045603     0.001355511652809    -0.000781110544218
16 37
    -0.005515461734694     0.005391602922651    -0.005511724458302
     0.001313450144873     0.000152881519274     0.007559144589317
    -0.002918087553540     0.001649932287730    -0.006425670068027
16 38
    -0.026801586734694    -0.029854607394810     0.015795763636936
    -0.028773105410683    -0.027449257369615     0.016948668398841
    -0.017088908982111    -0.015989641124968     0.029291879535147
16 39
    -0.198219836734694    -0.048294585569413     0.042972839033762
    -0.053218416918619    -0.192869566893424     0.043414839033762
     0.043436904509952     0.046806487843285    -0.196774721655329
16 40
    -0.000985191893424    -0.000376774061476    -0.000463309775762
    -0.000087266124969    -0.000978535147392    -0.000087266124969
    -0.000463309775762    -0.000376774061476    -0.000985191893424
16 41
     0.001527845804989    -0.001149726442429    -0.001739992315445
    -0.001359458585286     0.002291099773243    -0.001359458585286
    -0.001739992315445    -0.001149726442429     0.001527845804989
16 42
     0.002350371598639     0.000416900541698    -0.000721422871000
     0.001039751732174    -0.001738755385488     0.001468737843285
     0.001120662446460     0.001100013636936    -0.000580374433107
16 43
     0.001254825963719     0.002999894589317     0.001865418398841
     0.002672833081381     0.004161724773243    -0.000280535966238
     0.001955442208365    -0.000195980410683     0.004177482709751
16 44
    -0.000973991496599     0.000766616811539     0.000669344986143
    -0.000766807791635     0.001899570011338    -0.000766807791635
     0.000669344986143     0.000766616811539    -0.000973991496599
16 45
     0.003555919217687     0.003433311255984    -0.000772833585286
     0.003185543398841    -0.000176604591837     0.003185543398841
    -0.000772833585286     0.003433311255984     0.003555919217687
16 46
    -0.000580374433107     0.001100013636936     0.001120662446460
     0.001468737843285    -0.001738755385488     0.001039751732174
    -0.000721422871000     0.000416900541698     0.002350371598639
16 47
     0.004177482709751    -0.000195980410683     0.001955442208365
    -0.000280535966238     0.004161724773243     0.002672833081381
     0.001865418398841     0.002999894589317     0.001254825963719
16 48
    -0.003471691893424    -0.000343670886873    -0.000046037950365
    -0.000094389140842    -0.001586213718821    -0.000527367315445
     0.000163938240111     0.000127827129000    -0.001719513321995
16 49
     0.002202970804989    -0.002249353426556    -0.002778365331318
    -0.002914946680524     0.004454323979592     0.000028180303603
    -0.002955879220207     0.000031134668682     0.003551746598639
16 50
     0.002951621598639     0.001097841017889     0.001214511652809
    -0.000239541918619    -0.001070271258503     0.001889295382968
    -0.000993668902746     0.001682956097254     0.000210016439909
16 51
     0.000949450963719     0.001312432287730     0.001121880700428
     0.001339112843285     0.000930210884354    -0.000872573664651
     0.001171287446460    -0.000808817712270     0.001040121598639
16 52
    -0.030619874433107    -0.016515698664651     0.032932124748047
     0.017392997763920     0.026495599773243    -0.017317817712270
     0.034427317208365     0.015777594986143    -0.029121108560091
16 53
     0.004663857709751     0.000328331097254    -0.002452869299572
     0.000718714033762     0.004201304138322     0.003247801335349
    -0.002822706601159     0.002946676335349     0.001188371598639
16 54
    -0.028397491496599     0.031125108875031    -0.016674397077349
     0.031882015621063    -0.028419263321995     0.016177023557571
     0.016687271573444    -0.016633214537667     0.030941966836735
16 55
     0.003418794217687    -0.002410569696397     0.000123047367095
    -0.002509537950365     0.000914897392290     0.003128843002016
     0.000241497763920     0.002526886652809     0.003779042233560
16 56
    -0.001557539115646     0.000018759668682     0.000061120779793
     0.000097416414714     0.010115314058957     0.000097416414714
     0.000061120779793     0.000018759668682    -0.001557539115646
16 57
    -0.002260041099773    -0.004114906997984    -0.004279170886873
    -0.004663000251953    -0.006086937925170    -0.004663000251953
    -0.004279170886873    -0.004114906997984    -0.002260041099773
16 58
     0.002994496598639    -0.000241030013857     0.000679206097254
     0.000967388636936    -0.000672455782313    -0.001280440728143
    -0.000827281997984    -0.001300972474175    -0.000291308956916
16 59
    -0.002536273242630     0.003508404509952     0.004356515621063
     0.003682831097254    -0.002422096655329    -0.004291069696397
     0.004296035462333    -0.004539976442429    -0.006507324829932
16 60
    -0.028800933956916     0.017463856890905    -0.031847111363064
    -0.016360498267826     0.031431974773243    -0.016360498267826
    -0.031847111363064     0.017463856890905    -0.028800933956916
16 61
    -0.198300574829932     0.039272299351222    -0.041480990331318
     0.040224436255984    -0.194127170068027     0.040224436255984
    -0.041480990331318     0.039272299351222    -0.198300574829932
16 62
    -0.000291308956916    -0.001300972474175    -0.000827281997984
    -0.001280440728143    -0.000672455782313     0.000967388636936
     0.000679206097254    -0.000241030013857     0.002994496598639
16 63
    -0.006507324829932    -0.004539976442429     0.004296035462333
    -0.004291069696397    -0.002422096655329     0.003682831097254
     0.004356515621063     0.003508404509952    -0.002536273242630
17 1
     0.001494968820862    -0.004718339537667     0.002052547367095
    -0.003370472474175     0.005531242630385    -0.003370472474175
     0.002052547367095    -0.004718339537667     0.001494968820862
17 2
     0.003303609693878     0.003699208081381    -0.001224655013857
     0.002649680303603     0.004245165249433    -0.003360712553540
    -0.001698674855127    -0.003128454617032     0.002834516439909
17 3
     0.031551091836735    -0.016347575648778     0.016940436255984
     0.015670759668682    -0.028787235544218     0.032051928319476
    -0.015152470490048     0.032757686255984    -0.028533634353741
17 4
     0.002553016439909     0.003666438240111     0.001796182287730
     0.003066075144873     0.003818633503401     0.003066075144873
     0.001796182287730     0.003666438240111     0.002553016439909
17 5
     0.000072115646259     0.000205892605190     0.001656948160746
    -0.000354583585286     0.003216365646258    -0.000354583585286
     0.001656948160746     0.000205892605190     0.000072115646259
17 6
     0.002834516439909    -0.003128454617032    -0.001698674855127
    -0.003360712553540     0.004245165249433     0.002649680303603
    -0.001224655013857     0.003699208081381     0.003303609693878
17 7
    -0.028533634353741     0.032757686255984    -0.015152470490048
     0.032051928319476    -0.028787235544218     0.015670759668682
     0.016940436255984    -0.016347575648778     0.031551091836735
17 8
    -0.006174606575964    -0.004412466521794    -0.003674908982111
    -0.004755224458302    -0.002893957766440    -0.004248053823381
    -0.004292440728143    -0.003970702632905    -0.002937378401361
17 9
     0.010409679138322    -0.000079573664651     0.000195293398841
     0.000195293398841    -0.000063797052154     0.000191523557571
    -0.000079573664651     0.000052789430587    -0.000063797052154
17 10
    -0.006492334750567     0.004335725938524     0.003785358875031
     0.004350370779793    -0.003273176020408    -0.004385903029730
     0.004123781494079    -0.004084240331318    -0.003370676020408
17 11
     0.031797564058957     0.016394354906778     0.016700297367095
    -0.014988208585286    -0.029704610544218    -0.031180214537667
    -0.015079143109095    -0.032855968505921    -0.028423551020408
17 12
    -0.006546824829932     0.004407878716301    -0.003989008188461
     0.004416718002016    -0.003350685941043     0.004197339033762
    -0.004052978426556     0.003823394589317    -0.003393926020408
17 13
    -0.000817634353741    -0.000372950648778    -0.001378069696397
    -0.000148278029730     0.001769962868481     0.000051527525825
    -0.001563831601159     0.000339594986143    -0.000655551020408
17 14
    -0.005847509353741    -0.003965893109095     0.003744870779793
    -0.004631526045603    -0.002856110544218     0.004510725938524
     0.004321904509952     0.004338767605190    -0.002616443877551
17 15
     0.000237306122449    -0.001219323664651    -0.000668141124969
    -0.001400956601159     0.000027329931973     0.000785464033762
     0.000775396573444    -0.000656490331318     0.003619048185941
17 16
    -0.198550856575964    -0.043367545886873    -0.044528954617032
    -0.045195585569413    -0.197526729591837    -0.045195585569413
    -0.044528954617032    -0.043367545886873    -0.198550856575964
17 17
     0.893790679138321    -0.001436093505921    -0.008559436759889
    -0.001436093505921     0.885775476757370    -0.001436093505921
    -0.008559436759889    -0.001436093505921     0.893790679138321
17 18
    -0.204527709750567     0.051167346970270     0.047244112843285
     0.051726511652809    -0.202933527210884    -0.050496373267826
     0.047418765621063    -0.050213645093222    -0.202916324829932
17 19
     0.032026314058957    -0.016256214537667    -0.016332133188461
     0.015004837049635    -0.029638152210884    -0.031170601442429
     0.015110061255984    -0.032745956601159    -0.028417509353741
17 20
    -0.198258134353741     0.043421233875031    -0.043911006204334
     0.044300634668682    -0.196627670068027     0.044300634668682
    -0.043911006204334     0.043421233875031    -0.198258134353741
17 21
    -0.028275943877551     0.016691971970270    -0.031449811759889
    -0.017453373267826     0.031472571995465    -0.017453373267826
    -0.031449811759889     0.016691971970270    -0.028275943877551
17 22
    -0.202916324829932    -0.050213645093222     0.047418765621063
    -0.050496373267826    -0.202933527210884     0.051726511652809
     0.047244112843285     0.051167346970270    -0.204527709750567
17 23
    -0.028417509353741    -0.032745956601159     0.015110061255984
    -0.031170601442429    -0.029638152210884     0.015004837049635
    -0.016332133188461    -0.016256214537667     0.032026314058957
17 24
     0.004055897392290    -0.000973680807508    -0.002233043902746
     0.000331585065508     0.004505367630385    -0.003079311759889
    -0.002892145093222    -0.003088928823381     0.001242468820862
17 25
    -0.000028717687075     0.000185251732174     0.000143638636936
    -0.000302617315445     0.000000280328798    -0.000072994299572
     0.000142902525825     0.000108013636936    -0.001487243480726
17 26
     0.003862502551020     0.001014027525825     0.001950164430587
    -0.000292149061476     0.004023068027211    -0.003836656997984
     0.002080245779793    -0.003145524061476     0.001579919217687
17 27
     0.033242827947846     0.016095378716301    -0.017614359378937
    -0.015501829617032    -0.029942521258503     0.033570289430587
     0.015245315224238     0.034517922367095    -0.029724170068027
17 28
     0.004370177154195     0.000760337049635    -0.002247664934492
    -0.000108615331318     0.004848806122449     0.002783325144873
    -0.002523857394810     0.002895793398841     0.001621786281179
17 29
    -0.028819092687075    -0.016959331601159     0.032551561255984
     0.016907628716301     0.030284635487528    -0.017484583585286
     0.032227398557571     0.016792698160746    -0.028963481575964
17 30
     0.004238927154195    -0.000921301839254     0.001995223954397
     0.000436497763920     0.005092310090703     0.002893035462333
     0.002280154509952     0.002953208081381     0.001481907312925
17 31
    -0.000326842687075     0.001476549351222     0.001072305303603
     0.001572753716301    -0.000235457766440     0.000709065224238
    -0.000369976442429    -0.000802825648778     0.002981486678005
17 32
    -0.002937378401361    -0.003970702632905    -0.004292440728143
    -0.004248053823381    -0.002893957766440    -0.004755224458302
    -0.003674908982111    -0.004412466521794    -0.006174606575964
17 33
    -0.000063797052154     0.000052789430587    -0.000079573664651
     0.000191523557571    -0.000063797052154     0.000195293398841
     0.000195293398841    -0.000079573664651     0.010409679138322
17 34
    -0.002616443877551     0.004338767605190     0.004321904509952
     0.004510725938524    -0.002856110544218    -0.004631526045603
     0.003744870779793    -0.003965893109095    -0.005847509353741
17 35
     0.003619048185941    -0.000656490331318     0.000775396573444
     0.000785464033762     0.000027329931973    -0.001400956601159
    -0.000668141124969    -0.001219323664651     0.000237306122449
17 36
    -0.003393926020408     0.003823394589317    -0.004052978426556
     0.004197339033762    -0.003350685941043     0.004416718002016
    -0.003989008188461     0.004407878716301    -0.006546824829932
17 37
    -0.000655551020408     0.000339594986143    -0.001563831601159
     0.000051527525825     0.001769962868481    -0.000148278029730
    -0.001378069696397    -0.000372950648778    -0.000817634353741
17 38
    -0.003370676020408    -0.004084240331318     0.004123781494079
    -0.004385903029730    -0.003273176020408     0.004350370779793
     0.003785358875031     0.004335725938524    -0.006492334750567
17 39
    -0.028423551020408    -0.032855968505921    -0.015079143109095
    -0.031180214537667    -0.029704610544218    -0.014988208585286
     0.016700297367095     0.016394354906778     0.031797564058957
17 40
     0.001083343820862    -0.001213656997984    -0.001350416918619
    -0.001481688744016     0.000766296201814    -0.001481688744016
    -0.001350416918619    -0.001213656997984     0.001083343820862
17 41
     0.000712506519274    -0.000021609378937     0.000151025541698
    -0.000097881204334     0.000133181122449    -0.000097881204334
     0.000151025541698    -0.000021609378937     0.000712506519274
17 42
     0.001530282312925     0.001335267605190     0.001162469986143
     0.001205454113127     0.001824950963719    -0.001289809775762
     0.001083555303603    -0.001209744299572     0.001648161281179
17 43
     0.003001861678005     0.000911636652809     0.000518311255984
    -0.000422089537667    -0.000350568877551     0.001666291414714
    -0.000854414934492     0.001309761652809    -0.000325481575964
17 44
     0.001021044217687     0.001129858875031    -0.001583637156715
     0.001033019589317     0.001321151360544     0.001033019589317
    -0.001583637156715     0.001129858875031     0.001021044217687
17 45
    -0.000570295068027    -0.000682696680524     0.001913434271857
     0.001032370779793     0.001357976757370     0.001032370779793
     0.001913434271857    -0.000682696680524    -0.000570295068027
17 46
     0.001648161281179    -0.001209744299572     0.001083555303603
    -0.001289809775762     0.001824950963719     0.001205454113127
     0.001162469986143     0.001335267605190     0.001530282312925
17 47
    -0.000325481575964     0.001309761652809    -0.000854414934492
     0.001666291414714    -0.000350568877551    -0.000422089537667
     0.000518311255984     0.000911636652809     0.003001861678005
17 48
     0.001242468820862    -0.003088928823381    -0.002892145093222
    -0.003079311759889     0.004505367630385     0.000331585065508
    -0.002233043902746    -0.000973680807508     0.004055897392290
17 49
    -0.001487243480726     0.000108013636936     0.000142902525825
    -0.000072994299572     0.000000280328798    -0.000302617315445
     0.000143638636936     0.000185251732174    -0.000028717687075
17 50
     0.001481907312925     0.002953208081381     0.002280154509952
     0.002893035462333     0.005092310090703     0.000436497763920
     0.001995223954397    -0.000921301839254     0.004238927154195
17 51
     0.002981486678005    -0.000802825648778    -0.000369976442429
     0.000709065224238    -0.000235457766440     0.001572753716301
     0.001072305303603     0.001476549351222    -0.000326842687075
17 52
     0.001621786281179     0.002895793398841    -0.002523857394810
     0.002783325144873     0.004848806122449    -0.000108615331318
    -0.002247664934492     0.000760337049635     0.004370177154195
17 53
    -0.028963481575964     0.016792698160746     0.032227398557571
    -0.017484583585286     0.030284635487528     0.016907628716301
     0.032551561255984    -0.016959331601159    -0.028819092687075
17 54
     0.001579919217687    -0.003145524061476     0.002080245779793
    -0.003836656997984     0.004023068027211    -0.000292149061476
     0.001950164430587     0.001014027525825     0.003862502551020
17 55
    -0.029724170068027     0.034517922367095     0.015245315224238
     0.033570289430587    -0.029942521258503    -0.015501829617032
    -0.017614359378937     0.016095378716301     0.033242827947846
17 56
    -0.001613253401361    -0.004425748267826    -0.003475486363064
    -0.004734006204334    -0.005958604591837    -0.004734006204334
    -0.003475486363064    -0.004425748267826    -0.001613253401361
17 57
    -0.000562880385488    -0.000073539934492     0.000003221970270
     0.000141077129000     0.010155768424036     0.000141077129000
     0.000003221970270    -0.000073539934492    -0.000562880385488
17 58
    -0.002345592687075     0.004541337049635     0.003610973954397
     0.004527966017889    -0.005982874433107    -0.004500488347191
     0.003521110859158    -0.004364480410683    -0.002069273242630
17 59
     0.002942012471655     0.000614396573444    -0.000707591521794
    -0.000727466521794    -0.000310890306122    -0.001310992315445
     0.000665428319476    -0.001368609378937    -0.000219164115646
17 60
    -0.001934023242630     0.004534973954397    -0.003455468505921
     0.004288954113127    -0.006552943877551     0.004288954113127
    -0.003455468505921     0.004534973954397    -0.001934023242630
17 61
    -0.028497164115646    -0.017395583585286    -0.031241097474175
     0.017550638636936     0.030520661281179     0.017550638636936
    -0.031241097474175    -0.017395583585286    -0.028497164115646
17 62
    -0.002069273242630    -0.004364480410683     0.003521110859158
    -0.004500488347191    -0.005982874433107     0.004527966017889
     0.003610973954397     0.004541337049635    -0.002345592687075
17 63
    -0.000219164115646    -0.001368609378937     0.000665428319476
    -0.001310992315445    -0.000310890306122    -0.000727466521794
    -0.000707591521794     0.000614396573444     0.002942012471655
18 1
     0.030950954931973    -0.024282484378937     0.018990874748047
     0.014900718002016    -0.031734886337868     0.031712475938524
    -0.011853653029730     0.035055255700428    -0.026908410147392
18 2
    -0.000942904195011    -0.000177561759889    -0.000204077632905
     0.001428120779793    -0.002533088718821    -0.000820264140842
    -0.000450250251953     0.000239765621063    -0.001821112528345
18 3
     0.002561952947846    -0.001629845490048     0.000283263636936
    -0.003138299855127     0.002535135487528    -0.001557498267826
    -0.000457170886873    -0.002805468505921     0.002713986678005
18 4
    -0.024342247448980    -0.030826331601159    -0.015545865331318
    -0.032277734378937    -0.030928745464853    -0.013025351442429
     0.013083981890905     0.015567908478206     0.030722012471655
18 5
    -0.005507148242630    -0.002907002236080     0.003416150541698
    -0.006963268109095    -0.000209388321995     0.002054114827412
     0.005724372763920     0.004847987843285    -0.005632763321995
18 6
    -0.000244747448980    -0.000071974458302     0.000673777525825
    -0.000614022077349     0.000624911281179     0.000441253716301
    -0.000426855410683     0.000006303319476    -0.000776894274376
18 7
    -0.003056023242630     0.003396666414714    -0.005517268109095
     0.003574743795666    -0.002168614512472     0.005762583081381
    -0.004259139140842     0.004829644589317    -0.007671162131519
18 8
     0.029291879535147     0.015795763636936     0.016948668398841
    -0.017088908982111    -0.026801586734694    -0.028773105410683
    -0.015989641124968    -0.029854607394810    -0.027449257369615
18 9
    -0.006492334750567     0.004123781494079     0.004350370779793
     0.003785358875031    -0.003370676020408    -0.004385903029730
     0.004335725938524    -0.004084240331318    -0.003273176020408
18 10
     0.008283151360544    -0.000223168902746    -0.000063188744016
    -0.000063188744016    -0.001388179988662     0.000326420382968
    -0.000223168902746    -0.000296270093222    -0.001388179988662
18 11
    -0.008177074829932    -0.003937539934492    -0.004508250251953
    -0.005406518109095    -0.003008114512472    -0.003514391124969
    -0.005101968505921    -0.002827498267826    -0.003885054988662
18 12
    -0.000891463718821     0.001259733875031    -0.000686305807508
     0.001391908478206    -0.001448064909297    -0.000267087553540
     0.001725571176619     0.000440739827412     0.001538070011338
18 13
     0.000300601757370    -0.001518595490048     0.001392507684555
    -0.001048712553540     0.000768458900227     0.001006100938524
     0.001413593002016     0.001192065224238     0.000222070011338
18 14
    -0.000246898242630    -0.001330162950365     0.001494073160746
     0.001070414430587     0.002741260487528     0.000692674351222
     0.001164454113127    -0.000399762156715    -0.000967947845805
18 15
     0.001029167233560     0.001049281494079    -0.001116813744016
     0.001059233875031     0.000944075963719     0.001420037446460
    -0.000827803823381     0.001511979906778     0.000969169217687
18 16
     0.031206504535147    -0.016635440728143    -0.017509377236080
     0.016375354906778    -0.031390983560091    -0.032337637156715
     0.017459594986143    -0.032475325648778    -0.029593110544218
18 17
    -0.204527709750567     0.051726511652809     0.047418765621063
     0.051167346970270    -0.202933527210884    -0.050213645093222
     0.047244112843285    -0.050496373267826    -0.202916324829932
18 18
     0.921496401360544    -0.007190297871000    -0.008675184775762
    -0.007190297871000     0.896195468820861     0.019660575144873
    -0.008675184775762     0.019660575144873     0.911782671201814
18 19
    -0.196152074829932    -0.041061859378937    -0.041944680807508
    -0.039522972474175    -0.192021531179138    -0.050122528029730
    -0.041328264140842    -0.044064861363064    -0.198117013321995
18 20
    -0.029071273242630     0.032903964033762     0.017114196176619
     0.032704325144873    -0.030546799036281    -0.015301541918619
    -0.017153706601159     0.016383704113127     0.032055986678005
18 21
     0.001419667233560    -0.002544422871000     0.002687015621063
    -0.002821182791635     0.004089568027211     0.000737200144873
     0.002562487843285     0.000216067208365     0.004408802154195
18 22
    -0.031635713718821     0.016097210065508     0.033465718002016
    -0.016775432791635     0.030873468820862     0.016097210065508
     0.034354662446460    -0.016775432791635    -0.031635713718821
18 23
     0.001957351757370     0.002037148557571    -0.001932361363064
     0.003679089033762     0.001940593820862     0.001087035462333
    -0.001505333585286    -0.000028369299572     0.003237935090703
18 24
     0.030555633503401     0.015804549351222    -0.015381091521794
    -0.014822474458302    -0.028046136337868     0.030674386652809
     0.016229279509952     0.030057791414714    -0.027864410147392
18 25
     0.003134018424036     0.000087856890905     0.003094716017889
     0.000124948160746     0.003712776360544    -0.003192795886873
     0.002257327129000    -0.002359891124969     0.001693752551020
18 26
    -0.003156886337868    -0.000091867315445    -0.000094383188461
    -0.000431833585286    -0.002188685941043    -0.000432083585286
     0.000162670382968    -0.000278053823381    -0.003740959750567
18 27
     0.005123314058957    -0.000212516124969    -0.001654531997984
    -0.000625264140842     0.002081974773243    -0.001327887156715
    -0.002474510172588    -0.001375357394810    -0.000044174036281
18 28
    -0.000273961734694    -0.001650307791635     0.001105537446460
    -0.001582049855127    -0.001653197845805     0.000125148557571
    -0.001236057791635     0.001014138636936     0.002574282312925
18 29
    -0.003209731575964    -0.004266226442429     0.005030888636936
    -0.004276930807508    -0.006887243480726     0.004590739827412
     0.004691448160746     0.004573418398841    -0.003358985544218
18 30
    -0.028602586734694    -0.015429821680524    -0.035096948664651
     0.017382813240111     0.026967306122449     0.017589358875031
    -0.032257420886873    -0.016296696680524    -0.032237971655329
18 31
    -0.002967731575964     0.004932404509952    -0.003285617315445
     0.004073194192492    -0.006863586734694     0.003949263636936
    -0.003498301839254     0.004835394589317    -0.003389267290249
18 32
     0.002258357709751    -0.000617972474175     0.001355511652809
     0.000738261652809    -0.001349086734694    -0.001320901045603
    -0.000829484378937    -0.001202746283699    -0.000781110544218
18 33
    -0.003350685941043     0.003823394589317     0.004407878716301
     0.004197339033762    -0.003393926020408    -0.003989008188461
     0.004416718002016    -0.004052978426556    -0.006546824829932
18 34
    -0.000675332766440    -0.000069377236080     0.000089856890905
    -0.000213083585286    -0.000550239512472     0.000741922367095
    -0.000611829617032     0.000533202129000     0.009005736678005
18 35
    -0.002502965702948    -0.003462760172588    -0.004388776045603
    -0.003801220490048    -0.002200049036281    -0.004596258188461
    -0.004235091521794    -0.004591728426556    -0.006383572845805
18 36
    -0.026964689909297     0.029326749748047    -0.014885151045603
     0.032876904509952    -0.026964689909297     0.016917916414714
     0.016917916414714    -0.014885151045603     0.028304671201814
18 37
     0.003072185090703    -0.002960674855127     0.001255620779793
    -0.003736531997984    -0.000244416099773     0.003336170382968
     0.001188604906778     0.003453769589317     0.002782986678005
18 38
    -0.001448064909297     0.000440739827412     0.001259733875031
    -0.000267087553540     0.001538070011338    -0.000686305807508
     0.001391908478206     0.001725571176619    -0.000891463718821
18 39
     0.002373435090703     0.002937511652809    -0.000308815728143
     0.001825600938524     0.001798885487528     0.002567614827412
     0.000733346970270     0.001648700144873     0.003138935090703
18 40
     0.002330454931973    -0.000438926839254     0.000993035462333
    -0.001019748267826    -0.002234207766440     0.001249884668682
    -0.001127367315445     0.000817188240111    -0.001188535147392
18 41
     0.001312242630385     0.001646745779793     0.001712352922651
     0.001495809271857     0.002137927154195    -0.001417807791635
     0.001401575144873    -0.001325264140842     0.001148252551020
18 42
    -0.001201356575964     0.000105372763920     0.000319547367095
     0.000068894589317    -0.000817553004535     0.000096388636936
     0.000247979906778    -0.000017274061476    -0.000915967687075
18 43
     0.000433472789116    -0.001071883188461    -0.001171986363064
    -0.001090899061476     0.000468802154195    -0.001008010172588
    -0.001155740331318    -0.000881768109095     0.000502514455782
18 44
    -0.000536219671202    -0.001812285966238    -0.000302309775762
    -0.001035164934492    -0.002367477607710     0.001254968002016
     0.000275287446460     0.000411204113127     0.001525665249433
18 45
    -0.007141183956916    -0.002953841521794     0.005246886652809
    -0.002919438744016    -0.000363277210884     0.005471194192492
     0.003360983875031     0.001278398557571    -0.006154424036281
18 46
    -0.001015727607710    -0.001065764140842    -0.000844992315445
     0.000803755700428     0.001932821995465    -0.000328722474175
    -0.000882480410683     0.000960737843285    -0.000786346655329
18 47
    -0.007133620464853     0.004735866811539    -0.004650837553540
     0.004033606890905    -0.002553822845805     0.004075483875031
    -0.004326514140842     0.003693106890905    -0.003122517290249
18 48
     0.002270329931973    -0.001098698664651    -0.000548442712270
     0.000441003716301    -0.001986636337868     0.001458658478206
     0.000656255700428     0.001026414430587    -0.000557481575964
18 49
     0.001928117630385     0.002507868795666     0.002124854906778
     0.003458071176619     0.004047151360544    -0.000069418902746
     0.001993563240111    -0.000484403029730     0.003633153344671
18 50
    -0.003788606575964     0.000177813240111    -0.000153393109095
    -0.000287649061476    -0.001585693877551    -0.000235678823381
    -0.000005226442429     0.000083668398841    -0.002380326814059
18 51
     0.000663222789116    -0.002366220490048    -0.001147274061476
    -0.001991744299572     0.004002413265306    -0.000803547871000
    -0.002200895093222    -0.000132855410683     0.003435528344671
18 52
    -0.027039602607710    -0.031263851442429     0.016547219986143
    -0.031158359378937    -0.029143322845805     0.016317708081381
    -0.015936990331318    -0.015244692712270     0.030729798185941
18 53
    -0.190560620464853    -0.033266321680524     0.033712225938524
    -0.033298018109095    -0.185678868480726     0.035559702129000
     0.032998985859158     0.034767638636936    -0.189911721655329
18 54
    -0.031233219671202     0.017718581097254    -0.031229801839254
    -0.018680966521794     0.029065064058957    -0.017250575648778
    -0.035150535966238     0.015354497763920    -0.026995626417234
18 55
    -0.202535683956916     0.042355777525825    -0.045239232394810
     0.035283354906778    -0.182658900226757     0.028744868795666
    -0.036895934775762     0.027148848954397    -0.183904926020408
18 56
     0.002911982709751     0.000271106890905    -0.000605408982111
    -0.000621815728143    -0.000775608560091    -0.001134182791635
     0.000995688240111    -0.001293278029730    -0.000510632369615
18 57
    -0.002551644274376     0.004218940224238     0.004038799351222
     0.004296392605190    -0.006095360544218    -0.004409224458302
     0.004194896573444    -0.004454819696397    -0.002782009353741
18 58
    -0.002601356575964     0.000212442208365    -0.000238948664651
    -0.000041343505921     0.009649746598639     0.000263585065508
    -0.000016964537667    -0.000092635172588    -0.002411902210884
18 59
    -0.003769126417234    -0.004837373267826    -0.003888264140842
    -0.004615526045603    -0.007112144274376    -0.004214043902746
    -0.003759647077349    -0.004224139140842    -0.002633793083900
18 60
    -0.000589287131519     0.001194579113127     0.000954858875031
     0.001475519589317    -0.001085447845805     0.001041152525825
    -0.000622043902746    -0.000172555807508     0.002799722789116
18 61
     0.004345696995465    -0.000504978426556     0.002532354906778
    -0.000773045886873     0.003548407312925     0.003159837049635
     0.002992827129000     0.002975886652809     0.001194081916100
18 62
    -0.028742787131519    -0.017435000251953     0.031178813240111
     0.016133702129000     0.029656746598639    -0.015848335569413
     0.031271398557571     0.018328682287730    -0.029126971655329
18 63
     0.003670196995465     0.000324995779793    -0.002376494299572
     0.000354948160746     0.003962730725624     0.002400106890905
    -0.001972041918619     0.002834241811539     0.000538258503401
19 1
     0.001484478741497    -0.002960408982111     0.002580670382968
    -0.001687593505921     0.000263363662132    -0.003498335569413
     0.001166475938524    -0.001978722474175     0.003290530328798
19 2
     0.003735369614512     0.000500763636936    -0.004401781997984
     0.002387934271857    -0.002192213718821    -0.001695075648778
    -0.005542746283699     0.001717037446460     0.002750952947846
19 3
    -0.003213648242630     0.000937604906778     0.000709184271857
    -0.000686736363064    -0.002818114512472    -0.000354309775762
     0.000503458081381     0.000695553319476    -0.001548822845805
19 4
    -0.225010098639456    -0.101328381204334     0.093568055303603
    -0.118107920886873    -0.214942995464853     0.045050587049635
     0.113100360859158     0.042039805303603    -0.216111422052154
19 5
    -0.032253374433107    -0.029915676839254     0.016058696176619
    -0.028329579617032    -0.029755388321995     0.023216303319476
    -0.025788373267826    -0.014263990331318     0.025463927154195
19 6
    -0.006472848639456    -0.001905149061476     0.004589073160746
    -0.000253833585286    -0.002944713718821     0.002575317208365
    -0.000130476442429     0.002148700144873    -0.001711703798186
19 7
    -0.000769374433107    -0.000662133188461    -0.006798097474175
    -0.000057317712270     0.001832760487528    -0.000608728426556
    -0.001037135172588     0.001156166414714    -0.002155096655329
19 8
    -0.196774721655329     0.042972839033762     0.043414839033762
     0.043436904509952    -0.198219836734694    -0.053218416918619
     0.046806487843285    -0.048294585569413    -0.192869566893424
19 9
     0.031797564058957    -0.015079143109095    -0.014988208585286
     0.016700297367095    -0.028423551020408    -0.031180214537667
     0.016394354906778    -0.032855968505921    -0.029704610544218
19 10
    -0.008177074829932    -0.005101968505921    -0.005406518109095
    -0.004508250251953    -0.003885054988662    -0.003514391124969
    -0.003937539934492    -0.002827498267826    -0.003008114512472
19 11
     0.014875948979592    -0.001918464537667     0.002453295382968
     0.002453295382968    -0.001350614512472    -0.000614702632905
    -0.001918464537667    -0.001331726442429    -0.001350614512472
19 12
     0.003138935090703    -0.000308815728143     0.002567614827412
     0.000733346970270     0.002373435090703     0.001825600938524
     0.001648700144873     0.002937511652809     0.001798885487528
19 13
    -0.002512499433107     0.004928104906778     0.002463928319476
     0.001521350938524    -0.001675166099773     0.001291789430587
     0.000370721970270    -0.000367787950365     0.000612385487528
19 14
     0.004442500566893     0.001517787446460    -0.001165631204334
     0.000839227922651     0.003013635487528     0.003686362843285
     0.000266833081381     0.001745634668682     0.003212617630385
19 15
    -0.000361808956916     0.000301981890905     0.002127731890905
    -0.000517577632905     0.002053700963719     0.000330975938524
     0.001621325144873     0.001261376732174    -0.001517890306122
19 16
    -0.007978096655329     0.005644634668682     0.004543543398841
     0.004362168398841    -0.002633858560091    -0.002923948664651
     0.004061098954397    -0.003084803823381    -0.002785670068027
19 17
     0.032026314058957     0.015004837049635     0.015110061255984
    -0.016256214537667    -0.029638152210884    -0.032745956601159
    -0.016332133188461    -0.031170601442429    -0.028417509353741
19 18
    -0.196152074829932    -0.039522972474175    -0.041328264140842
    -0.041061859378937    -0.192021531179138    -0.044064861363064
    -0.041944680807508    -0.050122528029730    -0.198117013321995
19 19
     0.948491948979591     0.071407216017889    -0.075299135172588
     0.071407216017889     0.889532218820862     0.047395285462333
    -0.075299135172588     0.047395285462333     0.884063802154195
19 20
     0.004040125566893    -0.002990210569413     0.001012491811539
    -0.001565986363064     0.002371450963719     0.002992271573444
    -0.000549577632905     0.002165475938524     0.003177552154195
19 21
    -0.026897308956916     0.028741027525825    -0.017838813744016
     0.033826505700428    -0.031570306972789     0.016141888636936
     0.013423741811539    -0.010717410966238     0.029178617630385
19 22
     0.003237935090703     0.001087035462333    -0.001932361363064
    -0.000028369299572     0.001940593820862     0.002037148557571
    -0.001505333585286     0.003679089033762     0.001957351757370
19 23
    -0.031329499433107    -0.014973651045603     0.032222559271857
     0.024853027525825     0.023027718820862    -0.014973651045603
     0.030778920382968     0.024853027525825    -0.031329499433107
19 24
     0.004841407312925     0.001253624748047     0.000270454113127
     0.001682589033762     0.000657863662132    -0.002823174855127
     0.000384033478206    -0.002020061759889     0.003658655328798
19 25
     0.026267042233560    -0.016046442712270     0.017002136652809
     0.014325136652809    -0.029148098639456     0.034294892605190
    -0.014173418902746     0.032644505700428    -0.030059306972789
19 26
     0.003594762471655     0.000031583081381    -0.002088337553540
    -0.000624770093222     0.002860814058957    -0.002979770093222
    -0.002044950648778    -0.002187656997984     0.001578855725624
19 27
    -0.001431412131519    -0.000529565728143     0.000130763636936
    -0.000780575648778    -0.001792275226757     0.001018426335349
     0.001401493795666    -0.000875585569413    -0.004364358560091
19 28
    -0.007295312925170    -0.003069857394810     0.002806708081381
    -0.005590486363064    -0.001215322845805     0.000949087049635
     0.005218571176619     0.001986535462333    -0.000276277210884
19 29
    -0.000714707766440    -0.001842276045603    -0.000330565728143
    -0.001493117315445    -0.001927743480726     0.001064303319476
     0.000823577129000    -0.000114934775762     0.001714579931973
19 30
    -0.175657437925170     0.047672253716301    -0.048469153029730
     0.025039001732174    -0.157117068877551     0.009280047367095
    -0.025355416918619     0.008831325144873    -0.156114656179138
19 31
    -0.027591582766440     0.017976979906778    -0.028735696680524
    -0.013690617315445     0.029132788265306    -0.010972547871000
    -0.033441047871000     0.015830041414714    -0.032420201814059
19 32
     0.000152881519274     0.005391602922651     0.001649932287730
     0.001313450144873    -0.005515461734694    -0.002918087553540
     0.007559144589317    -0.005511724458302    -0.006425670068027
19 33
     0.001769962868481     0.000339594986143    -0.000372950648778
     0.000051527525825    -0.000655551020408    -0.001378069696397
    -0.000148278029730    -0.001563831601159    -0.000817634353741
19 34
    -0.000174308956916    -0.001844176839254    -0.005429847474175
    -0.007140020093222    -0.005586739512472    -0.005064889140842
    -0.002099200648778    -0.002999026045603    -0.005426822845805
19 35
    -0.000555316893424    -0.000179684775762     0.001554769589317
     0.000083593002016    -0.001662799036281     0.002380430303603
     0.000233162446460     0.000476543398841     0.007772242630385
19 36
    -0.000244416099773    -0.002960674855127     0.003453769589317
    -0.003736531997984     0.003072185090703     0.001188604906778
     0.003336170382968     0.001255620779793     0.002782986678005
19 37
    -0.032087041099773     0.035014650541698     0.016426291414714
     0.033412031494079    -0.032087041099773    -0.014018391124969
    -0.014018391124969     0.016426291414714     0.024133052154195
19 38
     0.000768458900227     0.001192065224238    -0.001518595490048
     0.001006100938524     0.000222070011338     0.001392507684555
    -0.001048712553540     0.001413593002016     0.000300601757370
19 39
    -0.001675166099773    -0.000367787950365     0.004928104906778
     0.001291789430587     0.000612385487528     0.002463928319476
     0.001521350938524     0.000370721970270    -0.002512499433107
19 40
     0.001796728741497     0.001501023557571     0.003183456097254
     0.000927440224238     0.004192542233560     0.000761948160746
     0.002332011652809    -0.001929539934492     0.001587780328798
19 41
     0.002589266439909    -0.000154678823381    -0.000873726442429
     0.001097747763920    -0.000670947845805     0.002093630700428
     0.000413829113127     0.000979757684555    -0.001918931972789
19 42
     0.000708792233560    -0.002674801839254    -0.001091031997984
    -0.001433666918619     0.000435946995465    -0.001116547871000
    -0.000920641124969    -0.001324002236080     0.000649597789116
19 43
    -0.001274878401361    -0.000315057791635     0.000300059271857
     0.000417664430587    -0.001218447845805     0.000545553319476
    -0.000249861363064     0.000532753716301    -0.001120920068027
19 44
    -0.002298945861678    -0.004155460569413     0.002109360859158
    -0.004882726442429    -0.007439727607710     0.004644156494079
     0.002530041414714     0.003673975938524    -0.002919269274376
19 45
    -0.000786160147392    -0.000375016124969     0.001950932287730
    -0.001466000251953    -0.001256777210884     0.000022507684555
    -0.001233637156715     0.001728295382968     0.000627266439909
19 46
    -0.003355828798186     0.002467686255984    -0.003979321680524
     0.002926069192492    -0.002842178004535     0.004183216017889
    -0.004023851442429     0.006160759668682    -0.006209781179138
19 47
    -0.001414471655329     0.000851567208365    -0.001086166918619
    -0.000673079617032     0.001942927154195     0.001229047367095
    -0.001232760172588    -0.000047996283699    -0.001624826814059
19 48
     0.000770853741497     0.000822001732174     0.003282477922651
     0.000425192208365    -0.000145136337868    -0.001422153029730
     0.001415634668682    -0.000796188744016     0.000649083900227
19 49
     0.002385766439909     0.001277694192492     0.000981775541698
     0.000426634668682    -0.001673723639456     0.001638019589317
    -0.000835307791635     0.001636493795666    -0.001630656179138
19 50
     0.002223042233560    -0.003482236363064    -0.002495097474175
    -0.003194335569413     0.002488306122449    -0.001249990331318
    -0.001090222474175     0.000690315224238     0.005116488662132
19 51
    -0.001799003401361    -0.000446145093222     0.000261896573444
     0.000037694192492    -0.001776086734694    -0.000211609378937
     0.000133358875031    -0.000247458585286    -0.001670656179138
19 52
    -0.003076953798186    -0.002354901045603     0.001642390621063
    -0.003375420886873    -0.001986072845805     0.003465271573444
     0.003978388636936     0.003957329113127    -0.006693761337868
19 53
    -0.029228346655329    -0.031044246283699    -0.016182978426556
    -0.031152829617032    -0.028527743480726    -0.015504984378937
     0.017934239827412     0.018243910462333     0.029816843820862
19 54
    -0.003496445861678     0.003322781494079    -0.002625631204334
     0.003742471970270    -0.008540435941043     0.003696612843285
    -0.003297406997984     0.004082019589317    -0.001531935941043
19 55
    -0.030362910147392    -0.017853897077349    -0.031944561759889
     0.018435543398841     0.031202974773243     0.016191182287730
    -0.032175430807508    -0.016166629220207    -0.030345110544218
19 56
    -0.002800243480726     0.003139807287730     0.003986886652809
     0.002380997763920    -0.002452108560091    -0.004702744299572
     0.004852942208365    -0.004222131204334    -0.005203441893424
19 57
     0.002705879535147    -0.001256609378937     0.001272219986143
     0.001205456097254    -0.000878235544218    -0.001105785966238
    -0.001170849458302    -0.001136672871000    -0.000780943877551
19 58
    -0.003221832766440    -0.004213482394810    -0.003539403029730
    -0.005361905013857    -0.006261128401361    -0.005048101442429
    -0.002190585569413    -0.004380488347191    -0.001986086734694
19 59
    -0.001249977607710    -0.001105672871000     0.000668031494079
     0.000592787446460     0.007873355725624     0.000623144589317
    -0.000026268109095     0.002333757684555    -0.002177477607710
19 60
     0.000680736678005    -0.001282970490048     0.001116779509952
    -0.001383541918619     0.000619802154195     0.001211216017889
     0.001227960065508     0.001378091017889     0.001043038265306
19 61
    -0.000971404195011     0.000764721970270    -0.000608724458302
     0.001286017605190    -0.001701592687075    -0.000249724458302
     0.000874581097254     0.001079033478206     0.002230022392290
19 62
     0.001738236678005     0.002413200144873    -0.002422891124969
     0.002209890621063     0.004474996598639     0.000589727922651
    -0.002290847474175     0.000422704113127     0.004152593820862
19 63
    -0.029598404195011     0.015745946176619     0.030552551335349
    -0.017797238347191     0.029952105725624     0.018688170382968
     0.030739712049635    -0.015389486363064    -0.028461551020408
20 1
     0.000609405328798     0.000021513636936    -0.001433772077349
     0.000670354906778     0.002106095804989     0.000670354906778
    -0.001433772077349     0.000021513636936     0.000609405328798
20 2
    -0.024874078798186    -0.033717563744016     0.015249900541698
    -0.032919117315445    -0.029799606575964     0.013714239827412
    -0.011620244299572    -0.015736726442429     0.030011952947846
20 3
    -0.192616471655329    -0.041378722474175     0.042827741811539
    -0.041897287950365    -0.190052257369615     0.050698880700428
     0.040066085065508     0.044254414430587    -0.194610197845805
20 4
    -0.001515172052154     0.000488291414714    -0.000160887156715
     0.001647402525825    -0.002967888321995     0.001647402525825
    -0.000160887156715     0.000488291414714    -0.001515172052154
20 5
     0.004564302154195    -0.003128754220207    -0.001017996283699
    -0.002972131204334     0.000757718820862    -0.002972131204334
    -0.001017996283699    -0.003128754220207     0.004564302154195
20 6
     0.030011952947846    -0.015736726442429    -0.011620244299572
     0.013714239827412    -0.029799606575964    -0.032919117315445
     0.015249900541698    -0.033717563744016    -0.024874078798186
20 7
    -0.194610197845805     0.044254414430587     0.040066085065508
     0.050698880700428    -0.190052257369615    -0.041897287950365
     0.042827741811539    -0.041378722474175    -0.192616471655329
20 8
     0.000159954931973    -0.001342363347191    -0.001156728426556
     0.001022477922651     0.003092270408163    -0.000299976442429
    -0.001160385172588     0.000706025541698    -0.000593816893424
20 9
    -0.005847509353741     0.004321904509952    -0.004631526045603
     0.003744870779793    -0.002616443877551     0.004510725938524
    -0.003965893109095     0.004338767605190    -0.002856110544218
20 10
    -0.000246898242630     0.001164454113127     0.001070414430587
     0.001494073160746    -0.000967947845805     0.000692674351222
    -0.001330162950365    -0.000399762156715     0.002741260487528
20 11
     0.004442500566893     0.000266833081381     0.000839227922651
    -0.001165631204334     0.003212617630385     0.003686362843285
     0.001517787446460     0.001745634668682     0.003013635487528
20 12
     0.009005736678005     0.000089856890905     0.000741922367095
    -0.000611829617032    -0.000675332766440    -0.000213083585286
     0.000533202129000    -0.000069377236080    -0.000550239512472
20 13
    -0.005426822845805    -0.005429847474175    -0.005064889140842
    -0.002099200648778    -0.000174308956916    -0.007140020093222
    -0.002999026045603    -0.001844176839254    -0.005586739512472
20 14
     0.029939552154195     0.016028835065508    -0.016780573664651
    -0.016780573664651    -0.025202757369615     0.029228428319476
     0.016028835065508     0.029538745779793    -0.025202757369615
20 15
     0.004892117630385     0.000566529509952     0.002313914430587
     0.000664245779793     0.005085308106576    -0.002384708585286
     0.002009327129000    -0.002682137156715     0.002226859693878
20 16
    -0.029477170068027     0.016046182287730    -0.032110774061476
    -0.016099633188461     0.031954373582766    -0.016099633188461
    -0.032110774061476     0.016046182287730    -0.029477170068027
20 17
    -0.198258134353741     0.044300634668682    -0.043911006204334
     0.043421233875031    -0.196627670068027     0.043421233875031
    -0.043911006204334     0.044300634668682    -0.198258134353741
20 18
    -0.029071273242630     0.032704325144873    -0.017153706601159
     0.032903964033762    -0.030546799036281     0.016383704113127
     0.017114196176619    -0.015301541918619     0.032055986678005
20 19
     0.004040125566893    -0.001565986363064    -0.000549577632905
    -0.002990210569413     0.002371450963719     0.002165475938524
     0.001012491811539     0.002992271573444     0.003177552154195
20 20
     0.873232302154195    -0.001608162950365     0.003566424351222
    -0.001608162950365     0.863188933106576    -0.001608162950365
     0.003566424351222    -0.001608162950365     0.873232302154195
20 21
    -0.199163882369614    -0.041783049855127    -0.044210131204334
    -0.043922545886873    -0.194845949829932    -0.043922545886873
    -0.044210131204334    -0.041783049855127    -0.199163882369614
20 22
     0.032055986678005    -0.015301541918619     0.017114196176619
     0.016383704113127    -0.030546799036281     0.032903964033762
    -0.017153706601159     0.032704325144873    -0.029071273242630
20 23
     0.003177552154195     0.002992271573444     0.001012491811539
     0.002165475938524     0.002371450963719    -0.002990210569413
    -0.000549577632905    -0.001565986363064     0.004040125566893
20 24
    -0.029249416099773    -0.016270702632905     0.034356386652809
     0.017318912446460     0.027140720804989    -0.017310234378937
     0.032870785462333     0.016942924351222    -0.030785094671202
20 25
     0.004271593820862    -0.000083395093222    -0.002770805807508
     0.000078460065508     0.005043133503401     0.002961083081381
    -0.002928166918619     0.003010741811539     0.002752443027211
20 26
     0.000239439058957    -0.001602119299572    -0.000926530013857
    -0.001269821680524    -0.001127578798186     0.000507795382968
     0.001030801335349    -0.000980670886873     0.003224605725624
20 27
    -0.006980985544218    -0.004286643109095     0.004613446176619
    -0.005930877236080    -0.002590543083900     0.002917866811539
     0.005601245779793     0.002937025541698    -0.002753983560091
20 28
    -0.001487261337868     0.000139815224238    -0.000082609378937
     0.000301462049635    -0.000980090702948     0.000215277525825
     0.000440198160746     0.000314521573444    -0.002751902210884
20 29
     0.004939343820862    -0.000008978426556    -0.002396633188461
    -0.000304418902746     0.004531988662132    -0.003036631204334
    -0.002694545886873    -0.002561073664651     0.001795704931973
20 30
     0.032523363662132     0.016346676335349     0.016913779509952
    -0.015046674855127    -0.028201836734694    -0.031876637156715
    -0.015906164934492    -0.031907188744016    -0.027029781179138
20 31
    -0.006286031179138     0.004814027525825     0.004708360859158
     0.004428581097254    -0.001902229591837    -0.003861357394810
     0.004596454113127    -0.003496097474175    -0.002060451814059
20 32
    -0.000593816893424     0.000706025541698    -0.001160385172588
    -0.000299976442429     0.003092270408163     0.001022477922651
    -0.001156728426556    -0.001342363347191     0.000159954931973
20 33
    -0.002856110544218     0.004338767605190    -0.003965893109095
     0.004510725938524    -0.002616443877551     0.003744870779793
    -0.004631526045603     0.004321904509952    -0.005847509353741
20 34
    -0.025202757369615     0.029538745779793     0.016028835065508
     0.029228428319476    -0.025202757369615    -0.016780573664651
    -0.016780573664651     0.016028835065508     0.029939552154195
20 35
     0.002226859693878    -0.002682137156715     0.002009327129000
    -0.002384708585286     0.005085308106576     0.000664245779793
     0.002313914430587     0.000566529509952     0.004892117630385
20 36
    -0.000550239512472    -0.000069377236080     0.000533202129000
    -0.000213083585286    -0.000675332766440    -0.000611829617032
     0.000741922367095     0.000089856890905     0.009005736678005
20 37
    -0.005586739512472    -0.001844176839254    -0.002999026045603
    -0.007140020093222    -0.000174308956916    -0.002099200648778
    -0.005064889140842    -0.005429847474175    -0.005426822845805
20 38
     0.002741260487528    -0.000399762156715    -0.001330162950365
     0.000692674351222    -0.000967947845805     0.001494073160746
     0.001070414430587     0.001164454113127    -0.000246898242630
20 39
     0.003013635487528     0.001745634668682     0.001517787446460
     0.003686362843285     0.003212617630385    -0.001165631204334
     0.000839227922651     0.000266833081381     0.004442500566893
20 40
    -0.000490594671202    -0.000873178823381     0.000719888636936
     0.000398138636936     0.002280149376417     0.000398138636936
     0.000719888636936    -0.000873178823381    -0.000490594671202
20 41
     0.001981943027211     0.001381493795666    -0.001514168902746
     0.001429196176619     0.002643409297052     0.001429196176619
    -0.001514168902746     0.001381493795666     0.001981943027211
20 42
    -0.000359156179138    -0.001121254220207     0.001508400541698
    -0.001257218505921    -0.001065695861678    -0.000502482394810
    -0.000708389140842    -0.000222391124969     0.003027347789116
20 43
    -0.002606076814059    -0.004057260172588     0.003912491811539
    -0.003782012156715    -0.005502965702948     0.004513243795666
     0.003490015621063     0.004562864827412    -0.001985545068027
20 44
    -0.000622894274376     0.000053337049635    -0.000306706601159
    -0.000166653029730    -0.000580370464853    -0.000166653029730
    -0.000306706601159     0.000053337049635    -0.000622894274376
20 45
     0.000970391439909    -0.001263843505921    -0.001327885172588
    -0.001139926839254     0.001750579931973    -0.001139926839254
    -0.001327885172588    -0.001263843505921     0.000970391439909
20 46
     0.003027347789116    -0.000222391124969    -0.000708389140842
    -0.000502482394810    -0.001065695861678    -0.001257218505921
     0.001508400541698    -0.001121254220207    -0.000359156179138
20 47
    -0.001985545068027     0.004562864827412     0.003490015621063
     0.004513243795666    -0.005502965702948    -0.003782012156715
     0.003912491811539    -0.004057260172588    -0.002606076814059
20 48
    -0.030785094671202     0.016942924351222     0.032870785462333
    -0.017310234378937     0.027140720804989     0.017318912446460
     0.034356386652809    -0.016270702632905    -0.029249416099773
20 49
     0.002752443027211     0.003010741811539    -0.002928166918619
     0.002961083081381     0.005043133503401     0.000078460065508
    -0.002770805807508    -0.000083395093222     0.004271593820862
20 50
    -0.027029781179138    -0.031907188744016    -0.015906164934492
    -0.031876637156715    -0.028201836734694    -0.015046674855127
     0.016913779509952     0.016346676335349     0.032523363662132
20 51
    -0.002060451814059    -0.003496097474175     0.004596454113127
    -0.003861357394810    -0.001902229591837     0.004428581097254
     0.004708360859158     0.004814027525825    -0.006286031179138
20 52
    -0.002751902210884     0.000314521573444     0.000440198160746
     0.000215277525825    -0.000980090702948     0.000301462049635
    -0.000082609378937     0.000139815224238    -0.001487261337868
20 53
     0.001795704931973    -0.002561073664651    -0.002694545886873
    -0.003036631204334     0.004531988662132    -0.000304418902746
    -0.002396633188461    -0.000008978426556     0.004939343820862
20 54
     0.003224605725624    -0.000980670886873     0.001030801335349
     0.000507795382968    -0.001127578798186    -0.001269821680524
    -0.000926530013857    -0.001602119299572     0.000239439058957
20 55
    -0.002753983560091     0.002937025541698     0.005601245779793
     0.002917866811539    -0.002590543083900    -0.005930877236080
     0.004613446176619    -0.004286643109095    -0.006980985544218
20 56
    -0.028816191893424    -0.017711145093222    -0.032340055807508
     0.016495446176619     0.031541498582766     0.016495446176619
    -0.032340055807508    -0.017711145093222    -0.028816191893424
20 57
    -0.002159943877551     0.004563688240111    -0.004378222474175
     0.004485529509952    -0.005481503401361     0.004485529509952
    -0.004378222474175     0.004563688240111    -0.002159943877551
20 58
    -0.000052906179138     0.001541690224238    -0.000604845490048
     0.001453168398841    -0.000214646258503    -0.000719910966238
     0.000991166414714     0.000354372763920     0.003584038265306
20 59
     0.001228573979592    -0.001349875251953     0.000960714033762
    -0.001330264140842     0.001456462868481     0.001241710065508
     0.001204858875031     0.001117118795666     0.001567147392290
20 60
    -0.001398211734694     0.000255577129000     0.000007087049635
     0.000145156494079     0.009898284297052     0.000145156494079
     0.000007087049635     0.000255577129000    -0.001398211734694
20 61
    -0.002445477607710    -0.004127105410683    -0.004674541918619
    -0.004900908982111    -0.006243485544218    -0.004900908982111
    -0.004674541918619    -0.004127105410683    -0.002445477607710
20 62
     0.003584038265306     0.000354372763920     0.000991166414714
    -0.000719910966238    -0.000214646258503     0.001453168398841
    -0.000604845490048     0.001541690224238    -0.000052906179138
20 63
     0.001567147392290     0.001117118795666     0.001204858875031
     0.001241710065508     0.001456462868481    -0.001330264140842
     0.000960714033762    -0.001349875251953     0.001228573979592
21 1
     0.001166970804989     0.000636880700428    -0.001062952632905
     0.000665093002016     0.001237962868481     0.000665093002016
    -0.001062952632905     0.000636880700428     0.001166970804989
21 2
    -0.002058388321995    -0.003628696680524     0.005329719986143
    -0.004294629220207    -0.003525239512472     0.004295852922651
     0.002424825144873     0.004097140621063    -0.006746481575964
21 3
    -0.029142156179138    -0.031290480410683    -0.017778813744016
    -0.030045174855127    -0.027445515306122    -0.018577381204334
     0.017822404509952     0.016798906494079     0.030786367630385
21 4
     0.002052768424036    -0.004663466521794     0.002102932287730
     0.000051890621063     0.002496853741497     0.000051890621063
     0.002102932287730    -0.004663466521794     0.002052768424036
21 5
    -0.000906007369615    -0.000003387156715     0.000171698160746
     0.000174731890905    -0.000775789115646     0.000174731890905
     0.000171698160746    -0.000003387156715    -0.000906007369615
21 6
    -0.006746481575964     0.004097140621063     0.002424825144873
     0.004295852922651    -0.003525239512472    -0.004294629220207
     0.005329719986143    -0.003628696680524    -0.002058388321995
21 7
     0.030786367630385     0.016798906494079     0.017822404509952
    -0.018577381204334    -0.027445515306122    -0.030045174855127
    -0.017778813744016    -0.031290480410683    -0.029142156179138
21 8
    -0.002006854591837     0.003967378716301    -0.004027158982111
     0.003408966017889    -0.002414112528345     0.004154511652809
    -0.004386440728143     0.004506267605190    -0.005800376417234
21 9
     0.000237306122449     0.000775396573444    -0.001400956601159
    -0.000668141124969     0.003619048185941     0.000785464033762
    -0.001219323664651    -0.000656490331318     0.000027329931973
21 10
     0.001029167233560    -0.000827803823381     0.001059233875031
    -0.001116813744016     0.000969169217687     0.001420037446460
     0.001049281494079     0.001511979906778     0.000944075963719
21 11
    -0.000361808956916     0.001621325144873    -0.000517577632905
     0.002127731890905    -0.001517890306122     0.000330975938524
     0.000301981890905     0.001261376732174     0.002053700963719
21 12
    -0.006383572845805    -0.004388776045603    -0.004596258188461
    -0.004235091521794    -0.002502965702948    -0.003801220490048
    -0.004591728426556    -0.003462760172588    -0.002200049036281
21 13
     0.007772242630385     0.001554769589317     0.002380430303603
     0.000233162446460    -0.000555316893424     0.000083593002016
     0.000476543398841    -0.000179684775762    -0.001662799036281
21 14
     0.004892117630385     0.002009327129000     0.000664245779793
     0.002313914430587     0.002226859693878    -0.002384708585286
     0.000566529509952    -0.002682137156715     0.005085308106576
21 15
     0.031302183106576    -0.017507103426556     0.017397233875031
     0.017397233875031    -0.027911949829932     0.032074154509952
    -0.017507103426556     0.031454479906778    -0.027911949829932
21 16
    -0.002256354591837     0.004889049351222    -0.004454079617032
     0.004523479906778    -0.005859759353741     0.004523479906778
    -0.004454079617032     0.004889049351222    -0.002256354591837
21 17
    -0.028275943877551    -0.017453373267826    -0.031449811759889
     0.016691971970270     0.031472571995465     0.016691971970270
    -0.031449811759889    -0.017453373267826    -0.028275943877551
21 18
     0.001419667233560    -0.002821182791635     0.002562487843285
    -0.002544422871000     0.004089568027211     0.000216067208365
     0.002687015621063     0.000737200144873     0.004408802154195
21 19
    -0.026897308956916     0.033826505700428     0.013423741811539
     0.028741027525825    -0.031570306972789    -0.010717410966238
    -0.017838813744016     0.016141888636936     0.029178617630385
21 20
    -0.199163882369614    -0.043922545886873    -0.044210131204334
    -0.041783049855127    -0.194845949829932    -0.041783049855127
    -0.044210131204334    -0.043922545886873    -0.199163882369614
21 21
     0.875884683106576    -0.003797682791635     0.006120813240111
    -0.003797682791635     0.874811417233560    -0.003797682791635
     0.006120813240111    -0.003797682791635     0.875884683106576
21 22
     0.004408802154195     0.000737200144873     0.002687015621063
     0.000216067208365     0.004089568027211    -0.002544422871000
     0.002562487843285    -0.002821182791635     0.001419667233560
21 23
     0.029178617630385     0.016141888636936    -0.017838813744016
    -0.010717410966238    -0.031570306972789     0.028741027525825
     0.013423741811539     0.033826505700428    -0.026897308956916
21 24
     0.001549649376417     0.002225414430587    -0.002984668902746
     0.002306025541698     0.004632587868481    -0.000313121283699
    -0.002662395093222     0.000237541414714     0.003799845804989
21 25
    -0.027233340702948     0.017001346970270     0.031175763636936
    -0.016721551839254     0.029930625566893     0.017226196176619
     0.031092527525825    -0.015932266124969    -0.027901366496599
21 26
    -0.002172495464853    -0.004653377236080     0.003299039430587
    -0.004646583585286    -0.006406711734694     0.003764783478206
     0.003460620779793     0.004160446176619    -0.002320453798186
21 27
    -0.000812045068027    -0.001773526045603     0.000857140621063
    -0.001567764140842    -0.001270051020408    -0.001118645093222
    -0.001008684775762     0.000623892605190     0.002546581916100
21 28
     0.004490554138322    -0.000396442712270    -0.002318289934492
    -0.000232049855127     0.004931401360544    -0.002850859378937
    -0.002007982394810    -0.002915986363064     0.002505538265306
21 29
    -0.000989340702948     0.000134013636936     0.000102686255984
     0.000398194192492    -0.000883269274376    -0.000025268109095
     0.000106273557571    -0.000067206601159    -0.000602354591837
21 30
    -0.194075945861678     0.040094418398841     0.044832348954397
     0.039286063240111    -0.194148469671202    -0.045514399061476
     0.043528154509952    -0.040661196680524    -0.196491590702948
21 31
     0.030064159297052    -0.016563480410683    -0.016450569696397
     0.017371069192492    -0.027740987528345    -0.030851744299572
     0.017387773557571    -0.031673855410683    -0.028336886337868
21 32
    -0.005800376417234     0.004506267605190    -0.004386440728143
     0.004154511652809    -0.002414112528345     0.003408966017889
    -0.004027158982111     0.003967378716301    -0.002006854591837
21 33
     0.000027329931973    -0.000656490331318    -0.001219323664651
     0.000785464033762     0.003619048185941    -0.000668141124969
    -0.001400956601159     0.000775396573444     0.000237306122449
21 34
     0.005085308106576    -0.002682137156715     0.000566529509952
    -0.002384708585286     0.002226859693878     0.002313914430587
     0.000664245779793     0.002009327129000     0.004892117630385
21 35
    -0.027911949829932     0.031454479906778    -0.017507103426556
     0.032074154509952    -0.027911949829932     0.017397233875031
     0.017397233875031    -0.017507103426556     0.031302183106576
21 36
    -0.002200049036281    -0.003462760172588    -0.004591728426556
    -0.003801220490048    -0.002502965702948    -0.004235091521794
    -0.004596258188461    -0.004388776045603    -0.006383572845805
21 37
    -0.001662799036281    -0.000179684775762     0.000476543398841
     0.000083593002016    -0.000555316893424     0.000233162446460
     0.002380430303603     0.001554769589317     0.007772242630385
21 38
     0.000944075963719     0.001511979906778     0.001049281494079
     0.001420037446460     0.000969169217687    -0.001116813744016
     0.001059233875031    -0.000827803823381     0.001029167233560
21 39
     0.002053700963719     0.001261376732174     0.000301981890905
     0.000330975938524    -0.001517890306122     0.002127731890905
    -0.000517577632905     0.001621325144873    -0.000361808956916
21 40
     0.004506470804989     0.001978438240111    -0.001236541918619
     0.002199876732174     0.001926516439909     0.002199876732174
    -0.001236541918619     0.001978438240111     0.004506470804989
21 41
    -0.000070741496599     0.000614485859158     0.001540150541698
    -0.000568690728143     0.003481901360544    -0.000568690728143
     0.001540150541698     0.000614485859158    -0.000070741496599
21 42
    -0.006064340702948    -0.003500762156715     0.003739969986143
    -0.004579980410683    -0.001905453798186     0.003839005700428
     0.004205055303603     0.003954350938524    -0.002522961734694
21 43
    -0.000350011337868    -0.000967518109095    -0.000900063744016
    -0.001081524061476    -0.000413223639456     0.000731731890905
     0.000561960065508    -0.000623768109095     0.003289020408163
21 44
     0.001063046201814    -0.001374420886873    -0.001530012156715
    -0.001486414934492     0.001111871598639    -0.001486414934492
    -0.001530012156715    -0.001374420886873     0.001063046201814
21 45
    -0.000616543083900     0.000188898557571    -0.000128315728143
     0.000191561255984    -0.000390803004535     0.000191561255984
    -0.000128315728143     0.000188898557571    -0.000616543083900
21 46
    -0.002522961734694     0.003954350938524     0.004205055303603
     0.003839005700428    -0.001905453798186    -0.004579980410683
     0.003739969986143    -0.003500762156715    -0.006064340702948
21 47
     0.003289020408163    -0.000623768109095     0.000561960065508
     0.000731731890905    -0.000413223639456    -0.001081524061476
    -0.000900063744016    -0.000967518109095    -0.000350011337868
21 48
     0.003799845804989     0.000237541414714    -0.002662395093222
    -0.000313121283699     0.004632587868481     0.002306025541698
    -0.002984668902746     0.002225414430587     0.001549649376417
21 49
    -0.027901366496599    -0.015932266124969     0.031092527525825
     0.017226196176619     0.029930625566893    -0.016721551839254
     0.031175763636936     0.017001346970270    -0.027233340702948
21 50
    -0.196491590702948    -0.040661196680524     0.043528154509952
    -0.045514399061476    -0.194148469671202     0.039286063240111
     0.044832348954397     0.040094418398841    -0.194075945861678
21 51
    -0.028336886337868    -0.031673855410683     0.017387773557571
    -0.030851744299572    -0.027740987528345     0.017371069192492
    -0.016450569696397    -0.016563480410683     0.030064159297052
21 52
     0.002505538265306    -0.002915986363064    -0.002007982394810
    -0.002850859378937     0.004931401360544    -0.000232049855127
    -0.002318289934492    -0.000396442712270     0.004490554138322
21 53
    -0.000602354591837    -0.000067206601159     0.000106273557571
    -0.000025268109095    -0.000883269274376     0.000398194192492
     0.000102686255984     0.000134013636936    -0.000989340702948
21 54
    -0.002320453798186     0.004160446176619     0.003460620779793
     0.003764783478206    -0.006406711734694    -0.004646583585286
     0.003299039430587    -0.004653377236080    -0.002172495464853
21 55
     0.002546581916100     0.000623892605190    -0.001008684775762
    -0.001118645093222    -0.001270051020408    -0.001567764140842
     0.000857140621063    -0.001773526045603    -0.000812045068027
21 56
    -0.199131126417233     0.046309721970270    -0.046314361363064
     0.046051684271857    -0.199365134353741     0.046051684271857
    -0.046314361363064     0.046309721970270    -0.199131126417233
21 57
    -0.027713253401361     0.016949930303603    -0.031675028029730
    -0.017224982394810     0.031443488662132    -0.017224982394810
    -0.031675028029730     0.016949930303603    -0.027713253401361
21 58
     0.004751284297052    -0.000405817712270     0.002391973954397
    -0.000449218505921     0.004960345804989     0.002278577129000
     0.002562485859158     0.002443739827412     0.002142728741497
21 59
    -0.000443985544218     0.001321241811539     0.000705908478206
     0.001307723954397    -0.000097545068027     0.000835823160746
    -0.000562571680524    -0.000759264140842     0.003354837868481
21 60
    -0.001893146258503    -0.004449805807508    -0.003701843505921
    -0.004445730410683    -0.006061223639456    -0.004445730410683
    -0.003701843505921    -0.004449805807508    -0.001893146258503
21 61
    -0.000789162131519    -0.000023488347191     0.000431527525825
     0.000166079113127     0.009214881519274     0.000166079113127
     0.000431527525825    -0.000023488347191    -0.000789162131519
21 62
     0.002142728741497     0.002443739827412     0.002562485859158
     0.002278577129000     0.004960345804989    -0.000449218505921
     0.002391973954397    -0.000405817712270     0.004751284297052
21 63
     0.003354837868481    -0.000759264140842    -0.000562571680524
     0.000835823160746    -0.000097545068027     0.001307723954397
     0.000705908478206     0.001321241811539    -0.000443985544218
22 1
    -0.026908410147392     0.035055255700428    -0.011853653029730
     0.031712475938524    -0.031734886337868     0.014900718002016
     0.018990874748047    -0.024282484378937     0.030950954931973
22 2
    -0.000776894274376     0.000006303319476    -0.000426855410683
     0.000441253716301     0.000624911281179    -0.000614022077349
     0.000673777525825    -0.000071974458302    -0.000244747448980
22 3
    -0.007671162131519     0.004829644589317    -0.004259139140842
     0.005762583081381    -0.002168614512472     0.003574743795666
    -0.005517268109095     0.003396666414714    -0.003056023242630
22 4
     0.030722012471655     0.015567908478206     0.013083981890905
    -0.013025351442429    -0.030928745464853    -0.032277734378937
    -0.015545865331318    -0.030826331601159    -0.024342247448980
22 5
    -0.005632763321995     0.004847987843285     0.005724372763920
     0.002054114827412    -0.000209388321995    -0.006963268109095
     0.003416150541698    -0.002907002236080    -0.005507148242630
22 6
    -0.001821112528345     0.000239765621063    -0.000450250251953
    -0.000820264140842    -0.002533088718821     0.001428120779793
    -0.000204077632905    -0.000177561759889    -0.000942904195011
22 7
     0.002713986678005    -0.002805468505921    -0.000457170886873
    -0.001557498267826     0.002535135487528    -0.003138299855127
     0.000283263636936    -0.001629845490048     0.002561952947846
22 8
    -0.000781110544218    -0.001202746283699    -0.000829484378937
    -0.001320901045603    -0.001349086734694     0.000738261652809
     0.001355511652809    -0.000617972474175     0.002258357709751
22 9
    -0.006546824829932    -0.004052978426556     0.004416718002016
    -0.003989008188461    -0.003393926020408     0.004197339033762
     0.004407878716301     0.003823394589317    -0.003350685941043
22 10
    -0.000891463718821     0.001725571176619     0.001391908478206
    -0.000686305807508     0.001538070011338    -0.000267087553540
     0.001259733875031     0.000440739827412    -0.001448064909297
22 11
     0.003138935090703     0.001648700144873     0.000733346970270
     0.002567614827412     0.001798885487528     0.001825600938524
    -0.000308815728143     0.002937511652809     0.002373435090703
22 12
     0.028304671201814    -0.014885151045603     0.016917916414714
     0.016917916414714    -0.026964689909297     0.032876904509952
    -0.014885151045603     0.029326749748047    -0.026964689909297
22 13
     0.002782986678005     0.003453769589317     0.001188604906778
     0.003336170382968    -0.000244416099773    -0.003736531997984
     0.001255620779793    -0.002960674855127     0.003072185090703
22 14
     0.009005736678005     0.000533202129000    -0.000611829617032
     0.000741922367095    -0.000550239512472    -0.000213083585286
     0.000089856890905    -0.000069377236080    -0.000675332766440
22 15
    -0.006383572845805    -0.004591728426556    -0.004235091521794
    -0.004596258188461    -0.002200049036281    -0.003801220490048
    -0.004388776045603    -0.003462760172588    -0.002502965702948
22 16
    -0.029593110544218    -0.032475325648778     0.017459594986143
    -0.032337637156715    -0.031390983560091     0.016375354906778
    -0.017509377236080    -0.016635440728143     0.031206504535147
22 17
    -0.202916324829932    -0.050496373267826     0.047244112843285
    -0.050213645093222    -0.202933527210884     0.051167346970270
     0.047418765621063     0.051726511652809    -0.204527709750567
22 18
    -0.031635713718821    -0.016775432791635     0.034354662446460
     0.016097210065508     0.030873468820862    -0.016775432791635
     0.033465718002016     0.016097210065508    -0.031635713718821
22 19
     0.003237935090703    -0.000028369299572    -0.001505333585286
     0.001087035462333     0.001940593820862     0.003679089033762
    -0.001932361363064     0.002037148557571     0.001957351757370
22 20
     0.032055986678005     0.016383704113127    -0.017153706601159
    -0.015301541918619    -0.030546799036281     0.032704325144873
     0.017114196176619     0.032903964033762    -0.029071273242630
22 21
     0.004408802154195     0.000216067208365     0.002562487843285
     0.000737200144873     0.004089568027211    -0.002821182791635
     0.002687015621063    -0.002544422871000     0.001419667233560
22 22
     0.911782671201814     0.019660575144873    -0.008675184775762
     0.019660575144873     0.896195468820861    -0.007190297871000
    -0.008675184775762    -0.007190297871000     0.921496401360544
22 23
    -0.198117013321995    -0.044064861363064    -0.041328264140842
    -0.050122528029730    -0.192021531179138    -0.039522972474175
    -0.041944680807508    -0.041061859378937    -0.196152074829932
22 24
    -0.000557481575964     0.001026414430587     0.000656255700428
     0.001458658478206    -0.001986636337868     0.000441003716301
    -0.000548442712270    -0.001098698664651     0.002270329931973
22 25
     0.003633153344671    -0.000484403029730     0.001993563240111
    -0.000069418902746     0.004047151360544     0.003458071176619
     0.002124854906778     0.002507868795666     0.001928117630385
22 26
    -0.026995626417234     0.015354497763920    -0.035150535966238
    -0.017250575648778     0.029065064058957    -0.018680966521794
    -0.031229801839254     0.017718581097254    -0.031233219671202
22 27
    -0.183904926020408     0.027148848954397    -0.036895934775762
     0.028744868795666    -0.182658900226757     0.035283354906778
    -0.045239232394810     0.042355777525825    -0.202535683956916
22 28
     0.030729798185941    -0.015244692712270    -0.015936990331318
     0.016317708081381    -0.029143322845805    -0.031158359378937
     0.016547219986143    -0.031263851442429    -0.027039602607710
22 29
    -0.189911721655329     0.034767638636936     0.032998985859158
     0.035559702129000    -0.185678868480726    -0.033298018109095
     0.033712225938524    -0.033266321680524    -0.190560620464853
22 30
    -0.002380326814059     0.000083668398841    -0.000005226442429
    -0.000235678823381    -0.001585693877551    -0.000287649061476
    -0.000153393109095     0.000177813240111    -0.003788606575964
22 31
     0.003435528344671    -0.000132855410683    -0.002200895093222
    -0.000803547871000     0.004002413265306    -0.001991744299572
    -0.001147274061476    -0.002366220490048     0.000663222789116
22 32
    -0.027449257369615    -0.029854607394810    -0.015989641124968
    -0.028773105410683    -0.026801586734694    -0.017088908982111
     0.016948668398841     0.015795763636936     0.029291879535147
22 33
    -0.003273176020408    -0.004084240331318     0.004335725938524
    -0.004385903029730    -0.003370676020408     0.003785358875031
     0.004350370779793     0.004123781494079    -0.006492334750567
22 34
    -0.000967947845805    -0.000399762156715     0.001164454113127
     0.000692674351222     0.002741260487528     0.001070414430587
     0.001494073160746    -0.001330162950365    -0.000246898242630
22 35
     0.000969169217687     0.001511979906778    -0.000827803823381
     0.001420037446460     0.000944075963719     0.001059233875031
    -0.001116813744016     0.001049281494079     0.001029167233560
22 36
     0.001538070011338     0.000440739827412     0.001725571176619
    -0.000267087553540    -0.001448064909297     0.001391908478206
    -0.000686305807508     0.001259733875031    -0.000891463718821
22 37
     0.000222070011338     0.001192065224238     0.001413593002016
     0.001006100938524     0.000768458900227    -0.001048712553540
     0.001392507684555    -0.001518595490048     0.000300601757370
22 38
    -0.001388179988662    -0.000296270093222    -0.000223168902746
     0.000326420382968    -0.001388179988662    -0.000063188744016
    -0.000063188744016    -0.000223168902746     0.008283151360544
22 39
    -0.003885054988662    -0.002827498267826    -0.005101968505921
    -0.003514391124969    -0.003008114512472    -0.005406518109095
    -0.004508250251953    -0.003937539934492    -0.008177074829932
22 40
    -0.001188535147392     0.000817188240111    -0.001127367315445
     0.001249884668682    -0.002234207766440    -0.001019748267826
     0.000993035462333    -0.000438926839254     0.002330454931973
22 41
     0.001148252551020    -0.001325264140842     0.001401575144873
    -0.001417807791635     0.002137927154195     0.001495809271857
     0.001712352922651     0.001646745779793     0.001312242630385
22 42
    -0.000786346655329     0.000960737843285    -0.000882480410683
    -0.000328722474175     0.001932821995465     0.000803755700428
    -0.000844992315445    -0.001065764140842    -0.001015727607710
22 43
    -0.003122517290249     0.003693106890905    -0.004326514140842
     0.004075483875031    -0.002553822845805     0.004033606890905
    -0.004650837553540     0.004735866811539    -0.007133620464853
22 44
     0.001525665249433     0.000411204113127     0.000275287446460
     0.001254968002016    -0.002367477607710    -0.001035164934492
    -0.000302309775762    -0.001812285966238    -0.000536219671202
22 45
    -0.006154424036281     0.001278398557571     0.003360983875031
     0.005471194192492    -0.000363277210884    -0.002919438744016
     0.005246886652809    -0.002953841521794    -0.007141183956916
22 46
    -0.000915967687075    -0.000017274061476     0.000247979906778
     0.000096388636936    -0.000817553004535     0.000068894589317
     0.000319547367095     0.000105372763920    -0.001201356575964
22 47
     0.000502514455782    -0.000881768109095    -0.001155740331318
    -0.001008010172588     0.000468802154195    -0.001090899061476
    -0.001171986363064    -0.001071883188461     0.000433472789116
22 48
    -0.027864410147392     0.030057791414714     0.016229279509952
     0.030674386652809    -0.028046136337868    -0.014822474458302
    -0.015381091521794     0.015804549351222     0.030555633503401
22 49
     0.001693752551020    -0.002359891124969     0.002257327129000
    -0.003192795886873     0.003712776360544     0.000124948160746
     0.003094716017889     0.000087856890905     0.003134018424036
22 50
    -0.032237971655329    -0.016296696680524    -0.032257420886873
     0.017589358875031     0.026967306122449     0.017382813240111
    -0.035096948664651    -0.015429821680524    -0.028602586734694
22 51
    -0.003389267290249     0.004835394589317    -0.003498301839254
     0.003949263636936    -0.006863586734694     0.004073194192492
    -0.003285617315445     0.004932404509952    -0.002967731575964
22 52
     0.002574282312925     0.001014138636936    -0.001236057791635
     0.000125148557571    -0.001653197845805    -0.001582049855127
     0.001105537446460    -0.001650307791635    -0.000273961734694
22 53
    -0.003358985544218     0.004573418398841     0.004691448160746
     0.004590739827412    -0.006887243480726    -0.004276930807508
     0.005030888636936    -0.004266226442429    -0.003209731575964
22 54
    -0.003740959750567    -0.000278053823381     0.000162670382968
    -0.000432083585286    -0.002188685941043    -0.000431833585286
    -0.000094383188461    -0.000091867315445    -0.003156886337868
22 55
    -0.000044174036281    -0.001375357394810    -0.002474510172588
    -0.001327887156715     0.002081974773243    -0.000625264140842
    -0.001654531997984    -0.000212516124969     0.005123314058957
22 56
    -0.000510632369615    -0.001293278029730     0.000995688240111
    -0.001134182791635    -0.000775608560091    -0.000621815728143
    -0.000605408982111     0.000271106890905     0.002911982709751
22 57
    -0.002782009353741    -0.004454819696397     0.004194896573444
    -0.004409224458302    -0.006095360544218     0.004296392605190
     0.004038799351222     0.004218940224238    -0.002551644274376
22 58
    -0.029126971655329     0.018328682287730     0.031271398557571
    -0.015848335569413     0.029656746598639     0.016133702129000
     0.031178813240111    -0.017435000251953    -0.028742787131519
22 59
     0.000538258503401     0.002834241811539    -0.001972041918619
     0.002400106890905     0.003962730725624     0.000354948160746
    -0.002376494299572     0.000324995779793     0.003670196995465
22 60
     0.002799722789116    -0.000172555807508    -0.000622043902746
     0.001041152525825    -0.001085447845805     0.001475519589317
     0.000954858875031     0.001194579113127    -0.000589287131519
22 61
     0.001194081916100     0.002975886652809     0.002992827129000
     0.003159837049635     0.003548407312925    -0.000773045886873
     0.002532354906778    -0.000504978426556     0.004345696995465
22 62
    -0.002411902210884    -0.000092635172588    -0.000016964537667
     0.000263585065508     0.009649746598639    -0.000041343505921
    -0.000238948664651     0.000212442208365    -0.002601356575964
22 63
    -0.002633793083900    -0.004224139140842    -0.003759647077349
    -0.004214043902746    -0.007112144274376    -0.004615526045603
    -0.003888264140842    -0.004837373267826    -0.003769126417234
23 1
     0.003290530328798    -0.001978722474175     0.001166475938524
    -0.003498335569413     0.000263363662132    -0.001687593505921
     0.002580670382968    -0.002960408982111     0.001484478741497
23 2
    -0.001711703798186     0.002148700144873    -0.000130476442429
     0.002575317208365    -0.002944713718821    -0.000253833585286
     0.004589073160746    -0.001905149061476    -0.006472848639456
23 3
    -0.002155096655329     0.001156166414714    -0.001037135172588
    -0.000608728426556     0.001832760487528    -0.000057317712270
    -0.006798097474175    -0.000662133188461    -0.000769374433107
23 4
    -0.216111422052154     0.042039805303603     0.113100360859158
     0.045050587049635    -0.214942995464853    -0.118107920886873
     0.093568055303603    -0.101328381204334    -0.225010098639456
23 5
     0.025463927154195    -0.014263990331318    -0.025788373267826
     0.023216303319476    -0.029755388321995    -0.028329579617032
     0.016058696176619    -0.029915676839254    -0.032253374433107
23 6
     0.002750952947846     0.001717037446460    -0.005542746283699
    -0.001695075648778    -0.002192213718821     0.002387934271857
    -0.004401781997984     0.000500763636936     0.003735369614512
23 7
    -0.001548822845805     0.000695553319476     0.000503458081381
    -0.000354309775762    -0.002818114512472    -0.000686736363064
     0.000709184271857     0.000937604906778    -0.003213648242630
23 8
    -0.006425670068027    -0.005511724458302     0.007559144589317
    -0.002918087553540    -0.005515461734694     0.001313450144873
     0.001649932287730     0.005391602922651     0.000152881519274
23 9
    -0.000817634353741    -0.001563831601159    -0.000148278029730
    -0.001378069696397    -0.000655551020408     0.000051527525825
    -0.000372950648778     0.000339594986143     0.001769962868481
23 10
     0.000300601757370     0.001413593002016    -0.001048712553540
     0.001392507684555     0.000222070011338     0.001006100938524
    -0.001518595490048     0.001192065224238     0.000768458900227
23 11
    -0.002512499433107     0.000370721970270     0.001521350938524
     0.002463928319476     0.000612385487528     0.001291789430587
     0.004928104906778    -0.000367787950365    -0.001675166099773
23 12
     0.002782986678005     0.001255620779793     0.003336170382968
     0.001188604906778     0.003072185090703    -0.003736531997984
     0.003453769589317    -0.002960674855127    -0.000244416099773
23 13
     0.024133052154195     0.016426291414714    -0.014018391124969
    -0.014018391124969    -0.032087041099773     0.033412031494079
     0.016426291414714     0.035014650541698    -0.032087041099773
23 14
    -0.005426822845805    -0.002999026045603    -0.002099200648778
    -0.005064889140842    -0.005586739512472    -0.007140020093222
    -0.005429847474175    -0.001844176839254    -0.000174308956916
23 15
     0.007772242630385     0.000476543398841     0.000233162446460
     0.002380430303603    -0.001662799036281     0.000083593002016
     0.001554769589317    -0.000179684775762    -0.000555316893424
23 16
    -0.002785670068027    -0.003084803823381     0.004061098954397
    -0.002923948664651    -0.002633858560091     0.004362168398841
     0.004543543398841     0.005644634668682    -0.007978096655329
23 17
    -0.028417509353741    -0.031170601442429    -0.016332133188461
    -0.032745956601159    -0.029638152210884    -0.016256214537667
     0.015110061255984     0.015004837049635     0.032026314058957
23 18
     0.001957351757370     0.003679089033762    -0.001505333585286
     0.002037148557571     0.001940593820862    -0.000028369299572
    -0.001932361363064     0.001087035462333     0.003237935090703
23 19
    -0.031329499433107     0.024853027525825     0.030778920382968
    -0.014973651045603     0.023027718820862     0.024853027525825
     0.032222559271857    -0.014973651045603    -0.031329499433107
23 20
     0.003177552154195     0.002165475938524    -0.000549577632905
     0.002992271573444     0.002371450963719    -0.001565986363064
     0.001012491811539    -0.002990210569413     0.004040125566893
23 21
     0.029178617630385    -0.010717410966238     0.013423741811539
     0.016141888636936    -0.031570306972789     0.033826505700428
    -0.017838813744016     0.028741027525825    -0.026897308956916
23 22
    -0.198117013321995    -0.050122528029730    -0.041944680807508
    -0.044064861363064    -0.192021531179138    -0.041061859378937
    -0.041328264140842    -0.039522972474175    -0.196152074829932
23 23
     0.884063802154195     0.047395285462333    -0.075299135172587
     0.047395285462333     0.889532218820861     0.071407216017889
    -0.075299135172587     0.071407216017889     0.948491948979591
23 24
     0.000649083900227    -0.000796188744016     0.001415634668682
    -0.001422153029730    -0.000145136337868     0.000425192208365
     0.003282477922651     0.000822001732174     0.000770853741497
23 25
    -0.001630656179138     0.001636493795666    -0.000835307791635
     0.001638019589317    -0.001673723639456     0.000426634668682
     0.000981775541698     0.001277694192492     0.002385766439909
23 26
    -0.001531935941043     0.004082019589317    -0.003297406997984
     0.003696612843285    -0.008540435941043     0.003742471970270
    -0.002625631204334     0.003322781494079    -0.003496445861678
23 27
    -0.030345110544218    -0.016166629220207    -0.032175430807508
     0.016191182287730     0.031202974773243     0.018435543398841
    -0.031944561759889    -0.017853897077349    -0.030362910147392
23 28
    -0.006693761337868     0.003957329113127     0.003978388636936
     0.003465271573444    -0.001986072845805    -0.003375420886873
     0.001642390621063    -0.002354901045603    -0.003076953798186
23 29
     0.029816843820862     0.018243910462333     0.017934239827412
    -0.015504984378937    -0.028527743480726    -0.031152829617032
    -0.016182978426556    -0.031044246283699    -0.029228346655329
23 30
     0.005116488662132     0.000690315224238    -0.001090222474175
    -0.001249990331318     0.002488306122449    -0.003194335569413
    -0.002495097474175    -0.003482236363064     0.002223042233560
23 31
    -0.001670656179138    -0.000247458585286     0.000133358875031
    -0.000211609378937    -0.001776086734694     0.000037694192492
     0.000261896573444    -0.000446145093222    -0.001799003401361
23 32
    -0.192869566893424    -0.048294585569413     0.046806487843285
    -0.053218416918619    -0.198219836734694     0.043436904509952
     0.043414839033762     0.042972839033762    -0.196774721655329
23 33
    -0.029704610544218    -0.032855968505921     0.016394354906778
    -0.031180214537667    -0.028423551020408     0.016700297367095
    -0.014988208585286    -0.015079143109095     0.031797564058957
23 34
     0.003212617630385     0.001745634668682     0.000266833081381
     0.003686362843285     0.003013635487528     0.000839227922651
    -0.001165631204334     0.001517787446460     0.004442500566893
23 35
    -0.001517890306122     0.001261376732174     0.001621325144873
     0.000330975938524     0.002053700963719    -0.000517577632905
     0.002127731890905     0.000301981890905    -0.000361808956916
23 36
     0.001798885487528     0.002937511652809     0.001648700144873
     0.001825600938524     0.002373435090703     0.000733346970270
     0.002567614827412    -0.000308815728143     0.003138935090703
23 37
     0.000612385487528    -0.000367787950365     0.000370721970270
     0.001291789430587    -0.001675166099773     0.001521350938524
     0.002463928319476     0.004928104906778    -0.002512499433107
23 38
    -0.003008114512472    -0.002827498267826    -0.003937539934492
    -0.003514391124969    -0.003885054988662    -0.004508250251953
    -0.005406518109095    -0.005101968505921    -0.008177074829932
23 39
    -0.001350614512472    -0.001331726442429    -0.001918464537667
    -0.000614702632905    -0.001350614512472     0.002453295382968
     0.002453295382968    -0.001918464537667     0.014875948979592
23 40
     0.001587780328798    -0.001929539934492     0.002332011652809
     0.000761948160746     0.004192542233560     0.000927440224238
     0.003183456097254     0.001501023557571     0.001796728741497
23 41
    -0.001918931972789     0.000979757684555     0.000413829113127
     0.002093630700428    -0.000670947845805     0.001097747763920
    -0.000873726442429    -0.000154678823381     0.002589266439909
23 42
    -0.006209781179138     0.006160759668682    -0.004023851442429
     0.004183216017889    -0.002842178004535     0.002926069192492
    -0.003979321680524     0.002467686255984    -0.003355828798186
23 43
    -0.001624826814059    -0.000047996283699    -0.001232760172588
     0.001229047367095     0.001942927154195    -0.000673079617032
    -0.001086166918619     0.000851567208365    -0.001414471655329
23 44
    -0.002919269274376     0.003673975938524     0.002530041414714
     0.004644156494079    -0.007439727607710    -0.004882726442429
     0.002109360859158    -0.004155460569413    -0.002298945861678
23 45
     0.000627266439909     0.001728295382968    -0.001233637156715
     0.000022507684555    -0.001256777210884    -0.001466000251953
     0.001950932287730    -0.000375016124969    -0.000786160147392
23 46
     0.000649597789116    -0.001324002236080    -0.000920641124969
    -0.001116547871000     0.000435946995465    -0.001433666918619
    -0.001091031997984    -0.002674801839254     0.000708792233560
23 47
    -0.001120920068027     0.000532753716301    -0.000249861363064
     0.000545553319476    -0.001218447845805     0.000417664430587
     0.000300059271857    -0.000315057791635    -0.001274878401361
23 48
     0.003658655328798    -0.002020061759889     0.000384033478206
    -0.002823174855127     0.000657863662132     0.001682589033762
     0.000270454113127     0.001253624748047     0.004841407312925
23 49
    -0.030059306972789     0.032644505700428    -0.014173418902746
     0.034294892605190    -0.029148098639456     0.014325136652809
     0.017002136652809    -0.016046442712270     0.026267042233560
23 50
    -0.156114656179138     0.008831325144873    -0.025355416918619
     0.009280047367095    -0.157117068877551     0.025039001732174
    -0.048469153029730     0.047672253716301    -0.175657437925170
23 51
    -0.032420201814059     0.015830041414714    -0.033441047871000
    -0.010972547871000     0.029132788265306    -0.013690617315445
    -0.028735696680524     0.017976979906778    -0.027591582766440
23 52
    -0.000276277210884     0.001986535462333     0.005218571176619
     0.000949087049635    -0.001215322845805    -0.005590486363064
     0.002806708081381    -0.003069857394810    -0.007295312925170
23 53
     0.001714579931973    -0.000114934775762     0.000823577129000
     0.001064303319476    -0.001927743480726    -0.001493117315445
    -0.000330565728143    -0.001842276045603    -0.000714707766440
23 54
     0.001578855725624    -0.002187656997984    -0.002044950648778
    -0.002979770093222     0.002860814058957    -0.000624770093222
    -0.002088337553540     0.000031583081381     0.003594762471655
23 55
    -0.004364358560091    -0.000875585569413     0.001401493795666
     0.001018426335349    -0.001792275226757    -0.000780575648778
     0.000130763636936    -0.000529565728143    -0.001431412131519
23 56
    -0.005203441893424    -0.004222131204334     0.004852942208365
    -0.004702744299572    -0.002452108560091     0.002380997763920
     0.003986886652809     0.003139807287730    -0.002800243480726
23 57
    -0.000780943877551    -0.001136672871000    -0.001170849458302
    -0.001105785966238    -0.000878235544218     0.001205456097254
     0.001272219986143    -0.001256609378937     0.002705879535147
23 58
     0.004152593820862     0.000422704113127    -0.002290847474175
     0.000589727922651     0.004474996598639     0.002209890621063
    -0.002422891124969     0.002413200144873     0.001738236678005
23 59
    -0.028461551020408    -0.015389486363064     0.030739712049635
     0.018688170382968     0.029952105725624    -0.017797238347191
     0.030552551335349     0.015745946176619    -0.029598404195011
23 60
     0.001043038265306     0.001378091017889     0.001227960065508
     0.001211216017889     0.000619802154195    -0.001383541918619
     0.001116779509952    -0.001282970490048     0.000680736678005
23 61
     0.002230022392290     0.001079033478206     0.000874581097254
    -0.000249724458302    -0.001701592687075     0.001286017605190
    -0.000608724458302     0.000764721970270    -0.000971404195011
23 62
    -0.001986086734694    -0.004380488347191    -0.002190585569413
    -0.005048101442429    -0.006261128401361    -0.005361905013857
    -0.003539403029730    -0.004213482394810    -0.003221832766440
23 63
    -0.002177477607710     0.002333757684555    -0.000026268109095
     0.000623144589317     0.007873355725624     0.000592787446460
     0.000668031494079    -0.001105672871000    -0.001249977607710
24 1
    -0.001571187925170     0.004458589033762     0.004458589033762
    -0.000158684775762    -0.005999866496599    -0.001699432791635
    -0.000158684775762    -0.001699432791635    -0.005999866496599
24 2
     0.019145827947846    -0.015375113347191    -0.015375113347191
    -0.008872781997984    -0.038299443877551    -0.048551297871000
    -0.008872781997984    -0.048551297871000    -0.038299443877551
24 3
    -0.182329564909297     0.032477477922651     0.032477477922651
     0.054254422367095    -0.171318219671202    -0.024707156997984
     0.054254422367095    -0.024707156997984    -0.171318219671202
24 4
    -0.000013890306122     0.002804366811539    -0.004990401045603
    -0.001201262156715     0.002527774376417    -0.000733135172588
    -0.003053549855127     0.001006844986143    -0.002312318877551
24 5
    -0.002001291099773     0.000057446176619    -0.005807010172588
     0.003044454113127    -0.002736993480726     0.004484706097254
    -0.003195283982111     0.002768299351222    -0.005310594671202
24 6
    -0.000013890306122    -0.004990401045603     0.002804366811539
    -0.003053549855127    -0.002312318877551     0.001006844986143
    -0.001201262156715    -0.000733135172588     0.002527774376417
24 7
    -0.002001291099773    -0.005807010172588     0.000057446176619
    -0.003195283982111    -0.005310594671202     0.002768299351222
     0.003044454113127     0.004484706097254    -0.002736993480726
24 8
    -0.001719513321995    -0.000046037950365    -0.000527367315445
     0.000163938240111    -0.003471691893424    -0.000094389140842
     0.000127827129000    -0.000343670886873    -0.001586213718821
24 9
     0.004055897392290    -0.002892145093222     0.000331585065508
    -0.002233043902746     0.001242468820862    -0.003079311759889
    -0.000973680807508    -0.003088928823381     0.004505367630385
24 10
     0.030555633503401     0.016229279509952    -0.014822474458302
    -0.015381091521794    -0.027864410147392     0.030674386652809
     0.015804549351222     0.030057791414714    -0.028046136337868
24 11
     0.004841407312925     0.000384033478206     0.001682589033762
     0.000270454113127     0.003658655328798    -0.002823174855127
     0.001253624748047    -0.002020061759889     0.000657863662132
24 12
    -0.000557481575964    -0.000548442712270     0.001458658478206
     0.000656255700428     0.002270329931973     0.000441003716301
     0.001026414430587    -0.001098698664651    -0.001986636337868
24 13
     0.000649083900227     0.003282477922651    -0.001422153029730
     0.001415634668682     0.000770853741497     0.000425192208365
    -0.000796188744016     0.000822001732174    -0.000145136337868
24 14
    -0.029249416099773     0.032870785462333     0.017318912446460
     0.034356386652809    -0.030785094671202    -0.017310234378937
    -0.016270702632905     0.016942924351222     0.027140720804989
24 15
     0.001549649376417    -0.002662395093222     0.002306025541698
    -0.002984668902746     0.003799845804989    -0.000313121283699
     0.002225414430587     0.000237541414714     0.004632587868481
24 16
    -0.001719513321995    -0.000527367315445    -0.000046037950365
     0.000127827129000    -0.001586213718821    -0.000343670886873
     0.000163938240111    -0.000094389140842    -0.003471691893424
24 17
     0.004055897392290     0.000331585065508    -0.002892145093222
    -0.000973680807508     0.004505367630385    -0.003088928823381
    -0.002233043902746    -0.003079311759889     0.001242468820862
24 18
     0.030555633503401    -0.014822474458302     0.016229279509952
     0.015804549351222    -0.028046136337868     0.030057791414714
    -0.015381091521794     0.030674386652809    -0.027864410147392
24 19
     0.004841407312925     0.001682589033762     0.000384033478206
     0.001253624748047     0.000657863662132    -0.002020061759889
     0.000270454113127    -0.002823174855127     0.003658655328798
24 20
    -0.029249416099773     0.017318912446460     0.032870785462333
    -0.016270702632905     0.027140720804989     0.016942924351222
     0.034356386652809    -0.017310234378937    -0.030785094671202
24 21
     0.001549649376417     0.002306025541698    -0.002662395093222
     0.002225414430587     0.004632587868481     0.000237541414714
    -0.002984668902746    -0.000313121283699     0.003799845804989
24 22
    -0.000557481575964     0.001458658478206    -0.000548442712270
     0.001026414430587    -0.001986636337868    -0.001098698664651
     0.000656255700428     0.000441003716301     0.002270329931973
24 23
     0.000649083900227    -0.001422153029730     0.003282477922651
    -0.000796188744016    -0.000145136337868     0.000822001732174
     0.001415634668682     0.000425192208365     0.000770853741497
24 24
     0.899034865646258     0.033664622763920     0.033664622763920
     0.033664622763920     0.900621008503401     0.037942602922650
     0.033664622763920     0.037942602922650     0.900621008503401
24 25
    -0.210878874433107    -0.057911694696397    -0.057911694696397
    -0.057369079617032    -0.205767328798186    -0.051328954617032
    -0.057369079617032    -0.051328954617032    -0.205767328798186
24 26
     0.032387970804989     0.017442081097254     0.017442081097254
    -0.016582361363064    -0.032829666099773    -0.037343492315445
    -0.016582361363064    -0.037343492315445    -0.032829666099773
24 27
    -0.004659828798186     0.001839057287730     0.001839057287730
     0.004788458081381    -0.001062880385488    -0.001808545886873
     0.004788458081381    -0.001808545886873    -0.001062880385488
24 28
    -0.029803604591837    -0.016653359378937    -0.033458373267826
     0.017872797367095     0.029473946995465     0.019233739827412
    -0.033373589537667    -0.016884549855127    -0.031429424036281
24 29
    -0.002677749433107     0.004105471970270    -0.004263772077349
     0.005245791414714    -0.007401973639456     0.003794581097254
    -0.003392083585286     0.003248604906778    -0.003054566893424
24 30
    -0.029803604591837    -0.033458373267826    -0.016653359378937
    -0.033373589537667    -0.031429424036281    -0.016884549855127
     0.017872797367095     0.019233739827412     0.029473946995465
24 31
    -0.002677749433107    -0.004263772077349     0.004105471970270
    -0.003392083585286    -0.003054566893424     0.003248604906778
     0.005245791414714     0.003794581097254    -0.007401973639456
24 32
    -0.000978535147392    -0.000376774061476    -0.000376774061476
    -0.000087266124969    -0.000985191893424    -0.000463309775762
    -0.000087266124969    -0.000463309775762    -0.000985191893424
24 33
     0.000766296201814    -0.001213656997984    -0.001213656997984
    -0.001481688744016     0.001083343820862    -0.001350416918619
    -0.001481688744016    -0.001350416918619     0.001083343820862
24 34
     0.002280149376417    -0.000873178823381    -0.000873178823381
     0.000398138636936    -0.000490594671202     0.000719888636936
     0.000398138636936     0.000719888636936    -0.000490594671202
24 35
     0.001926516439909     0.001978438240111     0.001978438240111
     0.002199876732174     0.004506470804989    -0.001236541918619
     0.002199876732174    -0.001236541918619     0.004506470804989
24 36
    -0.002234207766440    -0.000438926839254     0.000817188240111
    -0.001019748267826     0.002330454931973    -0.001127367315445
     0.001249884668682     0.000993035462333    -0.001188535147392
24 37
     0.004192542233560     0.001501023557571    -0.001929539934492
     0.000927440224238     0.001796728741497     0.002332011652809
     0.000761948160746     0.003183456097254     0.001587780328798
24 38
    -0.002234207766440     0.000817188240111    -0.000438926839254
     0.001249884668682    -0.001188535147392     0.000993035462333
    -0.001019748267826    -0.001127367315445     0.002330454931973
24 39
     0.004192542233560    -0.001929539934492     0.001501023557571
     0.000761948160746     0.001587780328798     0.003183456097254
     0.000927440224238     0.002332011652809     0.001796728741497
24 40
    -0.001737687925170     0.000750146573444     0.000915874748047
    -0.000772901045603    -0.001737687925170     0.001235350938524
     0.001235350938524     0.000915874748047     0.009357758503401
24 41
    -0.001590775226757    -0.005053680807508    -0.004792182791635
    -0.004225843505921    -0.002760053004535    -0.005850966521794
    -0.005044831601159    -0.005636577632905    -0.006691078798186
24 42
     0.002910125566893    -0.000322053823381    -0.000689363347191
    -0.001328508188461    -0.000982908163265    -0.001933520093222
     0.000707073160746    -0.002636712553540    -0.001231549036281
24 43
    -0.002871045068027     0.003840690224238     0.003330727922651
     0.004812948160746    -0.006633928004535    -0.004820543902746
     0.003895852922651    -0.004129206601159    -0.003723941893424
24 44
    -0.000514987528345    -0.000036337553540    -0.002248095490048
     0.000704432287730     0.002329542233560    -0.000911190728143
    -0.002120619299572     0.000907515621063    -0.000971791099773
24 45
    -0.007607201814059     0.002213231890905    -0.002912899061476
     0.003779658478206    -0.001240257369615     0.001344660462333
    -0.004927547871000     0.001852835065508    -0.003313880385488
24 46
    -0.030438995464853    -0.029167440728143     0.016892596970270
    -0.030790147077349    -0.030535158163265     0.017255743795666
    -0.016967262156715    -0.016674700648778     0.031353571995465
24 47
    -0.189781638321995    -0.038093309775762     0.032222376732174
    -0.039955295886873    -0.191598428004535     0.038215450144873
     0.034024829113127     0.034971418398841    -0.189241348639456
24 48
    -0.001737687925170     0.000915874748047     0.000750146573444
     0.001235350938524     0.009357758503401     0.000915874748047
    -0.000772901045603     0.001235350938524    -0.001737687925170
24 49
    -0.001590775226757    -0.004792182791635    -0.005053680807508
    -0.005044831601159    -0.006691078798186    -0.005636577632905
    -0.004225843505921    -0.005850966521794    -0.002760053004535
24 50
     0.002910125566893    -0.000689363347191    -0.000322053823381
     0.000707073160746    -0.001231549036281    -0.002636712553540
    -0.001328508188461    -0.001933520093222    -0.000982908163265
24 51
    -0.002871045068027     0.003330727922651     0.003840690224238
     0.003895852922651    -0.003723941893424    -0.004129206601159
     0.004812948160746    -0.004820543902746    -0.006633928004535
24 52
    -0.030438995464853     0.016892596970270    -0.029167440728143
    -0.016967262156715     0.031353571995465    -0.016674700648778
    -0.030790147077349     0.017255743795666    -0.030535158163265
24 53
    -0.189781638321995     0.032222376732174    -0.038093309775762
     0.034024829113127    -0.189241348639456     0.034971418398841
    -0.039955295886873     0.038215450144873    -0.191598428004535
24 54
    -0.000514987528345    -0.002248095490048    -0.000036337553540
    -0.002120619299572    -0.000971791099773     0.000907515621063
     0.000704432287730    -0.000911190728143     0.002329542233560
24 55
    -0.007607201814059    -0.002912899061476     0.002213231890905
    -0.004927547871000    -0.003313880385488     0.001852835065508
     0.003779658478206     0.001344660462333    -0.001240257369615
24 56
    -0.001447785147392    -0.000060819696397    -0.000060819696397
     0.000107281494079    -0.001720713718821    -0.000326716521794
     0.000107281494079    -0.000326716521794    -0.001720713718821
24 57
     0.001718337868481    -0.002828486363064    -0.002828486363064
    -0.002826135172588     0.004388784297052    -0.001145133188461
    -0.002826135172588    -0.001145133188461     0.004388784297052
24 58
     0.002725375566893     0.001036015621063     0.001036015621063
    -0.000726121283699    -0.000747608560091     0.001067176335349
    -0.000726121283699     0.001067176335349    -0.000747608560091
24 59
     0.000620980725624     0.001271700144873     0.001271700144873
     0.001123696176619     0.000856375566893    -0.001443577632905
     0.001123696176619    -0.001443577632905     0.000856375566893
24 60
    -0.028808679988662    -0.016392347474175     0.031717573160746
     0.016448116811539     0.030035696995465    -0.016620381204334
     0.031913174351222     0.017002755700428    -0.029389358560091
24 61
     0.003483554138322     0.000183344986143    -0.002574555807508
     0.000197551335349     0.003925052154195     0.003070053319476
    -0.002546329617032     0.002387573160746     0.001739625566893
24 62
    -0.028808679988662     0.031717573160746    -0.016392347474175
     0.031913174351222    -0.029389358560091     0.017002755700428
     0.016448116811539    -0.016620381204334     0.030035696995465
24 63
     0.003483554138322    -0.002574555807508     0.000183344986143
    -0.002546329617032     0.001739625566893     0.002387573160746
     0.000197551335349     0.003070053319476     0.003925052154195
25 1
     0.007152071995465    -0.012302988347191    -0.012302988347191
    -0.001219502236080    -0.006070453798186    -0.009714240331318
    -0.001219502236080    -0.009714240331318    -0.006070453798186
25 2
     0.003090337868481     0.003969559271857     0.003969559271857
     0.001992775541698    -0.005944656179138    -0.005166230410683
     0.001992775541698    -0.005166230410683    -0.005944656179138
25 3
     0.026105820011338     0.016396150541698     0.016396150541698
    -0.017146770093222    -0.028489931972789    -0.033313839537667
    -0.017146770093222    -0.033313839537667    -0.028489931972789
25 4
    -0.000083755385488     0.004629664430587    -0.004289978426556
     0.002188795382968    -0.002202312925170     0.005068182287730
    -0.002309492315445     0.004736412446460    -0.005968531179138
25 5
    -0.000919781179138    -0.000343131204334    -0.001034212553540
     0.001514261652809     0.000394669217687     0.000259898557571
    -0.001750601442429     0.001256491811539    -0.001499306972789
25 6
    -0.000083755385488    -0.004289978426556     0.004629664430587
    -0.002309492315445    -0.005968531179138     0.004736412446460
     0.002188795382968     0.005068182287730    -0.002202312925170
25 7
    -0.000919781179138    -0.001034212553540    -0.000343131204334
    -0.001750601442429    -0.001499306972789     0.001256491811539
     0.001514261652809     0.000259898557571     0.000394669217687
25 8
     0.003551746598639    -0.002778365331318     0.000028180303603
    -0.002955879220207     0.002202970804989    -0.002914946680524
     0.000031134668682    -0.002249353426556     0.004454323979592
25 9
    -0.000028717687075     0.000142902525825    -0.000302617315445
     0.000143638636936    -0.001487243480726    -0.000072994299572
     0.000185251732174     0.000108013636936     0.000000280328798
25 10
     0.003134018424036     0.002257327129000     0.000124948160746
     0.003094716017889     0.001693752551020    -0.003192795886873
     0.000087856890905    -0.002359891124969     0.003712776360544
25 11
     0.026267042233560    -0.014173418902746     0.014325136652809
     0.017002136652809    -0.030059306972789     0.034294892605190
    -0.016046442712270     0.032644505700428    -0.029148098639456
25 12
     0.003633153344671     0.002124854906778    -0.000069418902746
     0.001993563240111     0.001928117630385     0.003458071176619
    -0.000484403029730     0.002507868795666     0.004047151360544
25 13
    -0.001630656179138     0.000981775541698     0.001638019589317
    -0.000835307791635     0.002385766439909     0.000426634668682
     0.001636493795666     0.001277694192492    -0.001673723639456
25 14
     0.004271593820862    -0.002928166918619     0.000078460065508
    -0.002770805807508     0.002752443027211     0.002961083081381
    -0.000083395093222     0.003010741811539     0.005043133503401
25 15
    -0.027233340702948     0.031092527525825    -0.016721551839254
     0.031175763636936    -0.027901366496599     0.017226196176619
     0.017001346970270    -0.015932266124969     0.029930625566893
25 16
     0.003551746598639     0.000028180303603    -0.002778365331318
     0.000031134668682     0.004454323979592    -0.002249353426556
    -0.002955879220207    -0.002914946680524     0.002202970804989
25 17
    -0.000028717687075    -0.000302617315445     0.000142902525825
     0.000185251732174     0.000000280328798     0.000108013636936
     0.000143638636936    -0.000072994299572    -0.001487243480726
25 18
     0.003134018424036     0.000124948160746     0.002257327129000
     0.000087856890905     0.003712776360544    -0.002359891124969
     0.003094716017889    -0.003192795886873     0.001693752551020
25 19
     0.026267042233560     0.014325136652809    -0.014173418902746
    -0.016046442712270    -0.029148098639456     0.032644505700428
     0.017002136652809     0.034294892605190    -0.030059306972789
25 20
     0.004271593820862     0.000078460065508    -0.002928166918619
    -0.000083395093222     0.005043133503401     0.003010741811539
    -0.002770805807508     0.002961083081381     0.002752443027211
25 21
    -0.027233340702948    -0.016721551839254     0.031092527525825
     0.017001346970270     0.029930625566893    -0.015932266124969
     0.031175763636936     0.017226196176619    -0.027901366496599
25 22
     0.003633153344671    -0.000069418902746     0.002124854906778
    -0.000484403029730     0.004047151360544     0.002507868795666
     0.001993563240111     0.003458071176619     0.001928117630385
25 23
    -0.001630656179138     0.001638019589317     0.000981775541698
     0.001636493795666    -0.001673723639456     0.001277694192492
    -0.000835307791635     0.000426634668682     0.002385766439909
25 24
    -0.210878874433107    -0.057369079617032    -0.057369079617032
    -0.057911694696397    -0.205767328798186    -0.051328954617032
    -0.057911694696397    -0.051328954617032    -0.205767328798186
25 25
     0.905656135487528     0.002804227922651     0.002804227922651
     0.002804227922651     0.893888083900227     0.022208987843285
     0.002804227922651     0.022208987843285     0.893888083900227
25 26
    -0.210413644274376     0.052902628716301     0.052902628716301
     0.053300321176619    -0.204319503401361    -0.050273799855127
     0.053300321176619    -0.050273799855127    -0.204319503401361
25 27
     0.028659306122449    -0.007765145093222    -0.007765145093222
     0.021112015621063    -0.026818592687075    -0.029914103426556
     0.021112015621063    -0.029914103426556    -0.026818592687075
25 28
    -0.204870344671202     0.050699688240111    -0.052539075648778
     0.051658729906778    -0.191945640306122     0.037199057287730
    -0.052362281997984     0.038507267605190    -0.194869136337868
25 29
    -0.028703114512472     0.018106144589317    -0.030298849458302
    -0.017193151045603     0.030006189058957    -0.017100476442429
    -0.031954776045603     0.017335422367095    -0.028676779195011
25 30
    -0.204870344671202    -0.052539075648778     0.050699688240111
    -0.052362281997984    -0.194869136337868     0.038507267605190
     0.051658729906778     0.037199057287730    -0.191945640306122
25 31
    -0.028703114512472    -0.030298849458302     0.018106144589317
    -0.031954776045603    -0.028676779195011     0.017335422367095
    -0.017193151045603    -0.017100476442429     0.030006189058957
25 32
     0.002291099773243    -0.001149726442429    -0.001149726442429
    -0.001359458585286     0.001527845804989    -0.001739992315445
    -0.001359458585286    -0.001739992315445     0.001527845804989
25 33
     0.000133181122449    -0.000021609378937    -0.000021609378937
    -0.000097881204334     0.000712506519274     0.000151025541698
    -0.000097881204334     0.000151025541698     0.000712506519274
25 34
     0.002643409297052     0.001381493795666     0.001381493795666
     0.001429196176619     0.001981943027211    -0.001514168902746
     0.001429196176619    -0.001514168902746     0.001981943027211
25 35
     0.003481901360544     0.000614485859158     0.000614485859158
    -0.000568690728143    -0.000070741496599     0.001540150541698
    -0.000568690728143     0.001540150541698    -0.000070741496599
25 36
     0.002137927154195     0.001646745779793    -0.001325264140842
     0.001495809271857     0.001312242630385     0.001401575144873
    -0.001417807791635     0.001712352922651     0.001148252551020
25 37
    -0.000670947845805    -0.000154678823381     0.000979757684555
     0.001097747763920     0.002589266439909     0.000413829113127
     0.002093630700428    -0.000873726442429    -0.001918931972789
25 38
     0.002137927154195    -0.001325264140842     0.001646745779793
    -0.001417807791635     0.001148252551020     0.001712352922651
     0.001495809271857     0.001401575144873     0.001312242630385
25 39
    -0.000670947845805     0.000979757684555    -0.000154678823381
     0.002093630700428    -0.001918931972789    -0.000873726442429
     0.001097747763920     0.000413829113127     0.002589266439909
25 40
    -0.002760053004535    -0.005053680807508    -0.005636577632905
    -0.004225843505921    -0.001590775226757    -0.005044831601159
    -0.005850966521794    -0.004792182791635    -0.006691078798186
25 41
     0.001790859693878    -0.000042258188461     0.000517239827412
    -0.000403285966238     0.001790859693878     0.001220850938524
     0.001220850938524     0.000517239827412     0.009964833900227
25 42
    -0.001985989512472     0.004331118795666     0.005054934271857
     0.004708924351222    -0.002073995464853    -0.005149827632905
     0.004209005700428    -0.004568270093222    -0.005501511337868
25 43
     0.002722339852608    -0.000550762156715     0.000691650541698
     0.000937630700428    -0.000575390306122    -0.001639226442429
    -0.000873714537667    -0.001396764140842    -0.000523404195011
25 44
    -0.002224852607710     0.004090585065508    -0.005626047871000
     0.003625114827412    -0.001374045068027     0.005349876732174
    -0.004929061759889     0.003821583081381    -0.006496628401361
25 45
    -0.002169691893424     0.002969904509952    -0.002335851442429
    -0.001628533982111     0.002541780328798    -0.000656397077349
    -0.002384615331318     0.000428777525825    -0.001840842687075
25 46
    -0.002217985544218    -0.004879643109095     0.005419019589317
    -0.004444839537667    -0.001420245464853     0.004806686255984
     0.004014545382968     0.004089491811539    -0.006051140306122
25 47
    -0.027979753401361    -0.030929137156715    -0.016788825648778
    -0.031459238347191    -0.028772265306122    -0.016313232394810
     0.017226511652809     0.016497735859158     0.030861439058957
25 48
    -0.002760053004535    -0.005636577632905    -0.005053680807508
    -0.005850966521794    -0.006691078798186    -0.004792182791635
    -0.004225843505921    -0.005044831601159    -0.001590775226757
25 49
     0.001790859693878     0.000517239827412    -0.000042258188461
     0.001220850938524     0.009964833900227     0.000517239827412
    -0.000403285966238     0.001220850938524     0.001790859693878
25 50
    -0.001985989512472     0.005054934271857     0.004331118795666
     0.004209005700428    -0.005501511337868    -0.004568270093222
     0.004708924351222    -0.005149827632905    -0.002073995464853
25 51
     0.002722339852608     0.000691650541698    -0.000550762156715
    -0.000873714537667    -0.000523404195011    -0.001396764140842
     0.000937630700428    -0.001639226442429    -0.000575390306122
25 52
    -0.002217985544218     0.005419019589317    -0.004879643109095
     0.004014545382968    -0.006051140306122     0.004089491811539
    -0.004444839537667     0.004806686255984    -0.001420245464853
25 53
    -0.027979753401361    -0.016788825648778    -0.030929137156715
     0.017226511652809     0.030861439058957     0.016497735859158
    -0.031459238347191    -0.016313232394810    -0.028772265306122
25 54
    -0.002224852607710    -0.005626047871000     0.004090585065508
    -0.004929061759889    -0.006496628401361     0.003821583081381
     0.003625114827412     0.005349876732174    -0.001374045068027
25 55
    -0.002169691893424    -0.002335851442429     0.002969904509952
    -0.002384615331318    -0.001840842687075     0.000428777525825
    -0.001628533982111    -0.000656397077349     0.002541780328798
25 56
     0.002234099773243    -0.002500272077349    -0.002500272077349
    -0.002076160966238     0.005174198979592    -0.000481024061476
    -0.002076160966238    -0.000481024061476     0.005174198979592
25 57
    -0.000661277210884    -0.000020188744016    -0.000020188744016
    -0.000077077632905    -0.000599928004535    -0.000097065728143
    -0.000077077632905    -0.000097065728143    -0.000599928004535
25 58
     0.002179885487528     0.002217563240111     0.002217563240111
     0.002303186255984     0.004923429138322    -0.000685631204334
     0.002303186255984    -0.000685631204334     0.004923429138322
25 59
     0.002563365646259    -0.000734627236080    -0.000734627236080
     0.000731503716301    -0.000122711734694     0.001445739827412
     0.000731503716301     0.001445739827412    -0.000122711734694
25 60
     0.002408454931973     0.002734200144873    -0.002729004220207
     0.002439299351222     0.004895234693878     0.000466311255984
    -0.002536768109095     0.000258323160746     0.004861304138322
25 61
    -0.028556560941043     0.016857517605190     0.031585741811539
    -0.017031391124969     0.030118839852608     0.016676120779793
     0.031933852922651    -0.016798859378937    -0.028378711734694
25 62
     0.002408454931973    -0.002729004220207     0.002734200144873
    -0.002536768109095     0.004861304138322     0.000258323160746
     0.002439299351222     0.000466311255984     0.004895234693878
25 63
    -0.028556560941043     0.031585741811539     0.016857517605190
     0.031933852922651    -0.028378711734694    -0.016798859378937
    -0.017031391124969     0.016676120779793     0.030118839852608
26 1
     0.010145292233560     0.035262104906778     0.035262104906778
     0.012083023557571    -0.041278791099773    -0.054677403029730
     0.012083023557571    -0.054677403029730    -0.041278791099773
26 2
     0.003259433106576    -0.001310222474175    -0.001310222474175
     0.000256801335349    -0.004158868480726    -0.001173643109095
     0.000256801335349    -0.001173643109095    -0.004158868480726
26 3
    -0.005061459750567    -0.005476381204334    -0.005476381204334
    -0.004856619299572    -0.001637519274376    -0.002465752236080
    -0.004856619299572    -0.002465752236080    -0.001637519274376
26 4
     0.000090839852608     0.002289382684555    -0.000990635172588
     0.001206071176619    -0.002282525226757     0.000071269589317
     0.001129283478206     0.001010999748047     0.002188881519274
26 5
     0.001093939058957    -0.001884287950365     0.001374005700428
    -0.001362837553540     0.000442831916100     0.001122735859158
     0.001010799351222     0.000781204113127     0.000896980725624
26 6
     0.000090839852608    -0.000990635172588     0.002289382684555
     0.001129283478206     0.002188881519274     0.001010999748047
     0.001206071176619     0.000071269589317    -0.002282525226757
26 7
     0.001093939058957     0.001374005700428    -0.001884287950365
     0.001010799351222     0.000896980725624     0.000781204113127
    -0.001362837553540     0.001122735859158     0.000442831916100
26 8
     0.030941966836735    -0.016674397077349     0.016177023557571
     0.016687271573444    -0.028397491496599     0.031882015621063
    -0.016633214537667     0.031125108875031    -0.028419263321995
26 9
     0.003862502551020     0.002080245779793    -0.000292149061476
     0.001950164430587     0.001579919217687    -0.003836656997984
     0.001014027525825    -0.003145524061476     0.004023068027211
26 10
    -0.003156886337868     0.000162670382968    -0.000431833585286
    -0.000094383188461    -0.003740959750567    -0.000432083585286
    -0.000091867315445    -0.000278053823381    -0.002188685941043
26 11
     0.003594762471655    -0.002044950648778    -0.000624770093222
    -0.002088337553540     0.001578855725624    -0.002979770093222
     0.000031583081381    -0.002187656997984     0.002860814058957
26 12
    -0.026995626417234    -0.031229801839254    -0.017250575648778
    -0.035150535966238    -0.031233219671202    -0.018680966521794
     0.015354497763920     0.017718581097254     0.029065064058957
26 13
    -0.001531935941043    -0.002625631204334     0.003696612843285
    -0.003297406997984    -0.003496445861678     0.003742471970270
     0.004082019589317     0.003322781494079    -0.008540435941043
26 14
     0.000239439058957     0.001030801335349    -0.001269821680524
    -0.000926530013857     0.003224605725624     0.000507795382968
    -0.001602119299572    -0.000980670886873    -0.001127578798186
26 15
    -0.002172495464853     0.003460620779793    -0.004646583585286
     0.003299039430587    -0.002320453798186     0.003764783478206
    -0.004653377236080     0.004160446176619    -0.006406711734694
26 16
     0.030941966836735     0.016177023557571    -0.016674397077349
    -0.016633214537667    -0.028419263321995     0.031125108875031
     0.016687271573444     0.031882015621063    -0.028397491496599
26 17
     0.003862502551020    -0.000292149061476     0.002080245779793
     0.001014027525825     0.004023068027211    -0.003145524061476
     0.001950164430587    -0.003836656997984     0.001579919217687
26 18
    -0.003156886337868    -0.000431833585286     0.000162670382968
    -0.000091867315445    -0.002188685941043    -0.000278053823381
    -0.000094383188461    -0.000432083585286    -0.003740959750567
26 19
     0.003594762471655    -0.000624770093222    -0.002044950648778
     0.000031583081381     0.002860814058957    -0.002187656997984
    -0.002088337553540    -0.002979770093222     0.001578855725624
26 20
     0.000239439058957    -0.001269821680524     0.001030801335349
    -0.001602119299572    -0.001127578798186    -0.000980670886873
    -0.000926530013857     0.000507795382968     0.003224605725624
26 21
    -0.002172495464853    -0.004646583585286     0.003460620779793
    -0.004653377236080    -0.006406711734694     0.004160446176619
     0.003299039430587     0.003764783478206    -0.002320453798186
26 22
    -0.026995626417234    -0.017250575648778    -0.031229801839254
     0.015354497763920     0.029065064058957     0.017718581097254
    -0.035150535966238    -0.018680966521794    -0.031233219671202
26 23
    -0.001531935941043     0.003696612843285    -0.002625631204334
     0.004082019589317    -0.008540435941043     0.003322781494079
    -0.003297406997984     0.003742471970270    -0.003496445861678
26 24
     0.032387970804989    -0.016582361363064    -0.016582361363064
     0.017442081097254    -0.032829666099773    -0.037343492315445
     0.017442081097254    -0.037343492315445    -0.032829666099773
26 25
    -0.210413644274376     0.053300321176619     0.053300321176619
     0.052902628716301    -0.204319503401361    -0.050273799855127
     0.052902628716301    -0.050273799855127    -0.204319503401361
26 26
     0.932606575963719    -0.003606778029730    -0.003606778029730
    -0.003606778029730     0.935286909297052     0.045962412446460
    -0.003606778029730     0.045962412446460     0.935286909297052
26 27
    -0.207184598639456    -0.062130176839254    -0.062130176839254
    -0.058452458585286    -0.191036179988662    -0.032954641124968
    -0.058452458585286    -0.032954641124968    -0.191036179988662
26 28
    -0.030276374433107     0.032529656494079     0.017392267605190
     0.032062380700428    -0.032983602607710    -0.016382480410683
    -0.017995881204334     0.015786854906778     0.031657776360544
26 29
     0.001178605725624    -0.002018387156715     0.001903868795666
    -0.002785125251953     0.004085101757370     0.000058235859158
     0.002129999748047     0.000165134668682     0.003682383503401
26 30
    -0.030276374433107     0.017392267605190     0.032529656494079
    -0.017995881204334     0.031657776360544     0.015786854906778
     0.032062380700428    -0.016382480410683    -0.032983602607710
26 31
     0.001178605725624     0.001903868795666    -0.002018387156715
     0.002129999748047     0.003682383503401     0.000165134668682
    -0.002785125251953     0.000058235859158     0.004085101757370
26 32
     0.001899570011338     0.000766616811539     0.000766616811539
    -0.000766807791635    -0.000973991496599     0.000669344986143
    -0.000766807791635     0.000669344986143    -0.000973991496599
26 33
     0.001321151360544     0.001129858875031     0.001129858875031
     0.001033019589317     0.001021044217687    -0.001583637156715
     0.001033019589317    -0.001583637156715     0.001021044217687
26 34
    -0.000580370464853     0.000053337049635     0.000053337049635
    -0.000166653029730    -0.000622894274376    -0.000306706601159
    -0.000166653029730    -0.000306706601159    -0.000622894274376
26 35
     0.001111871598639    -0.001374420886873    -0.001374420886873
    -0.001486414934492     0.001063046201814    -0.001530012156715
    -0.001486414934492    -0.001530012156715     0.001063046201814
26 36
    -0.002367477607710    -0.001812285966238     0.000411204113127
    -0.001035164934492    -0.000536219671202     0.000275287446460
     0.001254968002016    -0.000302309775762     0.001525665249433
26 37
    -0.007439727607710    -0.004155460569413     0.003673975938524
    -0.004882726442429    -0.002298945861678     0.002530041414714
     0.004644156494079     0.002109360859158    -0.002919269274376
26 38
    -0.002367477607710     0.000411204113127    -0.001812285966238
     0.001254968002016     0.001525665249433    -0.000302309775762
    -0.001035164934492     0.000275287446460    -0.000536219671202
26 39
    -0.007439727607710     0.003673975938524    -0.004155460569413
     0.004644156494079    -0.002919269274376     0.002109360859158
    -0.004882726442429     0.002530041414714    -0.002298945861678
26 40
     0.002329542233560    -0.000036337553540     0.000907515621063
     0.000704432287730    -0.000514987528345    -0.002120619299572
    -0.000911190728143    -0.002248095490048    -0.000971791099773
26 41
    -0.001374045068027     0.004090585065508     0.003821583081381
     0.003625114827412    -0.002224852607710    -0.004929061759889
     0.005349876732174    -0.005626047871000    -0.006496628401361
26 42
    -0.003372894274376    -0.001281037950365     0.000400652525825
    -0.000783799855127    -0.003127082766440     0.000054884668682
    -0.000856468505921    -0.000106182791635     0.009892776360544
26 43
    -0.002802564909297    -0.003551918902746    -0.004283381204334
    -0.003609343505921    -0.003798977607710    -0.004825139140842
    -0.004827313744016    -0.004815176839254    -0.007500491496599
26 44
    -0.029054882369615     0.029900928319476    -0.016454954617032
     0.029380265621063    -0.029054882369615     0.017041964033762
     0.017041964033762    -0.016454954617032     0.031141409297052
26 45
     0.006241903344671    -0.005664502236080     0.004908116811539
    -0.004434758188461     0.001532568027211    -0.000807934775762
    -0.002371214537667     0.004308489827412     0.000636570011338
26 46
    -0.000340640306122     0.000521825144873     0.001951237843285
    -0.001041938744016     0.002668292233560    -0.000560851442429
     0.001437446176619     0.000565954113127    -0.000621727607710
26 47
     0.003641216836735     0.002210831097254    -0.000517982394810
     0.002223162446460     0.001486397392290     0.002464729906778
    -0.001051337553540     0.003078073160746     0.003532976757370
26 48
     0.002329542233560     0.000907515621063    -0.000036337553540
    -0.000911190728143    -0.000971791099773    -0.002248095490048
     0.000704432287730    -0.002120619299572    -0.000514987528345
26 49
    -0.001374045068027     0.003821583081381     0.004090585065508
     0.005349876732174    -0.006496628401361    -0.005626047871000
     0.003625114827412    -0.004929061759889    -0.002224852607710
26 50
    -0.003372894274376     0.000400652525825    -0.001281037950365
    -0.000856468505921     0.009892776360544    -0.000106182791635
    -0.000783799855127     0.000054884668682    -0.003127082766440
26 51
    -0.002802564909297    -0.004283381204334    -0.003551918902746
    -0.004827313744016    -0.007500491496599    -0.004815176839254
    -0.003609343505921    -0.004825139140842    -0.003798977607710
26 52
    -0.000340640306122     0.001951237843285     0.000521825144873
     0.001437446176619    -0.000621727607710     0.000565954113127
    -0.001041938744016    -0.000560851442429     0.002668292233560
26 53
     0.003641216836735    -0.000517982394810     0.002210831097254
    -0.001051337553540     0.003532976757370     0.003078073160746
     0.002223162446460     0.002464729906778     0.001486397392290
26 54
    -0.029054882369615    -0.016454954617032     0.029900928319476
     0.017041964033762     0.031141409297052    -0.016454954617032
     0.029380265621063     0.017041964033762    -0.029054882369615
26 55
     0.006241903344671     0.004908116811539    -0.005664502236080
    -0.002371214537667     0.000636570011338     0.004308489827412
    -0.004434758188461    -0.000807934775762     0.001532568027211
26 56
     0.003227195011338    -0.000672428823381    -0.000672428823381
     0.000728614827412    -0.000444138321995     0.000807313240111
     0.000728614827412     0.000807313240111    -0.000444138321995
26 57
     0.001770943027211     0.002444404509952     0.002444404509952
     0.002657698160746     0.004343609693878    -0.001319728426556
     0.002657698160746    -0.001319728426556     0.004343609693878
26 58
    -0.001850769274376     0.000045531494079     0.000045531494079
    -0.000028787950365    -0.002233158163265    -0.000463293902746
    -0.000028787950365    -0.000463293902746    -0.002233158163265
26 59
     0.001159335884354    -0.002428033982111    -0.002428033982111
    -0.002810720490048     0.003836700963719    -0.001153547871000
    -0.002810720490048    -0.001153547871000     0.003836700963719
26 60
    -0.029339074829932    -0.032676581601159     0.018058464033762
    -0.032760799855127    -0.030144602607710     0.018213398557571
    -0.017086242315445    -0.017474964537667     0.031116591836735
26 61
    -0.194889340702948    -0.040722389140842     0.040765210065508
    -0.041036615331318    -0.197134497448980     0.039014583081381
     0.042823378716301     0.042104602922651    -0.196353799036281
26 62
    -0.029339074829932     0.018058464033762    -0.032676581601159
    -0.017086242315445     0.031116591836735    -0.017474964537667
    -0.032760799855127     0.018213398557571    -0.030144602607710
26 63
    -0.194889340702948     0.040765210065508    -0.040722389140842
     0.042823378716301    -0.196353799036281     0.042104602922651
    -0.041036615331318     0.039014583081381    -0.197134497448980
27 1
    -0.184658257369615     0.058928174351222     0.058928174351222
     0.113600874748047    -0.227508505385488    -0.024514581601159
     0.113600874748047    -0.024514581601159    -0.227508505385488
27 2
     0.001871883503401    -0.001041653029730    -0.001041653029730
     0.000884027525825    -0.001539832766440    -0.000977946680524
     0.000884027525825    -0.000977946680524    -0.001539832766440
27 3
     0.007240990646258     0.002771688240111     0.002771688240111
    -0.002622893109095    -0.000771608560091     0.001365694192492
    -0.002622893109095     0.001365694192492    -0.000771608560091
27 4
     0.000894790249433     0.000018452129000     0.000945184271857
    -0.001558702632905     0.001680260487528     0.002364841017889
     0.000644509668682    -0.000585178823381     0.001253792233560
27 5
    -0.001345610544218     0.002136281494079     0.001340700144873
     0.001280888636936    -0.001369007369615     0.000274182287730
    -0.001104599458302    -0.000063849458302     0.001076266439909
27 6
     0.000894790249433     0.000945184271857     0.000018452129000
     0.000644509668682     0.001253792233560    -0.000585178823381
    -0.001558702632905     0.002364841017889     0.001680260487528
27 7
    -0.001345610544218     0.001340700144873     0.002136281494079
    -0.001104599458302     0.001076266439909    -0.000063849458302
     0.001280888636936     0.000274182287730    -0.001369007369615
27 8
     0.003779042233560     0.000123047367095     0.003128843002016
     0.000241497763920     0.003418794217687    -0.002509537950365
     0.002526886652809    -0.002410569696397     0.000914897392290
27 9
     0.033242827947846     0.015245315224238    -0.015501829617032
    -0.017614359378937    -0.029724170068027     0.033570289430587
     0.016095378716301     0.034517922367095    -0.029942521258503
27 10
     0.005123314058957    -0.002474510172588    -0.000625264140842
    -0.001654531997984    -0.000044174036281    -0.001327887156715
    -0.000212516124969    -0.001375357394810     0.002081974773243
27 11
    -0.001431412131519     0.001401493795666    -0.000780575648778
     0.000130763636936    -0.004364358560091     0.001018426335349
    -0.000529565728143    -0.000875585569413    -0.001792275226757
27 12
    -0.183904926020408    -0.045239232394810     0.028744868795666
    -0.036895934775762    -0.202535683956916     0.035283354906778
     0.027148848954397     0.042355777525825    -0.182658900226757
27 13
    -0.030345110544218    -0.031944561759889     0.016191182287730
    -0.032175430807508    -0.030362910147392     0.018435543398841
    -0.016166629220207    -0.017853897077349     0.031202974773243
27 14
    -0.006980985544218     0.005601245779793    -0.005930877236080
     0.004613446176619    -0.002753983560091     0.002917866811539
    -0.004286643109095     0.002937025541698    -0.002590543083900
27 15
    -0.000812045068027    -0.001008684775762    -0.001567764140842
     0.000857140621063     0.002546581916100    -0.001118645093222
    -0.001773526045603     0.000623892605190    -0.001270051020408
27 16
     0.003779042233560     0.003128843002016     0.000123047367095
     0.002526886652809     0.000914897392290    -0.002410569696397
     0.000241497763920    -0.002509537950365     0.003418794217687
27 17
     0.033242827947846    -0.015501829617032     0.015245315224238
     0.016095378716301    -0.029942521258503     0.034517922367095
    -0.017614359378937     0.033570289430587    -0.029724170068027
27 18
     0.005123314058957    -0.000625264140842    -0.002474510172588
    -0.000212516124969     0.002081974773243    -0.001375357394810
    -0.001654531997984    -0.001327887156715    -0.000044174036281
27 19
    -0.001431412131519    -0.000780575648778     0.001401493795666
    -0.000529565728143    -0.001792275226757    -0.000875585569413
     0.000130763636936     0.001018426335349    -0.004364358560091
27 20
    -0.006980985544218    -0.005930877236080     0.005601245779793
    -0.004286643109095    -0.002590543083900     0.002937025541698
     0.004613446176619     0.002917866811539    -0.002753983560091
27 21
    -0.000812045068027    -0.001567764140842    -0.001008684775762
    -0.001773526045603    -0.001270051020408     0.000623892605190
     0.000857140621063    -0.001118645093222     0.002546581916100
27 22
    -0.183904926020408     0.028744868795666    -0.045239232394810
     0.027148848954397    -0.182658900226757     0.042355777525825
    -0.036895934775762     0.035283354906778    -0.202535683956916
27 23
    -0.030345110544218     0.016191182287730    -0.031944561759889
    -0.016166629220207     0.031202974773243    -0.017853897077349
    -0.032175430807508     0.018435543398841    -0.030362910147392
27 24
    -0.004659828798186     0.004788458081381     0.004788458081381
     0.001839057287730    -0.001062880385488    -0.001808545886873
     0.001839057287730    -0.001808545886873    -0.001062880385488
27 25
     0.028659306122449     0.021112015621063     0.021112015621063
    -0.007765145093222    -0.026818592687075    -0.029914103426556
    -0.007765145093222    -0.029914103426556    -0.026818592687075
27 26
    -0.207184598639456    -0.058452458585286    -0.058452458585286
    -0.062130176839254    -0.191036179988662    -0.032954641124968
    -0.062130176839254    -0.032954641124968    -0.191036179988662
27 27
     0.914646726757370    -0.008767982394810    -0.008767982394810
    -0.008767982394810     0.924618730725623    -0.033819944696397
    -0.008767982394810    -0.033819944696397     0.924618730725624
27 28
     0.004355075963719    -0.002376024061476     0.000032962049635
    -0.001664768109095     0.000484433106576     0.002021216017889
     0.000743344986143     0.002672301335349     0.003904312074830
27 29
    -0.027785818877551     0.027947682287730    -0.011406811759889
     0.028040975938524    -0.026280487528345     0.011599182287730
     0.018930100938524    -0.018344543902746     0.030402544217687
27 30
     0.004355075963719     0.000032962049635    -0.002376024061476
     0.000743344986143     0.003904312074830     0.002672301335349
    -0.001664768109095     0.002021216017889     0.000484433106576
27 31
    -0.027785818877551    -0.011406811759889     0.027947682287730
     0.018930100938524     0.030402544217687    -0.018344543902746
     0.028040975938524     0.011599182287730    -0.026280487528345
27 32
    -0.000176604591837     0.003433311255984     0.003433311255984
     0.003185543398841     0.003555919217687    -0.000772833585286
     0.003185543398841    -0.000772833585286     0.003555919217687
27 33
     0.001357976757370    -0.000682696680524    -0.000682696680524
     0.001032370779793    -0.000570295068027     0.001913434271857
     0.001032370779793     0.001913434271857    -0.000570295068027
27 34
     0.001750579931973    -0.001263843505921    -0.001263843505921
    -0.001139926839254     0.000970391439909    -0.001327885172588
    -0.001139926839254    -0.001327885172588     0.000970391439909
27 35
    -0.000390803004535     0.000188898557571     0.000188898557571
     0.000191561255984    -0.000616543083900    -0.000128315728143
     0.000191561255984    -0.000128315728143    -0.000616543083900
27 36
    -0.000363277210884    -0.002953841521794     0.001278398557571
    -0.002919438744016    -0.007141183956916     0.003360983875031
     0.005471194192492     0.005246886652809    -0.006154424036281
27 37
    -0.001256777210884    -0.000375016124969     0.001728295382968
    -0.001466000251953    -0.000786160147392    -0.001233637156715
     0.000022507684555     0.001950932287730     0.000627266439909
27 38
    -0.000363277210884     0.001278398557571    -0.002953841521794
     0.005471194192492    -0.006154424036281     0.005246886652809
    -0.002919438744016     0.003360983875031    -0.007141183956916
27 39
    -0.001256777210884     0.001728295382968    -0.000375016124969
     0.000022507684555     0.000627266439909     0.001950932287730
    -0.001466000251953    -0.001233637156715    -0.000786160147392
27 40
    -0.001240257369615     0.002213231890905     0.001852835065508
     0.003779658478206    -0.007607201814059    -0.004927547871000
     0.001344660462333    -0.002912899061476    -0.003313880385488
27 41
     0.002541780328798     0.002969904509952     0.000428777525825
    -0.001628533982111    -0.002169691893424    -0.002384615331318
    -0.000656397077349    -0.002335851442429    -0.001840842687075
27 42
    -0.003793318877551    -0.002264343505921    -0.003573028029730
    -0.003316198664651    -0.002406922052154    -0.004086543902746
    -0.004565492315445    -0.004887736363064    -0.007210562925170
27 43
    -0.000305989512472    -0.001030349458302    -0.001003061759889
    -0.000536367315445    -0.001474316893424    -0.000977317712270
    -0.000045337553540     0.000093019589317     0.009667419217687
27 44
     0.001532568027211    -0.005664502236080     0.004308489827412
    -0.004434758188461     0.006241903344671    -0.002371214537667
    -0.000807934775762     0.004908116811539     0.000636570011338
27 45
    -0.038260021258503     0.042816567208365     0.006252061255984
     0.027360718002016    -0.038260021258503    -0.026012113347191
    -0.026012113347191     0.006252061255984     0.027816980725624
27 46
     0.000918060090703     0.000607644589317    -0.001143317712270
     0.001104787446460     0.000057202947846     0.001136469986143
    -0.001730827632905     0.000813275541698     0.000329683106576
27 47
    -0.001839207766440    -0.000209474458302     0.001443462049635
     0.001418513636936     0.001480308106576     0.000692551335349
     0.002299013636936    -0.001007480410683    -0.001647487528345
27 48
    -0.001240257369615     0.001852835065508     0.002213231890905
     0.001344660462333    -0.003313880385488    -0.002912899061476
     0.003779658478206    -0.004927547871000    -0.007607201814059
27 49
     0.002541780328798     0.000428777525825     0.002969904509952
    -0.000656397077349    -0.001840842687075    -0.002335851442429
    -0.001628533982111    -0.002384615331318    -0.002169691893424
27 50
    -0.003793318877551    -0.003573028029730    -0.002264343505921
    -0.004565492315445    -0.007210562925170    -0.004887736363064
    -0.003316198664651    -0.004086543902746    -0.002406922052154
27 51
    -0.000305989512472    -0.001003061759889    -0.001030349458302
    -0.000045337553540     0.009667419217687     0.000093019589317
    -0.000536367315445    -0.000977317712270    -0.001474316893424
27 52
     0.000918060090703    -0.001143317712270     0.000607644589317
    -0.001730827632905     0.000329683106576     0.000813275541698
     0.001104787446460     0.001136469986143     0.000057202947846
27 53
    -0.001839207766440     0.001443462049635    -0.000209474458302
     0.002299013636936    -0.001647487528345    -0.001007480410683
     0.001418513636936     0.000692551335349     0.001480308106576
27 54
     0.001532568027211     0.004308489827412    -0.005664502236080
    -0.000807934775762     0.000636570011338     0.004908116811539
    -0.004434758188461    -0.002371214537667     0.006241903344671
27 55
    -0.038260021258503     0.006252061255984     0.042816567208365
    -0.026012113347191     0.027816980725624     0.006252061255984
     0.027360718002016    -0.026012113347191    -0.038260021258503
27 56
     0.001081020408163     0.001348140621063     0.001348140621063
     0.001224966017889     0.000906647392290    -0.001417490331318
     0.001224966017889    -0.001417490331318     0.000906647392290
27 57
     0.002876768424036     0.001106973954397     0.001106973954397
    -0.000910450648778    -0.000879104591837     0.001687468002016
    -0.000910450648778     0.001687468002016    -0.000879104591837
27 58
     0.000238681122449    -0.002986149061476    -0.002986149061476
    -0.001880186759889     0.004841377551020    -0.000466222474175
    -0.001880186759889    -0.000466222474175     0.004841377551020
27 59
    -0.003344213718821     0.000278285462333     0.000278285462333
     0.000950505700428    -0.001937638321995     0.000268648557571
     0.000950505700428     0.000268648557571    -0.001937638321995
27 60
    -0.003576374433107    -0.003798387156715     0.004845783478206
    -0.003087573664651    -0.003489691893424     0.003397969986143
     0.004700358875031     0.004499731890905    -0.008326122448980
27 61
    -0.028801140306122    -0.033871569696397    -0.019620845490048
    -0.035474389140842    -0.032675961734694    -0.015479720490048
     0.015871229906778     0.015005174351222     0.032217486678005
27 62
    -0.003576374433107     0.004845783478206    -0.003798387156715
     0.004700358875031    -0.008326122448980     0.004499731890905
    -0.003087573664651     0.003397969986143    -0.003489691893424
27 63
    -0.028801140306122    -0.019620845490048    -0.033871569696397
     0.015871229906778     0.032217486678005     0.015005174351222
    -0.035474389140842    -0.015479720490048    -0.032675961734694
28 1
     0.001111341836735    -0.001782986363064    -0.000979998267826
     0.002468708081381     0.004267071995465    -0.000551210569413
    -0.001233305807508    -0.000869045886873    -0.001351174036281
28 2
    -0.000910267290249     0.003218186255984     0.000132049351222
     0.002619985859158    -0.002005380385488    -0.000257325648778
    -0.000545153029730    -0.000086035966238     0.002781873582766
28 3
     0.005675589852608    -0.000733097474175     0.001599140621063
    -0.000916184775762     0.004669718820862     0.003043440224238
     0.001978676335349     0.001421354906778     0.001723722789116
28 4
     0.007989389455782    -0.002255208585286     0.001913261652809
     0.000144505700428    -0.002719912131519    -0.000525662950365
     0.000386579113127    -0.000577518109095    -0.002303376417234
28 5
    -0.006190261337868    -0.001704254220207    -0.003988097474175
    -0.004260653029730    -0.002722054988662    -0.002926446680524
    -0.004245780013857    -0.002241563744016    -0.001653527210884
28 6
     0.021374389455782     0.014590273557571    -0.011817220490048
     0.012561843002016    -0.036917130385488     0.048134692208365
    -0.011300008188461     0.047559376732174    -0.038153158163265
28 7
     0.006779363662132     0.001902289430587     0.001906108875031
    -0.000593016124969     0.003341718820862    -0.003665103426556
     0.001609208081381    -0.003514781997984     0.002705698979592
28 8
     0.000210016439909     0.001214511652809     0.001889295382968
    -0.000993668902746     0.002951621598639    -0.000239541918619
     0.001682956097254     0.001097841017889    -0.001070271258503
28 9
     0.004238927154195     0.002280154509952     0.000436497763920
     0.001995223954397     0.001481907312925     0.002893035462333
    -0.000921301839254     0.002953208081381     0.005092310090703
28 10
    -0.028602586734694    -0.032257420886873     0.017382813240111
    -0.035096948664651    -0.032237971655329     0.017589358875031
    -0.015429821680524    -0.016296696680524     0.026967306122449
28 11
    -0.175657437925170    -0.025355416918619     0.025039001732174
    -0.048469153029730    -0.156114656179138     0.009280047367095
     0.047672253716301     0.008831325144873    -0.157117068877551
28 12
    -0.002380326814059    -0.000153393109095    -0.000235678823381
    -0.000005226442429    -0.003788606575964    -0.000287649061476
     0.000083668398841     0.000177813240111    -0.001585693877551
28 13
     0.005116488662132    -0.002495097474175    -0.001249990331318
    -0.001090222474175     0.002223042233560    -0.003194335569413
     0.000690315224238    -0.003482236363064     0.002488306122449
28 14
     0.032523363662132    -0.015906164934492    -0.015046674855127
     0.016913779509952    -0.027029781179138    -0.031876637156715
     0.016346676335349    -0.031907188744016    -0.028201836734694
28 15
    -0.194075945861678     0.043528154509952     0.039286063240111
     0.044832348954397    -0.196491590702948    -0.045514399061476
     0.040094418398841    -0.040661196680524    -0.194148469671202
28 16
    -0.029121108560091    -0.017317817712270     0.032932124748047
     0.015777594986143     0.026495599773243    -0.016515698664651
     0.034427317208365     0.017392997763920    -0.030619874433107
28 17
     0.004370177154195    -0.000108615331318    -0.002523857394810
     0.000760337049635     0.004848806122449     0.002895793398841
    -0.002247664934492     0.002783325144873     0.001621786281179
28 18
    -0.000273961734694    -0.001582049855127    -0.001236057791635
    -0.001650307791635    -0.001653197845805     0.001014138636936
     0.001105537446460     0.000125148557571     0.002574282312925
28 19
    -0.007295312925170    -0.005590486363064     0.005218571176619
    -0.003069857394810    -0.001215322845805     0.001986535462333
     0.002806708081381     0.000949087049635    -0.000276277210884
28 20
    -0.001487261337868     0.000301462049635     0.000440198160746
     0.000139815224238    -0.000980090702948     0.000314521573444
    -0.000082609378937     0.000215277525825    -0.002751902210884
28 21
     0.004490554138322    -0.000232049855127    -0.002007982394810
    -0.000396442712270     0.004931401360544    -0.002915986363064
    -0.002318289934492    -0.002850859378937     0.002505538265306
28 22
     0.030729798185941     0.016317708081381     0.016547219986143
    -0.015244692712270    -0.029143322845805    -0.031263851442429
    -0.015936990331318    -0.031158359378937    -0.027039602607710
28 23
    -0.006693761337868     0.003465271573444     0.001642390621063
     0.003957329113127    -0.001986072845805    -0.002354901045603
     0.003978388636936    -0.003375420886873    -0.003076953798186
28 24
    -0.029803604591837     0.017872797367095    -0.033373589537667
    -0.016653359378937     0.029473946995465    -0.016884549855127
    -0.033458373267826     0.019233739827412    -0.031429424036281
28 25
    -0.204870344671202     0.051658729906778    -0.052362281997984
     0.050699688240111    -0.191945640306122     0.038507267605190
    -0.052539075648778     0.037199057287730    -0.194869136337868
28 26
    -0.030276374433107     0.032062380700428    -0.017995881204334
     0.032529656494079    -0.032983602607710     0.015786854906778
     0.017392267605190    -0.016382480410683     0.031657776360544
28 27
     0.004355075963719    -0.001664768109095     0.000743344986143
    -0.002376024061476     0.000484433106576     0.002672301335349
     0.000032962049635     0.002021216017889     0.003904312074830
28 28
     0.874218925170067    -0.028228684775762     0.028932164430587
    -0.028228684775762     0.872044885487528     0.016631962049635
     0.028932164430587     0.016631962049635     0.862298143424036
28 29
    -0.196066594671202    -0.041364728426556    -0.044571734378937
    -0.041761815728143    -0.196349910147392    -0.041221071680524
    -0.045984829617032    -0.047074008188461    -0.199174749433107
28 30
     0.031231175170068    -0.013667448664651     0.014215178319476
     0.014215178319476    -0.032988610544218     0.037225047367095
    -0.013667448664651     0.038086126732174    -0.032988610544218
28 31
     0.004091155328798     0.002330027525825     0.000500009668682
     0.002486309271857     0.002120871598639    -0.003079797871000
     0.000818920382968    -0.003301781997984     0.004425093820862
28 32
    -0.001738755385488     0.000416900541698     0.001100013636936
     0.001039751732174     0.002350371598639     0.001120662446460
     0.001468737843285    -0.000721422871000    -0.000580374433107
28 33
     0.001824950963719     0.001335267605190    -0.001209744299572
     0.001205454113127     0.001530282312925     0.001083555303603
    -0.001289809775762     0.001162469986143     0.001648161281179
28 34
    -0.001065695861678    -0.001121254220207    -0.000222391124969
    -0.001257218505921    -0.000359156179138    -0.000708389140842
    -0.000502482394810     0.001508400541698     0.003027347789116
28 35
    -0.001905453798186    -0.003500762156715     0.003954350938524
    -0.004579980410683    -0.006064340702948     0.004205055303603
     0.003839005700428     0.003739969986143    -0.002522961734694
28 36
    -0.000817553004535     0.000105372763920    -0.000017274061476
     0.000068894589317    -0.001201356575964     0.000247979906778
     0.000096388636936     0.000319547367095    -0.000915967687075
28 37
     0.000435946995465    -0.002674801839254    -0.001324002236080
    -0.001433666918619     0.000708792233560    -0.000920641124969
    -0.001116547871000    -0.001091031997984     0.000649597789116
28 38
     0.001932821995465     0.000960737843285    -0.001065764140842
    -0.000328722474175    -0.000786346655329    -0.000844992315445
     0.000803755700428    -0.000882480410683    -0.001015727607710
28 39
    -0.002842178004535     0.006160759668682     0.002467686255984
     0.004183216017889    -0.006209781179138    -0.003979321680524
     0.002926069192492    -0.004023851442429    -0.003355828798186
28 40
    -0.000982908163265    -0.000322053823381    -0.002636712553540
    -0.001328508188461     0.002910125566893     0.000707073160746
    -0.001933520093222    -0.000689363347191    -0.001231549036281
28 41
    -0.002073995464853     0.004331118795666    -0.004568270093222
     0.004708924351222    -0.001985989512472     0.004209005700428
    -0.005149827632905     0.005054934271857    -0.005501511337868
28 42
    -0.030824594671202     0.030138495779793     0.016832549351222
     0.030163884668682    -0.030824594671202    -0.016688422871000
    -0.016688422871000     0.016832549351222     0.031430393424036
28 43
     0.001958109693878    -0.001934010172588     0.002101515621063
    -0.002150658982111     0.004174635487528     0.001246428319476
     0.002096731890905     0.001051305303603     0.004465125566893
28 44
    -0.003127082766440    -0.001281037950365    -0.000106182791635
    -0.000783799855127    -0.003372894274376    -0.000856468505921
     0.000054884668682     0.000400652525825     0.009892776360544
28 45
    -0.002406922052154    -0.002264343505921    -0.004887736363064
    -0.003316198664651    -0.003793318877551    -0.004565492315445
    -0.004086543902746    -0.003573028029730    -0.007210562925170
28 46
     0.003593534297052     0.000316233875031    -0.000590740331318
     0.001227620779793    -0.000915594671202     0.001875591017889
     0.001002491811539     0.002450061255984    -0.000960860544218
28 47
     0.001564891439909     0.002453739827412     0.002198039430587
     0.002631096970270     0.003662510487528     0.000135297367095
     0.002105708081381    -0.000196319696397     0.004433468820862
28 48
    -0.030535158163265    -0.016674700648778    -0.029167440728143
     0.017255743795666     0.031353571995465     0.016892596970270
    -0.030790147077349    -0.016967262156715    -0.030438995464853
28 49
    -0.001420245464853     0.004089491811539    -0.004879643109095
     0.004806686255984    -0.006051140306122     0.005419019589317
    -0.004444839537667     0.004014545382968    -0.002217985544218
28 50
    -0.000915594671202     0.002450061255984     0.000316233875031
     0.001875591017889    -0.000960860544218    -0.000590740331318
     0.001227620779793     0.001002491811539     0.003593534297052
28 51
     0.001277734693878    -0.001367222474175     0.001561727922651
    -0.001506129220207     0.001195871598639     0.001218640621063
     0.001705452129000     0.001167343002016     0.001409889455782
28 52
    -0.001346215702948     0.000142521573444     0.000112221970270
    -0.000406619299572     0.009924885487528     0.000142521573444
    -0.001206643109095    -0.000406619299572    -0.001346215702948
28 53
    -0.002000608560091    -0.004591698664651    -0.003551897077349
    -0.005232278029730    -0.006495285147392    -0.004124109378937
    -0.002996416918619    -0.003995787950365    -0.002444485544218
28 54
     0.002668292233560     0.000565954113127     0.000521825144873
    -0.000560851442429    -0.000621727607710     0.001951237843285
    -0.001041938744016     0.001437446176619    -0.000340640306122
28 55
     0.000057202947846     0.000813275541698     0.000607644589317
     0.001136469986143     0.000329683106576    -0.001143317712270
     0.001104787446460    -0.001730827632905     0.000918060090703
28 56
    -0.028337505385488     0.016292979906778     0.031656718002016
    -0.016371200648778     0.030676849773243     0.017136505700428
     0.032239035462333    -0.016377829617032    -0.028994896258503
28 57
     0.002368617630385     0.002596563240111    -0.002713198664651
     0.003106007684555     0.004788722789116     0.000785589033762
    -0.003039631204334     0.001039253716301     0.004677601757370
28 58
    -0.029454219671202    -0.032468309775762    -0.016758071680524
    -0.033004728426556    -0.030534670068027    -0.017037101442429
     0.017227382684555     0.017772563240111     0.031121833900227
28 59
    -0.002419489512472    -0.003926250251953     0.003679862843285
    -0.003958785966238    -0.002903185941043     0.003914019589317
     0.004458325144873     0.004296684271857    -0.006460931972789
28 60
    -0.001147275226757     0.000172577129000    -0.000005014140842
    -0.000133740331318    -0.001811114512472     0.000249591017889
     0.000075553319476     0.000179017605190    -0.001452041099773
28 61
     0.001691333900227    -0.002382105410683    -0.002205393109095
    -0.002233430807508     0.003862240646259    -0.000675224458302
    -0.002644075648778     0.000125835065508     0.003727943027211
28 62
     0.003134724773243    -0.000885627236080     0.000910065224238
     0.000854442208365    -0.000429920068027    -0.001211022077349
    -0.000613129220207    -0.001174494299572    -0.000449360544218
28 63
    -0.001947291099773     0.003709868795666     0.004522632684555
     0.003026688240111    -0.002209435941043    -0.003895954617032
     0.004983680303603    -0.004624434775762    -0.006489880385488
29 1
    -0.002684303004535     0.005273132684555    -0.005807992315445
     0.003891789430587    -0.003785473639456     0.004770694192492
    -0.007658204617032     0.008125420382968    -0.005853441893424
29 2
     0.000875587868481    -0.000342819696397     0.001211430303603
    -0.000665057791635     0.000482323979592     0.000526204113127
     0.000704198160746     0.000601680303603     0.000844230725624
29 3
    -0.001055054988662     0.001291771573444    -0.000565728426556
     0.001507271573444    -0.000978701814059    -0.000951280013857
     0.001619902525825     0.000182321176619     0.002703454931973
29 4
    -0.007066130385488    -0.004237089537667    -0.002670982394810
    -0.003962412950365    -0.004282457766440    -0.003662758188461
    -0.005301569696397    -0.004309426839254    -0.002519519274376
29 5
     0.007777593820862    -0.000807010172588    -0.002058341521794
     0.000149678319476    -0.000997100623583    -0.000549166918619
    -0.000144928823381     0.000455777525825    -0.001785920068027
29 6
     0.001595369614512     0.004152392605190    -0.001914964537667
     0.001111424351222     0.002027323979592    -0.000865528029730
    -0.002160156997984    -0.004197406997984     0.001329198979592
29 7
     0.029080343820862    -0.015686716521794     0.017996364827412
     0.011804440224238    -0.031967201814059     0.029537801335349
    -0.013933315728143     0.033862434271857    -0.027280943877551
29 8
     0.001040121598639     0.001121880700428    -0.000872573664651
     0.001171287446460     0.000949450963719     0.001339112843285
    -0.000808817712270     0.001312432287730     0.000930210884354
29 9
    -0.000326842687075    -0.000369976442429     0.001572753716301
     0.001072305303603     0.002981486678005     0.000709065224238
     0.001476549351222    -0.000802825648778    -0.000235457766440
29 10
    -0.002967731575964    -0.003498301839254     0.004073194192492
    -0.003285617315445    -0.003389267290249     0.003949263636936
     0.004932404509952     0.004835394589317    -0.006863586734694
29 11
    -0.027591582766440    -0.033441047871000    -0.013690617315445
    -0.028735696680524    -0.032420201814059    -0.010972547871000
     0.017976979906778     0.015830041414714     0.029132788265306
29 12
     0.003435528344671    -0.001147274061476    -0.000803547871000
    -0.002200895093222     0.000663222789116    -0.001991744299572
    -0.000132855410683    -0.002366220490048     0.004002413265306
29 13
    -0.001670656179138     0.000261896573444    -0.000211609378937
     0.000133358875031    -0.001799003401361     0.000037694192492
    -0.000247458585286    -0.000446145093222    -0.001776086734694
29 14
    -0.006286031179138     0.004596454113127     0.004428581097254
     0.004708360859158    -0.002060451814059    -0.003861357394810
     0.004814027525825    -0.003496097474175    -0.001902229591837
29 15
     0.030064159297052     0.017387773557571     0.017371069192492
    -0.016450569696397    -0.028336886337868    -0.030851744299572
    -0.016563480410683    -0.031673855410683    -0.027740987528345
29 16
     0.001188371598639     0.003247801335349    -0.002452869299572
     0.002946676335349     0.004201304138322     0.000328331097254
    -0.002822706601159     0.000718714033762     0.004663857709751
29 17
    -0.028819092687075     0.016907628716301     0.032227398557571
    -0.016959331601159     0.030284635487528     0.016792698160746
     0.032551561255984    -0.017484583585286    -0.028963481575964
29 18
    -0.003209731575964    -0.004276930807508     0.004691448160746
    -0.004266226442429    -0.006887243480726     0.004573418398841
     0.005030888636936     0.004590739827412    -0.003358985544218
29 19
    -0.000714707766440    -0.001493117315445     0.000823577129000
    -0.001842276045603    -0.001927743480726    -0.000114934775762
    -0.000330565728143     0.001064303319476     0.001714579931973
29 20
     0.004939343820862    -0.000304418902746    -0.002694545886873
    -0.000008978426556     0.004531988662132    -0.002561073664651
    -0.002396633188461    -0.003036631204334     0.001795704931973
29 21
    -0.000989340702948     0.000398194192492     0.000106273557571
     0.000134013636936    -0.000883269274376    -0.000067206601159
     0.000102686255984    -0.000025268109095    -0.000602354591837
29 22
    -0.189911721655329     0.035559702129000     0.033712225938524
     0.034767638636936    -0.185678868480726    -0.033266321680524
     0.032998985859158    -0.033298018109095    -0.190560620464853
29 23
     0.029816843820862    -0.015504984378937    -0.016182978426556
     0.018243910462333    -0.028527743480726    -0.031044246283699
     0.017934239827412    -0.031152829617032    -0.029228346655329
29 24
    -0.002677749433107     0.005245791414714    -0.003392083585286
     0.004105471970270    -0.007401973639456     0.003248604906778
    -0.004263772077349     0.003794581097254    -0.003054566893424
29 25
    -0.028703114512472    -0.017193151045603    -0.031954776045603
     0.018106144589317     0.030006189058957     0.017335422367095
    -0.030298849458302    -0.017100476442429    -0.028676779195011
29 26
     0.001178605725624    -0.002785125251953     0.002129999748047
    -0.002018387156715     0.004085101757370     0.000165134668682
     0.001903868795666     0.000058235859158     0.003682383503401
29 27
    -0.027785818877551     0.028040975938524     0.018930100938524
     0.027947682287730    -0.026280487528345    -0.018344543902746
    -0.011406811759889     0.011599182287730     0.030402544217687
29 28
    -0.196066594671202    -0.041761815728143    -0.045984829617032
    -0.041364728426556    -0.196349910147392    -0.047074008188461
    -0.044571734378937    -0.041221071680524    -0.199174749433107
29 29
     0.891131885487528     0.010435140621063    -0.009484978426556
     0.010435140621063     0.894523794217687    -0.000953041918619
    -0.009484978426556    -0.000953041918619     0.890761357709750
29 30
     0.004091155328798     0.000818920382968     0.002486309271857
     0.000500009668682     0.004425093820862    -0.003079797871000
     0.002330027525825    -0.003301781997984     0.002120871598639
29 31
     0.030124135487528     0.018135646573444    -0.017003234378937
    -0.017003234378937    -0.029610299036281     0.032850606890905
     0.018135646573444     0.032160809271857    -0.029610299036281
29 32
     0.004161724773243     0.002999894589317    -0.000195980410683
     0.002672833081381     0.001254825963719     0.001955442208365
    -0.000280535966238     0.001865418398841     0.004177482709751
29 33
    -0.000350568877551     0.000911636652809     0.001309761652809
    -0.000422089537667     0.003001861678005    -0.000854414934492
     0.001666291414714     0.000518311255984    -0.000325481575964
29 34
    -0.005502965702948    -0.004057260172588     0.004562864827412
    -0.003782012156715    -0.002606076814059     0.003490015621063
     0.004513243795666     0.003912491811539    -0.001985545068027
29 35
    -0.000413223639456    -0.000967518109095    -0.000623768109095
    -0.001081524061476    -0.000350011337868     0.000561960065508
     0.000731731890905    -0.000900063744016     0.003289020408163
29 36
     0.000468802154195    -0.001071883188461    -0.000881768109095
    -0.001090899061476     0.000433472789116    -0.001155740331318
    -0.001008010172588    -0.001171986363064     0.000502514455782
29 37
    -0.001218447845805    -0.000315057791635     0.000532753716301
     0.000417664430587    -0.001274878401361    -0.000249861363064
     0.000545553319476     0.000300059271857    -0.001120920068027
29 38
    -0.002553822845805     0.003693106890905     0.004735866811539
     0.004075483875031    -0.003122517290249    -0.004650837553540
     0.004033606890905    -0.004326514140842    -0.007133620464853
29 39
     0.001942927154195    -0.000047996283699     0.000851567208365
     0.001229047367095    -0.001624826814059    -0.001086166918619
    -0.000673079617032    -0.001232760172588    -0.001414471655329
29 40
    -0.006633928004535     0.003840690224238    -0.004129206601159
     0.004812948160746    -0.002871045068027     0.003895852922651
    -0.004820543902746     0.003330727922651    -0.003723941893424
29 41
    -0.000575390306122    -0.000550762156715    -0.001396764140842
     0.000937630700428     0.002722339852608    -0.000873714537667
    -0.001639226442429     0.000691650541698    -0.000523404195011
29 42
     0.004174635487528    -0.001934010172588     0.001051305303603
    -0.002150658982111     0.001958109693878     0.002096731890905
     0.001246428319476     0.002101515621063     0.004465125566893
29 43
    -0.027968910147392     0.031016983875031    -0.016434478426556
     0.030236797367095    -0.027968910147392     0.016773833081381
     0.016773833081381    -0.016434478426556     0.028962857709751
29 44
    -0.003798977607710    -0.003551918902746    -0.004815176839254
    -0.003609343505921    -0.002802564909297    -0.004827313744016
    -0.004825139140842    -0.004283381204334    -0.007500491496599
29 45
    -0.001474316893424    -0.001030349458302     0.000093019589317
    -0.000536367315445    -0.000305989512472    -0.000045337553540
    -0.000977317712270    -0.001003061759889     0.009667419217687
29 46
     0.001409889455782     0.001561727922651     0.001218640621063
     0.001705452129000     0.001277734693878    -0.001506129220207
     0.001167343002016    -0.001367222474175     0.001195871598639
29 47
     0.002724996598639     0.001282608875031     0.000619045382968
    -0.000192571680524    -0.000890785147392     0.001431077129000
    -0.000703190728143     0.001376521573444    -0.000911549036281
29 48
    -0.191598428004535     0.034971418398841    -0.038093309775762
     0.038215450144873    -0.189241348639456     0.032222376732174
    -0.039955295886873     0.034024829113127    -0.189781638321995
29 49
    -0.028772265306122     0.016497735859158    -0.030929137156715
    -0.016313232394810     0.030861439058957    -0.016788825648778
    -0.031459238347191     0.017226511652809    -0.027979753401361
29 50
     0.003662510487528    -0.000196319696397     0.002453739827412
     0.000135297367095     0.004433468820862     0.002198039430587
     0.002631096970270     0.002105708081381     0.001564891439909
29 51
    -0.000890785147392     0.001376521573444     0.001282608875031
     0.001431077129000    -0.000911549036281     0.000619045382968
    -0.000192571680524    -0.000703190728143     0.002724996598639
29 52
    -0.002444485544218    -0.004124109378937    -0.003551897077349
    -0.003995787950365    -0.006495285147392    -0.004591698664651
    -0.002996416918619    -0.005232278029730    -0.002000608560091
29 53
    -0.001530128401361     0.000336670382968    -0.000165266124969
     0.000105803319476     0.008680544217687     0.000336670382968
    -0.000083440728143     0.000105803319476    -0.001530128401361
29 54
     0.001486397392290     0.003078073160746     0.002210831097254
     0.002464729906778     0.003532976757370    -0.000517982394810
     0.002223162446460    -0.001051337553540     0.003641216836735
29 55
     0.001480308106576    -0.001007480410683    -0.000209474458302
     0.000692551335349    -0.001647487528345     0.001443462049635
     0.001418513636936     0.002299013636936    -0.001839207766440
29 56
     0.004642724773243     0.000692348954397    -0.002274776045603
     0.000759505700428     0.004642429138322     0.002296035462333
    -0.002644363347191     0.002289011652809     0.001930710884354
29 57
    -0.027911527210884    -0.016187192712270     0.031290557287730
     0.017452714033762     0.030163677154195    -0.017380006204334
     0.031379969986143     0.016521469986143    -0.027693666099773
29 58
    -0.201765239512472    -0.049232315728143     0.048797934271857
    -0.048599522077349    -0.202590590702948     0.047991428319476
     0.048743233875031     0.048839029509952    -0.202457058956916
29 59
    -0.029624009353741    -0.032065006204334     0.017887493795666
    -0.032083454617032    -0.029385981575964     0.017642674351222
    -0.017190573664651    -0.017463099458302     0.030919550170068
29 60
     0.001503704931973    -0.002088553823381    -0.002514883188461
    -0.001906908982111     0.004196089852608    -0.000409754220207
    -0.002228345490048    -0.000505516124969     0.004568316043084
29 61
    -0.001067435941043     0.000262388636936     0.000157362843285
     0.000151525541698    -0.001641929988662    -0.000063194696397
     0.000103275541698    -0.000130323664651    -0.001376324829932
29 62
    -0.002152795068027     0.004778366811539     0.003649946176619
     0.004579898557571    -0.006220965702948    -0.004436117315445
     0.003612971970270    -0.004612528029730    -0.002464628401361
29 63
     0.002776189058957     0.001102237843285    -0.000503486363064
    -0.000285230410683    -0.000803856575964    -0.001470299855127
     0.000901906494079    -0.001416718505921    -0.000742773242630
30 1
     0.001111341836735    -0.000979998267826    -0.001782986363064
    -0.001233305807508    -0.001351174036281    -0.000869045886873
     0.002468708081381    -0.000551210569413     0.004267071995465
30 2
    -0.000910267290249     0.000132049351222     0.003218186255984
    -0.000545153029730     0.002781873582766    -0.000086035966238
     0.002619985859158    -0.000257325648778    -0.002005380385488
30 3
     0.005675589852608     0.001599140621063    -0.000733097474175
     0.001978676335349     0.001723722789116     0.001421354906778
    -0.000916184775762     0.003043440224238     0.004669718820862
30 4
     0.021374389455782    -0.011817220490048     0.014590273557571
    -0.011300008188461    -0.038153158163265     0.047559376732174
     0.012561843002016     0.048134692208365    -0.036917130385488
30 5
     0.006779363662132     0.001906108875031     0.001902289430587
     0.001609208081381     0.002705698979592    -0.003514781997984
    -0.000593016124969    -0.003665103426556     0.003341718820862
30 6
     0.007989389455782     0.001913261652809    -0.002255208585286
     0.000386579113127    -0.002303376417234    -0.000577518109095
     0.000144505700428    -0.000525662950365    -0.002719912131519
30 7
    -0.006190261337868    -0.003988097474175    -0.001704254220207
    -0.004245780013857    -0.001653527210884    -0.002241563744016
    -0.004260653029730    -0.002926446680524    -0.002722054988662
30 8
    -0.029121108560091     0.032932124748047    -0.017317817712270
     0.034427317208365    -0.030619874433107     0.017392997763920
     0.015777594986143    -0.016515698664651     0.026495599773243
30 9
     0.004370177154195    -0.002523857394810    -0.000108615331318
    -0.002247664934492     0.001621786281179     0.002783325144873
     0.000760337049635     0.002895793398841     0.004848806122449
30 10
    -0.000273961734694    -0.001236057791635    -0.001582049855127
     0.001105537446460     0.002574282312925     0.000125148557571
    -0.001650307791635     0.001014138636936    -0.001653197845805
30 11
    -0.007295312925170     0.005218571176619    -0.005590486363064
     0.002806708081381    -0.000276277210884     0.000949087049635
    -0.003069857394810     0.001986535462333    -0.001215322845805
30 12
     0.030729798185941     0.016547219986143     0.016317708081381
    -0.015936990331318    -0.027039602607710    -0.031158359378937
    -0.015244692712270    -0.031263851442429    -0.029143322845805
30 13
    -0.006693761337868     0.001642390621063     0.003465271573444
     0.003978388636936    -0.003076953798186    -0.003375420886873
     0.003957329113127    -0.002354901045603    -0.001986072845805
30 14
    -0.001487261337868     0.000440198160746     0.000301462049635
    -0.000082609378937    -0.002751902210884     0.000215277525825
     0.000139815224238     0.000314521573444    -0.000980090702948
30 15
     0.004490554138322    -0.002007982394810    -0.000232049855127
    -0.002318289934492     0.002505538265306    -0.002850859378937
    -0.000396442712270    -0.002915986363064     0.004931401360544
30 16
     0.000210016439909     0.001889295382968     0.001214511652809
     0.001682956097254    -0.001070271258503     0.001097841017889
    -0.000993668902746    -0.000239541918619     0.002951621598639
30 17
     0.004238927154195     0.000436497763920     0.002280154509952
    -0.000921301839254     0.005092310090703     0.002953208081381
     0.001995223954397     0.002893035462333     0.001481907312925
30 18
    -0.028602586734694     0.017382813240111    -0.032257420886873
    -0.015429821680524     0.026967306122449    -0.016296696680524
    -0.035096948664651     0.017589358875031    -0.032237971655329
30 19
    -0.175657437925170     0.025039001732174    -0.025355416918619
     0.047672253716301    -0.157117068877551     0.008831325144873
    -0.048469153029730     0.009280047367095    -0.156114656179138
30 20
     0.032523363662132    -0.015046674855127    -0.015906164934492
     0.016346676335349    -0.028201836734694    -0.031907188744016
     0.016913779509952    -0.031876637156715    -0.027029781179138
30 21
    -0.194075945861678     0.039286063240111     0.043528154509952
     0.040094418398841    -0.194148469671202    -0.040661196680524
     0.044832348954397    -0.045514399061476    -0.196491590702948
30 22
    -0.002380326814059    -0.000235678823381    -0.000153393109095
     0.000083668398841    -0.001585693877551     0.000177813240111
    -0.000005226442429    -0.000287649061476    -0.003788606575964
30 23
     0.005116488662132    -0.001249990331318    -0.002495097474175
     0.000690315224238     0.002488306122449    -0.003482236363064
    -0.001090222474175    -0.003194335569413     0.002223042233560
30 24
    -0.029803604591837    -0.033373589537667     0.017872797367095
    -0.033458373267826    -0.031429424036281     0.019233739827412
    -0.016653359378937    -0.016884549855127     0.029473946995465
30 25
    -0.204870344671202    -0.052362281997984     0.051658729906778
    -0.052539075648778    -0.194869136337868     0.037199057287730
     0.050699688240111     0.038507267605190    -0.191945640306122
30 26
    -0.030276374433107    -0.017995881204334     0.032062380700428
     0.017392267605190     0.031657776360544    -0.016382480410683
     0.032529656494079     0.015786854906778    -0.032983602607710
30 27
     0.004355075963719     0.000743344986143    -0.001664768109095
     0.000032962049635     0.003904312074830     0.002021216017889
    -0.002376024061476     0.002672301335349     0.000484433106576
30 28
     0.031231175170068     0.014215178319476    -0.013667448664651
    -0.013667448664651    -0.032988610544218     0.038086126732174
     0.014215178319476     0.037225047367095    -0.032988610544218
30 29
     0.004091155328798     0.000500009668682     0.002330027525825
     0.000818920382968     0.004425093820862    -0.003301781997984
     0.002486309271857    -0.003079797871000     0.002120871598639
30 30
     0.874218925170067     0.028932164430587    -0.028228684775762
     0.028932164430587     0.862298143424036     0.016631962049635
    -0.028228684775762     0.016631962049635     0.872044885487528
30 31
    -0.196066594671202    -0.044571734378937    -0.041364728426556
    -0.045984829617032    -0.199174749433107    -0.047074008188461
    -0.041761815728143    -0.041221071680524    -0.196349910147392
30 32
    -0.001738755385488     0.001100013636936     0.000416900541698
     0.001468737843285    -0.000580374433107    -0.000721422871000
     0.001039751732174     0.001120662446460     0.002350371598639
30 33
     0.001824950963719    -0.001209744299572     0.001335267605190
    -0.001289809775762     0.001648161281179     0.001162469986143
     0.001205454113127     0.001083555303603     0.001530282312925
30 34
    -0.001065695861678    -0.000222391124969    -0.001121254220207
    -0.000502482394810     0.003027347789116     0.001508400541698
    -0.001257218505921    -0.000708389140842    -0.000359156179138
30 35
    -0.001905453798186     0.003954350938524    -0.003500762156715
     0.003839005700428    -0.002522961734694     0.003739969986143
    -0.004579980410683     0.004205055303603    -0.006064340702948
30 36
     0.001932821995465    -0.001065764140842     0.000960737843285
     0.000803755700428    -0.001015727607710    -0.000882480410683
    -0.000328722474175    -0.000844992315445    -0.000786346655329
30 37
    -0.002842178004535     0.002467686255984     0.006160759668682
     0.002926069192492    -0.003355828798186    -0.004023851442429
     0.004183216017889    -0.003979321680524    -0.006209781179138
30 38
    -0.000817553004535    -0.000017274061476     0.000105372763920
     0.000096388636936    -0.000915967687075     0.000319547367095
     0.000068894589317     0.000247979906778    -0.001201356575964
30 39
     0.000435946995465    -0.001324002236080    -0.002674801839254
    -0.001116547871000     0.000649597789116    -0.001091031997984
    -0.001433666918619    -0.000920641124969     0.000708792233560
30 40
    -0.030535158163265    -0.029167440728143    -0.016674700648778
    -0.030790147077349    -0.030438995464853    -0.016967262156715
     0.017255743795666     0.016892596970270     0.031353571995465
30 41
    -0.001420245464853    -0.004879643109095     0.004089491811539
    -0.004444839537667    -0.002217985544218     0.004014545382968
     0.004806686255984     0.005419019589317    -0.006051140306122
30 42
    -0.000915594671202     0.000316233875031     0.002450061255984
     0.001227620779793     0.003593534297052     0.001002491811539
     0.001875591017889    -0.000590740331318    -0.000960860544218
30 43
     0.001277734693878     0.001561727922651    -0.001367222474175
     0.001705452129000     0.001409889455782     0.001167343002016
    -0.001506129220207     0.001218640621063     0.001195871598639
30 44
     0.002668292233560     0.000521825144873     0.000565954113127
    -0.001041938744016    -0.000340640306122     0.001437446176619
    -0.000560851442429     0.001951237843285    -0.000621727607710
30 45
     0.000057202947846     0.000607644589317     0.000813275541698
     0.001104787446460     0.000918060090703    -0.001730827632905
     0.001136469986143    -0.001143317712270     0.000329683106576
30 46
    -0.001346215702948     0.000112221970270     0.000142521573444
    -0.001206643109095    -0.001346215702948    -0.000406619299572
    -0.000406619299572     0.000142521573444     0.009924885487528
30 47
    -0.002000608560091    -0.003551897077349    -0.004591698664651
    -0.002996416918619    -0.002444485544218    -0.003995787950365
    -0.005232278029730    -0.004124109378937    -0.006495285147392
30 48
    -0.000982908163265    -0.002636712553540    -0.000322053823381
    -0.001933520093222    -0.001231549036281    -0.000689363347191
    -0.001328508188461     0.000707073160746     0.002910125566893
30 49
    -0.002073995464853    -0.004568270093222     0.004331118795666
    -0.005149827632905    -0.005501511337868     0.005054934271857
     0.004708924351222     0.004209005700428    -0.001985989512472
30 50
    -0.030824594671202     0.016832549351222     0.030138495779793
    -0.016688422871000     0.031430393424036     0.016832549351222
     0.030163884668682    -0.016688422871000    -0.030824594671202
30 51
     0.001958109693878     0.002101515621063    -0.001934010172588
     0.002096731890905     0.004465125566893     0.001051305303603
    -0.002150658982111     0.001246428319476     0.004174635487528
30 52
     0.003593534297052    -0.000590740331318     0.000316233875031
     0.001002491811539    -0.000960860544218     0.002450061255984
     0.001227620779793     0.001875591017889    -0.000915594671202
30 53
     0.001564891439909     0.002198039430587     0.002453739827412
     0.002105708081381     0.004433468820862    -0.000196319696397
     0.002631096970270     0.000135297367095     0.003662510487528
30 54
    -0.003127082766440    -0.000106182791635    -0.001281037950365
     0.000054884668682     0.009892776360544     0.000400652525825
    -0.000783799855127    -0.000856468505921    -0.003372894274376
30 55
    -0.002406922052154    -0.004887736363064    -0.002264343505921
    -0.004086543902746    -0.007210562925170    -0.003573028029730
    -0.003316198664651    -0.004565492315445    -0.003793318877551
30 56
    -0.028337505385488     0.031656718002016     0.016292979906778
     0.032239035462333    -0.028994896258503    -0.016377829617032
    -0.016371200648778     0.017136505700428     0.030676849773243
30 57
     0.002368617630385    -0.002713198664651     0.002596563240111
    -0.003039631204334     0.004677601757370     0.001039253716301
     0.003106007684555     0.000785589033762     0.004788722789116
30 58
    -0.029454219671202    -0.016758071680524    -0.032468309775762
     0.017227382684555     0.031121833900227     0.017772563240111
    -0.033004728426556    -0.017037101442429    -0.030534670068027
30 59
    -0.002419489512472     0.003679862843285    -0.003926250251953
     0.004458325144873    -0.006460931972789     0.004296684271857
    -0.003958785966238     0.003914019589317    -0.002903185941043
30 60
     0.003134724773243     0.000910065224238    -0.000885627236080
    -0.000613129220207    -0.000449360544218    -0.001174494299572
     0.000854442208365    -0.001211022077349    -0.000429920068027
30 61
    -0.001947291099773     0.004522632684555     0.003709868795666
     0.004983680303603    -0.006489880385488    -0.004624434775762
     0.003026688240111    -0.003895954617032    -0.002209435941043
30 62
    -0.001147275226757    -0.000005014140842     0.000172577129000
     0.000075553319476    -0.001452041099773     0.000179017605190
    -0.000133740331318     0.000249591017889    -0.001811114512472
30 63
     0.001691333900227    -0.002205393109095    -0.002382105410683
    -0.002644075648778     0.003727943027211     0.000125835065508
    -0.002233430807508    -0.000675224458302     0.003862240646259
31 1
    -0.002684303004535    -0.005807992315445     0.005273132684555
    -0.007658204617032    -0.005853441893424     0.008125420382968
     0.003891789430587     0.004770694192492    -0.003785473639456
31 2
     0.000875587868481     0.001211430303603    -0.000342819696397
     0.000704198160746     0.000844230725624     0.000601680303603
    -0.000665057791635     0.000526204113127     0.000482323979592
31 3
    -0.001055054988662    -0.000565728426556     0.001291771573444
     0.001619902525825     0.002703454931973     0.000182321176619
     0.001507271573444    -0.000951280013857    -0.000978701814059
31 4
     0.001595369614512    -0.001914964537667     0.004152392605190
    -0.002160156997984     0.001329198979592    -0.004197406997984
     0.001111424351222    -0.000865528029730     0.002027323979592
31 5
     0.029080343820862     0.017996364827412    -0.015686716521794
    -0.013933315728143    -0.027280943877551     0.033862434271857
     0.011804440224238     0.029537801335349    -0.031967201814059
31 6
    -0.007066130385488    -0.002670982394810    -0.004237089537667
    -0.005301569696397    -0.002519519274376    -0.004309426839254
    -0.003962412950365    -0.003662758188461    -0.004282457766440
31 7
     0.007777593820862    -0.002058341521794    -0.000807010172588
    -0.000144928823381    -0.001785920068027     0.000455777525825
     0.000149678319476    -0.000549166918619    -0.000997100623583
31 8
     0.001188371598639    -0.002452869299572     0.003247801335349
    -0.002822706601159     0.004663857709751     0.000718714033762
     0.002946676335349     0.000328331097254     0.004201304138322
31 9
    -0.028819092687075     0.032227398557571     0.016907628716301
     0.032551561255984    -0.028963481575964    -0.017484583585286
    -0.016959331601159     0.016792698160746     0.030284635487528
31 10
    -0.003209731575964     0.004691448160746    -0.004276930807508
     0.005030888636936    -0.003358985544218     0.004590739827412
    -0.004266226442429     0.004573418398841    -0.006887243480726
31 11
    -0.000714707766440     0.000823577129000    -0.001493117315445
    -0.000330565728143     0.001714579931973     0.001064303319476
    -0.001842276045603    -0.000114934775762    -0.001927743480726
31 12
    -0.189911721655329     0.033712225938524     0.035559702129000
     0.032998985859158    -0.190560620464853    -0.033298018109095
     0.034767638636936    -0.033266321680524    -0.185678868480726
31 13
     0.029816843820862    -0.016182978426556    -0.015504984378937
     0.017934239827412    -0.029228346655329    -0.031152829617032
     0.018243910462333    -0.031044246283699    -0.028527743480726
31 14
     0.004939343820862    -0.002694545886873    -0.000304418902746
    -0.002396633188461     0.001795704931973    -0.003036631204334
    -0.000008978426556    -0.002561073664651     0.004531988662132
31 15
    -0.000989340702948     0.000106273557571     0.000398194192492
     0.000102686255984    -0.000602354591837    -0.000025268109095
     0.000134013636936    -0.000067206601159    -0.000883269274376
31 16
     0.001040121598639    -0.000872573664651     0.001121880700428
    -0.000808817712270     0.000930210884354     0.001312432287730
     0.001171287446460     0.001339112843285     0.000949450963719
31 17
    -0.000326842687075     0.001572753716301    -0.000369976442429
     0.001476549351222    -0.000235457766440    -0.000802825648778
     0.001072305303603     0.000709065224238     0.002981486678005
31 18
    -0.002967731575964     0.004073194192492    -0.003498301839254
     0.004932404509952    -0.006863586734694     0.004835394589317
    -0.003285617315445     0.003949263636936    -0.003389267290249
31 19
    -0.027591582766440    -0.013690617315445    -0.033441047871000
     0.017976979906778     0.029132788265306     0.015830041414714
    -0.028735696680524    -0.010972547871000    -0.032420201814059
31 20
    -0.006286031179138     0.004428581097254     0.004596454113127
     0.004814027525825    -0.001902229591837    -0.003496097474175
     0.004708360859158    -0.003861357394810    -0.002060451814059
31 21
     0.030064159297052     0.017371069192492     0.017387773557571
    -0.016563480410683    -0.027740987528345    -0.031673855410683
    -0.016450569696397    -0.030851744299572    -0.028336886337868
31 22
     0.003435528344671    -0.000803547871000    -0.001147274061476
    -0.000132855410683     0.004002413265306    -0.002366220490048
    -0.002200895093222    -0.001991744299572     0.000663222789116
31 23
    -0.001670656179138    -0.000211609378937     0.000261896573444
    -0.000247458585286    -0.001776086734694    -0.000446145093222
     0.000133358875031     0.000037694192492    -0.001799003401361
31 24
    -0.002677749433107    -0.003392083585286     0.005245791414714
    -0.004263772077349    -0.003054566893424     0.003794581097254
     0.004105471970270     0.003248604906778    -0.007401973639456
31 25
    -0.028703114512472    -0.031954776045603    -0.017193151045603
    -0.030298849458302    -0.028676779195011    -0.017100476442429
     0.018106144589317     0.017335422367095     0.030006189058957
31 26
     0.001178605725624     0.002129999748047    -0.002785125251953
     0.001903868795666     0.003682383503401     0.000058235859158
    -0.002018387156715     0.000165134668682     0.004085101757370
31 27
    -0.027785818877551     0.018930100938524     0.028040975938524
    -0.011406811759889     0.030402544217687     0.011599182287730
     0.027947682287730    -0.018344543902746    -0.026280487528345
31 28
     0.004091155328798     0.002486309271857     0.000818920382968
     0.002330027525825     0.002120871598639    -0.003301781997984
     0.000500009668682    -0.003079797871000     0.004425093820862
31 29
     0.030124135487528    -0.017003234378937     0.018135646573444
     0.018135646573444    -0.029610299036281     0.032160809271857
    -0.017003234378937     0.032850606890905    -0.029610299036281
31 30
    -0.196066594671202    -0.045984829617032    -0.041761815728143
    -0.044571734378937    -0.199174749433107    -0.041221071680524
    -0.041364728426556    -0.047074008188461    -0.196349910147392
31 31
     0.891131885487528    -0.009484978426556     0.010435140621063
    -0.009484978426556     0.890761357709750    -0.000953041918619
     0.010435140621063    -0.000953041918619     0.894523794217687
31 32
     0.004161724773243    -0.000195980410683     0.002999894589317
    -0.000280535966238     0.004177482709751     0.001865418398841
     0.002672833081381     0.001955442208365     0.001254825963719
31 33
    -0.000350568877551     0.001309761652809     0.000911636652809
     0.001666291414714    -0.000325481575964     0.000518311255984
    -0.000422089537667    -0.000854414934492     0.003001861678005
31 34
    -0.005502965702948     0.004562864827412    -0.004057260172588
     0.004513243795666    -0.001985545068027     0.003912491811539
    -0.003782012156715     0.003490015621063    -0.002606076814059
31 35
    -0.000413223639456    -0.000623768109095    -0.000967518109095
     0.000731731890905     0.003289020408163    -0.000900063744016
    -0.001081524061476     0.000561960065508    -0.000350011337868
31 36
    -0.002553822845805     0.004735866811539     0.003693106890905
     0.004033606890905    -0.007133620464853    -0.004326514140842
     0.004075483875031    -0.004650837553540    -0.003122517290249
31 37
     0.001942927154195     0.000851567208365    -0.000047996283699
    -0.000673079617032    -0.001414471655329    -0.001232760172588
     0.001229047367095    -0.001086166918619    -0.001624826814059
31 38
     0.000468802154195    -0.000881768109095    -0.001071883188461
    -0.001008010172588     0.000502514455782    -0.001171986363064
    -0.001090899061476    -0.001155740331318     0.000433472789116
31 39
    -0.001218447845805     0.000532753716301    -0.000315057791635
     0.000545553319476    -0.001120920068027     0.000300059271857
     0.000417664430587    -0.000249861363064    -0.001274878401361
31 40
    -0.191598428004535    -0.038093309775762     0.034971418398841
    -0.039955295886873    -0.189781638321995     0.034024829113127
     0.038215450144873     0.032222376732174    -0.189241348639456
31 41
    -0.028772265306122    -0.030929137156715     0.016497735859158
    -0.031459238347191    -0.027979753401361     0.017226511652809
    -0.016313232394810    -0.016788825648778     0.030861439058957
31 42
     0.003662510487528     0.002453739827412    -0.000196319696397
     0.002631096970270     0.001564891439909     0.002105708081381
     0.000135297367095     0.002198039430587     0.004433468820862
31 43
    -0.000890785147392     0.001282608875031     0.001376521573444
    -0.000192571680524     0.002724996598639    -0.000703190728143
     0.001431077129000     0.000619045382968    -0.000911549036281
31 44
     0.001486397392290     0.002210831097254     0.003078073160746
     0.002223162446460     0.003641216836735    -0.001051337553540
     0.002464729906778    -0.000517982394810     0.003532976757370
31 45
     0.001480308106576    -0.000209474458302    -0.001007480410683
     0.001418513636936    -0.001839207766440     0.002299013636936
     0.000692551335349     0.001443462049635    -0.001647487528345
31 46
    -0.002444485544218    -0.003551897077349    -0.004124109378937
    -0.002996416918619    -0.002000608560091    -0.005232278029730
    -0.003995787950365    -0.004591698664651    -0.006495285147392
31 47
    -0.001530128401361    -0.000165266124969     0.000336670382968
    -0.000083440728143    -0.001530128401361     0.000105803319476
     0.000105803319476     0.000336670382968     0.008680544217687
31 48
    -0.006633928004535    -0.004129206601159     0.003840690224238
    -0.004820543902746    -0.003723941893424     0.003330727922651
     0.004812948160746     0.003895852922651    -0.002871045068027
31 49
    -0.000575390306122    -0.001396764140842    -0.000550762156715
    -0.001639226442429    -0.000523404195011     0.000691650541698
     0.000937630700428    -0.000873714537667     0.002722339852608
31 50
     0.004174635487528     0.001051305303603    -0.001934010172588
     0.001246428319476     0.004465125566893     0.002101515621063
    -0.002150658982111     0.002096731890905     0.001958109693878
31 51
    -0.027968910147392    -0.016434478426556     0.031016983875031
     0.016773833081381     0.028962857709751    -0.016434478426556
     0.030236797367095     0.016773833081381    -0.027968910147392
31 52
     0.001409889455782     0.001218640621063     0.001561727922651
     0.001167343002016     0.001195871598639    -0.001367222474175
     0.001705452129000    -0.001506129220207     0.001277734693878
31 53
     0.002724996598639     0.000619045382968     0.001282608875031
    -0.000703190728143    -0.000911549036281     0.001376521573444
    -0.000192571680524     0.001431077129000    -0.000890785147392
31 54
    -0.003798977607710    -0.004815176839254    -0.003551918902746
    -0.004825139140842    -0.007500491496599    -0.004283381204334
    -0.003609343505921    -0.004827313744016    -0.002802564909297
31 55
    -0.001474316893424     0.000093019589317    -0.001030349458302
    -0.000977317712270     0.009667419217687    -0.001003061759889
    -0.000536367315445    -0.000045337553540    -0.000305989512472
31 56
     0.004642724773243    -0.002274776045603     0.000692348954397
    -0.002644363347191     0.001930710884354     0.002289011652809
     0.000759505700428     0.002296035462333     0.004642429138322
31 57
    -0.027911527210884     0.031290557287730    -0.016187192712270
     0.031379969986143    -0.027693666099773     0.016521469986143
     0.017452714033762    -0.017380006204334     0.030163677154195
31 58
    -0.201765239512472     0.048797934271857    -0.049232315728143
     0.048743233875031    -0.202457058956916     0.048839029509952
    -0.048599522077349     0.047991428319476    -0.202590590702948
31 59
    -0.029624009353741     0.017887493795666    -0.032065006204334
    -0.017190573664651     0.030919550170068    -0.017463099458302
    -0.032083454617032     0.017642674351222    -0.029385981575964
31 60
    -0.002152795068027     0.003649946176619     0.004778366811539
     0.003612971970270    -0.002464628401361    -0.004612528029730
     0.004579898557571    -0.004436117315445    -0.006220965702948
31 61
     0.002776189058957    -0.000503486363064     0.001102237843285
     0.000901906494079    -0.000742773242630    -0.001416718505921
    -0.000285230410683    -0.001470299855127    -0.000803856575964
31 62
     0.001503704931973    -0.002514883188461    -0.002088553823381
    -0.002228345490048     0.004568316043084    -0.000505516124969
    -0.001906908982111    -0.000409754220207     0.004196089852608
31 63
    -0.001067435941043     0.000157362843285     0.000262388636936
     0.000103275541698    -0.001376324829932    -0.000130323664651
     0.000151525541698    -0.000063194696397    -0.001641929988662
32 1
    -0.002303463718821    -0.000853924855127    -0.000853924855127
     0.000109418398841    -0.000216691893424    -0.000685595490048
     0.000109418398841    -0.000685595490048    -0.000216691893424
32 2
     0.000831427154195     0.000350997763920     0.000350997763920
    -0.000368303823381     0.000225105725624     0.000105664430587
    -0.000368303823381     0.000105664430587     0.000225105725624
32 3
     0.001480409297052     0.001184464033762     0.001184464033762
     0.001932775541698     0.001143579931973    -0.001363194696397
     0.001932775541698    -0.001363194696397     0.001143579931973
32 4
    -0.031323291099773    -0.011065647077349     0.032487085065508
     0.016020966017889     0.029697573979592    -0.012520797871000
     0.032993553319476     0.015132432287730    -0.025619519274376
32 5
     0.002794183106576     0.001417807287730    -0.003541274061476
     0.000434432287730     0.003441181122449     0.001199168398841
    -0.001244055807508     0.001897761652809     0.003216954931973
32 6
    -0.031323291099773     0.032487085065508    -0.011065647077349
     0.032993553319476    -0.025619519274376     0.015132432287730
     0.016020966017889    -0.012520797871000     0.029697573979592
32 7
     0.002794183106576    -0.003541274061476     0.001417807287730
    -0.001244055807508     0.003216954931973     0.001897761652809
     0.000434432287730     0.001199168398841     0.003441181122449
32 8
    -0.000642914115646     0.000778948160746     0.000407368795666
     0.000302541414714     0.009169107709751     0.000778948160746
    -0.000129444696397     0.000302541414714    -0.000642914115646
32 9
    -0.002937378401361    -0.003674908982111    -0.004248053823381
    -0.004292440728143    -0.006174606575964    -0.004755224458302
    -0.003970702632905    -0.004412466521794    -0.002893957766440
32 10
     0.002258357709751    -0.000829484378937     0.000738261652809
     0.001355511652809    -0.000781110544218    -0.001320901045603
    -0.000617972474175    -0.001202746283699    -0.001349086734694
32 11
     0.000152881519274     0.007559144589317     0.001313450144873
     0.001649932287730    -0.006425670068027    -0.002918087553540
     0.005391602922651    -0.005511724458302    -0.005515461734694
32 12
    -0.027449257369615     0.016948668398841    -0.028773105410683
    -0.015989641124968     0.029291879535147    -0.017088908982111
    -0.029854607394810     0.015795763636936    -0.026801586734694
32 13
    -0.192869566893424     0.043414839033762    -0.053218416918619
     0.046806487843285    -0.196774721655329     0.043436904509952
    -0.048294585569413     0.042972839033762    -0.198219836734694
32 14
    -0.000593816893424    -0.001156728426556    -0.000299976442429
    -0.001160385172588     0.000159954931973     0.001022477922651
     0.000706025541698    -0.001342363347191     0.003092270408163
32 15
    -0.005800376417234    -0.004027158982111     0.004154511652809
    -0.004386440728143    -0.002006854591837     0.003408966017889
     0.004506267605190     0.003967378716301    -0.002414112528345
32 16
    -0.000642914115646     0.000407368795666     0.000778948160746
    -0.000129444696397    -0.000642914115646     0.000302541414714
     0.000302541414714     0.000778948160746     0.009169107709751
32 17
    -0.002937378401361    -0.004248053823381    -0.003674908982111
    -0.003970702632905    -0.002893957766440    -0.004412466521794
    -0.004292440728143    -0.004755224458302    -0.006174606575964
32 18
     0.002258357709751     0.000738261652809    -0.000829484378937
    -0.000617972474175    -0.001349086734694    -0.001202746283699
     0.001355511652809    -0.001320901045603    -0.000781110544218
32 19
     0.000152881519274     0.001313450144873     0.007559144589317
     0.005391602922651    -0.005515461734694    -0.005511724458302
     0.001649932287730    -0.002918087553540    -0.006425670068027
32 20
    -0.000593816893424    -0.000299976442429    -0.001156728426556
     0.000706025541698     0.003092270408163    -0.001342363347191
    -0.001160385172588     0.001022477922651     0.000159954931973
32 21
    -0.005800376417234     0.004154511652809    -0.004027158982111
     0.004506267605190    -0.002414112528345     0.003967378716301
    -0.004386440728143     0.003408966017889    -0.002006854591837
32 22
    -0.027449257369615    -0.028773105410683     0.016948668398841
    -0.029854607394810    -0.026801586734694     0.015795763636936
    -0.015989641124968    -0.017088908982111     0.029291879535147
32 23
    -0.192869566893424    -0.053218416918619     0.043414839033762
    -0.048294585569413    -0.198219836734694     0.042972839033762
     0.046806487843285     0.043436904509952    -0.196774721655329
32 24
    -0.000978535147392    -0.000087266124969    -0.000087266124969
    -0.000376774061476    -0.000985191893424    -0.000463309775762
    -0.000376774061476    -0.000463309775762    -0.000985191893424
32 25
     0.002291099773243    -0.001359458585286    -0.001359458585286
    -0.001149726442429     0.001527845804989    -0.001739992315445
    -0.001149726442429    -0.001739992315445     0.001527845804989
32 26
     0.001899570011338    -0.000766807791635    -0.000766807791635
     0.000766616811539    -0.000973991496599     0.000669344986143
     0.000766616811539     0.000669344986143    -0.000973991496599
32 27
    -0.000176604591837     0.003185543398841     0.003185543398841
     0.003433311255984     0.003555919217687    -0.000772833585286
     0.003433311255984    -0.000772833585286     0.003555919217687
32 28
    -0.001738755385488     0.001039751732174     0.001468737843285
     0.000416900541698     0.002350371598639    -0.000721422871000
     0.001100013636936     0.001120662446460    -0.000580374433107
32 29
     0.004161724773243     0.002672833081381    -0.000280535966238
     0.002999894589317     0.001254825963719     0.001865418398841
    -0.000195980410683     0.001955442208365     0.004177482709751
32 30
    -0.001738755385488     0.001468737843285     0.001039751732174
     0.001100013636936    -0.000580374433107     0.001120662446460
     0.000416900541698    -0.000721422871000     0.002350371598639
32 31
     0.004161724773243    -0.000280535966238     0.002672833081381
    -0.000195980410683     0.004177482709751     0.001955442208365
     0.002999894589317     0.001865418398841     0.001254825963719
32 32
     0.897429064058957    -0.005661287950365    -0.005661287950365
    -0.005661287950365     0.901197607709750     0.003409527525825
    -0.005661287950365     0.003409527525825     0.901197607709750
32 33
    -0.197526729591837    -0.043367545886873    -0.043367545886873
    -0.045195585569413    -0.198550856575964    -0.044528954617032
    -0.045195585569413    -0.044528954617032    -0.198550856575964
32 34
     0.031954373582766     0.016046182287730     0.016046182287730
    -0.016099633188461    -0.029477170068027    -0.032110774061476
    -0.016099633188461    -0.032110774061476    -0.029477170068027
32 35
    -0.005859759353741     0.004889049351222     0.004889049351222
     0.004523479906778    -0.002256354591837    -0.004454079617032
     0.004523479906778    -0.004454079617032    -0.002256354591837
32 36
    -0.031390983560091    -0.016635440728143    -0.032475325648778
     0.016375354906778     0.031206504535147     0.017459594986143
    -0.032337637156715    -0.017509377236080    -0.029593110544218
32 37
    -0.002633858560091     0.005644634668682    -0.003084803823381
     0.004362168398841    -0.007978096655329     0.004061098954397
    -0.002923948664651     0.004543543398841    -0.002785670068027
32 38
    -0.031390983560091    -0.032475325648778    -0.016635440728143
    -0.032337637156715    -0.029593110544218    -0.017509377236080
     0.016375354906778     0.017459594986143     0.031206504535147
32 39
    -0.002633858560091    -0.003084803823381     0.005644634668682
    -0.002923948664651    -0.002785670068027     0.004543543398841
     0.004362168398841     0.004061098954397    -0.007978096655329
32 40
    -0.001586213718821    -0.000527367315445    -0.000094389140842
     0.000127827129000    -0.001719513321995     0.000163938240111
    -0.000343670886873    -0.000046037950365    -0.003471691893424
32 41
     0.004454323979592     0.000028180303603    -0.002914946680524
     0.000031134668682     0.003551746598639    -0.002955879220207
    -0.002249353426556    -0.002778365331318     0.002202970804989
32 42
     0.026495599773243    -0.017317817712270     0.017392997763920
     0.015777594986143    -0.029121108560091     0.034427317208365
    -0.016515698664651     0.032932124748047    -0.030619874433107
32 43
     0.004201304138322     0.003247801335349     0.000718714033762
     0.002946676335349     0.001188371598639    -0.002822706601159
     0.000328331097254    -0.002452869299572     0.004663857709751
32 44
    -0.028419263321995     0.016177023557571     0.031882015621063
    -0.016633214537667     0.030941966836735     0.016687271573444
     0.031125108875031    -0.016674397077349    -0.028397491496599
32 45
     0.000914897392290     0.003128843002016    -0.002509537950365
     0.002526886652809     0.003779042233560     0.000241497763920
    -0.002410569696397     0.000123047367095     0.003418794217687
32 46
    -0.001070271258503     0.001889295382968    -0.000239541918619
     0.001682956097254     0.000210016439909    -0.000993668902746
     0.001097841017889     0.001214511652809     0.002951621598639
32 47
     0.000930210884354    -0.000872573664651     0.001339112843285
    -0.000808817712270     0.001040121598639     0.001171287446460
     0.001312432287730     0.001121880700428     0.000949450963719
32 48
    -0.001586213718821    -0.000094389140842    -0.000527367315445
    -0.000343670886873    -0.003471691893424    -0.000046037950365
     0.000127827129000     0.000163938240111    -0.001719513321995
32 49
     0.004454323979592    -0.002914946680524     0.000028180303603
    -0.002249353426556     0.002202970804989    -0.002778365331318
     0.000031134668682    -0.002955879220207     0.003551746598639
32 50
     0.026495599773243     0.017392997763920    -0.017317817712270
    -0.016515698664651    -0.030619874433107     0.032932124748047
     0.015777594986143     0.034427317208365    -0.029121108560091
32 51
     0.004201304138322     0.000718714033762     0.003247801335349
     0.000328331097254     0.004663857709751    -0.002452869299572
     0.002946676335349    -0.002822706601159     0.001188371598639
32 52
    -0.001070271258503    -0.000239541918619     0.001889295382968
     0.001097841017889     0.002951621598639     0.001214511652809
     0.001682956097254    -0.000993668902746     0.000210016439909
32 53
     0.000930210884354     0.001339112843285    -0.000872573664651
     0.001312432287730     0.000949450963719     0.001121880700428
    -0.000808817712270     0.001171287446460     0.001040121598639
32 54
    -0.028419263321995     0.031882015621063     0.016177023557571
     0.031125108875031    -0.028397491496599    -0.016674397077349
    -0.016633214537667     0.016687271573444     0.030941966836735
32 55
     0.000914897392290    -0.002509537950365     0.003128843002016
    -0.002410569696397     0.003418794217687     0.000123047367095
     0.002526886652809     0.000241497763920     0.003779042233560
32 56
     0.010115314058957     0.000097416414714     0.000097416414714
     0.000018759668682    -0.001557539115646     0.000061120779793
     0.000018759668682     0.000061120779793    -0.001557539115646
32 57
    -0.006086937925170    -0.004663000251953    -0.004663000251953
    -0.004114906997984    -0.002260041099773    -0.004279170886873
    -0.004114906997984    -0.004279170886873    -0.002260041099773
32 58
     0.031431974773243    -0.016360498267826    -0.016360498267826
     0.017463856890905    -0.028800933956916    -0.031847111363064
     0.017463856890905    -0.031847111363064    -0.028800933956916
32 59
    -0.194127170068027     0.040224436255984     0.040224436255984
     0.039272299351222    -0.198300574829932    -0.041480990331318
     0.039272299351222    -0.041480990331318    -0.198300574829932
32 60
    -0.000672455782313     0.000967388636936    -0.001280440728143
    -0.000241030013857     0.002994496598639     0.000679206097254
    -0.001300972474175    -0.000827281997984    -0.000291308956916
32 61
    -0.002422096655329     0.003682831097254    -0.004291069696397
     0.003508404509952    -0.002536273242630     0.004356515621063
    -0.004539976442429     0.004296035462333    -0.006507324829932
32 62
    -0.000672455782313    -0.001280440728143     0.000967388636936
    -0.001300972474175    -0.000291308956916    -0.000827281997984
    -0.000241030013857     0.000679206097254     0.002994496598639
32 63
    -0.002422096655329    -0.004291069696397     0.003682831097254
    -0.004539976442429    -0.006507324829932     0.004296035462333
     0.003508404509952     0.004356515621063    -0.002536273242630
33 1
     0.005531242630385    -0.003370472474175    -0.003370472474175
    -0.004718339537667     0.001494968820862     0.002052547367095
    -0.004718339537667     0.002052547367095     0.001494968820862
33 2
     0.003818633503401     0.003066075144873     0.003066075144873
     0.003666438240111     0.002553016439909     0.001796182287730
     0.003666438240111     0.001796182287730     0.002553016439909
33 3
     0.003216365646259    -0.000354583585286    -0.000354583585286
     0.000205892605190     0.000072115646259     0.001656948160746
     0.000205892605190     0.001656948160746     0.000072115646259
33 4
     0.004245165249433     0.002649680303603    -0.003360712553540
     0.003699208081381     0.003303609693878    -0.001224655013857
    -0.003128454617032    -0.001698674855127     0.002834516439909
33 5
    -0.028787235544218     0.015670759668682     0.032051928319476
    -0.016347575648778     0.031551091836735     0.016940436255984
     0.032757686255984    -0.015152470490048    -0.028533634353741
33 6
     0.004245165249433    -0.003360712553540     0.002649680303603
    -0.003128454617032     0.002834516439909    -0.001698674855127
     0.003699208081381    -0.001224655013857     0.003303609693878
33 7
    -0.028787235544218     0.032051928319476     0.015670759668682
     0.032757686255984    -0.028533634353741    -0.015152470490048
    -0.016347575648778     0.016940436255984     0.031551091836735
33 8
    -0.002893957766440    -0.004755224458302    -0.004248053823381
    -0.004412466521794    -0.006174606575964    -0.003674908982111
    -0.003970702632905    -0.004292440728143    -0.002937378401361
33 9
    -0.000063797052154     0.000195293398841     0.000191523557571
    -0.000079573664651     0.010409679138322     0.000195293398841
     0.000052789430587    -0.000079573664651    -0.000063797052154
33 10
    -0.003350685941043     0.004416718002016     0.004197339033762
     0.004407878716301    -0.006546824829932    -0.003989008188461
     0.003823394589317    -0.004052978426556    -0.003393926020408
33 11
     0.001769962868481    -0.000148278029730     0.000051527525825
    -0.000372950648778    -0.000817634353741    -0.001378069696397
     0.000339594986143    -0.001563831601159    -0.000655551020408
33 12
    -0.003273176020408     0.004350370779793    -0.004385903029730
     0.004335725938524    -0.006492334750567     0.003785358875031
    -0.004084240331318     0.004123781494079    -0.003370676020408
33 13
    -0.029704610544218    -0.014988208585286    -0.031180214537667
     0.016394354906778     0.031797564058957     0.016700297367095
    -0.032855968505921    -0.015079143109095    -0.028423551020408
33 14
    -0.002856110544218    -0.004631526045603     0.004510725938524
    -0.003965893109095    -0.005847509353741     0.003744870779793
     0.004338767605190     0.004321904509952    -0.002616443877551
33 15
     0.000027329931973    -0.001400956601159     0.000785464033762
    -0.001219323664651     0.000237306122449    -0.000668141124969
    -0.000656490331318     0.000775396573444     0.003619048185941
33 16
    -0.002893957766440    -0.004248053823381    -0.004755224458302
    -0.003970702632905    -0.002937378401361    -0.004292440728143
    -0.004412466521794    -0.003674908982111    -0.006174606575964
33 17
    -0.000063797052154     0.000191523557571     0.000195293398841
     0.000052789430587    -0.000063797052154    -0.000079573664651
    -0.000079573664651     0.000195293398841     0.010409679138322
33 18
    -0.003350685941043     0.004197339033762     0.004416718002016
     0.003823394589317    -0.003393926020408    -0.004052978426556
     0.004407878716301    -0.003989008188461    -0.006546824829932
33 19
     0.001769962868481     0.000051527525825    -0.000148278029730
     0.000339594986143    -0.000655551020408    -0.001563831601159
    -0.000372950648778    -0.001378069696397    -0.000817634353741
33 20
    -0.002856110544218     0.004510725938524    -0.004631526045603
     0.004338767605190    -0.002616443877551     0.004321904509952
    -0.003965893109095     0.003744870779793    -0.005847509353741
33 21
     0.000027329931973     0.000785464033762    -0.001400956601159
    -0.000656490331318     0.003619048185941     0.000775396573444
    -0.001219323664651    -0.000668141124969     0.000237306122449
33 22
    -0.003273176020408    -0.004385903029730     0.004350370779793
    -0.004084240331318    -0.003370676020408     0.004123781494079
     0.004335725938524     0.003785358875031    -0.006492334750567
33 23
    -0.029704610544218    -0.031180214537667    -0.014988208585286
    -0.032855968505921    -0.028423551020408    -0.015079143109095
     0.016394354906778     0.016700297367095     0.031797564058957
33 24
     0.000766296201814    -0.001481688744016    -0.001481688744016
    -0.001213656997984     0.001083343820862    -0.001350416918619
    -0.001213656997984    -0.001350416918619     0.001083343820862
33 25
     0.000133181122449    -0.000097881204334    -0.000097881204334
    -0.000021609378937     0.000712506519274     0.000151025541698
    -0.000021609378937     0.000151025541698     0.000712506519274
33 26
     0.001321151360544     0.001033019589317     0.001033019589317
     0.001129858875031     0.001021044217687    -0.001583637156715
     0.001129858875031    -0.001583637156715     0.001021044217687
33 27
     0.001357976757370     0.001032370779793     0.001032370779793
    -0.000682696680524    -0.000570295068027     0.001913434271857
    -0.000682696680524     0.001913434271857    -0.000570295068027
33 28
     0.001824950963719     0.001205454113127    -0.001289809775762
     0.001335267605190     0.001530282312925     0.001162469986143
    -0.001209744299572     0.001083555303603     0.001648161281179
33 29
    -0.000350568877551    -0.000422089537667     0.001666291414714
     0.000911636652809     0.003001861678005     0.000518311255984
     0.001309761652809    -0.000854414934492    -0.000325481575964
33 30
     0.001824950963719    -0.001289809775762     0.001205454113127
    -0.001209744299572     0.001648161281179     0.001083555303603
     0.001335267605190     0.001162469986143     0.001530282312925
33 31
    -0.000350568877551     0.001666291414714    -0.000422089537667
     0.001309761652809    -0.000325481575964    -0.000854414934492
     0.000911636652809     0.000518311255984     0.003001861678005
33 32
    -0.197526729591837    -0.045195585569413    -0.045195585569413
    -0.043367545886873    -0.198550856575964    -0.044528954617032
    -0.043367545886873    -0.044528954617032    -0.198550856575964
33 33
     0.885775476757370    -0.001436093505921    -0.001436093505921
    -0.001436093505921     0.893790679138322    -0.008559436759889
    -0.001436093505921    -0.008559436759889     0.893790679138321
33 34
    -0.196627670068027     0.044300634668682     0.044300634668682
     0.043421233875031    -0.198258134353741    -0.043911006204334
     0.043421233875031    -0.043911006204334    -0.198258134353741
33 35
     0.031472571995465    -0.017453373267826    -0.017453373267826
     0.016691971970270    -0.028275943877551    -0.031449811759889
     0.016691971970270    -0.031449811759889    -0.028275943877551
33 36
    -0.202933527210884     0.051726511652809    -0.050496373267826
     0.051167346970270    -0.204527709750567     0.047244112843285
    -0.050213645093222     0.047418765621063    -0.202916324829932
33 37
    -0.029638152210884     0.015004837049635    -0.031170601442429
    -0.016256214537667     0.032026314058957    -0.016332133188461
    -0.032745956601159     0.015110061255984    -0.028417509353741
33 38
    -0.202933527210884    -0.050496373267826     0.051726511652809
    -0.050213645093222    -0.202916324829932     0.047418765621063
     0.051167346970270     0.047244112843285    -0.204527709750567
33 39
    -0.029638152210884    -0.031170601442429     0.015004837049635
    -0.032745956601159    -0.028417509353741     0.015110061255984
    -0.016256214537667    -0.016332133188461     0.032026314058957
33 40
     0.004505367630385     0.000331585065508    -0.003079311759889
    -0.000973680807508     0.004055897392290    -0.002233043902746
    -0.003088928823381    -0.002892145093222     0.001242468820862
33 41
     0.000000280328798    -0.000302617315445    -0.000072994299572
     0.000185251732174    -0.000028717687075     0.000143638636936
     0.000108013636936     0.000142902525825    -0.001487243480726
33 42
     0.004848806122449    -0.000108615331318     0.002783325144873
     0.000760337049635     0.004370177154195    -0.002247664934492
     0.002895793398841    -0.002523857394810     0.001621786281179
33 43
     0.030284635487528     0.016907628716301    -0.017484583585286
    -0.016959331601159    -0.028819092687075     0.032551561255984
     0.016792698160746     0.032227398557571    -0.028963481575964
33 44
     0.004023068027211    -0.000292149061476    -0.003836656997984
     0.001014027525825     0.003862502551020     0.001950164430587
    -0.003145524061476     0.002080245779793     0.001579919217687
33 45
    -0.029942521258503    -0.015501829617032     0.033570289430587
     0.016095378716301     0.033242827947846    -0.017614359378937
     0.034517922367095     0.015245315224238    -0.029724170068027
33 46
     0.005092310090703     0.000436497763920     0.002893035462333
    -0.000921301839254     0.004238927154195     0.001995223954397
     0.002953208081381     0.002280154509952     0.001481907312925
33 47
    -0.000235457766440     0.001572753716301     0.000709065224238
     0.001476549351222    -0.000326842687075     0.001072305303603
    -0.000802825648778    -0.000369976442429     0.002981486678005
33 48
     0.004505367630385    -0.003079311759889     0.000331585065508
    -0.003088928823381     0.001242468820862    -0.002892145093222
    -0.000973680807508    -0.002233043902746     0.004055897392290
33 49
     0.000000280328798    -0.000072994299572    -0.000302617315445
     0.000108013636936    -0.001487243480726     0.000142902525825
     0.000185251732174     0.000143638636936    -0.000028717687075
33 50
     0.004848806122449     0.002783325144873    -0.000108615331318
     0.002895793398841     0.001621786281179    -0.002523857394810
     0.000760337049635    -0.002247664934492     0.004370177154195
33 51
     0.030284635487528    -0.017484583585286     0.016907628716301
     0.016792698160746    -0.028963481575964     0.032227398557571
    -0.016959331601159     0.032551561255984    -0.028819092687075
33 52
     0.005092310090703     0.002893035462333     0.000436497763920
     0.002953208081381     0.001481907312925     0.002280154509952
    -0.000921301839254     0.001995223954397     0.004238927154195
33 53
    -0.000235457766440     0.000709065224238     0.001572753716301
    -0.000802825648778     0.002981486678005    -0.000369976442429
     0.001476549351222     0.001072305303603    -0.000326842687075
33 54
     0.004023068027211    -0.003836656997984    -0.000292149061476
    -0.003145524061476     0.001579919217687     0.002080245779793
     0.001014027525825     0.001950164430587     0.003862502551020
33 55
    -0.029942521258503     0.033570289430587    -0.015501829617032
     0.034517922367095    -0.029724170068027     0.015245315224238
     0.016095378716301    -0.017614359378937     0.033242827947846
33 56
    -0.005958604591837    -0.004734006204334    -0.004734006204334
    -0.004425748267826    -0.001613253401361    -0.003475486363064
    -0.004425748267826    -0.003475486363064    -0.001613253401361
33 57
     0.010155768424036     0.000141077129000     0.000141077129000
    -0.000073539934492    -0.000562880385488     0.000003221970270
    -0.000073539934492     0.000003221970270    -0.000562880385488
33 58
    -0.006552943877551     0.004288954113127     0.004288954113127
     0.004534973954397    -0.001934023242630    -0.003455468505921
     0.004534973954397    -0.003455468505921    -0.001934023242630
33 59
     0.030520661281179     0.017550638636936     0.017550638636936
    -0.017395583585286    -0.028497164115646    -0.031241097474175
    -0.017395583585286    -0.031241097474175    -0.028497164115646
33 60
    -0.005982874433107     0.004527966017889    -0.004500488347191
     0.004541337049635    -0.002345592687075     0.003610973954397
    -0.004364480410683     0.003521110859158    -0.002069273242630
33 61
    -0.000310890306122    -0.000727466521794    -0.001310992315445
     0.000614396573444     0.002942012471655    -0.000707591521794
    -0.001368609378937     0.000665428319476    -0.000219164115646
33 62
    -0.005982874433107    -0.004500488347191     0.004527966017889
    -0.004364480410683    -0.002069273242630     0.003521110859158
     0.004541337049635     0.003610973954397    -0.002345592687075
33 63
    -0.000310890306122    -0.001310992315445    -0.000727466521794
    -0.001368609378937    -0.000219164115646     0.000665428319476
     0.000614396573444    -0.000707591521794     0.002942012471655
34 1
     0.002106095804989     0.000670354906778     0.000670354906778
     0.000021513636936     0.000609405328798    -0.001433772077349
     0.000021513636936    -0.001433772077349     0.000609405328798
34 2
    -0.002967888321995     0.001647402525825     0.001647402525825
     0.000488291414714    -0.001515172052154    -0.000160887156715
     0.000488291414714    -0.000160887156715    -0.001515172052154
34 3
     0.000757718820862    -0.002972131204334    -0.002972131204334
    -0.003128754220207     0.004564302154195    -0.001017996283699
    -0.003128754220207    -0.001017996283699     0.004564302154195
34 4
    -0.029799606575964    -0.032919117315445     0.013714239827412
    -0.033717563744016    -0.024874078798186     0.015249900541698
    -0.015736726442429    -0.011620244299572     0.030011952947846
34 5
    -0.190052257369615    -0.041897287950365     0.050698880700428
    -0.041378722474175    -0.192616471655329     0.042827741811539
     0.044254414430587     0.040066085065508    -0.194610197845805
34 6
    -0.029799606575964     0.013714239827412    -0.032919117315445
    -0.015736726442429     0.030011952947846    -0.011620244299572
    -0.033717563744016     0.015249900541698    -0.024874078798186
34 7
    -0.190052257369615     0.050698880700428    -0.041897287950365
     0.044254414430587    -0.194610197845805     0.040066085065508
    -0.041378722474175     0.042827741811539    -0.192616471655329
34 8
     0.003092270408163     0.001022477922651    -0.000299976442429
    -0.001342363347191     0.000159954931973    -0.001156728426556
     0.000706025541698    -0.001160385172588    -0.000593816893424
34 9
    -0.002616443877551     0.003744870779793     0.004510725938524
     0.004321904509952    -0.005847509353741    -0.004631526045603
     0.004338767605190    -0.003965893109095    -0.002856110544218
34 10
    -0.000675332766440    -0.000611829617032    -0.000213083585286
     0.000089856890905     0.009005736678005     0.000741922367095
    -0.000069377236080     0.000533202129000    -0.000550239512472
34 11
    -0.000174308956916    -0.002099200648778    -0.007140020093222
    -0.005429847474175    -0.005426822845805    -0.005064889140842
    -0.001844176839254    -0.002999026045603    -0.005586739512472
34 12
    -0.000967947845805     0.001494073160746     0.000692674351222
     0.001164454113127    -0.000246898242630     0.001070414430587
    -0.000399762156715    -0.001330162950365     0.002741260487528
34 13
     0.003212617630385    -0.001165631204334     0.003686362843285
     0.000266833081381     0.004442500566893     0.000839227922651
     0.001745634668682     0.001517787446460     0.003013635487528
34 14
    -0.025202757369615    -0.016780573664651     0.029228428319476
     0.016028835065508     0.029939552154195    -0.016780573664651
     0.029538745779793     0.016028835065508    -0.025202757369615
34 15
     0.005085308106576     0.000664245779793    -0.002384708585286
     0.000566529509952     0.004892117630385     0.002313914430587
    -0.002682137156715     0.002009327129000     0.002226859693878
34 16
     0.003092270408163    -0.000299976442429     0.001022477922651
     0.000706025541698    -0.000593816893424    -0.001160385172588
    -0.001342363347191    -0.001156728426556     0.000159954931973
34 17
    -0.002616443877551     0.004510725938524     0.003744870779793
     0.004338767605190    -0.002856110544218    -0.003965893109095
     0.004321904509952    -0.004631526045603    -0.005847509353741
34 18
    -0.000675332766440    -0.000213083585286    -0.000611829617032
    -0.000069377236080    -0.000550239512472     0.000533202129000
     0.000089856890905     0.000741922367095     0.009005736678005
34 19
    -0.000174308956916    -0.007140020093222    -0.002099200648778
    -0.001844176839254    -0.005586739512472    -0.002999026045603
    -0.005429847474175    -0.005064889140842    -0.005426822845805
34 20
    -0.025202757369615     0.029228428319476    -0.016780573664651
     0.029538745779793    -0.025202757369615     0.016028835065508
     0.016028835065508    -0.016780573664651     0.029939552154195
34 21
     0.005085308106576    -0.002384708585286     0.000664245779793
    -0.002682137156715     0.002226859693878     0.002009327129000
     0.000566529509952     0.002313914430587     0.004892117630385
34 22
    -0.000967947845805     0.000692674351222     0.001494073160746
    -0.000399762156715     0.002741260487528    -0.001330162950365
     0.001164454113127     0.001070414430587    -0.000246898242630
34 23
     0.003212617630385     0.003686362843285    -0.001165631204334
     0.001745634668682     0.003013635487528     0.001517787446460
     0.000266833081381     0.000839227922651     0.004442500566893
34 24
     0.002280149376417     0.000398138636936     0.000398138636936
    -0.000873178823381    -0.000490594671202     0.000719888636936
    -0.000873178823381     0.000719888636936    -0.000490594671202
34 25
     0.002643409297052     0.001429196176619     0.001429196176619
     0.001381493795666     0.001981943027211    -0.001514168902746
     0.001381493795666    -0.001514168902746     0.001981943027211
34 26
    -0.000580370464853    -0.000166653029730    -0.000166653029730
     0.000053337049635    -0.000622894274376    -0.000306706601159
     0.000053337049635    -0.000306706601159    -0.000622894274376
34 27
     0.001750579931973    -0.001139926839254    -0.001139926839254
    -0.001263843505921     0.000970391439909    -0.001327885172588
    -0.001263843505921    -0.001327885172588     0.000970391439909
34 28
    -0.001065695861678    -0.001257218505921    -0.000502482394810
    -0.001121254220207    -0.000359156179138     0.001508400541698
    -0.000222391124969    -0.000708389140842     0.003027347789116
34 29
    -0.005502965702948    -0.003782012156715     0.004513243795666
    -0.004057260172588    -0.002606076814059     0.003912491811539
     0.004562864827412     0.003490015621063    -0.001985545068027
34 30
    -0.001065695861678    -0.000502482394810    -0.001257218505921
    -0.000222391124969     0.003027347789116    -0.000708389140842
    -0.001121254220207     0.001508400541698    -0.000359156179138
34 31
    -0.005502965702948     0.004513243795666    -0.003782012156715
     0.004562864827412    -0.001985545068027     0.003490015621063
    -0.004057260172588     0.003912491811539    -0.002606076814059
34 32
     0.031954373582766    -0.016099633188461    -0.016099633188461
     0.016046182287730    -0.029477170068027    -0.032110774061476
     0.016046182287730    -0.032110774061476    -0.029477170068027
34 33
    -0.196627670068027     0.043421233875031     0.043421233875031
     0.044300634668682    -0.198258134353741    -0.043911006204334
     0.044300634668682    -0.043911006204334    -0.198258134353741
34 34
     0.863188933106576    -0.001608162950365    -0.001608162950365
    -0.001608162950365     0.873232302154195     0.003566424351222
    -0.001608162950365     0.003566424351222     0.873232302154195
34 35
    -0.194845949829932    -0.043922545886873    -0.043922545886873
    -0.041783049855127    -0.199163882369614    -0.044210131204334
    -0.041783049855127    -0.044210131204334    -0.199163882369614
34 36
    -0.030546799036281     0.032903964033762     0.016383704113127
     0.032704325144873    -0.029071273242630    -0.017153706601159
    -0.015301541918619     0.017114196176619     0.032055986678005
34 37
     0.002371450963719    -0.002990210569413     0.002165475938524
    -0.001565986363064     0.004040125566893    -0.000549577632905
     0.002992271573444     0.001012491811539     0.003177552154195
34 38
    -0.030546799036281     0.016383704113127     0.032903964033762
    -0.015301541918619     0.032055986678005     0.017114196176619
     0.032704325144873    -0.017153706601159    -0.029071273242630
34 39
     0.002371450963719     0.002165475938524    -0.002990210569413
     0.002992271573444     0.003177552154195     0.001012491811539
    -0.001565986363064    -0.000549577632905     0.004040125566893
34 40
     0.027140720804989     0.017318912446460    -0.017310234378937
    -0.016270702632905    -0.029249416099773     0.034356386652809
     0.016942924351222     0.032870785462333    -0.030785094671202
34 41
     0.005043133503401     0.000078460065508     0.002961083081381
    -0.000083395093222     0.004271593820862    -0.002770805807508
     0.003010741811539    -0.002928166918619     0.002752443027211
34 42
    -0.000980090702948     0.000301462049635     0.000215277525825
     0.000139815224238    -0.001487261337868    -0.000082609378937
     0.000314521573444     0.000440198160746    -0.002751902210884
34 43
     0.004531988662132    -0.000304418902746    -0.003036631204334
    -0.000008978426556     0.004939343820862    -0.002396633188461
    -0.002561073664651    -0.002694545886873     0.001795704931973
34 44
    -0.001127578798186    -0.001269821680524     0.000507795382968
    -0.001602119299572     0.000239439058957    -0.000926530013857
    -0.000980670886873     0.001030801335349     0.003224605725624
34 45
    -0.002590543083900    -0.005930877236080     0.002917866811539
    -0.004286643109095    -0.006980985544218     0.004613446176619
     0.002937025541698     0.005601245779793    -0.002753983560091
34 46
    -0.028201836734694    -0.015046674855127    -0.031876637156715
     0.016346676335349     0.032523363662132     0.016913779509952
    -0.031907188744016    -0.015906164934492    -0.027029781179138
34 47
    -0.001902229591837     0.004428581097254    -0.003861357394810
     0.004814027525825    -0.006286031179138     0.004708360859158
    -0.003496097474175     0.004596454113127    -0.002060451814059
34 48
     0.027140720804989    -0.017310234378937     0.017318912446460
     0.016942924351222    -0.030785094671202     0.032870785462333
    -0.016270702632905     0.034356386652809    -0.029249416099773
34 49
     0.005043133503401     0.002961083081381     0.000078460065508
     0.003010741811539     0.002752443027211    -0.002928166918619
    -0.000083395093222    -0.002770805807508     0.004271593820862
34 50
    -0.000980090702948     0.000215277525825     0.000301462049635
     0.000314521573444    -0.002751902210884     0.000440198160746
     0.000139815224238    -0.000082609378937    -0.001487261337868
34 51
     0.004531988662132    -0.003036631204334    -0.000304418902746
    -0.002561073664651     0.001795704931973    -0.002694545886873
    -0.000008978426556    -0.002396633188461     0.004939343820862
34 52
    -0.028201836734694    -0.031876637156715    -0.015046674855127
    -0.031907188744016    -0.027029781179138    -0.015906164934492
     0.016346676335349     0.016913779509952     0.032523363662132
34 53
    -0.001902229591837    -0.003861357394810     0.004428581097254
    -0.003496097474175    -0.002060451814059     0.004596454113127
     0.004814027525825     0.004708360859158    -0.006286031179138
34 54
    -0.001127578798186     0.000507795382968    -0.001269821680524
    -0.000980670886873     0.003224605725624     0.001030801335349
    -0.001602119299572    -0.000926530013857     0.000239439058957
34 55
    -0.002590543083900     0.002917866811539    -0.005930877236080
     0.002937025541698    -0.002753983560091     0.005601245779793
    -0.004286643109095     0.004613446176619    -0.006980985544218
34 56
     0.031541498582766     0.016495446176619     0.016495446176619
    -0.017711145093222    -0.028816191893424    -0.032340055807508
    -0.017711145093222    -0.032340055807508    -0.028816191893424
34 57
    -0.005481503401361     0.004485529509952     0.004485529509952
     0.004563688240111    -0.002159943877551    -0.004378222474175
     0.004563688240111    -0.004378222474175    -0.002159943877551
34 58
     0.009898284297052     0.000145156494079     0.000145156494079
     0.000255577129000    -0.001398211734694     0.000007087049635
     0.000255577129000     0.000007087049635    -0.001398211734694
34 59
    -0.006243485544218    -0.004900908982111    -0.004900908982111
    -0.004127105410683    -0.002445477607710    -0.004674541918619
    -0.004127105410683    -0.004674541918619    -0.002445477607710
34 60
    -0.000214646258503     0.001453168398841    -0.000719910966238
     0.001541690224238    -0.000052906179138    -0.000604845490048
     0.000354372763920     0.000991166414714     0.003584038265306
34 61
     0.001456462868481    -0.001330264140842     0.001241710065508
    -0.001349875251953     0.001228573979592     0.000960714033762
     0.001117118795666     0.001204858875031     0.001567147392290
34 62
    -0.000214646258503    -0.000719910966238     0.001453168398841
     0.000354372763920     0.003584038265306     0.000991166414714
     0.001541690224238    -0.000604845490048    -0.000052906179138
34 63
     0.001456462868481     0.001241710065508    -0.001330264140842
     0.001117118795666     0.001567147392290     0.001204858875031
    -0.001349875251953     0.000960714033762     0.001228573979592
35 1
     0.001237962868481     0.000665093002016     0.000665093002016
     0.000636880700428     0.001166970804989    -0.001062952632905
     0.000636880700428    -0.001062952632905     0.001166970804989
35 2
     0.002496853741497     0.000051890621063     0.000051890621063
    -0.004663466521794     0.002052768424036     0.002102932287730
    -0.004663466521794     0.002102932287730     0.002052768424036
35 3
    -0.000775789115646     0.000174731890905     0.000174731890905
    -0.000003387156715    -0.000906007369615     0.000171698160746
    -0.000003387156715     0.000171698160746    -0.000906007369615
35 4
    -0.003525239512472    -0.004294629220207     0.004295852922651
    -0.003628696680524    -0.002058388321995     0.005329719986143
     0.004097140621063     0.002424825144873    -0.006746481575964
35 5
    -0.027445515306122    -0.030045174855127    -0.018577381204334
    -0.031290480410683    -0.029142156179138    -0.017778813744016
     0.016798906494079     0.017822404509952     0.030786367630385
35 6
    -0.003525239512472     0.004295852922651    -0.004294629220207
     0.004097140621063    -0.006746481575964     0.002424825144873
    -0.003628696680524     0.005329719986143    -0.002058388321995
35 7
    -0.027445515306122    -0.018577381204334    -0.030045174855127
     0.016798906494079     0.030786367630385     0.017822404509952
    -0.031290480410683    -0.017778813744016    -0.029142156179138
35 8
    -0.002414112528345     0.003408966017889     0.004154511652809
     0.003967378716301    -0.002006854591837    -0.004027158982111
     0.004506267605190    -0.004386440728143    -0.005800376417234
35 9
     0.003619048185941    -0.000668141124969     0.000785464033762
     0.000775396573444     0.000237306122449    -0.001400956601159
    -0.000656490331318    -0.001219323664651     0.000027329931973
35 10
    -0.002502965702948    -0.004235091521794    -0.003801220490048
    -0.004388776045603    -0.006383572845805    -0.004596258188461
    -0.003462760172588    -0.004591728426556    -0.002200049036281
35 11
    -0.000555316893424     0.000233162446460     0.000083593002016
     0.001554769589317     0.007772242630385     0.002380430303603
    -0.000179684775762     0.000476543398841    -0.001662799036281
35 12
     0.000969169217687    -0.001116813744016     0.001420037446460
    -0.000827803823381     0.001029167233560     0.001059233875031
     0.001511979906778     0.001049281494079     0.000944075963719
35 13
    -0.001517890306122     0.002127731890905     0.000330975938524
     0.001621325144873    -0.000361808956916    -0.000517577632905
     0.001261376732174     0.000301981890905     0.002053700963719
35 14
     0.002226859693878     0.002313914430587    -0.002384708585286
     0.002009327129000     0.004892117630385     0.000664245779793
    -0.002682137156715     0.000566529509952     0.005085308106576
35 15
    -0.027911949829932     0.017397233875031     0.032074154509952
    -0.017507103426556     0.031302183106576     0.017397233875031
     0.031454479906778    -0.017507103426556    -0.027911949829932
35 16
    -0.002414112528345     0.004154511652809     0.003408966017889
     0.004506267605190    -0.005800376417234    -0.004386440728143
     0.003967378716301    -0.004027158982111    -0.002006854591837
35 17
     0.003619048185941     0.000785464033762    -0.000668141124969
    -0.000656490331318     0.000027329931973    -0.001219323664651
     0.000775396573444    -0.001400956601159     0.000237306122449
35 18
    -0.002502965702948    -0.003801220490048    -0.004235091521794
    -0.003462760172588    -0.002200049036281    -0.004591728426556
    -0.004388776045603    -0.004596258188461    -0.006383572845805
35 19
    -0.000555316893424     0.000083593002016     0.000233162446460
    -0.000179684775762    -0.001662799036281     0.000476543398841
     0.001554769589317     0.002380430303603     0.007772242630385
35 20
     0.002226859693878    -0.002384708585286     0.002313914430587
    -0.002682137156715     0.005085308106576     0.000566529509952
     0.002009327129000     0.000664245779793     0.004892117630385
35 21
    -0.027911949829932     0.032074154509952     0.017397233875031
     0.031454479906778    -0.027911949829932    -0.017507103426556
    -0.017507103426556     0.017397233875031     0.031302183106576
35 22
     0.000969169217687     0.001420037446460    -0.001116813744016
     0.001511979906778     0.000944075963719     0.001049281494079
    -0.000827803823381     0.001059233875031     0.001029167233560
35 23
    -0.001517890306122     0.000330975938524     0.002127731890905
     0.001261376732174     0.002053700963719     0.000301981890905
     0.001621325144873    -0.000517577632905    -0.000361808956916
35 24
     0.001926516439909     0.002199876732174     0.002199876732174
     0.001978438240111     0.004506470804989    -0.001236541918619
     0.001978438240111    -0.001236541918619     0.004506470804989
35 25
     0.003481901360544    -0.000568690728143    -0.000568690728143
     0.000614485859158    -0.000070741496599     0.001540150541698
     0.000614485859158     0.001540150541698    -0.000070741496599
35 26
     0.001111871598639    -0.001486414934492    -0.001486414934492
    -0.001374420886873     0.001063046201814    -0.001530012156715
    -0.001374420886873    -0.001530012156715     0.001063046201814
35 27
    -0.000390803004535     0.000191561255984     0.000191561255984
     0.000188898557571    -0.000616543083900    -0.000128315728143
     0.000188898557571    -0.000128315728143    -0.000616543083900
35 28
    -0.001905453798186    -0.004579980410683     0.003839005700428
    -0.003500762156715    -0.006064340702948     0.003739969986143
     0.003954350938524     0.004205055303603    -0.002522961734694
35 29
    -0.000413223639456    -0.001081524061476     0.000731731890905
    -0.000967518109095    -0.000350011337868    -0.000900063744016
    -0.000623768109095     0.000561960065508     0.003289020408163
35 30
    -0.001905453798186     0.003839005700428    -0.004579980410683
     0.003954350938524    -0.002522961734694     0.004205055303603
    -0.003500762156715     0.003739969986143    -0.006064340702948
35 31
    -0.000413223639456     0.000731731890905    -0.001081524061476
    -0.000623768109095     0.003289020408163     0.000561960065508
    -0.000967518109095    -0.000900063744016    -0.000350011337868
35 32
    -0.005859759353741     0.004523479906778     0.004523479906778
     0.004889049351222    -0.002256354591837    -0.004454079617032
     0.004889049351222    -0.004454079617032    -0.002256354591837
35 33
     0.031472571995465     0.016691971970270     0.016691971970270
    -0.017453373267826    -0.028275943877551    -0.031449811759889
    -0.017453373267826    -0.031449811759889    -0.028275943877551
35 34
    -0.194845949829932    -0.041783049855127    -0.041783049855127
    -0.043922545886873    -0.199163882369614    -0.044210131204334
    -0.043922545886873    -0.044210131204334    -0.199163882369614
35 35
     0.874811417233560    -0.003797682791635    -0.003797682791635
    -0.003797682791635     0.875884683106576     0.006120813240111
    -0.003797682791635     0.006120813240111     0.875884683106576
35 36
     0.004089568027211    -0.002544422871000     0.000216067208365
    -0.002821182791635     0.001419667233560     0.002562487843285
     0.000737200144873     0.002687015621063     0.004408802154195
35 37
    -0.031570306972789     0.028741027525825    -0.010717410966238
     0.033826505700428    -0.026897308956916     0.013423741811539
     0.016141888636936    -0.017838813744016     0.029178617630385
35 38
     0.004089568027211     0.000216067208365    -0.002544422871000
     0.000737200144873     0.004408802154195     0.002687015621063
    -0.002821182791635     0.002562487843285     0.001419667233560
35 39
    -0.031570306972789    -0.010717410966238     0.028741027525825
     0.016141888636936     0.029178617630385    -0.017838813744016
     0.033826505700428     0.013423741811539    -0.026897308956916
35 40
     0.004632587868481     0.002306025541698    -0.000313121283699
     0.002225414430587     0.001549649376417    -0.002984668902746
     0.000237541414714    -0.002662395093222     0.003799845804989
35 41
     0.029930625566893    -0.016721551839254     0.017226196176619
     0.017001346970270    -0.027233340702948     0.031175763636936
    -0.015932266124969     0.031092527525825    -0.027901366496599
35 42
     0.004931401360544    -0.000232049855127    -0.002850859378937
    -0.000396442712270     0.004490554138322    -0.002318289934492
    -0.002915986363064    -0.002007982394810     0.002505538265306
35 43
    -0.000883269274376     0.000398194192492    -0.000025268109095
     0.000134013636936    -0.000989340702948     0.000102686255984
    -0.000067206601159     0.000106273557571    -0.000602354591837
35 44
    -0.006406711734694    -0.004646583585286     0.003764783478206
    -0.004653377236080    -0.002172495464853     0.003299039430587
     0.004160446176619     0.003460620779793    -0.002320453798186
35 45
    -0.001270051020408    -0.001567764140842    -0.001118645093222
    -0.001773526045603    -0.000812045068027     0.000857140621063
     0.000623892605190    -0.001008684775762     0.002546581916100
35 46
    -0.194148469671202     0.039286063240111    -0.045514399061476
     0.040094418398841    -0.194075945861678     0.044832348954397
    -0.040661196680524     0.043528154509952    -0.196491590702948
35 47
    -0.027740987528345     0.017371069192492    -0.030851744299572
    -0.016563480410683     0.030064159297052    -0.016450569696397
    -0.031673855410683     0.017387773557571    -0.028336886337868
35 48
     0.004632587868481    -0.000313121283699     0.002306025541698
     0.000237541414714     0.003799845804989    -0.002662395093222
     0.002225414430587    -0.002984668902746     0.001549649376417
35 49
     0.029930625566893     0.017226196176619    -0.016721551839254
    -0.015932266124969    -0.027901366496599     0.031092527525825
     0.017001346970270     0.031175763636936    -0.027233340702948
35 50
     0.004931401360544    -0.002850859378937    -0.000232049855127
    -0.002915986363064     0.002505538265306    -0.002007982394810
    -0.000396442712270    -0.002318289934492     0.004490554138322
35 51
    -0.000883269274376    -0.000025268109095     0.000398194192492
    -0.000067206601159    -0.000602354591837     0.000106273557571
     0.000134013636936     0.000102686255984    -0.000989340702948
35 52
    -0.194148469671202    -0.045514399061476     0.039286063240111
    -0.040661196680524    -0.196491590702948     0.043528154509952
     0.040094418398841     0.044832348954397    -0.194075945861678
35 53
    -0.027740987528345    -0.030851744299572     0.017371069192492
    -0.031673855410683    -0.028336886337868     0.017387773557571
    -0.016563480410683    -0.016450569696397     0.030064159297052
35 54
    -0.006406711734694     0.003764783478206    -0.004646583585286
     0.004160446176619    -0.002320453798186     0.003460620779793
    -0.004653377236080     0.003299039430587    -0.002172495464853
35 55
    -0.001270051020408    -0.001118645093222    -0.001567764140842
     0.000623892605190     0.002546581916100    -0.001008684775762
    -0.001773526045603     0.000857140621063    -0.000812045068027
35 56
    -0.199365134353741     0.046051684271857     0.046051684271857
     0.046309721970270    -0.199131126417233    -0.046314361363064
     0.046309721970270    -0.046314361363064    -0.199131126417233
35 57
     0.031443488662132    -0.017224982394810    -0.017224982394810
     0.016949930303603    -0.027713253401361    -0.031675028029730
     0.016949930303603    -0.031675028029730    -0.027713253401361
35 58
    -0.006061223639456    -0.004445730410683    -0.004445730410683
    -0.004449805807508    -0.001893146258503    -0.003701843505921
    -0.004449805807508    -0.003701843505921    -0.001893146258503
35 59
     0.009214881519274     0.000166079113127     0.000166079113127
    -0.000023488347191    -0.000789162131519     0.000431527525825
    -0.000023488347191     0.000431527525825    -0.000789162131519
35 60
     0.004960345804989    -0.000449218505921     0.002278577129000
    -0.000405817712270     0.004751284297052     0.002391973954397
     0.002443739827412     0.002562485859158     0.002142728741497
35 61
    -0.000097545068027     0.001307723954397     0.000835823160746
     0.001321241811539    -0.000443985544218     0.000705908478206
    -0.000759264140842    -0.000562571680524     0.003354837868481
35 62
     0.004960345804989     0.002278577129000    -0.000449218505921
     0.002443739827412     0.002142728741497     0.002562485859158
    -0.000405817712270     0.002391973954397     0.004751284297052
35 63
    -0.000097545068027     0.000835823160746     0.001307723954397
    -0.000759264140842     0.003354837868481    -0.000562571680524
     0.001321241811539     0.000705908478206    -0.000443985544218
36 1
    -0.031734886337868     0.014900718002016     0.031712475938524
    -0.024282484378937     0.030950954931973     0.018990874748047
     0.035055255700428    -0.011853653029730    -0.026908410147392
36 2
    -0.030928745464853    -0.032277734378937    -0.013025351442429
    -0.030826331601159    -0.024342247448980    -0.015545865331318
     0.015567908478206     0.013083981890905     0.030722012471655
36 3
    -0.000209388321995    -0.006963268109095     0.002054114827412
    -0.002907002236080    -0.005507148242630     0.003416150541698
     0.004847987843285     0.005724372763920    -0.005632763321995
36 4
    -0.002533088718821     0.001428120779793    -0.000820264140842
    -0.000177561759889    -0.000942904195011    -0.000204077632905
     0.000239765621063    -0.000450250251953    -0.001821112528345
36 5
     0.002535135487528    -0.003138299855127    -0.001557498267826
    -0.001629845490048     0.002561952947846     0.000283263636936
    -0.002805468505921    -0.000457170886873     0.002713986678005
36 6
     0.000624911281179    -0.000614022077349     0.000441253716301
    -0.000071974458302    -0.000244747448980     0.000673777525825
     0.000006303319476    -0.000426855410683    -0.000776894274376
36 7
    -0.002168614512472     0.003574743795666     0.005762583081381
     0.003396666414714    -0.003056023242630    -0.005517268109095
     0.004829644589317    -0.004259139140842    -0.007671162131519
36 8
    -0.026801586734694    -0.017088908982111    -0.028773105410683
     0.015795763636936     0.029291879535147     0.016948668398841
    -0.029854607394810    -0.015989641124968    -0.027449257369615
36 9
    -0.003370676020408     0.003785358875031    -0.004385903029730
     0.004123781494079    -0.006492334750567     0.004350370779793
    -0.004084240331318     0.004335725938524    -0.003273176020408
36 10
    -0.001448064909297     0.001391908478206    -0.000267087553540
     0.001259733875031    -0.000891463718821    -0.000686305807508
     0.000440739827412     0.001725571176619     0.001538070011338
36 11
     0.000768458900227    -0.001048712553540     0.001006100938524
    -0.001518595490048     0.000300601757370     0.001392507684555
     0.001192065224238     0.001413593002016     0.000222070011338
36 12
    -0.001388179988662    -0.000063188744016     0.000326420382968
    -0.000223168902746     0.008283151360544    -0.000063188744016
    -0.000296270093222    -0.000223168902746    -0.001388179988662
36 13
    -0.003008114512472    -0.005406518109095    -0.003514391124969
    -0.003937539934492    -0.008177074829932    -0.004508250251953
    -0.002827498267826    -0.005101968505921    -0.003885054988662
36 14
     0.002741260487528     0.001070414430587     0.000692674351222
    -0.001330162950365    -0.000246898242630     0.001494073160746
    -0.000399762156715     0.001164454113127    -0.000967947845805
36 15
     0.000944075963719     0.001059233875031     0.001420037446460
     0.001049281494079     0.001029167233560    -0.001116813744016
     0.001511979906778    -0.000827803823381     0.000969169217687
36 16
    -0.001349086734694     0.000738261652809    -0.001320901045603
    -0.000617972474175     0.002258357709751     0.001355511652809
    -0.001202746283699    -0.000829484378937    -0.000781110544218
36 17
    -0.003393926020408     0.004197339033762    -0.003989008188461
     0.003823394589317    -0.003350685941043     0.004407878716301
    -0.004052978426556     0.004416718002016    -0.006546824829932
36 18
    -0.026964689909297     0.032876904509952     0.016917916414714
     0.029326749748047    -0.026964689909297    -0.014885151045603
    -0.014885151045603     0.016917916414714     0.028304671201814
36 19
    -0.000244416099773    -0.003736531997984     0.003336170382968
    -0.002960674855127     0.003072185090703     0.001255620779793
     0.003453769589317     0.001188604906778     0.002782986678005
36 20
    -0.000550239512472    -0.000213083585286     0.000741922367095
    -0.000069377236080    -0.000675332766440     0.000089856890905
     0.000533202129000    -0.000611829617032     0.009005736678005
36 21
    -0.002200049036281    -0.003801220490048    -0.004596258188461
    -0.003462760172588    -0.002502965702948    -0.004388776045603
    -0.004591728426556    -0.004235091521794    -0.006383572845805
36 22
     0.001538070011338    -0.000267087553540    -0.000686305807508
     0.000440739827412    -0.001448064909297     0.001259733875031
     0.001725571176619     0.001391908478206    -0.000891463718821
36 23
     0.001798885487528     0.001825600938524     0.002567614827412
     0.002937511652809     0.002373435090703    -0.000308815728143
     0.001648700144873     0.000733346970270     0.003138935090703
36 24
    -0.002234207766440    -0.001019748267826     0.001249884668682
    -0.000438926839254     0.002330454931973     0.000993035462333
     0.000817188240111    -0.001127367315445    -0.001188535147392
36 25
     0.002137927154195     0.001495809271857    -0.001417807791635
     0.001646745779793     0.001312242630385     0.001712352922651
    -0.001325264140842     0.001401575144873     0.001148252551020
36 26
    -0.002367477607710    -0.001035164934492     0.001254968002016
    -0.001812285966238    -0.000536219671202    -0.000302309775762
     0.000411204113127     0.000275287446460     0.001525665249433
36 27
    -0.000363277210884    -0.002919438744016     0.005471194192492
    -0.002953841521794    -0.007141183956916     0.005246886652809
     0.001278398557571     0.003360983875031    -0.006154424036281
36 28
    -0.000817553004535     0.000068894589317     0.000096388636936
     0.000105372763920    -0.001201356575964     0.000319547367095
    -0.000017274061476     0.000247979906778    -0.000915967687075
36 29
     0.000468802154195    -0.001090899061476    -0.001008010172588
    -0.001071883188461     0.000433472789116    -0.001171986363064
    -0.000881768109095    -0.001155740331318     0.000502514455782
36 30
     0.001932821995465     0.000803755700428    -0.000328722474175
    -0.001065764140842    -0.001015727607710    -0.000844992315445
     0.000960737843285    -0.000882480410683    -0.000786346655329
36 31
    -0.002553822845805     0.004033606890905     0.004075483875031
     0.004735866811539    -0.007133620464853    -0.004650837553540
     0.003693106890905    -0.004326514140842    -0.003122517290249
36 32
    -0.031390983560091     0.016375354906778    -0.032337637156715
    -0.016635440728143     0.031206504535147    -0.017509377236080
    -0.032475325648778     0.017459594986143    -0.029593110544218
36 33
    -0.202933527210884     0.051167346970270    -0.050213645093222
     0.051726511652809    -0.204527709750567     0.047418765621063
    -0.050496373267826     0.047244112843285    -0.202916324829932
36 34
    -0.030546799036281     0.032704325144873    -0.015301541918619
     0.032903964033762    -0.029071273242630     0.017114196176619
     0.016383704113127    -0.017153706601159     0.032055986678005
36 35
     0.004089568027211    -0.002821182791635     0.000737200144873
    -0.002544422871000     0.001419667233560     0.002687015621063
     0.000216067208365     0.002562487843285     0.004408802154195
36 36
     0.896195468820861    -0.007190297871000     0.019660575144873
    -0.007190297871000     0.921496401360544    -0.008675184775762
     0.019660575144873    -0.008675184775762     0.911782671201814
36 37
    -0.192021531179138    -0.039522972474175    -0.050122528029730
    -0.041061859378937    -0.196152074829932    -0.041944680807508
    -0.044064861363064    -0.041328264140842    -0.198117013321995
36 38
     0.030873468820862    -0.016775432791635     0.016097210065508
     0.016097210065508    -0.031635713718821     0.033465718002016
    -0.016775432791635     0.034354662446460    -0.031635713718821
36 39
     0.001940593820862     0.003679089033762     0.001087035462333
     0.002037148557571     0.001957351757370    -0.001932361363064
    -0.000028369299572    -0.001505333585286     0.003237935090703
36 40
    -0.028046136337868    -0.014822474458302     0.030674386652809
     0.015804549351222     0.030555633503401    -0.015381091521794
     0.030057791414714     0.016229279509952    -0.027864410147392
36 41
     0.003712776360544     0.000124948160746    -0.003192795886873
     0.000087856890905     0.003134018424036     0.003094716017889
    -0.002359891124969     0.002257327129000     0.001693752551020
36 42
    -0.001653197845805    -0.001582049855127     0.000125148557571
    -0.001650307791635    -0.000273961734694     0.001105537446460
     0.001014138636936    -0.001236057791635     0.002574282312925
36 43
    -0.006887243480726    -0.004276930807508     0.004590739827412
    -0.004266226442429    -0.003209731575964     0.005030888636936
     0.004573418398841     0.004691448160746    -0.003358985544218
36 44
    -0.002188685941043    -0.000431833585286    -0.000432083585286
    -0.000091867315445    -0.003156886337868    -0.000094383188461
    -0.000278053823381     0.000162670382968    -0.003740959750567
36 45
     0.002081974773243    -0.000625264140842    -0.001327887156715
    -0.000212516124969     0.005123314058957    -0.001654531997984
    -0.001375357394810    -0.002474510172588    -0.000044174036281
36 46
     0.026967306122449     0.017382813240111     0.017589358875031
    -0.015429821680524    -0.028602586734694    -0.035096948664651
    -0.016296696680524    -0.032257420886873    -0.032237971655329
36 47
    -0.006863586734694     0.004073194192492     0.003949263636936
     0.004932404509952    -0.002967731575964    -0.003285617315445
     0.004835394589317    -0.003498301839254    -0.003389267290249
36 48
    -0.001986636337868     0.000441003716301     0.001458658478206
    -0.001098698664651     0.002270329931973    -0.000548442712270
     0.001026414430587     0.000656255700428    -0.000557481575964
36 49
     0.004047151360544     0.003458071176619    -0.000069418902746
     0.002507868795666     0.001928117630385     0.002124854906778
    -0.000484403029730     0.001993563240111     0.003633153344671
36 50
    -0.029143322845805    -0.031158359378937     0.016317708081381
    -0.031263851442429    -0.027039602607710     0.016547219986143
    -0.015244692712270    -0.015936990331318     0.030729798185941
36 51
    -0.185678868480726    -0.033298018109095     0.035559702129000
    -0.033266321680524    -0.190560620464853     0.033712225938524
     0.034767638636936     0.032998985859158    -0.189911721655329
36 52
    -0.001585693877551    -0.000287649061476    -0.000235678823381
     0.000177813240111    -0.003788606575964    -0.000153393109095
     0.000083668398841    -0.000005226442429    -0.002380326814059
36 53
     0.004002413265306    -0.001991744299572    -0.000803547871000
    -0.002366220490048     0.000663222789116    -0.001147274061476
    -0.000132855410683    -0.002200895093222     0.003435528344671
36 54
     0.029065064058957    -0.018680966521794    -0.017250575648778
     0.017718581097254    -0.031233219671202    -0.031229801839254
     0.015354497763920    -0.035150535966238    -0.026995626417234
36 55
    -0.182658900226757     0.035283354906778     0.028744868795666
     0.042355777525825    -0.202535683956916    -0.045239232394810
     0.027148848954397    -0.036895934775762    -0.183904926020408
36 56
    -0.000775608560091    -0.000621815728143    -0.001134182791635
     0.000271106890905     0.002911982709751    -0.000605408982111
    -0.001293278029730     0.000995688240111    -0.000510632369615
36 57
    -0.006095360544218     0.004296392605190    -0.004409224458302
     0.004218940224238    -0.002551644274376     0.004038799351222
    -0.004454819696397     0.004194896573444    -0.002782009353741
36 58
    -0.001085447845805     0.001475519589317     0.001041152525825
     0.001194579113127    -0.000589287131519     0.000954858875031
    -0.000172555807508    -0.000622043902746     0.002799722789116
36 59
     0.003548407312925    -0.000773045886873     0.003159837049635
    -0.000504978426556     0.004345696995465     0.002532354906778
     0.002975886652809     0.002992827129000     0.001194081916100
36 60
     0.009649746598639    -0.000041343505921     0.000263585065508
     0.000212442208365    -0.002601356575964    -0.000238948664651
    -0.000092635172588    -0.000016964537667    -0.002411902210884
36 61
    -0.007112144274376    -0.004615526045603    -0.004214043902746
    -0.004837373267826    -0.003769126417234    -0.003888264140842
    -0.004224139140842    -0.003759647077349    -0.002633793083900
36 62
     0.029656746598639     0.016133702129000    -0.015848335569413
    -0.017435000251953    -0.028742787131519     0.031178813240111
     0.018328682287730     0.031271398557571    -0.029126971655329
36 63
     0.003962730725624     0.000354948160746     0.002400106890905
     0.000324995779793     0.003670196995465    -0.002376494299572
     0.002834241811539    -0.001972041918619     0.000538258503401
37 1
     0.000263363662132    -0.001687593505921    -0.003498335569413
    -0.002960408982111     0.001484478741497     0.002580670382968
    -0.001978722474175     0.001166475938524     0.003290530328798
37 2
    -0.214942995464853    -0.118107920886873     0.045050587049635
    -0.101328381204334    -0.225010098639456     0.093568055303603
     0.042039805303603     0.113100360859158    -0.216111422052154
37 3
    -0.029755388321995    -0.028329579617032     0.023216303319476
    -0.029915676839254    -0.032253374433107     0.016058696176619
    -0.014263990331318    -0.025788373267826     0.025463927154195
37 4
    -0.002192213718821     0.002387934271857    -0.001695075648778
     0.000500763636936     0.003735369614512    -0.004401781997984
     0.001717037446460    -0.005542746283699     0.002750952947846
37 5
    -0.002818114512472    -0.000686736363064    -0.000354309775762
     0.000937604906778    -0.003213648242630     0.000709184271857
     0.000695553319476     0.000503458081381    -0.001548822845805
37 6
    -0.002944713718821    -0.000253833585286     0.002575317208365
    -0.001905149061476    -0.006472848639456     0.004589073160746
     0.002148700144873    -0.000130476442429    -0.001711703798186
37 7
     0.001832760487528    -0.000057317712270    -0.000608728426556
    -0.000662133188461    -0.000769374433107    -0.006798097474175
     0.001156166414714    -0.001037135172588    -0.002155096655329
37 8
    -0.198219836734694     0.043436904509952    -0.053218416918619
     0.042972839033762    -0.196774721655329     0.043414839033762
    -0.048294585569413     0.046806487843285    -0.192869566893424
37 9
    -0.028423551020408     0.016700297367095    -0.031180214537667
    -0.015079143109095     0.031797564058957    -0.014988208585286
    -0.032855968505921     0.016394354906778    -0.029704610544218
37 10
     0.002373435090703     0.000733346970270     0.001825600938524
    -0.000308815728143     0.003138935090703     0.002567614827412
     0.002937511652809     0.001648700144873     0.001798885487528
37 11
    -0.001675166099773     0.001521350938524     0.001291789430587
     0.004928104906778    -0.002512499433107     0.002463928319476
    -0.000367787950365     0.000370721970270     0.000612385487528
37 12
    -0.003885054988662    -0.004508250251953    -0.003514391124969
    -0.005101968505921    -0.008177074829932    -0.005406518109095
    -0.002827498267826    -0.003937539934492    -0.003008114512472
37 13
    -0.001350614512472     0.002453295382968    -0.000614702632905
    -0.001918464537667     0.014875948979592     0.002453295382968
    -0.001331726442429    -0.001918464537667    -0.001350614512472
37 14
     0.003013635487528     0.000839227922651     0.003686362843285
     0.001517787446460     0.004442500566893    -0.001165631204334
     0.001745634668682     0.000266833081381     0.003212617630385
37 15
     0.002053700963719    -0.000517577632905     0.000330975938524
     0.000301981890905    -0.000361808956916     0.002127731890905
     0.001261376732174     0.001621325144873    -0.001517890306122
37 16
    -0.005515461734694     0.001313450144873    -0.002918087553540
     0.005391602922651     0.000152881519274     0.001649932287730
    -0.005511724458302     0.007559144589317    -0.006425670068027
37 17
    -0.000655551020408     0.000051527525825    -0.001378069696397
     0.000339594986143     0.001769962868481    -0.000372950648778
    -0.001563831601159    -0.000148278029730    -0.000817634353741
37 18
     0.003072185090703    -0.003736531997984     0.001188604906778
    -0.002960674855127    -0.000244416099773     0.003453769589317
     0.001255620779793     0.003336170382968     0.002782986678005
37 19
    -0.032087041099773     0.033412031494079    -0.014018391124969
     0.035014650541698    -0.032087041099773     0.016426291414714
     0.016426291414714    -0.014018391124969     0.024133052154195
37 20
    -0.005586739512472    -0.007140020093222    -0.005064889140842
    -0.001844176839254    -0.000174308956916    -0.005429847474175
    -0.002999026045603    -0.002099200648778    -0.005426822845805
37 21
    -0.001662799036281     0.000083593002016     0.002380430303603
    -0.000179684775762    -0.000555316893424     0.001554769589317
     0.000476543398841     0.000233162446460     0.007772242630385
37 22
     0.000222070011338     0.001006100938524     0.001392507684555
     0.001192065224238     0.000768458900227    -0.001518595490048
     0.001413593002016    -0.001048712553540     0.000300601757370
37 23
     0.000612385487528     0.001291789430587     0.002463928319476
    -0.000367787950365    -0.001675166099773     0.004928104906778
     0.000370721970270     0.001521350938524    -0.002512499433107
37 24
     0.004192542233560     0.000927440224238     0.000761948160746
     0.001501023557571     0.001796728741497     0.003183456097254
    -0.001929539934492     0.002332011652809     0.001587780328798
37 25
    -0.000670947845805     0.001097747763920     0.002093630700428
    -0.000154678823381     0.002589266439909    -0.000873726442429
     0.000979757684555     0.000413829113127    -0.001918931972789
37 26
    -0.007439727607710    -0.004882726442429     0.004644156494079
    -0.004155460569413    -0.002298945861678     0.002109360859158
     0.003673975938524     0.002530041414714    -0.002919269274376
37 27
    -0.001256777210884    -0.001466000251953     0.000022507684555
    -0.000375016124969    -0.000786160147392     0.001950932287730
     0.001728295382968    -0.001233637156715     0.000627266439909
37 28
     0.000435946995465    -0.001433666918619    -0.001116547871000
    -0.002674801839254     0.000708792233560    -0.001091031997984
    -0.001324002236080    -0.000920641124969     0.000649597789116
37 29
    -0.001218447845805     0.000417664430587     0.000545553319476
    -0.000315057791635    -0.001274878401361     0.000300059271857
     0.000532753716301    -0.000249861363064    -0.001120920068027
37 30
    -0.002842178004535     0.002926069192492     0.004183216017889
     0.002467686255984    -0.003355828798186    -0.003979321680524
     0.006160759668682    -0.004023851442429    -0.006209781179138
37 31
     0.001942927154195    -0.000673079617032     0.001229047367095
     0.000851567208365    -0.001414471655329    -0.001086166918619
    -0.000047996283699    -0.001232760172588    -0.001624826814059
37 32
    -0.002633858560091     0.004362168398841    -0.002923948664651
     0.005644634668682    -0.007978096655329     0.004543543398841
    -0.003084803823381     0.004061098954397    -0.002785670068027
37 33
    -0.029638152210884    -0.016256214537667    -0.032745956601159
     0.015004837049635     0.032026314058957     0.015110061255984
    -0.031170601442429    -0.016332133188461    -0.028417509353741
37 34
     0.002371450963719    -0.001565986363064     0.002992271573444
    -0.002990210569413     0.004040125566893     0.001012491811539
     0.002165475938524    -0.000549577632905     0.003177552154195
37 35
    -0.031570306972789     0.033826505700428     0.016141888636936
     0.028741027525825    -0.026897308956916    -0.017838813744016
    -0.010717410966238     0.013423741811539     0.029178617630385
37 36
    -0.192021531179138    -0.041061859378937    -0.044064861363064
    -0.039522972474175    -0.196152074829932    -0.041328264140842
    -0.050122528029730    -0.041944680807508    -0.198117013321995
37 37
     0.889532218820861     0.071407216017889     0.047395285462333
     0.071407216017889     0.948491948979592    -0.075299135172588
     0.047395285462333    -0.075299135172588     0.884063802154195
37 38
     0.001940593820862    -0.000028369299572     0.002037148557571
     0.001087035462333     0.003237935090703    -0.001932361363064
     0.003679089033762    -0.001505333585286     0.001957351757370
37 39
     0.023027718820862     0.024853027525825    -0.014973651045603
    -0.014973651045603    -0.031329499433107     0.032222559271857
     0.024853027525825     0.030778920382968    -0.031329499433107
37 40
     0.000657863662132     0.001682589033762    -0.002823174855127
     0.001253624748047     0.004841407312925     0.000270454113127
    -0.002020061759889     0.000384033478206     0.003658655328798
37 41
    -0.029148098639456     0.014325136652809     0.034294892605190
    -0.016046442712270     0.026267042233560     0.017002136652809
     0.032644505700428    -0.014173418902746    -0.030059306972789
37 42
    -0.001215322845805    -0.005590486363064     0.000949087049635
    -0.003069857394810    -0.007295312925170     0.002806708081381
     0.001986535462333     0.005218571176619    -0.000276277210884
37 43
    -0.001927743480726    -0.001493117315445     0.001064303319476
    -0.001842276045603    -0.000714707766440    -0.000330565728143
    -0.000114934775762     0.000823577129000     0.001714579931973
37 44
     0.002860814058957    -0.000624770093222    -0.002979770093222
     0.000031583081381     0.003594762471655    -0.002088337553540
    -0.002187656997984    -0.002044950648778     0.001578855725624
37 45
    -0.001792275226757    -0.000780575648778     0.001018426335349
    -0.000529565728143    -0.001431412131519     0.000130763636936
    -0.000875585569413     0.001401493795666    -0.004364358560091
37 46
    -0.157117068877551     0.025039001732174     0.009280047367095
     0.047672253716301    -0.175657437925170    -0.048469153029730
     0.008831325144873    -0.025355416918619    -0.156114656179138
37 47
     0.029132788265306    -0.013690617315445    -0.010972547871000
     0.017976979906778    -0.027591582766440    -0.028735696680524
     0.015830041414714    -0.033441047871000    -0.032420201814059
37 48
    -0.000145136337868     0.000425192208365    -0.001422153029730
     0.000822001732174     0.000770853741497     0.003282477922651
    -0.000796188744016     0.001415634668682     0.000649083900227
37 49
    -0.001673723639456     0.000426634668682     0.001638019589317
     0.001277694192492     0.002385766439909     0.000981775541698
     0.001636493795666    -0.000835307791635    -0.001630656179138
37 50
    -0.001986072845805    -0.003375420886873     0.003465271573444
    -0.002354901045603    -0.003076953798186     0.001642390621063
     0.003957329113127     0.003978388636936    -0.006693761337868
37 51
    -0.028527743480726    -0.031152829617032    -0.015504984378937
    -0.031044246283699    -0.029228346655329    -0.016182978426556
     0.018243910462333     0.017934239827412     0.029816843820862
37 52
     0.002488306122449    -0.003194335569413    -0.001249990331318
    -0.003482236363064     0.002223042233560    -0.002495097474175
     0.000690315224238    -0.001090222474175     0.005116488662132
37 53
    -0.001776086734694     0.000037694192492    -0.000211609378937
    -0.000446145093222    -0.001799003401361     0.000261896573444
    -0.000247458585286     0.000133358875031    -0.001670656179138
37 54
    -0.008540435941043     0.003742471970270     0.003696612843285
     0.003322781494079    -0.003496445861678    -0.002625631204334
     0.004082019589317    -0.003297406997984    -0.001531935941043
37 55
     0.031202974773243     0.018435543398841     0.016191182287730
    -0.017853897077349    -0.030362910147392    -0.031944561759889
    -0.016166629220207    -0.032175430807508    -0.030345110544218
37 56
    -0.002452108560091     0.002380997763920    -0.004702744299572
     0.003139807287730    -0.002800243480726     0.003986886652809
    -0.004222131204334     0.004852942208365    -0.005203441893424
37 57
    -0.000878235544218     0.001205456097254    -0.001105785966238
    -0.001256609378937     0.002705879535147     0.001272219986143
    -0.001136672871000    -0.001170849458302    -0.000780943877551
37 58
     0.000619802154195    -0.001383541918619     0.001211216017889
    -0.001282970490048     0.000680736678005     0.001116779509952
     0.001378091017889     0.001227960065508     0.001043038265306
37 59
    -0.001701592687075     0.001286017605190    -0.000249724458302
     0.000764721970270    -0.000971404195011    -0.000608724458302
     0.001079033478206     0.000874581097254     0.002230022392290
37 60
    -0.006261128401361    -0.005361905013857    -0.005048101442429
    -0.004213482394810    -0.003221832766440    -0.003539403029730
    -0.004380488347191    -0.002190585569413    -0.001986086734694
37 61
     0.007873355725624     0.000592787446460     0.000623144589317
    -0.001105672871000    -0.001249977607710     0.000668031494079
     0.002333757684555    -0.000026268109095    -0.002177477607710
37 62
     0.004474996598639     0.002209890621063     0.000589727922651
     0.002413200144873     0.001738236678005    -0.002422891124969
     0.000422704113127    -0.002290847474175     0.004152593820862
37 63
     0.029952105725624    -0.017797238347191     0.018688170382968
     0.015745946176619    -0.029598404195011     0.030552551335349
    -0.015389486363064     0.030739712049635    -0.028461551020408
38 1
    -0.031734886337868     0.031712475938524     0.014900718002016
     0.035055255700428    -0.026908410147392    -0.011853653029730
    -0.024282484378937     0.018990874748047     0.030950954931973
38 2
    -0.030928745464853    -0.013025351442429    -0.032277734378937
     0.015567908478206     0.030722012471655     0.013083981890905
    -0.030826331601159    -0.015545865331318    -0.024342247448980
38 3
    -0.000209388321995     0.002054114827412    -0.006963268109095
     0.004847987843285    -0.005632763321995     0.005724372763920
    -0.002907002236080     0.003416150541698    -0.005507148242630
38 4
     0.000624911281179     0.000441253716301    -0.000614022077349
     0.000006303319476    -0.000776894274376    -0.000426855410683
    -0.000071974458302     0.000673777525825    -0.000244747448980
38 5
    -0.002168614512472     0.005762583081381     0.003574743795666
     0.004829644589317    -0.007671162131519    -0.004259139140842
     0.003396666414714    -0.005517268109095    -0.003056023242630
38 6
    -0.002533088718821    -0.000820264140842     0.001428120779793
     0.000239765621063    -0.001821112528345    -0.000450250251953
    -0.000177561759889    -0.000204077632905    -0.000942904195011
38 7
     0.002535135487528    -0.001557498267826    -0.003138299855127
    -0.002805468505921     0.002713986678005    -0.000457170886873
    -0.001629845490048     0.000283263636936     0.002561952947846
38 8
    -0.001349086734694    -0.001320901045603     0.000738261652809
    -0.001202746283699    -0.000781110544218    -0.000829484378937
    -0.000617972474175     0.001355511652809     0.002258357709751
38 9
    -0.003393926020408    -0.003989008188461     0.004197339033762
    -0.004052978426556    -0.006546824829932     0.004416718002016
     0.003823394589317     0.004407878716301    -0.003350685941043
38 10
    -0.026964689909297     0.016917916414714     0.032876904509952
    -0.014885151045603     0.028304671201814     0.016917916414714
     0.029326749748047    -0.014885151045603    -0.026964689909297
38 11
    -0.000244416099773     0.003336170382968    -0.003736531997984
     0.003453769589317     0.002782986678005     0.001188604906778
    -0.002960674855127     0.001255620779793     0.003072185090703
38 12
     0.001538070011338    -0.000686305807508    -0.000267087553540
     0.001725571176619    -0.000891463718821     0.001391908478206
     0.000440739827412     0.001259733875031    -0.001448064909297
38 13
     0.001798885487528     0.002567614827412     0.001825600938524
     0.001648700144873     0.003138935090703     0.000733346970270
     0.002937511652809    -0.000308815728143     0.002373435090703
38 14
    -0.000550239512472     0.000741922367095    -0.000213083585286
     0.000533202129000     0.009005736678005    -0.000611829617032
    -0.000069377236080     0.000089856890905    -0.000675332766440
38 15
    -0.002200049036281    -0.004596258188461    -0.003801220490048
    -0.004591728426556    -0.006383572845805    -0.004235091521794
    -0.003462760172588    -0.004388776045603    -0.002502965702948
38 16
    -0.026801586734694    -0.028773105410683    -0.017088908982111
    -0.029854607394810    -0.027449257369615    -0.015989641124968
     0.015795763636936     0.016948668398841     0.029291879535147
38 17
    -0.003370676020408    -0.004385903029730     0.003785358875031
    -0.004084240331318    -0.003273176020408     0.004335725938524
     0.004123781494079     0.004350370779793    -0.006492334750567
38 18
    -0.001448064909297    -0.000267087553540     0.001391908478206
     0.000440739827412     0.001538070011338     0.001725571176619
     0.001259733875031    -0.000686305807508    -0.000891463718821
38 19
     0.000768458900227     0.001006100938524    -0.001048712553540
     0.001192065224238     0.000222070011338     0.001413593002016
    -0.001518595490048     0.001392507684555     0.000300601757370
38 20
     0.002741260487528     0.000692674351222     0.001070414430587
    -0.000399762156715    -0.000967947845805     0.001164454113127
    -0.001330162950365     0.001494073160746    -0.000246898242630
38 21
     0.000944075963719     0.001420037446460     0.001059233875031
     0.001511979906778     0.000969169217687    -0.000827803823381
     0.001049281494079    -0.001116813744016     0.001029167233560
38 22
    -0.001388179988662     0.000326420382968    -0.000063188744016
    -0.000296270093222    -0.001388179988662    -0.000223168902746
    -0.000223168902746    -0.000063188744016     0.008283151360544
38 23
    -0.003008114512472    -0.003514391124969    -0.005406518109095
    -0.002827498267826    -0.003885054988662    -0.005101968505921
    -0.003937539934492    -0.004508250251953    -0.008177074829932
38 24
    -0.002234207766440     0.001249884668682    -0.001019748267826
     0.000817188240111    -0.001188535147392    -0.001127367315445
    -0.000438926839254     0.000993035462333     0.002330454931973
38 25
     0.002137927154195    -0.001417807791635     0.001495809271857
    -0.001325264140842     0.001148252551020     0.001401575144873
     0.001646745779793     0.001712352922651     0.001312242630385
38 26
    -0.002367477607710     0.001254968002016    -0.001035164934492
     0.000411204113127     0.001525665249433     0.000275287446460
    -0.001812285966238    -0.000302309775762    -0.000536219671202
38 27
    -0.000363277210884     0.005471194192492    -0.002919438744016
     0.001278398557571    -0.006154424036281     0.003360983875031
    -0.002953841521794     0.005246886652809    -0.007141183956916
38 28
     0.001932821995465    -0.000328722474175     0.000803755700428
     0.000960737843285    -0.000786346655329    -0.000882480410683
    -0.001065764140842    -0.000844992315445    -0.001015727607710
38 29
    -0.002553822845805     0.004075483875031     0.004033606890905
     0.003693106890905    -0.003122517290249    -0.004326514140842
     0.004735866811539    -0.004650837553540    -0.007133620464853
38 30
    -0.000817553004535     0.000096388636936     0.000068894589317
    -0.000017274061476    -0.000915967687075     0.000247979906778
     0.000105372763920     0.000319547367095    -0.001201356575964
38 31
     0.000468802154195    -0.001008010172588    -0.001090899061476
    -0.000881768109095     0.000502514455782    -0.001155740331318
    -0.001071883188461    -0.001171986363064     0.000433472789116
38 32
    -0.031390983560091    -0.032337637156715     0.016375354906778
    -0.032475325648778    -0.029593110544218     0.017459594986143
    -0.016635440728143    -0.017509377236080     0.031206504535147
38 33
    -0.202933527210884    -0.050213645093222     0.051167346970270
    -0.050496373267826    -0.202916324829932     0.047244112843285
     0.051726511652809     0.047418765621063    -0.204527709750567
38 34
    -0.030546799036281    -0.015301541918619     0.032704325144873
     0.016383704113127     0.032055986678005    -0.017153706601159
     0.032903964033762     0.017114196176619    -0.029071273242630
38 35
     0.004089568027211     0.000737200144873    -0.002821182791635
     0.000216067208365     0.004408802154195     0.002562487843285
    -0.002544422871000     0.002687015621063     0.001419667233560
38 36
     0.030873468820862     0.016097210065508    -0.016775432791635
    -0.016775432791635    -0.031635713718821     0.034354662446460
     0.016097210065508     0.033465718002016    -0.031635713718821
38 37
     0.001940593820862     0.001087035462333     0.003679089033762
    -0.000028369299572     0.003237935090703    -0.001505333585286
     0.002037148557571    -0.001932361363064     0.001957351757370
38 38
     0.896195468820861     0.019660575144873    -0.007190297871000
     0.019660575144873     0.911782671201814    -0.008675184775762
    -0.007190297871000    -0.008675184775762     0.921496401360544
38 39
    -0.192021531179138    -0.050122528029730    -0.039522972474175
    -0.044064861363064    -0.198117013321995    -0.041328264140842
    -0.041061859378937    -0.041944680807508    -0.196152074829932
38 40
    -0.001986636337868     0.001458658478206     0.000441003716301
     0.001026414430587    -0.000557481575964     0.000656255700428
    -0.001098698664651    -0.000548442712270     0.002270329931973
38 41
     0.004047151360544    -0.000069418902746     0.003458071176619
    -0.000484403029730     0.003633153344671     0.001993563240111
     0.002507868795666     0.002124854906778     0.001928117630385
38 42
    -0.029143322845805     0.016317708081381    -0.031158359378937
    -0.015244692712270     0.030729798185941    -0.015936990331318
    -0.031263851442429     0.016547219986143    -0.027039602607710
38 43
    -0.185678868480726     0.035559702129000    -0.033298018109095
     0.034767638636936    -0.189911721655329     0.032998985859158
    -0.033266321680524     0.033712225938524    -0.190560620464853
38 44
     0.029065064058957    -0.017250575648778    -0.018680966521794
     0.015354497763920    -0.026995626417234    -0.035150535966238
     0.017718581097254    -0.031229801839254    -0.031233219671202
38 45
    -0.182658900226757     0.028744868795666     0.035283354906778
     0.027148848954397    -0.183904926020408    -0.036895934775762
     0.042355777525825    -0.045239232394810    -0.202535683956916
38 46
    -0.001585693877551    -0.000235678823381    -0.000287649061476
     0.000083668398841    -0.002380326814059    -0.000005226442429
     0.000177813240111    -0.000153393109095    -0.003788606575964
38 47
     0.004002413265306    -0.000803547871000    -0.001991744299572
    -0.000132855410683     0.003435528344671    -0.002200895093222
    -0.002366220490048    -0.001147274061476     0.000663222789116
38 48
    -0.028046136337868     0.030674386652809    -0.014822474458302
     0.030057791414714    -0.027864410147392     0.016229279509952
     0.015804549351222    -0.015381091521794     0.030555633503401
38 49
     0.003712776360544    -0.003192795886873     0.000124948160746
    -0.002359891124969     0.001693752551020     0.002257327129000
     0.000087856890905     0.003094716017889     0.003134018424036
38 50
    -0.001653197845805     0.000125148557571    -0.001582049855127
     0.001014138636936     0.002574282312925    -0.001236057791635
    -0.001650307791635     0.001105537446460    -0.000273961734694
38 51
    -0.006887243480726     0.004590739827412    -0.004276930807508
     0.004573418398841    -0.003358985544218     0.004691448160746
    -0.004266226442429     0.005030888636936    -0.003209731575964
38 52
     0.026967306122449     0.017589358875031     0.017382813240111
    -0.016296696680524    -0.032237971655329    -0.032257420886873
    -0.015429821680524    -0.035096948664651    -0.028602586734694
38 53
    -0.006863586734694     0.003949263636936     0.004073194192492
     0.004835394589317    -0.003389267290249    -0.003498301839254
     0.004932404509952    -0.003285617315445    -0.002967731575964
38 54
    -0.002188685941043    -0.000432083585286    -0.000431833585286
    -0.000278053823381    -0.003740959750567     0.000162670382968
    -0.000091867315445    -0.000094383188461    -0.003156886337868
38 55
     0.002081974773243    -0.001327887156715    -0.000625264140842
    -0.001375357394810    -0.000044174036281    -0.002474510172588
    -0.000212516124969    -0.001654531997984     0.005123314058957
38 56
    -0.000775608560091    -0.001134182791635    -0.000621815728143
    -0.001293278029730    -0.000510632369615     0.000995688240111
     0.000271106890905    -0.000605408982111     0.002911982709751
38 57
    -0.006095360544218    -0.004409224458302     0.004296392605190
    -0.004454819696397    -0.002782009353741     0.004194896573444
     0.004218940224238     0.004038799351222    -0.002551644274376
38 58
    -0.001085447845805     0.001041152525825     0.001475519589317
    -0.000172555807508     0.002799722789116    -0.000622043902746
     0.001194579113127     0.000954858875031    -0.000589287131519
38 59
     0.003548407312925     0.003159837049635    -0.000773045886873
     0.002975886652809     0.001194081916100     0.002992827129000
    -0.000504978426556     0.002532354906778     0.004345696995465
38 60
     0.029656746598639    -0.015848335569413     0.016133702129000
     0.018328682287730    -0.029126971655329     0.031271398557571
    -0.017435000251953     0.031178813240111    -0.028742787131519
38 61
     0.003962730725624     0.002400106890905     0.000354948160746
     0.002834241811539     0.000538258503401    -0.001972041918619
     0.000324995779793    -0.002376494299572     0.003670196995465
38 62
     0.009649746598639     0.000263585065508    -0.000041343505921
    -0.000092635172588    -0.002411902210884    -0.000016964537667
     0.000212442208365    -0.000238948664651    -0.002601356575964
38 63
    -0.007112144274376    -0.004214043902746    -0.004615526045603
    -0.004224139140842    -0.002633793083900    -0.003759647077349
    -0.004837373267826    -0.003888264140842    -0.003769126417234
39 1
     0.000263363662132    -0.003498335569413    -0.001687593505921
    -0.001978722474175     0.003290530328798     0.001166475938524
    -0.002960408982111     0.002580670382968     0.001484478741497
39 2
    -0.214942995464853     0.045050587049635    -0.118107920886873
     0.042039805303603    -0.216111422052154     0.113100360859158
    -0.101328381204334     0.093568055303603    -0.225010098639456
39 3
    -0.029755388321995     0.023216303319476    -0.028329579617032
    -0.014263990331318     0.025463927154195    -0.025788373267826
    -0.029915676839254     0.016058696176619    -0.032253374433107
39 4
    -0.002944713718821     0.002575317208365    -0.000253833585286
     0.002148700144873    -0.001711703798186    -0.000130476442429
    -0.001905149061476     0.004589073160746    -0.006472848639456
39 5
     0.001832760487528    -0.000608728426556    -0.000057317712270
     0.001156166414714    -0.002155096655329    -0.001037135172588
    -0.000662133188461    -0.006798097474175    -0.000769374433107
39 6
    -0.002192213718821    -0.001695075648778     0.002387934271857
     0.001717037446460     0.002750952947846    -0.005542746283699
     0.000500763636936    -0.004401781997984     0.003735369614512
39 7
    -0.002818114512472    -0.000354309775762    -0.000686736363064
     0.000695553319476    -0.001548822845805     0.000503458081381
     0.000937604906778     0.000709184271857    -0.003213648242630
39 8
    -0.005515461734694    -0.002918087553540     0.001313450144873
    -0.005511724458302    -0.006425670068027     0.007559144589317
     0.005391602922651     0.001649932287730     0.000152881519274
39 9
    -0.000655551020408    -0.001378069696397     0.000051527525825
    -0.001563831601159    -0.000817634353741    -0.000148278029730
     0.000339594986143    -0.000372950648778     0.001769962868481
39 10
     0.003072185090703     0.001188604906778    -0.003736531997984
     0.001255620779793     0.002782986678005     0.003336170382968
    -0.002960674855127     0.003453769589317    -0.000244416099773
39 11
    -0.032087041099773    -0.014018391124969     0.033412031494079
     0.016426291414714     0.024133052154195    -0.014018391124969
     0.035014650541698     0.016426291414714    -0.032087041099773
39 12
     0.000222070011338     0.001392507684555     0.001006100938524
     0.001413593002016     0.000300601757370    -0.001048712553540
     0.001192065224238    -0.001518595490048     0.000768458900227
39 13
     0.000612385487528     0.002463928319476     0.001291789430587
     0.000370721970270    -0.002512499433107     0.001521350938524
    -0.000367787950365     0.004928104906778    -0.001675166099773
39 14
    -0.005586739512472    -0.005064889140842    -0.007140020093222
    -0.002999026045603    -0.005426822845805    -0.002099200648778
    -0.001844176839254    -0.005429847474175    -0.000174308956916
39 15
    -0.001662799036281     0.002380430303603     0.000083593002016
     0.000476543398841     0.007772242630385     0.000233162446460
    -0.000179684775762     0.001554769589317    -0.000555316893424
39 16
    -0.198219836734694    -0.053218416918619     0.043436904509952
    -0.048294585569413    -0.192869566893424     0.046806487843285
     0.042972839033762     0.043414839033762    -0.196774721655329
39 17
    -0.028423551020408    -0.031180214537667     0.016700297367095
    -0.032855968505921    -0.029704610544218     0.016394354906778
    -0.015079143109095    -0.014988208585286     0.031797564058957
39 18
     0.002373435090703     0.001825600938524     0.000733346970270
     0.002937511652809     0.001798885487528     0.001648700144873
    -0.000308815728143     0.002567614827412     0.003138935090703
39 19
    -0.001675166099773     0.001291789430587     0.001521350938524
    -0.000367787950365     0.000612385487528     0.000370721970270
     0.004928104906778     0.002463928319476    -0.002512499433107
39 20
     0.003013635487528     0.003686362843285     0.000839227922651
     0.001745634668682     0.003212617630385     0.000266833081381
     0.001517787446460    -0.001165631204334     0.004442500566893
39 21
     0.002053700963719     0.000330975938524    -0.000517577632905
     0.001261376732174    -0.001517890306122     0.001621325144873
     0.000301981890905     0.002127731890905    -0.000361808956916
39 22
    -0.003885054988662    -0.003514391124969    -0.004508250251953
    -0.002827498267826    -0.003008114512472    -0.003937539934492
    -0.005101968505921    -0.005406518109095    -0.008177074829932
39 23
    -0.001350614512472    -0.000614702632905     0.002453295382968
    -0.001331726442429    -0.001350614512472    -0.001918464537667
    -0.001918464537667     0.002453295382968     0.014875948979592
39 24
     0.004192542233560     0.000761948160746     0.000927440224238
    -0.001929539934492     0.001587780328798     0.002332011652809
     0.001501023557571     0.003183456097254     0.001796728741497
39 25
    -0.000670947845805     0.002093630700428     0.001097747763920
     0.000979757684555    -0.001918931972789     0.000413829113127
    -0.000154678823381    -0.000873726442429     0.002589266439909
39 26
    -0.007439727607710     0.004644156494079    -0.004882726442429
     0.003673975938524    -0.002919269274376     0.002530041414714
    -0.004155460569413     0.002109360859158    -0.002298945861678
39 27
    -0.001256777210884     0.000022507684555    -0.001466000251953
     0.001728295382968     0.000627266439909    -0.001233637156715
    -0.000375016124969     0.001950932287730    -0.000786160147392
39 28
    -0.002842178004535     0.004183216017889     0.002926069192492
     0.006160759668682    -0.006209781179138    -0.004023851442429
     0.002467686255984    -0.003979321680524    -0.003355828798186
39 29
     0.001942927154195     0.001229047367095    -0.000673079617032
    -0.000047996283699    -0.001624826814059    -0.001232760172588
     0.000851567208365    -0.001086166918619    -0.001414471655329
39 30
     0.000435946995465    -0.001116547871000    -0.001433666918619
    -0.001324002236080     0.000649597789116    -0.000920641124969
    -0.002674801839254    -0.001091031997984     0.000708792233560
39 31
    -0.001218447845805     0.000545553319476     0.000417664430587
     0.000532753716301    -0.001120920068027    -0.000249861363064
    -0.000315057791635     0.000300059271857    -0.001274878401361
39 32
    -0.002633858560091    -0.002923948664651     0.004362168398841
    -0.003084803823381    -0.002785670068027     0.004061098954397
     0.005644634668682     0.004543543398841    -0.007978096655329
39 33
    -0.029638152210884    -0.032745956601159    -0.016256214537667
    -0.031170601442429    -0.028417509353741    -0.016332133188461
     0.015004837049635     0.015110061255984     0.032026314058957
39 34
     0.002371450963719     0.002992271573444    -0.001565986363064
     0.002165475938524     0.003177552154195    -0.000549577632905
    -0.002990210569413     0.001012491811539     0.004040125566893
39 35
    -0.031570306972789     0.016141888636936     0.033826505700428
    -0.010717410966238     0.029178617630385     0.013423741811539
     0.028741027525825    -0.017838813744016    -0.026897308956916
39 36
     0.001940593820862     0.002037148557571    -0.000028369299572
     0.003679089033762     0.001957351757370    -0.001505333585286
     0.001087035462333    -0.001932361363064     0.003237935090703
39 37
     0.023027718820862    -0.014973651045603     0.024853027525825
     0.024853027525825    -0.031329499433107     0.030778920382968
    -0.014973651045603     0.032222559271857    -0.031329499433107
39 38
    -0.192021531179138    -0.044064861363064    -0.041061859378937
    -0.050122528029730    -0.198117013321995    -0.041944680807508
    -0.039522972474175    -0.041328264140842    -0.196152074829932
39 39
     0.889532218820861     0.047395285462333     0.071407216017889
     0.047395285462333     0.884063802154195    -0.075299135172588
     0.071407216017889    -0.075299135172588     0.948491948979591
39 40
    -0.000145136337868    -0.001422153029730     0.000425192208365
    -0.000796188744016     0.000649083900227     0.001415634668682
     0.000822001732174     0.003282477922651     0.000770853741497
39 41
    -0.001673723639456     0.001638019589317     0.000426634668682
     0.001636493795666    -0.001630656179138    -0.000835307791635
     0.001277694192492     0.000981775541698     0.002385766439909
39 42
    -0.001986072845805     0.003465271573444    -0.003375420886873
     0.003957329113127    -0.006693761337868     0.003978388636936
    -0.002354901045603     0.001642390621063    -0.003076953798186
39 43
    -0.028527743480726    -0.015504984378937    -0.031152829617032
     0.018243910462333     0.029816843820862     0.017934239827412
    -0.031044246283699    -0.016182978426556    -0.029228346655329
39 44
    -0.008540435941043     0.003696612843285     0.003742471970270
     0.004082019589317    -0.001531935941043    -0.003297406997984
     0.003322781494079    -0.002625631204334    -0.003496445861678
39 45
     0.031202974773243     0.016191182287730     0.018435543398841
    -0.016166629220207    -0.030345110544218    -0.032175430807508
    -0.017853897077349    -0.031944561759889    -0.030362910147392
39 46
     0.002488306122449    -0.001249990331318    -0.003194335569413
     0.000690315224238     0.005116488662132    -0.001090222474175
    -0.003482236363064    -0.002495097474175     0.002223042233560
39 47
    -0.001776086734694    -0.000211609378937     0.000037694192492
    -0.000247458585286    -0.001670656179138     0.000133358875031
    -0.000446145093222     0.000261896573444    -0.001799003401361
39 48
     0.000657863662132    -0.002823174855127     0.001682589033762
    -0.002020061759889     0.003658655328798     0.000384033478206
     0.001253624748047     0.000270454113127     0.004841407312925
39 49
    -0.029148098639456     0.034294892605190     0.014325136652809
     0.032644505700428    -0.030059306972789    -0.014173418902746
    -0.016046442712270     0.017002136652809     0.026267042233560
39 50
    -0.001215322845805     0.000949087049635    -0.005590486363064
     0.001986535462333    -0.000276277210884     0.005218571176619
    -0.003069857394810     0.002806708081381    -0.007295312925170
39 51
    -0.001927743480726     0.001064303319476    -0.001493117315445
    -0.000114934775762     0.001714579931973     0.000823577129000
    -0.001842276045603    -0.000330565728143    -0.000714707766440
39 52
    -0.157117068877551     0.009280047367095     0.025039001732174
     0.008831325144873    -0.156114656179138    -0.025355416918619
     0.047672253716301    -0.048469153029730    -0.175657437925170
39 53
     0.029132788265306    -0.010972547871000    -0.013690617315445
     0.015830041414714    -0.032420201814059    -0.033441047871000
     0.017976979906778    -0.028735696680524    -0.027591582766440
39 54
     0.002860814058957    -0.002979770093222    -0.000624770093222
    -0.002187656997984     0.001578855725624    -0.002044950648778
     0.000031583081381    -0.002088337553540     0.003594762471655
39 55
    -0.001792275226757     0.001018426335349    -0.000780575648778
    -0.000875585569413    -0.004364358560091     0.001401493795666
    -0.000529565728143     0.000130763636936    -0.001431412131519
39 56
    -0.002452108560091    -0.004702744299572     0.002380997763920
    -0.004222131204334    -0.005203441893424     0.004852942208365
     0.003139807287730     0.003986886652809    -0.002800243480726
39 57
    -0.000878235544218    -0.001105785966238     0.001205456097254
    -0.001136672871000    -0.000780943877551    -0.001170849458302
    -0.001256609378937     0.001272219986143     0.002705879535147
39 58
     0.000619802154195     0.001211216017889    -0.001383541918619
     0.001378091017889     0.001043038265306     0.001227960065508
    -0.001282970490048     0.001116779509952     0.000680736678005
39 59
    -0.001701592687075    -0.000249724458302     0.001286017605190
     0.001079033478206     0.002230022392290     0.000874581097254
     0.000764721970270    -0.000608724458302    -0.000971404195011
39 60
     0.004474996598639     0.000589727922651     0.002209890621063
     0.000422704113127     0.004152593820862    -0.002290847474175
     0.002413200144873    -0.002422891124969     0.001738236678005
39 61
     0.029952105725624     0.018688170382968    -0.017797238347191
    -0.015389486363064    -0.028461551020408     0.030739712049635
     0.015745946176619     0.030552551335349    -0.029598404195011
39 62
    -0.006261128401361    -0.005048101442429    -0.005361905013857
    -0.004380488347191    -0.001986086734694    -0.002190585569413
    -0.004213482394810    -0.003539403029730    -0.003221832766440
39 63
     0.007873355725624     0.000623144589317     0.000592787446460
     0.002333757684555    -0.002177477607710    -0.000026268109095
    -0.001105672871000     0.000668031494079    -0.001249977607710
40 1
    -0.005999866496599    -0.000158684775762    -0.001699432791635
     0.004458589033762    -0.001571187925170     0.004458589033762
    -0.001699432791635    -0.000158684775762    -0.005999866496599
40 2
     0.002527774376417    -0.001201262156715    -0.000733135172588
     0.002804366811539    -0.000013890306122    -0.004990401045603
     0.001006844986143    -0.003053549855127    -0.002312318877551
40 3
    -0.002736993480726     0.003044454113127     0.004484706097254
     0.000057446176619    -0.002001291099773    -0.005807010172588
     0.002768299351222    -0.003195283982111    -0.005310594671202
40 4
    -0.038299443877551    -0.008872781997984    -0.048551297871000
    -0.015375113347191     0.019145827947846    -0.015375113347191
    -0.048551297871000    -0.008872781997984    -0.038299443877551
40 5
    -0.171318219671202     0.054254422367095    -0.024707156997984
     0.032477477922651    -0.182329564909297     0.032477477922651
    -0.024707156997984     0.054254422367095    -0.171318219671202
40 6
    -0.002312318877551    -0.003053549855127     0.001006844986143
    -0.004990401045603    -0.000013890306122     0.002804366811539
    -0.000733135172588    -0.001201262156715     0.002527774376417
40 7
    -0.005310594671202    -0.003195283982111     0.002768299351222
    -0.005807010172588    -0.002001291099773     0.000057446176619
     0.004484706097254     0.003044454113127    -0.002736993480726
40 8
    -0.003471691893424     0.000163938240111    -0.000094389140842
    -0.000046037950365    -0.001719513321995    -0.000527367315445
    -0.000343670886873     0.000127827129000    -0.001586213718821
40 9
     0.001242468820862    -0.002233043902746    -0.003079311759889
    -0.002892145093222     0.004055897392290     0.000331585065508
    -0.003088928823381    -0.000973680807508     0.004505367630385
40 10
     0.002270329931973     0.000656255700428     0.000441003716301
    -0.000548442712270    -0.000557481575964     0.001458658478206
    -0.001098698664651     0.001026414430587    -0.001986636337868
40 11
     0.000770853741497     0.001415634668682     0.000425192208365
     0.003282477922651     0.000649083900227    -0.001422153029730
     0.000822001732174    -0.000796188744016    -0.000145136337868
40 12
    -0.027864410147392    -0.015381091521794     0.030674386652809
     0.016229279509952     0.030555633503401    -0.014822474458302
     0.030057791414714     0.015804549351222    -0.028046136337868
40 13
     0.003658655328798     0.000270454113127    -0.002823174855127
     0.000384033478206     0.004841407312925     0.001682589033762
    -0.002020061759889     0.001253624748047     0.000657863662132
40 14
    -0.030785094671202     0.034356386652809    -0.017310234378937
     0.032870785462333    -0.029249416099773     0.017318912446460
     0.016942924351222    -0.016270702632905     0.027140720804989
40 15
     0.003799845804989    -0.002984668902746    -0.000313121283699
    -0.002662395093222     0.001549649376417     0.002306025541698
     0.000237541414714     0.002225414430587     0.004632587868481
40 16
    -0.000985191893424    -0.000087266124969    -0.000463309775762
    -0.000376774061476    -0.000978535147392    -0.000376774061476
    -0.000463309775762    -0.000087266124969    -0.000985191893424
40 17
     0.001083343820862    -0.001481688744016    -0.001350416918619
    -0.001213656997984     0.000766296201814    -0.001213656997984
    -0.001350416918619    -0.001481688744016     0.001083343820862
40 18
     0.002330454931973    -0.001019748267826    -0.001127367315445
    -0.000438926839254    -0.002234207766440     0.000817188240111
     0.000993035462333     0.001249884668682    -0.001188535147392
40 19
     0.001796728741497     0.000927440224238     0.002332011652809
     0.001501023557571     0.004192542233560    -0.001929539934492
     0.003183456097254     0.000761948160746     0.001587780328798
40 20
    -0.000490594671202     0.000398138636936     0.000719888636936
    -0.000873178823381     0.002280149376417    -0.000873178823381
     0.000719888636936     0.000398138636936    -0.000490594671202
40 21
     0.004506470804989     0.002199876732174    -0.001236541918619
     0.001978438240111     0.001926516439909     0.001978438240111
    -0.001236541918619     0.002199876732174     0.004506470804989
40 22
    -0.001188535147392     0.001249884668682     0.000993035462333
     0.000817188240111    -0.002234207766440    -0.000438926839254
    -0.001127367315445    -0.001019748267826     0.002330454931973
40 23
     0.001587780328798     0.000761948160746     0.003183456097254
    -0.001929539934492     0.004192542233560     0.001501023557571
     0.002332011652809     0.000927440224238     0.001796728741497
40 24
    -0.001737687925170    -0.000772901045603     0.001235350938524
     0.000750146573444    -0.001737687925170     0.000915874748047
     0.000915874748047     0.001235350938524     0.009357758503401
40 25
    -0.002760053004535    -0.004225843505921    -0.005850966521794
    -0.005053680807508    -0.001590775226757    -0.004792182791635
    -0.005636577632905    -0.005044831601159    -0.006691078798186
40 26
     0.002329542233560     0.000704432287730    -0.000911190728143
    -0.000036337553540    -0.000514987528345    -0.002248095490048
     0.000907515621063    -0.002120619299572    -0.000971791099773
40 27
    -0.001240257369615     0.003779658478206     0.001344660462333
     0.002213231890905    -0.007607201814059    -0.002912899061476
     0.001852835065508    -0.004927547871000    -0.003313880385488
40 28
    -0.000982908163265    -0.001328508188461    -0.001933520093222
    -0.000322053823381     0.002910125566893    -0.000689363347191
    -0.002636712553540     0.000707073160746    -0.001231549036281
40 29
    -0.006633928004535     0.004812948160746    -0.004820543902746
     0.003840690224238    -0.002871045068027     0.003330727922651
    -0.004129206601159     0.003895852922651    -0.003723941893424
40 30
    -0.030535158163265    -0.030790147077349     0.017255743795666
    -0.029167440728143    -0.030438995464853     0.016892596970270
    -0.016674700648778    -0.016967262156715     0.031353571995465
40 31
    -0.191598428004535    -0.039955295886873     0.038215450144873
    -0.038093309775762    -0.189781638321995     0.032222376732174
     0.034971418398841     0.034024829113127    -0.189241348639456
40 32
    -0.001586213718821     0.000127827129000    -0.000343670886873
    -0.000527367315445    -0.001719513321995    -0.000046037950365
    -0.000094389140842     0.000163938240111    -0.003471691893424
40 33
     0.004505367630385    -0.000973680807508    -0.003088928823381
     0.000331585065508     0.004055897392290    -0.002892145093222
    -0.003079311759889    -0.002233043902746     0.001242468820862
40 34
     0.027140720804989    -0.016270702632905     0.016942924351222
     0.017318912446460    -0.029249416099773     0.032870785462333
    -0.017310234378937     0.034356386652809    -0.030785094671202
40 35
     0.004632587868481     0.002225414430587     0.000237541414714
     0.002306025541698     0.001549649376417    -0.002662395093222
    -0.000313121283699    -0.002984668902746     0.003799845804989
40 36
    -0.028046136337868     0.015804549351222     0.030057791414714
    -0.014822474458302     0.030555633503401     0.016229279509952
     0.030674386652809    -0.015381091521794    -0.027864410147392
40 37
     0.000657863662132     0.001253624748047    -0.002020061759889
     0.001682589033762     0.004841407312925     0.000384033478206
    -0.002823174855127     0.000270454113127     0.003658655328798
40 38
    -0.001986636337868     0.001026414430587    -0.001098698664651
     0.001458658478206    -0.000557481575964    -0.000548442712270
     0.000441003716301     0.000656255700428     0.002270329931973
40 39
    -0.000145136337868    -0.000796188744016     0.000822001732174
    -0.001422153029730     0.000649083900227     0.003282477922651
     0.000425192208365     0.001415634668682     0.000770853741497
40 40
     0.900621008503401     0.033664622763920     0.037942602922650
     0.033664622763920     0.899034865646258     0.033664622763920
     0.037942602922650     0.033664622763920     0.900621008503401
40 41
    -0.205767328798186    -0.057369079617032    -0.051328954617032
    -0.057911694696397    -0.210878874433107    -0.057911694696397
    -0.051328954617032    -0.057369079617032    -0.205767328798186
40 42
     0.029473946995465     0.017872797367095     0.019233739827412
    -0.016653359378937    -0.029803604591837    -0.033458373267826
    -0.016884549855127    -0.033373589537667    -0.031429424036281
40 43
    -0.007401973639456     0.005245791414714     0.003794581097254
     0.004105471970270    -0.002677749433107    -0.004263772077349
     0.003248604906778    -0.003392083585286    -0.003054566893424
40 44
    -0.032829666099773    -0.016582361363064    -0.037343492315445
     0.017442081097254     0.032387970804989     0.017442081097254
    -0.037343492315445    -0.016582361363064    -0.032829666099773
40 45
    -0.001062880385488     0.004788458081381    -0.001808545886873
     0.001839057287730    -0.004659828798186     0.001839057287730
    -0.001808545886873     0.004788458081381    -0.001062880385488
40 46
    -0.031429424036281    -0.033373589537667    -0.016884549855127
    -0.033458373267826    -0.029803604591837    -0.016653359378937
     0.019233739827412     0.017872797367095     0.029473946995465
40 47
    -0.003054566893424    -0.003392083585286     0.003248604906778
    -0.004263772077349    -0.002677749433107     0.004105471970270
     0.003794581097254     0.005245791414714    -0.007401973639456
40 48
     0.009357758503401     0.001235350938524     0.000915874748047
     0.000915874748047    -0.001737687925170     0.000750146573444
     0.001235350938524    -0.000772901045603    -0.001737687925170
40 49
    -0.006691078798186    -0.005044831601159    -0.005636577632905
    -0.004792182791635    -0.001590775226757    -0.005053680807508
    -0.005850966521794    -0.004225843505921    -0.002760053004535
40 50
     0.031353571995465    -0.016967262156715    -0.016674700648778
     0.016892596970270    -0.030438995464853    -0.029167440728143
     0.017255743795666    -0.030790147077349    -0.030535158163265
40 51
    -0.189241348639456     0.034024829113127     0.034971418398841
     0.032222376732174    -0.189781638321995    -0.038093309775762
     0.038215450144873    -0.039955295886873    -0.191598428004535
40 52
    -0.001231549036281     0.000707073160746    -0.002636712553540
    -0.000689363347191     0.002910125566893    -0.000322053823381
    -0.001933520093222    -0.001328508188461    -0.000982908163265
40 53
    -0.003723941893424     0.003895852922651    -0.004129206601159
     0.003330727922651    -0.002871045068027     0.003840690224238
    -0.004820543902746     0.004812948160746    -0.006633928004535
40 54
    -0.000971791099773    -0.002120619299572     0.000907515621063
    -0.002248095490048    -0.000514987528345    -0.000036337553540
    -0.000911190728143     0.000704432287730     0.002329542233560
40 55
    -0.003313880385488    -0.004927547871000     0.001852835065508
    -0.002912899061476    -0.007607201814059     0.002213231890905
     0.001344660462333     0.003779658478206    -0.001240257369615
40 56
    -0.001720713718821     0.000107281494079    -0.000326716521794
    -0.000060819696397    -0.001447785147392    -0.000060819696397
    -0.000326716521794     0.000107281494079    -0.001720713718821
40 57
     0.004388784297052    -0.002826135172588    -0.001145133188461
    -0.002828486363064     0.001718337868481    -0.002828486363064
    -0.001145133188461    -0.002826135172588     0.004388784297052
40 58
     0.030035696995465     0.016448116811539    -0.016620381204334
    -0.016392347474175    -0.028808679988662     0.031717573160746
     0.017002755700428     0.031913174351222    -0.029389358560091
40 59
     0.003925052154195     0.000197551335349     0.003070053319476
     0.000183344986143     0.003483554138322    -0.002574555807508
     0.002387573160746    -0.002546329617032     0.001739625566893
40 60
    -0.000747608560091    -0.000726121283699     0.001067176335349
     0.001036015621063     0.002725375566893     0.001036015621063
     0.001067176335349    -0.000726121283699    -0.000747608560091
40 61
     0.000856375566893     0.001123696176619    -0.001443577632905
     0.001271700144873     0.000620980725624     0.001271700144873
    -0.001443577632905     0.001123696176619     0.000856375566893
40 62
    -0.029389358560091     0.031913174351222     0.017002755700428
     0.031717573160746    -0.028808679988662    -0.016392347474175
    -0.016620381204334     0.016448116811539     0.030035696995465
40 63
     0.001739625566893    -0.002546329617032     0.002387573160746
    -0.002574555807508     0.003483554138322     0.000183344986143
     0.003070053319476     0.000197551335349     0.003925052154195
41 1
    -0.006070453798186    -0.001219502236080    -0.009714240331318
    -0.012302988347191     0.007152071995465    -0.012302988347191
    -0.009714240331318    -0.001219502236080    -0.006070453798186
41 2
    -0.002202312925170     0.002188795382968     0.005068182287730
     0.004629664430587    -0.000083755385488    -0.004289978426556
     0.004736412446460    -0.002309492315445    -0.005968531179138
41 3
     0.000394669217687     0.001514261652809     0.000259898557571
    -0.000343131204334    -0.000919781179138    -0.001034212553540
     0.001256491811539    -0.001750601442429    -0.001499306972789
41 4
    -0.005944656179138     0.001992775541698    -0.005166230410683
     0.003969559271857     0.003090337868481     0.003969559271857
    -0.005166230410683     0.001992775541698    -0.005944656179138
41 5
    -0.028489931972789    -0.017146770093222    -0.033313839537667
     0.016396150541698     0.026105820011338     0.016396150541698
    -0.033313839537667    -0.017146770093222    -0.028489931972789
41 6
    -0.005968531179138    -0.002309492315445     0.004736412446460
    -0.004289978426556    -0.000083755385488     0.004629664430587
     0.005068182287730     0.002188795382968    -0.002202312925170
41 7
    -0.001499306972789    -0.001750601442429     0.001256491811539
    -0.001034212553540    -0.000919781179138    -0.000343131204334
     0.000259898557571     0.001514261652809     0.000394669217687
41 8
     0.002202970804989    -0.002955879220207    -0.002914946680524
    -0.002778365331318     0.003551746598639     0.000028180303603
    -0.002249353426556     0.000031134668682     0.004454323979592
41 9
    -0.001487243480726     0.000143638636936    -0.000072994299572
     0.000142902525825    -0.000028717687075    -0.000302617315445
     0.000108013636936     0.000185251732174     0.000000280328798
41 10
     0.001928117630385     0.001993563240111     0.003458071176619
     0.002124854906778     0.003633153344671    -0.000069418902746
     0.002507868795666    -0.000484403029730     0.004047151360544
41 11
     0.002385766439909    -0.000835307791635     0.000426634668682
     0.000981775541698    -0.001630656179138     0.001638019589317
     0.001277694192492     0.001636493795666    -0.001673723639456
41 12
     0.001693752551020     0.003094716017889    -0.003192795886873
     0.002257327129000     0.003134018424036     0.000124948160746
    -0.002359891124969     0.000087856890905     0.003712776360544
41 13
    -0.030059306972789     0.017002136652809     0.034294892605190
    -0.014173418902746     0.026267042233560     0.014325136652809
     0.032644505700428    -0.016046442712270    -0.029148098639456
41 14
     0.002752443027211    -0.002770805807508     0.002961083081381
    -0.002928166918619     0.004271593820862     0.000078460065508
     0.003010741811539    -0.000083395093222     0.005043133503401
41 15
    -0.027901366496599     0.031175763636936     0.017226196176619
     0.031092527525825    -0.027233340702948    -0.016721551839254
    -0.015932266124969     0.017001346970270     0.029930625566893
41 16
     0.001527845804989    -0.001359458585286    -0.001739992315445
    -0.001149726442429     0.002291099773243    -0.001149726442429
    -0.001739992315445    -0.001359458585286     0.001527845804989
41 17
     0.000712506519274    -0.000097881204334     0.000151025541698
    -0.000021609378937     0.000133181122449    -0.000021609378937
     0.000151025541698    -0.000097881204334     0.000712506519274
41 18
     0.001312242630385     0.001495809271857     0.001401575144873
     0.001646745779793     0.002137927154195    -0.001325264140842
     0.001712352922651    -0.001417807791635     0.001148252551020
41 19
     0.002589266439909     0.001097747763920     0.000413829113127
    -0.000154678823381    -0.000670947845805     0.000979757684555
    -0.000873726442429     0.002093630700428    -0.001918931972789
41 20
     0.001981943027211     0.001429196176619    -0.001514168902746
     0.001381493795666     0.002643409297052     0.001381493795666
    -0.001514168902746     0.001429196176619     0.001981943027211
41 21
    -0.000070741496599    -0.000568690728143     0.001540150541698
     0.000614485859158     0.003481901360544     0.000614485859158
     0.001540150541698    -0.000568690728143    -0.000070741496599
41 22
     0.001148252551020    -0.001417807791635     0.001712352922651
    -0.001325264140842     0.002137927154195     0.001646745779793
     0.001401575144873     0.001495809271857     0.001312242630385
41 23
    -0.001918931972789     0.002093630700428    -0.000873726442429
     0.000979757684555    -0.000670947845805    -0.000154678823381
     0.000413829113127     0.001097747763920     0.002589266439909
41 24
    -0.001590775226757    -0.004225843505921    -0.005044831601159
    -0.005053680807508    -0.002760053004535    -0.005636577632905
    -0.004792182791635    -0.005850966521794    -0.006691078798186
41 25
     0.001790859693878    -0.000403285966238     0.001220850938524
    -0.000042258188461     0.001790859693878     0.000517239827412
     0.000517239827412     0.001220850938524     0.009964833900227
41 26
    -0.001374045068027     0.003625114827412     0.005349876732174
     0.004090585065508    -0.002224852607710    -0.005626047871000
     0.003821583081381    -0.004929061759889    -0.006496628401361
41 27
     0.002541780328798    -0.001628533982111    -0.000656397077349
     0.002969904509952    -0.002169691893424    -0.002335851442429
     0.000428777525825    -0.002384615331318    -0.001840842687075
41 28
    -0.002073995464853     0.004708924351222    -0.005149827632905
     0.004331118795666    -0.001985989512472     0.005054934271857
    -0.004568270093222     0.004209005700428    -0.005501511337868
41 29
    -0.000575390306122     0.000937630700428    -0.001639226442429
    -0.000550762156715     0.002722339852608     0.000691650541698
    -0.001396764140842    -0.000873714537667    -0.000523404195011
41 30
    -0.001420245464853    -0.004444839537667     0.004806686255984
    -0.004879643109095    -0.002217985544218     0.005419019589317
     0.004089491811539     0.004014545382968    -0.006051140306122
41 31
    -0.028772265306122    -0.031459238347191    -0.016313232394810
    -0.030929137156715    -0.027979753401361    -0.016788825648778
     0.016497735859158     0.017226511652809     0.030861439058957
41 32
     0.004454323979592     0.000031134668682    -0.002249353426556
     0.000028180303603     0.003551746598639    -0.002778365331318
    -0.002914946680524    -0.002955879220207     0.002202970804989
41 33
     0.000000280328798     0.000185251732174     0.000108013636936
    -0.000302617315445    -0.000028717687075     0.000142902525825
    -0.000072994299572     0.000143638636936    -0.001487243480726
41 34
     0.005043133503401    -0.000083395093222     0.003010741811539
     0.000078460065508     0.004271593820862    -0.002928166918619
     0.002961083081381    -0.002770805807508     0.002752443027211
41 35
     0.029930625566893     0.017001346970270    -0.015932266124969
    -0.016721551839254    -0.027233340702948     0.031092527525825
     0.017226196176619     0.031175763636936    -0.027901366496599
41 36
     0.003712776360544     0.000087856890905    -0.002359891124969
     0.000124948160746     0.003134018424036     0.002257327129000
    -0.003192795886873     0.003094716017889     0.001693752551020
41 37
    -0.029148098639456    -0.016046442712270     0.032644505700428
     0.014325136652809     0.026267042233560    -0.014173418902746
     0.034294892605190     0.017002136652809    -0.030059306972789
41 38
     0.004047151360544    -0.000484403029730     0.002507868795666
    -0.000069418902746     0.003633153344671     0.002124854906778
     0.003458071176619     0.001993563240111     0.001928117630385
41 39
    -0.001673723639456     0.001636493795666     0.001277694192492
     0.001638019589317    -0.001630656179138     0.000981775541698
     0.000426634668682    -0.000835307791635     0.002385766439909
41 40
    -0.205767328798186    -0.057911694696397    -0.051328954617032
    -0.057369079617032    -0.210878874433107    -0.057369079617032
    -0.051328954617032    -0.057911694696397    -0.205767328798186
41 41
     0.893888083900227     0.002804227922651     0.022208987843285
     0.002804227922651     0.905656135487528     0.002804227922651
     0.022208987843285     0.002804227922651     0.893888083900227
41 42
    -0.191945640306122     0.051658729906778     0.037199057287730
     0.050699688240111    -0.204870344671202    -0.052539075648778
     0.038507267605190    -0.052362281997984    -0.194869136337868
41 43
     0.030006189058957    -0.017193151045603    -0.017100476442429
     0.018106144589317    -0.028703114512472    -0.030298849458302
     0.017335422367095    -0.031954776045603    -0.028676779195011
41 44
    -0.204319503401361     0.053300321176619    -0.050273799855127
     0.052902628716301    -0.210413644274376     0.052902628716301
    -0.050273799855127     0.053300321176619    -0.204319503401361
41 45
    -0.026818592687075     0.021112015621063    -0.029914103426556
    -0.007765145093222     0.028659306122449    -0.007765145093222
    -0.029914103426556     0.021112015621063    -0.026818592687075
41 46
    -0.194869136337868    -0.052362281997984     0.038507267605190
    -0.052539075648778    -0.204870344671202     0.050699688240111
     0.037199057287730     0.051658729906778    -0.191945640306122
41 47
    -0.028676779195011    -0.031954776045603     0.017335422367095
    -0.030298849458302    -0.028703114512472     0.018106144589317
    -0.017100476442429    -0.017193151045603     0.030006189058957
41 48
    -0.006691078798186    -0.005850966521794    -0.004792182791635
    -0.005636577632905    -0.002760053004535    -0.005053680807508
    -0.005044831601159    -0.004225843505921    -0.001590775226757
41 49
     0.009964833900227     0.001220850938524     0.000517239827412
     0.000517239827412     0.001790859693878    -0.000042258188461
     0.001220850938524    -0.000403285966238     0.001790859693878
41 50
    -0.006051140306122     0.004014545382968     0.004089491811539
     0.005419019589317    -0.002217985544218    -0.004879643109095
     0.004806686255984    -0.004444839537667    -0.001420245464853
41 51
     0.030861439058957     0.017226511652809     0.016497735859158
    -0.016788825648778    -0.027979753401361    -0.030929137156715
    -0.016313232394810    -0.031459238347191    -0.028772265306122
41 52
    -0.005501511337868     0.004209005700428    -0.004568270093222
     0.005054934271857    -0.001985989512472     0.004331118795666
    -0.005149827632905     0.004708924351222    -0.002073995464853
41 53
    -0.000523404195011    -0.000873714537667    -0.001396764140842
     0.000691650541698     0.002722339852608    -0.000550762156715
    -0.001639226442429     0.000937630700428    -0.000575390306122
41 54
    -0.006496628401361    -0.004929061759889     0.003821583081381
    -0.005626047871000    -0.002224852607710     0.004090585065508
     0.005349876732174     0.003625114827412    -0.001374045068027
41 55
    -0.001840842687075    -0.002384615331318     0.000428777525825
    -0.002335851442429    -0.002169691893424     0.002969904509952
    -0.000656397077349    -0.001628533982111     0.002541780328798
41 56
     0.005174198979592    -0.002076160966238    -0.000481024061476
    -0.002500272077349     0.002234099773243    -0.002500272077349
    -0.000481024061476    -0.002076160966238     0.005174198979592
41 57
    -0.000599928004535    -0.000077077632905    -0.000097065728143
    -0.000020188744016    -0.000661277210884    -0.000020188744016
    -0.000097065728143    -0.000077077632905    -0.000599928004535
41 58
     0.004895234693878     0.002439299351222     0.000466311255984
     0.002734200144873     0.002408454931973    -0.002729004220207
     0.000258323160746    -0.002536768109095     0.004861304138322
41 59
     0.030118839852608    -0.017031391124969     0.016676120779793
     0.016857517605190    -0.028556560941043     0.031585741811539
    -0.016798859378937     0.031933852922651    -0.028378711734694
41 60
     0.004923429138322     0.002303186255984    -0.000685631204334
     0.002217563240111     0.002179885487528     0.002217563240111
    -0.000685631204334     0.002303186255984     0.004923429138322
41 61
    -0.000122711734694     0.000731503716301     0.001445739827412
    -0.000734627236080     0.002563365646259    -0.000734627236080
     0.001445739827412     0.000731503716301    -0.000122711734694
41 62
     0.004861304138322    -0.002536768109095     0.000258323160746
    -0.002729004220207     0.002408454931973     0.002734200144873
     0.000466311255984     0.002439299351222     0.004895234693878
41 63
    -0.028378711734694     0.031933852922651    -0.016798859378937
     0.031585741811539    -0.028556560941043     0.016857517605190
     0.016676120779793    -0.017031391124969     0.030118839852608
42 1
     0.004267071995465     0.002468708081381    -0.000551210569413
    -0.001782986363064     0.001111341836735    -0.000979998267826
    -0.000869045886873    -0.001233305807508    -0.001351174036281
42 2
    -0.002719912131519     0.000144505700428    -0.000525662950365
    -0.002255208585286     0.007989389455782     0.001913261652809
    -0.000577518109095     0.000386579113127    -0.002303376417234
42 3
    -0.002722054988662    -0.004260653029730    -0.002926446680524
    -0.001704254220207    -0.006190261337868    -0.003988097474175
    -0.002241563744016    -0.004245780013857    -0.001653527210884
42 4
    -0.002005380385488     0.002619985859158    -0.000257325648778
     0.003218186255984    -0.000910267290249     0.000132049351222
    -0.000086035966238    -0.000545153029730     0.002781873582766
42 5
     0.004669718820862    -0.000916184775762     0.003043440224238
    -0.000733097474175     0.005675589852608     0.001599140621063
     0.001421354906778     0.001978676335349     0.001723722789116
42 6
    -0.036917130385488     0.012561843002016     0.048134692208365
     0.014590273557571     0.021374389455782    -0.011817220490048
     0.047559376732174    -0.011300008188461    -0.038153158163265
42 7
     0.003341718820862    -0.000593016124969    -0.003665103426556
     0.001902289430587     0.006779363662132     0.001906108875031
    -0.003514781997984     0.001609208081381     0.002705698979592
42 8
     0.002951621598639    -0.000993668902746    -0.000239541918619
     0.001214511652809     0.000210016439909     0.001889295382968
     0.001097841017889     0.001682956097254    -0.001070271258503
42 9
     0.001481907312925     0.001995223954397     0.002893035462333
     0.002280154509952     0.004238927154195     0.000436497763920
     0.002953208081381    -0.000921301839254     0.005092310090703
42 10
    -0.003788606575964    -0.000005226442429    -0.000287649061476
    -0.000153393109095    -0.002380326814059    -0.000235678823381
     0.000177813240111     0.000083668398841    -0.001585693877551
42 11
     0.002223042233560    -0.001090222474175    -0.003194335569413
    -0.002495097474175     0.005116488662132    -0.001249990331318
    -0.003482236363064     0.000690315224238     0.002488306122449
42 12
    -0.032237971655329    -0.035096948664651     0.017589358875031
    -0.032257420886873    -0.028602586734694     0.017382813240111
    -0.016296696680524    -0.015429821680524     0.026967306122449
42 13
    -0.156114656179138    -0.048469153029730     0.009280047367095
    -0.025355416918619    -0.175657437925170     0.025039001732174
     0.008831325144873     0.047672253716301    -0.157117068877551
42 14
    -0.027029781179138     0.016913779509952    -0.031876637156715
    -0.015906164934492     0.032523363662132    -0.015046674855127
    -0.031907188744016     0.016346676335349    -0.028201836734694
42 15
    -0.196491590702948     0.044832348954397    -0.045514399061476
     0.043528154509952    -0.194075945861678     0.039286063240111
    -0.040661196680524     0.040094418398841    -0.194148469671202
42 16
     0.002350371598639     0.001039751732174     0.001120662446460
     0.000416900541698    -0.001738755385488     0.001100013636936
    -0.000721422871000     0.001468737843285    -0.000580374433107
42 17
     0.001530282312925     0.001205454113127     0.001083555303603
     0.001335267605190     0.001824950963719    -0.001209744299572
     0.001162469986143    -0.001289809775762     0.001648161281179
42 18
    -0.001201356575964     0.000068894589317     0.000247979906778
     0.000105372763920    -0.000817553004535    -0.000017274061476
     0.000319547367095     0.000096388636936    -0.000915967687075
42 19
     0.000708792233560    -0.001433666918619    -0.000920641124969
    -0.002674801839254     0.000435946995465    -0.001324002236080
    -0.001091031997984    -0.001116547871000     0.000649597789116
42 20
    -0.000359156179138    -0.001257218505921    -0.000708389140842
    -0.001121254220207    -0.001065695861678    -0.000222391124969
     0.001508400541698    -0.000502482394810     0.003027347789116
42 21
    -0.006064340702948    -0.004579980410683     0.004205055303603
    -0.003500762156715    -0.001905453798186     0.003954350938524
     0.003739969986143     0.003839005700428    -0.002522961734694
42 22
    -0.000786346655329    -0.000328722474175    -0.000844992315445
     0.000960737843285     0.001932821995465    -0.001065764140842
    -0.000882480410683     0.000803755700428    -0.001015727607710
42 23
    -0.006209781179138     0.004183216017889    -0.003979321680524
     0.006160759668682    -0.002842178004535     0.002467686255984
    -0.004023851442429     0.002926069192492    -0.003355828798186
42 24
     0.002910125566893    -0.001328508188461     0.000707073160746
    -0.000322053823381    -0.000982908163265    -0.002636712553540
    -0.000689363347191    -0.001933520093222    -0.001231549036281
42 25
    -0.001985989512472     0.004708924351222     0.004209005700428
     0.004331118795666    -0.002073995464853    -0.004568270093222
     0.005054934271857    -0.005149827632905    -0.005501511337868
42 26
    -0.003372894274376    -0.000783799855127    -0.000856468505921
    -0.001281037950365    -0.003127082766440    -0.000106182791635
     0.000400652525825     0.000054884668682     0.009892776360544
42 27
    -0.003793318877551    -0.003316198664651    -0.004565492315445
    -0.002264343505921    -0.002406922052154    -0.004887736363064
    -0.003573028029730    -0.004086543902746    -0.007210562925170
42 28
    -0.030824594671202     0.030163884668682    -0.016688422871000
     0.030138495779793    -0.030824594671202     0.016832549351222
     0.016832549351222    -0.016688422871000     0.031430393424036
42 29
     0.004174635487528    -0.002150658982111     0.001246428319476
    -0.001934010172588     0.001958109693878     0.002101515621063
     0.001051305303603     0.002096731890905     0.004465125566893
42 30
    -0.000915594671202     0.001227620779793     0.001875591017889
     0.000316233875031     0.003593534297052    -0.000590740331318
     0.002450061255984     0.001002491811539    -0.000960860544218
42 31
     0.003662510487528     0.002631096970270     0.000135297367095
     0.002453739827412     0.001564891439909     0.002198039430587
    -0.000196319696397     0.002105708081381     0.004433468820862
42 32
     0.026495599773243     0.015777594986143    -0.016515698664651
    -0.017317817712270    -0.029121108560091     0.032932124748047
     0.017392997763920     0.034427317208365    -0.030619874433107
42 33
     0.004848806122449     0.000760337049635     0.002895793398841
    -0.000108615331318     0.004370177154195    -0.002523857394810
     0.002783325144873    -0.002247664934492     0.001621786281179
42 34
    -0.000980090702948     0.000139815224238     0.000314521573444
     0.000301462049635    -0.001487261337868     0.000440198160746
     0.000215277525825    -0.000082609378937    -0.002751902210884
42 35
     0.004931401360544    -0.000396442712270    -0.002915986363064
    -0.000232049855127     0.004490554138322    -0.002007982394810
    -0.002850859378937    -0.002318289934492     0.002505538265306
42 36
    -0.001653197845805    -0.001650307791635     0.001014138636936
    -0.001582049855127    -0.000273961734694    -0.001236057791635
     0.000125148557571     0.001105537446460     0.002574282312925
42 37
    -0.001215322845805    -0.003069857394810     0.001986535462333
    -0.005590486363064    -0.007295312925170     0.005218571176619
     0.000949087049635     0.002806708081381    -0.000276277210884
42 38
    -0.029143322845805    -0.015244692712270    -0.031263851442429
     0.016317708081381     0.030729798185941     0.016547219986143
    -0.031158359378937    -0.015936990331318    -0.027039602607710
42 39
    -0.001986072845805     0.003957329113127    -0.002354901045603
     0.003465271573444    -0.006693761337868     0.001642390621063
    -0.003375420886873     0.003978388636936    -0.003076953798186
42 40
     0.029473946995465    -0.016653359378937    -0.016884549855127
     0.017872797367095    -0.029803604591837    -0.033373589537667
     0.019233739827412    -0.033458373267826    -0.031429424036281
42 41
    -0.191945640306122     0.050699688240111     0.038507267605190
     0.051658729906778    -0.204870344671202    -0.052362281997984
     0.037199057287730    -0.052539075648778    -0.194869136337868
42 42
     0.872044885487528    -0.028228684775762     0.016631962049635
    -0.028228684775762     0.874218925170067     0.028932164430587
     0.016631962049635     0.028932164430587     0.862298143424036
42 43
    -0.196349910147392    -0.041761815728143    -0.041221071680524
    -0.041364728426556    -0.196066594671202    -0.044571734378937
    -0.047074008188461    -0.045984829617032    -0.199174749433107
42 44
    -0.032983602607710     0.032529656494079     0.015786854906778
     0.032062380700428    -0.030276374433107    -0.017995881204334
    -0.016382480410683     0.017392267605190     0.031657776360544
42 45
     0.000484433106576    -0.002376024061476     0.002672301335349
    -0.001664768109095     0.004355075963719     0.000743344986143
     0.002021216017889     0.000032962049635     0.003904312074830
42 46
    -0.032988610544218     0.014215178319476     0.037225047367095
    -0.013667448664651     0.031231175170068     0.014215178319476
     0.038086126732174    -0.013667448664651    -0.032988610544218
42 47
     0.002120871598639     0.002486309271857    -0.003079797871000
     0.002330027525825     0.004091155328798     0.000500009668682
    -0.003301781997984     0.000818920382968     0.004425093820862
42 48
     0.031353571995465     0.017255743795666     0.016892596970270
    -0.016674700648778    -0.030535158163265    -0.029167440728143
    -0.016967262156715    -0.030790147077349    -0.030438995464853
42 49
    -0.006051140306122     0.004806686255984     0.005419019589317
     0.004089491811539    -0.001420245464853    -0.004879643109095
     0.004014545382968    -0.004444839537667    -0.002217985544218
42 50
     0.009924885487528    -0.000406619299572     0.000142521573444
     0.000142521573444    -0.001346215702948     0.000112221970270
    -0.000406619299572    -0.001206643109095    -0.001346215702948
42 51
    -0.006495285147392    -0.005232278029730    -0.004124109378937
    -0.004591698664651    -0.002000608560091    -0.003551897077349
    -0.003995787950365    -0.002996416918619    -0.002444485544218
42 52
    -0.000960860544218     0.001875591017889    -0.000590740331318
     0.002450061255984    -0.000915594671202     0.000316233875031
     0.001002491811539     0.001227620779793     0.003593534297052
42 53
     0.001195871598639    -0.001506129220207     0.001218640621063
    -0.001367222474175     0.001277734693878     0.001561727922651
     0.001167343002016     0.001705452129000     0.001409889455782
42 54
    -0.000621727607710    -0.000560851442429     0.001951237843285
     0.000565954113127     0.002668292233560     0.000521825144873
     0.001437446176619    -0.001041938744016    -0.000340640306122
42 55
     0.000329683106576     0.001136469986143    -0.001143317712270
     0.000813275541698     0.000057202947846     0.000607644589317
    -0.001730827632905     0.001104787446460     0.000918060090703
42 56
     0.030676849773243    -0.016371200648778     0.017136505700428
     0.016292979906778    -0.028337505385488     0.031656718002016
    -0.016377829617032     0.032239035462333    -0.028994896258503
42 57
     0.004788722789116     0.003106007684555     0.000785589033762
     0.002596563240111     0.002368617630385    -0.002713198664651
     0.001039253716301    -0.003039631204334     0.004677601757370
42 58
    -0.001811114512472    -0.000133740331318     0.000249591017889
     0.000172577129000    -0.001147275226757    -0.000005014140842
     0.000179017605190     0.000075553319476    -0.001452041099773
42 59
     0.003862240646259    -0.002233430807508    -0.000675224458302
    -0.002382105410683     0.001691333900227    -0.002205393109095
     0.000125835065508    -0.002644075648778     0.003727943027211
42 60
    -0.030534670068027    -0.033004728426556    -0.017037101442429
    -0.032468309775762    -0.029454219671202    -0.016758071680524
     0.017772563240111     0.017227382684555     0.031121833900227
42 61
    -0.002903185941043    -0.003958785966238     0.003914019589317
    -0.003926250251953    -0.002419489512472     0.003679862843285
     0.004296684271857     0.004458325144873    -0.006460931972789
42 62
    -0.000429920068027     0.000854442208365    -0.001211022077349
    -0.000885627236080     0.003134724773243     0.000910065224238
    -0.001174494299572    -0.000613129220207    -0.000449360544218
42 63
    -0.002209435941043     0.003026688240111    -0.003895954617032
     0.003709868795666    -0.001947291099773     0.004522632684555
    -0.004624434775762     0.004983680303603    -0.006489880385488
43 1
    -0.003785473639456     0.003891789430587     0.004770694192492
     0.005273132684555    -0.002684303004535    -0.005807992315445
     0.008125420382968    -0.007658204617032    -0.005853441893424
43 2
    -0.004282457766440    -0.003962412950365    -0.003662758188461
    -0.004237089537667    -0.007066130385488    -0.002670982394810
    -0.004309426839254    -0.005301569696397    -0.002519519274376
43 3
    -0.000997100623583     0.000149678319476    -0.000549166918619
    -0.000807010172588     0.007777593820862    -0.002058341521794
     0.000455777525825    -0.000144928823381    -0.001785920068027
43 4
     0.000482323979592    -0.000665057791635     0.000526204113127
    -0.000342819696397     0.000875587868481     0.001211430303603
     0.000601680303603     0.000704198160746     0.000844230725624
43 5
    -0.000978701814059     0.001507271573444    -0.000951280013857
     0.001291771573444    -0.001055054988662    -0.000565728426556
     0.000182321176619     0.001619902525825     0.002703454931973
43 6
     0.002027323979592     0.001111424351222    -0.000865528029730
     0.004152392605190     0.001595369614512    -0.001914964537667
    -0.004197406997984    -0.002160156997984     0.001329198979592
43 7
    -0.031967201814059     0.011804440224238     0.029537801335349
    -0.015686716521794     0.029080343820862     0.017996364827412
     0.033862434271857    -0.013933315728143    -0.027280943877551
43 8
     0.000949450963719     0.001171287446460     0.001339112843285
     0.001121880700428     0.001040121598639    -0.000872573664651
     0.001312432287730    -0.000808817712270     0.000930210884354
43 9
     0.002981486678005     0.001072305303603     0.000709065224238
    -0.000369976442429    -0.000326842687075     0.001572753716301
    -0.000802825648778     0.001476549351222    -0.000235457766440
43 10
     0.000663222789116    -0.002200895093222    -0.001991744299572
    -0.001147274061476     0.003435528344671    -0.000803547871000
    -0.002366220490048    -0.000132855410683     0.004002413265306
43 11
    -0.001799003401361     0.000133358875031     0.000037694192492
     0.000261896573444    -0.001670656179138    -0.000211609378937
    -0.000446145093222    -0.000247458585286    -0.001776086734694
43 12
    -0.003389267290249    -0.003285617315445     0.003949263636936
    -0.003498301839254    -0.002967731575964     0.004073194192492
     0.004835394589317     0.004932404509952    -0.006863586734694
43 13
    -0.032420201814059    -0.028735696680524    -0.010972547871000
    -0.033441047871000    -0.027591582766440    -0.013690617315445
     0.015830041414714     0.017976979906778     0.029132788265306
43 14
    -0.002060451814059     0.004708360859158    -0.003861357394810
     0.004596454113127    -0.006286031179138     0.004428581097254
    -0.003496097474175     0.004814027525825    -0.001902229591837
43 15
    -0.028336886337868    -0.016450569696397    -0.030851744299572
     0.017387773557571     0.030064159297052     0.017371069192492
    -0.031673855410683    -0.016563480410683    -0.027740987528345
43 16
     0.001254825963719     0.002672833081381     0.001955442208365
     0.002999894589317     0.004161724773243    -0.000195980410683
     0.001865418398841    -0.000280535966238     0.004177482709751
43 17
     0.003001861678005    -0.000422089537667    -0.000854414934492
     0.000911636652809    -0.000350568877551     0.001309761652809
     0.000518311255984     0.001666291414714    -0.000325481575964
43 18
     0.000433472789116    -0.001090899061476    -0.001155740331318
    -0.001071883188461     0.000468802154195    -0.000881768109095
    -0.001171986363064    -0.001008010172588     0.000502514455782
43 19
    -0.001274878401361     0.000417664430587    -0.000249861363064
    -0.000315057791635    -0.001218447845805     0.000532753716301
     0.000300059271857     0.000545553319476    -0.001120920068027
43 20
    -0.002606076814059    -0.003782012156715     0.003490015621063
    -0.004057260172588    -0.005502965702948     0.004562864827412
     0.003912491811539     0.004513243795666    -0.001985545068027
43 21
    -0.000350011337868    -0.001081524061476     0.000561960065508
    -0.000967518109095    -0.000413223639456    -0.000623768109095
    -0.000900063744016     0.000731731890905     0.003289020408163
43 22
    -0.003122517290249     0.004075483875031    -0.004650837553540
     0.003693106890905    -0.002553822845805     0.004735866811539
    -0.004326514140842     0.004033606890905    -0.007133620464853
43 23
    -0.001624826814059     0.001229047367095    -0.001086166918619
    -0.000047996283699     0.001942927154195     0.000851567208365
    -0.001232760172588    -0.000673079617032    -0.001414471655329
43 24
    -0.002871045068027     0.004812948160746     0.003895852922651
     0.003840690224238    -0.006633928004535    -0.004129206601159
     0.003330727922651    -0.004820543902746    -0.003723941893424
43 25
     0.002722339852608     0.000937630700428    -0.000873714537667
    -0.000550762156715    -0.000575390306122    -0.001396764140842
     0.000691650541698    -0.001639226442429    -0.000523404195011
43 26
    -0.002802564909297    -0.003609343505921    -0.004827313744016
    -0.003551918902746    -0.003798977607710    -0.004815176839254
    -0.004283381204334    -0.004825139140842    -0.007500491496599
43 27
    -0.000305989512472    -0.000536367315445    -0.000045337553540
    -0.001030349458302    -0.001474316893424     0.000093019589317
    -0.001003061759889    -0.000977317712270     0.009667419217687
43 28
     0.001958109693878    -0.002150658982111     0.002096731890905
    -0.001934010172588     0.004174635487528     0.001051305303603
     0.002101515621063     0.001246428319476     0.004465125566893
43 29
    -0.027968910147392     0.030236797367095     0.016773833081381
     0.031016983875031    -0.027968910147392    -0.016434478426556
    -0.016434478426556     0.016773833081381     0.028962857709751
43 30
     0.001277734693878     0.001705452129000    -0.001506129220207
     0.001561727922651     0.001409889455782     0.001218640621063
    -0.001367222474175     0.001167343002016     0.001195871598639
43 31
    -0.000890785147392    -0.000192571680524     0.001431077129000
     0.001282608875031     0.002724996598639     0.000619045382968
     0.001376521573444    -0.000703190728143    -0.000911549036281
43 32
     0.004201304138322     0.002946676335349     0.000328331097254
     0.003247801335349     0.001188371598639    -0.002452869299572
     0.000718714033762    -0.002822706601159     0.004663857709751
43 33
     0.030284635487528    -0.016959331601159     0.016792698160746
     0.016907628716301    -0.028819092687075     0.032227398557571
    -0.017484583585286     0.032551561255984    -0.028963481575964
43 34
     0.004531988662132    -0.000008978426556    -0.002561073664651
    -0.000304418902746     0.004939343820862    -0.002694545886873
    -0.003036631204334    -0.002396633188461     0.001795704931973
43 35
    -0.000883269274376     0.000134013636936    -0.000067206601159
     0.000398194192492    -0.000989340702948     0.000106273557571
    -0.000025268109095     0.000102686255984    -0.000602354591837
43 36
    -0.006887243480726    -0.004266226442429     0.004573418398841
    -0.004276930807508    -0.003209731575964     0.004691448160746
     0.004590739827412     0.005030888636936    -0.003358985544218
43 37
    -0.001927743480726    -0.001842276045603    -0.000114934775762
    -0.001493117315445    -0.000714707766440     0.000823577129000
     0.001064303319476    -0.000330565728143     0.001714579931973
43 38
    -0.185678868480726     0.034767638636936    -0.033266321680524
     0.035559702129000    -0.189911721655329     0.033712225938524
    -0.033298018109095     0.032998985859158    -0.190560620464853
43 39
    -0.028527743480726     0.018243910462333    -0.031044246283699
    -0.015504984378937     0.029816843820862    -0.016182978426556
    -0.031152829617032     0.017934239827412    -0.029228346655329
43 40
    -0.007401973639456     0.004105471970270     0.003248604906778
     0.005245791414714    -0.002677749433107    -0.003392083585286
     0.003794581097254    -0.004263772077349    -0.003054566893424
43 41
     0.030006189058957     0.018106144589317     0.017335422367095
    -0.017193151045603    -0.028703114512472    -0.031954776045603
    -0.017100476442429    -0.030298849458302    -0.028676779195011
43 42
    -0.196349910147392    -0.041364728426556    -0.047074008188461
    -0.041761815728143    -0.196066594671202    -0.045984829617032
    -0.041221071680524    -0.044571734378937    -0.199174749433107
43 43
     0.894523794217687     0.010435140621063    -0.000953041918619
     0.010435140621063     0.891131885487528    -0.009484978426556
    -0.000953041918619    -0.009484978426556     0.890761357709750
43 44
     0.004085101757370    -0.002018387156715     0.000165134668682
    -0.002785125251953     0.001178605725624     0.002129999748047
     0.000058235859158     0.001903868795666     0.003682383503401
43 45
    -0.026280487528345     0.027947682287730    -0.018344543902746
     0.028040975938524    -0.027785818877551     0.018930100938524
     0.011599182287730    -0.011406811759889     0.030402544217687
43 46
     0.004425093820862     0.000500009668682    -0.003079797871000
     0.000818920382968     0.004091155328798     0.002486309271857
    -0.003301781997984     0.002330027525825     0.002120871598639
43 47
    -0.029610299036281    -0.017003234378937     0.032850606890905
     0.018135646573444     0.030124135487528    -0.017003234378937
     0.032160809271857     0.018135646573444    -0.029610299036281
43 48
    -0.189241348639456     0.038215450144873     0.032222376732174
     0.034971418398841    -0.191598428004535    -0.038093309775762
     0.034024829113127    -0.039955295886873    -0.189781638321995
43 49
     0.030861439058957    -0.016313232394810    -0.016788825648778
     0.016497735859158    -0.028772265306122    -0.030929137156715
     0.017226511652809    -0.031459238347191    -0.027979753401361
43 50
    -0.006495285147392    -0.003995787950365    -0.004591698664651
    -0.004124109378937    -0.002444485544218    -0.003551897077349
    -0.005232278029730    -0.002996416918619    -0.002000608560091
43 51
     0.008680544217687     0.000105803319476     0.000336670382968
     0.000336670382968    -0.001530128401361    -0.000165266124969
     0.000105803319476    -0.000083440728143    -0.001530128401361
43 52
     0.004433468820862     0.000135297367095     0.002198039430587
    -0.000196319696397     0.003662510487528     0.002453739827412
     0.002105708081381     0.002631096970270     0.001564891439909
43 53
    -0.000911549036281     0.001431077129000     0.000619045382968
     0.001376521573444    -0.000890785147392     0.001282608875031
    -0.000703190728143    -0.000192571680524     0.002724996598639
43 54
     0.003532976757370     0.002464729906778    -0.000517982394810
     0.003078073160746     0.001486397392290     0.002210831097254
    -0.001051337553540     0.002223162446460     0.003641216836735
43 55
    -0.001647487528345     0.000692551335349     0.001443462049635
    -0.001007480410683     0.001480308106576    -0.000209474458302
     0.002299013636936     0.001418513636936    -0.001839207766440
43 56
     0.004642429138322     0.000759505700428     0.002296035462333
     0.000692348954397     0.004642724773243    -0.002274776045603
     0.002289011652809    -0.002644363347191     0.001930710884354
43 57
     0.030163677154195     0.017452714033762    -0.017380006204334
    -0.016187192712270    -0.027911527210884     0.031290557287730
     0.016521469986143     0.031379969986143    -0.027693666099773
43 58
     0.004196089852608    -0.001906908982111    -0.000409754220207
    -0.002088553823381     0.001503704931973    -0.002514883188461
    -0.000505516124969    -0.002228345490048     0.004568316043084
43 59
    -0.001641929988662     0.000151525541698    -0.000063194696397
     0.000262388636936    -0.001067435941043     0.000157362843285
    -0.000130323664651     0.000103275541698    -0.001376324829932
43 60
    -0.202590590702948    -0.048599522077349     0.047991428319476
    -0.049232315728143    -0.201765239512472     0.048797934271857
     0.048839029509952     0.048743233875031    -0.202457058956916
43 61
    -0.029385981575964    -0.032083454617032     0.017642674351222
    -0.032065006204334    -0.029624009353741     0.017887493795666
    -0.017463099458302    -0.017190573664651     0.030919550170068
43 62
    -0.006220965702948     0.004579898557571    -0.004436117315445
     0.004778366811539    -0.002152795068027     0.003649946176619
    -0.004612528029730     0.003612971970270    -0.002464628401361
43 63
    -0.000803856575964    -0.000285230410683    -0.001470299855127
     0.001102237843285     0.002776189058957    -0.000503486363064
    -0.001416718505921     0.000901906494079    -0.000742773242630
44 1
    -0.041278791099773     0.012083023557571    -0.054677403029730
     0.035262104906778     0.010145292233560     0.035262104906778
    -0.054677403029730     0.012083023557571    -0.041278791099773
44 2
    -0.002282525226757     0.001206071176619     0.000071269589317
     0.002289382684555     0.000090839852608    -0.000990635172588
     0.001010999748047     0.001129283478206     0.002188881519274
44 3
     0.000442831916100    -0.001362837553540     0.001122735859158
    -0.001884287950365     0.001093939058957     0.001374005700428
     0.000781204113127     0.001010799351222     0.000896980725624
44 4
    -0.004158868480726     0.000256801335349    -0.001173643109095
    -0.001310222474175     0.003259433106576    -0.001310222474175
    -0.001173643109095     0.000256801335349    -0.004158868480726
44 5
    -0.001637519274376    -0.004856619299572    -0.002465752236080
    -0.005476381204334    -0.005061459750567    -0.005476381204334
    -0.002465752236080    -0.004856619299572    -0.001637519274376
44 6
     0.002188881519274     0.001129283478206     0.001010999748047
    -0.000990635172588     0.000090839852608     0.002289382684555
     0.000071269589317     0.001206071176619    -0.002282525226757
44 7
     0.000896980725624     0.001010799351222     0.000781204113127
     0.001374005700428     0.001093939058957    -0.001884287950365
     0.001122735859158    -0.001362837553540     0.000442831916100
44 8
    -0.028397491496599     0.016687271573444     0.031882015621063
    -0.016674397077349     0.030941966836735     0.016177023557571
     0.031125108875031    -0.016633214537667    -0.028419263321995
44 9
     0.001579919217687     0.001950164430587    -0.003836656997984
     0.002080245779793     0.003862502551020    -0.000292149061476
    -0.003145524061476     0.001014027525825     0.004023068027211
44 10
    -0.031233219671202    -0.035150535966238    -0.018680966521794
    -0.031229801839254    -0.026995626417234    -0.017250575648778
     0.017718581097254     0.015354497763920     0.029065064058957
44 11
    -0.003496445861678    -0.003297406997984     0.003742471970270
    -0.002625631204334    -0.001531935941043     0.003696612843285
     0.003322781494079     0.004082019589317    -0.008540435941043
44 12
    -0.003740959750567    -0.000094383188461    -0.000432083585286
     0.000162670382968    -0.003156886337868    -0.000431833585286
    -0.000278053823381    -0.000091867315445    -0.002188685941043
44 13
     0.001578855725624    -0.002088337553540    -0.002979770093222
    -0.002044950648778     0.003594762471655    -0.000624770093222
    -0.002187656997984     0.000031583081381     0.002860814058957
44 14
     0.003224605725624    -0.000926530013857     0.000507795382968
     0.001030801335349     0.000239439058957    -0.001269821680524
    -0.000980670886873    -0.001602119299572    -0.001127578798186
44 15
    -0.002320453798186     0.003299039430587     0.003764783478206
     0.003460620779793    -0.002172495464853    -0.004646583585286
     0.004160446176619    -0.004653377236080    -0.006406711734694
44 16
    -0.000973991496599    -0.000766807791635     0.000669344986143
     0.000766616811539     0.001899570011338     0.000766616811539
     0.000669344986143    -0.000766807791635    -0.000973991496599
44 17
     0.001021044217687     0.001033019589317    -0.001583637156715
     0.001129858875031     0.001321151360544     0.001129858875031
    -0.001583637156715     0.001033019589317     0.001021044217687
44 18
    -0.000536219671202    -0.001035164934492     0.000275287446460
    -0.001812285966238    -0.002367477607710     0.000411204113127
    -0.000302309775762     0.001254968002016     0.001525665249433
44 19
    -0.002298945861678    -0.004882726442429     0.002530041414714
    -0.004155460569413    -0.007439727607710     0.003673975938524
     0.002109360859158     0.004644156494079    -0.002919269274376
44 20
    -0.000622894274376    -0.000166653029730    -0.000306706601159
     0.000053337049635    -0.000580370464853     0.000053337049635
    -0.000306706601159    -0.000166653029730    -0.000622894274376
44 21
     0.001063046201814    -0.001486414934492    -0.001530012156715
    -0.001374420886873     0.001111871598639    -0.001374420886873
    -0.001530012156715    -0.001486414934492     0.001063046201814
44 22
     0.001525665249433     0.001254968002016    -0.000302309775762
     0.000411204113127    -0.002367477607710    -0.001812285966238
     0.000275287446460    -0.001035164934492    -0.000536219671202
44 23
    -0.002919269274376     0.004644156494079     0.002109360859158
     0.003673975938524    -0.007439727607710    -0.004155460569413
     0.002530041414714    -0.004882726442429    -0.002298945861678
44 24
    -0.000514987528345     0.000704432287730    -0.002120619299572
    -0.000036337553540     0.002329542233560     0.000907515621063
    -0.002248095490048    -0.000911190728143    -0.000971791099773
44 25
    -0.002224852607710     0.003625114827412    -0.004929061759889
     0.004090585065508    -0.001374045068027     0.003821583081381
    -0.005626047871000     0.005349876732174    -0.006496628401361
44 26
    -0.029054882369615     0.029380265621063     0.017041964033762
     0.029900928319476    -0.029054882369615    -0.016454954617032
    -0.016454954617032     0.017041964033762     0.031141409297052
44 27
     0.001532568027211    -0.004434758188461    -0.000807934775762
    -0.005664502236080     0.006241903344671     0.004908116811539
     0.004308489827412    -0.002371214537667     0.000636570011338
44 28
    -0.003127082766440    -0.000783799855127     0.000054884668682
    -0.001281037950365    -0.003372894274376     0.000400652525825
    -0.000106182791635    -0.000856468505921     0.009892776360544
44 29
    -0.003798977607710    -0.003609343505921    -0.004825139140842
    -0.003551918902746    -0.002802564909297    -0.004283381204334
    -0.004815176839254    -0.004827313744016    -0.007500491496599
44 30
     0.002668292233560    -0.001041938744016    -0.000560851442429
     0.000521825144873    -0.000340640306122     0.001951237843285
     0.000565954113127     0.001437446176619    -0.000621727607710
44 31
     0.001486397392290     0.002223162446460     0.002464729906778
     0.002210831097254     0.003641216836735    -0.000517982394810
     0.003078073160746    -0.001051337553540     0.003532976757370
44 32
    -0.028419263321995    -0.016633214537667     0.031125108875031
     0.016177023557571     0.030941966836735    -0.016674397077349
     0.031882015621063     0.016687271573444    -0.028397491496599
44 33
     0.004023068027211     0.001014027525825    -0.003145524061476
    -0.000292149061476     0.003862502551020     0.002080245779793
    -0.003836656997984     0.001950164430587     0.001579919217687
44 34
    -0.001127578798186    -0.001602119299572    -0.000980670886873
    -0.001269821680524     0.000239439058957     0.001030801335349
     0.000507795382968    -0.000926530013857     0.003224605725624
44 35
    -0.006406711734694    -0.004653377236080     0.004160446176619
    -0.004646583585286    -0.002172495464853     0.003460620779793
     0.003764783478206     0.003299039430587    -0.002320453798186
44 36
    -0.002188685941043    -0.000091867315445    -0.000278053823381
    -0.000431833585286    -0.003156886337868     0.000162670382968
    -0.000432083585286    -0.000094383188461    -0.003740959750567
44 37
     0.002860814058957     0.000031583081381    -0.002187656997984
    -0.000624770093222     0.003594762471655    -0.002044950648778
    -0.002979770093222    -0.002088337553540     0.001578855725624
44 38
     0.029065064058957     0.015354497763920     0.017718581097254
    -0.017250575648778    -0.026995626417234    -0.031229801839254
    -0.018680966521794    -0.035150535966238    -0.031233219671202
44 39
    -0.008540435941043     0.004082019589317     0.003322781494079
     0.003696612843285    -0.001531935941043    -0.002625631204334
     0.003742471970270    -0.003297406997984    -0.003496445861678
44 40
    -0.032829666099773     0.017442081097254    -0.037343492315445
    -0.016582361363064     0.032387970804989    -0.016582361363064
    -0.037343492315445     0.017442081097254    -0.032829666099773
44 41
    -0.204319503401361     0.052902628716301    -0.050273799855127
     0.053300321176619    -0.210413644274376     0.053300321176619
    -0.050273799855127     0.052902628716301    -0.204319503401361
44 42
    -0.032983602607710     0.032062380700428    -0.016382480410683
     0.032529656494079    -0.030276374433107     0.017392267605190
     0.015786854906778    -0.017995881204334     0.031657776360544
44 43
     0.004085101757370    -0.002785125251953     0.000058235859158
    -0.002018387156715     0.001178605725624     0.001903868795666
     0.000165134668682     0.002129999748047     0.003682383503401
44 44
     0.935286909297052    -0.003606778029730     0.045962412446460
    -0.003606778029730     0.932606575963719    -0.003606778029730
     0.045962412446460    -0.003606778029730     0.935286909297052
44 45
    -0.191036179988662    -0.058452458585286    -0.032954641124968
    -0.062130176839254    -0.207184598639456    -0.062130176839254
    -0.032954641124968    -0.058452458585286    -0.191036179988662
44 46
     0.031657776360544    -0.017995881204334     0.015786854906778
     0.017392267605190    -0.030276374433107     0.032529656494079
    -0.016382480410683     0.032062380700428    -0.032983602607710
44 47
     0.003682383503401     0.002129999748047     0.000165134668682
     0.001903868795666     0.001178605725624    -0.002018387156715
     0.000058235859158    -0.002785125251953     0.004085101757370
44 48
    -0.000971791099773    -0.000911190728143    -0.002248095490048
     0.000907515621063     0.002329542233560    -0.000036337553540
    -0.002120619299572     0.000704432287730    -0.000514987528345
44 49
    -0.006496628401361     0.005349876732174    -0.005626047871000
     0.003821583081381    -0.001374045068027     0.004090585065508
    -0.004929061759889     0.003625114827412    -0.002224852607710
44 50
    -0.000621727607710     0.001437446176619     0.000565954113127
     0.001951237843285    -0.000340640306122     0.000521825144873
    -0.000560851442429    -0.001041938744016     0.002668292233560
44 51
     0.003532976757370    -0.001051337553540     0.003078073160746
    -0.000517982394810     0.003641216836735     0.002210831097254
     0.002464729906778     0.002223162446460     0.001486397392290
44 52
     0.009892776360544    -0.000856468505921    -0.000106182791635
     0.000400652525825    -0.003372894274376    -0.001281037950365
     0.000054884668682    -0.000783799855127    -0.003127082766440
44 53
    -0.007500491496599    -0.004827313744016    -0.004815176839254
    -0.004283381204334    -0.002802564909297    -0.003551918902746
    -0.004825139140842    -0.003609343505921    -0.003798977607710
44 54
     0.031141409297052     0.017041964033762    -0.016454954617032
    -0.016454954617032    -0.029054882369615     0.029900928319476
     0.017041964033762     0.029380265621063    -0.029054882369615
44 55
     0.000636570011338    -0.002371214537667     0.004308489827412
     0.004908116811539     0.006241903344671    -0.005664502236080
    -0.000807934775762    -0.004434758188461     0.001532568027211
44 56
    -0.000444138321995     0.000728614827412     0.000807313240111
    -0.000672428823381     0.003227195011338    -0.000672428823381
     0.000807313240111     0.000728614827412    -0.000444138321995
44 57
     0.004343609693878     0.002657698160746    -0.001319728426556
     0.002444404509952     0.001770943027211     0.002444404509952
    -0.001319728426556     0.002657698160746     0.004343609693878
44 58
    -0.030144602607710    -0.032760799855127     0.018213398557571
    -0.032676581601159    -0.029339074829932     0.018058464033762
    -0.017474964537667    -0.017086242315445     0.031116591836735
44 59
    -0.197134497448980    -0.041036615331318     0.039014583081381
    -0.040722389140842    -0.194889340702948     0.040765210065508
     0.042104602922651     0.042823378716301    -0.196353799036281
44 60
    -0.002233158163265    -0.000028787950365    -0.000463293902746
     0.000045531494079    -0.001850769274376     0.000045531494079
    -0.000463293902746    -0.000028787950365    -0.002233158163265
44 61
     0.003836700963719    -0.002810720490048    -0.001153547871000
    -0.002428033982111     0.001159335884354    -0.002428033982111
    -0.001153547871000    -0.002810720490048     0.003836700963719
44 62
     0.031116591836735    -0.017086242315445    -0.017474964537667
     0.018058464033762    -0.029339074829932    -0.032676581601159
     0.018213398557571    -0.032760799855127    -0.030144602607710
44 63
    -0.196353799036281     0.042823378716301     0.042104602922651
     0.040765210065508    -0.194889340702948    -0.040722389140842
     0.039014583081381    -0.041036615331318    -0.197134497448980
45 1
    -0.227508505385488     0.113600874748047    -0.024514581601159
     0.058928174351222    -0.184658257369615     0.058928174351222
    -0.024514581601159     0.113600874748047    -0.227508505385488
45 2
     0.001680260487528    -0.001558702632905     0.002364841017889
     0.000018452129000     0.000894790249433     0.000945184271857
    -0.000585178823381     0.000644509668682     0.001253792233560
45 3
    -0.001369007369615     0.001280888636936     0.000274182287730
     0.002136281494079    -0.001345610544218     0.001340700144873
    -0.000063849458302    -0.001104599458302     0.001076266439909
45 4
    -0.001539832766440     0.000884027525825    -0.000977946680524
    -0.001041653029730     0.001871883503401    -0.001041653029730
    -0.000977946680524     0.000884027525825    -0.001539832766440
45 5
    -0.000771608560091    -0.002622893109095     0.001365694192492
     0.002771688240111     0.007240990646258     0.002771688240111
     0.001365694192492    -0.002622893109095    -0.000771608560091
45 6
     0.001253792233560     0.000644509668682    -0.000585178823381
     0.000945184271857     0.000894790249433     0.000018452129000
     0.002364841017889    -0.001558702632905     0.001680260487528
45 7
     0.001076266439909    -0.001104599458302    -0.000063849458302
     0.001340700144873    -0.001345610544218     0.002136281494079
     0.000274182287730     0.001280888636936    -0.001369007369615
45 8
     0.003418794217687     0.000241497763920    -0.002509537950365
     0.000123047367095     0.003779042233560     0.003128843002016
    -0.002410569696397     0.002526886652809     0.000914897392290
45 9
    -0.029724170068027    -0.017614359378937     0.033570289430587
     0.015245315224238     0.033242827947846    -0.015501829617032
     0.034517922367095     0.016095378716301    -0.029942521258503
45 10
    -0.202535683956916    -0.036895934775762     0.035283354906778
    -0.045239232394810    -0.183904926020408     0.028744868795666
     0.042355777525825     0.027148848954397    -0.182658900226757
45 11
    -0.030362910147392    -0.032175430807508     0.018435543398841
    -0.031944561759889    -0.030345110544218     0.016191182287730
    -0.017853897077349    -0.016166629220207     0.031202974773243
45 12
    -0.000044174036281    -0.001654531997984    -0.001327887156715
    -0.002474510172588     0.005123314058957    -0.000625264140842
    -0.001375357394810    -0.000212516124969     0.002081974773243
45 13
    -0.004364358560091     0.000130763636936     0.001018426335349
     0.001401493795666    -0.001431412131519    -0.000780575648778
    -0.000875585569413    -0.000529565728143    -0.001792275226757
45 14
    -0.002753983560091     0.004613446176619     0.002917866811539
     0.005601245779793    -0.006980985544218    -0.005930877236080
     0.002937025541698    -0.004286643109095    -0.002590543083900
45 15
     0.002546581916100     0.000857140621063    -0.001118645093222
    -0.001008684775762    -0.000812045068027    -0.001567764140842
     0.000623892605190    -0.001773526045603    -0.001270051020408
45 16
     0.003555919217687     0.003185543398841    -0.000772833585286
     0.003433311255984    -0.000176604591837     0.003433311255984
    -0.000772833585286     0.003185543398841     0.003555919217687
45 17
    -0.000570295068027     0.001032370779793     0.001913434271857
    -0.000682696680524     0.001357976757370    -0.000682696680524
     0.001913434271857     0.001032370779793    -0.000570295068027
45 18
    -0.007141183956916    -0.002919438744016     0.003360983875031
    -0.002953841521794    -0.000363277210884     0.001278398557571
     0.005246886652809     0.005471194192492    -0.006154424036281
45 19
    -0.000786160147392    -0.001466000251953    -0.001233637156715
    -0.000375016124969    -0.001256777210884     0.001728295382968
     0.001950932287730     0.000022507684555     0.000627266439909
45 20
     0.000970391439909    -0.001139926839254    -0.001327885172588
    -0.001263843505921     0.001750579931973    -0.001263843505921
    -0.001327885172588    -0.001139926839254     0.000970391439909
45 21
    -0.000616543083900     0.000191561255984    -0.000128315728143
     0.000188898557571    -0.000390803004535     0.000188898557571
    -0.000128315728143     0.000191561255984    -0.000616543083900
45 22
    -0.006154424036281     0.005471194192492     0.005246886652809
     0.001278398557571    -0.000363277210884    -0.002953841521794
     0.003360983875031    -0.002919438744016    -0.007141183956916
45 23
     0.000627266439909     0.000022507684555     0.001950932287730
     0.001728295382968    -0.001256777210884    -0.000375016124969
    -0.001233637156715    -0.001466000251953    -0.000786160147392
45 24
    -0.007607201814059     0.003779658478206    -0.004927547871000
     0.002213231890905    -0.001240257369615     0.001852835065508
    -0.002912899061476     0.001344660462333    -0.003313880385488
45 25
    -0.002169691893424    -0.001628533982111    -0.002384615331318
     0.002969904509952     0.002541780328798     0.000428777525825
    -0.002335851442429    -0.000656397077349    -0.001840842687075
45 26
     0.006241903344671    -0.004434758188461    -0.002371214537667
    -0.005664502236080     0.001532568027211     0.004308489827412
     0.004908116811539    -0.000807934775762     0.000636570011338
45 27
    -0.038260021258503     0.027360718002016    -0.026012113347191
     0.042816567208365    -0.038260021258503     0.006252061255984
     0.006252061255984    -0.026012113347191     0.027816980725624
45 28
    -0.002406922052154    -0.003316198664651    -0.004086543902746
    -0.002264343505921    -0.003793318877551    -0.003573028029730
    -0.004887736363064    -0.004565492315445    -0.007210562925170
45 29
    -0.001474316893424    -0.000536367315445    -0.000977317712270
    -0.001030349458302    -0.000305989512472    -0.001003061759889
     0.000093019589317    -0.000045337553540     0.009667419217687
45 30
     0.000057202947846     0.001104787446460     0.001136469986143
     0.000607644589317     0.000918060090703    -0.001143317712270
     0.000813275541698    -0.001730827632905     0.000329683106576
45 31
     0.001480308106576     0.001418513636936     0.000692551335349
    -0.000209474458302    -0.001839207766440     0.001443462049635
    -0.001007480410683     0.002299013636936    -0.001647487528345
45 32
     0.000914897392290     0.002526886652809    -0.002410569696397
     0.003128843002016     0.003779042233560     0.000123047367095
    -0.002509537950365     0.000241497763920     0.003418794217687
45 33
    -0.029942521258503     0.016095378716301     0.034517922367095
    -0.015501829617032     0.033242827947846     0.015245315224238
     0.033570289430587    -0.017614359378937    -0.029724170068027
45 34
    -0.002590543083900    -0.004286643109095     0.002937025541698
    -0.005930877236080    -0.006980985544218     0.005601245779793
     0.002917866811539     0.004613446176619    -0.002753983560091
45 35
    -0.001270051020408    -0.001773526045603     0.000623892605190
    -0.001567764140842    -0.000812045068027    -0.001008684775762
    -0.001118645093222     0.000857140621063     0.002546581916100
45 36
     0.002081974773243    -0.000212516124969    -0.001375357394810
    -0.000625264140842     0.005123314058957    -0.002474510172588
    -0.001327887156715    -0.001654531997984    -0.000044174036281
45 37
    -0.001792275226757    -0.000529565728143    -0.000875585569413
    -0.000780575648778    -0.001431412131519     0.001401493795666
     0.001018426335349     0.000130763636936    -0.004364358560091
45 38
    -0.182658900226757     0.027148848954397     0.042355777525825
     0.028744868795666    -0.183904926020408    -0.045239232394810
     0.035283354906778    -0.036895934775762    -0.202535683956916
45 39
     0.031202974773243    -0.016166629220207    -0.017853897077349
     0.016191182287730    -0.030345110544218    -0.031944561759889
     0.018435543398841    -0.032175430807508    -0.030362910147392
45 40
    -0.001062880385488     0.001839057287730    -0.001808545886873
     0.004788458081381    -0.004659828798186     0.004788458081381
    -0.001808545886873     0.001839057287730    -0.001062880385488
45 41
    -0.026818592687075    -0.007765145093222    -0.029914103426556
     0.021112015621063     0.028659306122449     0.021112015621063
    -0.029914103426556    -0.007765145093222    -0.026818592687075
45 42
     0.000484433106576    -0.001664768109095     0.002021216017889
    -0.002376024061476     0.004355075963719     0.000032962049635
     0.002672301335349     0.000743344986143     0.003904312074830
45 43
    -0.026280487528345     0.028040975938524     0.011599182287730
     0.027947682287730    -0.027785818877551    -0.011406811759889
    -0.018344543902746     0.018930100938524     0.030402544217687
45 44
    -0.191036179988662    -0.062130176839254    -0.032954641124968
    -0.058452458585286    -0.207184598639456    -0.058452458585286
    -0.032954641124968    -0.062130176839254    -0.191036179988662
45 45
     0.924618730725624    -0.008767982394810    -0.033819944696397
    -0.008767982394810     0.914646726757370    -0.008767982394810
    -0.033819944696397    -0.008767982394810     0.924618730725623
45 46
     0.003904312074830     0.000743344986143     0.002672301335349
     0.000032962049635     0.004355075963719    -0.002376024061476
     0.002021216017889    -0.001664768109095     0.000484433106576
45 47
     0.030402544217687     0.018930100938524    -0.018344543902746
    -0.011406811759889    -0.027785818877551     0.027947682287730
     0.011599182287730     0.028040975938524    -0.026280487528345
45 48
    -0.003313880385488     0.001344660462333    -0.002912899061476
     0.001852835065508    -0.001240257369615     0.002213231890905
    -0.004927547871000     0.003779658478206    -0.007607201814059
45 49
    -0.001840842687075    -0.000656397077349    -0.002335851442429
     0.000428777525825     0.002541780328798     0.002969904509952
    -0.002384615331318    -0.001628533982111    -0.002169691893424
45 50
     0.000329683106576    -0.001730827632905     0.000813275541698
    -0.001143317712270     0.000918060090703     0.000607644589317
     0.001136469986143     0.001104787446460     0.000057202947846
45 51
    -0.001647487528345     0.002299013636936    -0.001007480410683
     0.001443462049635    -0.001839207766440    -0.000209474458302
     0.000692551335349     0.001418513636936     0.001480308106576
45 52
    -0.007210562925170    -0.004565492315445    -0.004887736363064
    -0.003573028029730    -0.003793318877551    -0.002264343505921
    -0.004086543902746    -0.003316198664651    -0.002406922052154
45 53
     0.009667419217687    -0.000045337553540     0.000093019589317
    -0.001003061759889    -0.000305989512472    -0.001030349458302
    -0.000977317712270    -0.000536367315445    -0.001474316893424
45 54
     0.000636570011338    -0.000807934775762     0.004908116811539
     0.004308489827412     0.001532568027211    -0.005664502236080
    -0.002371214537667    -0.004434758188461     0.006241903344671
45 55
     0.027816980725624    -0.026012113347191     0.006252061255984
     0.006252061255984    -0.038260021258503     0.042816567208365
    -0.026012113347191     0.027360718002016    -0.038260021258503
45 56
     0.000906647392290     0.001224966017889    -0.001417490331318
     0.001348140621063     0.001081020408163     0.001348140621063
    -0.001417490331318     0.001224966017889     0.000906647392290
45 57
    -0.000879104591837    -0.000910450648778     0.001687468002016
     0.001106973954397     0.002876768424036     0.001106973954397
     0.001687468002016    -0.000910450648778    -0.000879104591837
45 58
    -0.003489691893424    -0.003087573664651     0.003397969986143
    -0.003798387156715    -0.003576374433107     0.004845783478206
     0.004499731890905     0.004700358875031    -0.008326122448980
45 59
    -0.032675961734694    -0.035474389140842    -0.015479720490048
    -0.033871569696397    -0.028801140306122    -0.019620845490048
     0.015005174351222     0.015871229906778     0.032217486678005
45 60
     0.004841377551020    -0.001880186759889    -0.000466222474175
    -0.002986149061476     0.000238681122449    -0.002986149061476
    -0.000466222474175    -0.001880186759889     0.004841377551020
45 61
    -0.001937638321995     0.000950505700428     0.000268648557571
     0.000278285462333    -0.003344213718821     0.000278285462333
     0.000268648557571     0.000950505700428    -0.001937638321995
45 62
    -0.008326122448980     0.004700358875031     0.004499731890905
     0.004845783478206    -0.003576374433107    -0.003798387156715
     0.003397969986143    -0.003087573664651    -0.003489691893424
45 63
     0.032217486678005     0.015871229906778     0.015005174351222
    -0.019620845490048    -0.028801140306122    -0.033871569696397
    -0.015479720490048    -0.035474389140842    -0.032675961734694
46 1
    -0.001351174036281    -0.001233305807508    -0.000869045886873
    -0.000979998267826     0.001111341836735    -0.001782986363064
    -0.000551210569413     0.002468708081381     0.004267071995465
46 2
    -0.038153158163265    -0.011300008188461     0.047559376732174
    -0.011817220490048     0.021374389455782     0.014590273557571
     0.048134692208365     0.012561843002016    -0.036917130385488
46 3
     0.002705698979592     0.001609208081381    -0.003514781997984
     0.001906108875031     0.006779363662132     0.001902289430587
    -0.003665103426556    -0.000593016124969     0.003341718820862
46 4
     0.002781873582766    -0.000545153029730    -0.000086035966238
     0.000132049351222    -0.000910267290249     0.003218186255984
    -0.000257325648778     0.002619985859158    -0.002005380385488
46 5
     0.001723722789116     0.001978676335349     0.001421354906778
     0.001599140621063     0.005675589852608    -0.000733097474175
     0.003043440224238    -0.000916184775762     0.004669718820862
46 6
    -0.002303376417234     0.000386579113127    -0.000577518109095
     0.001913261652809     0.007989389455782    -0.002255208585286
    -0.000525662950365     0.000144505700428    -0.002719912131519
46 7
    -0.001653527210884    -0.004245780013857    -0.002241563744016
    -0.003988097474175    -0.006190261337868    -0.001704254220207
    -0.002926446680524    -0.004260653029730    -0.002722054988662
46 8
    -0.030619874433107     0.034427317208365     0.017392997763920
     0.032932124748047    -0.029121108560091    -0.017317817712270
    -0.016515698664651     0.015777594986143     0.026495599773243
46 9
     0.001621786281179    -0.002247664934492     0.002783325144873
    -0.002523857394810     0.004370177154195    -0.000108615331318
     0.002895793398841     0.000760337049635     0.004848806122449
46 10
    -0.027039602607710    -0.015936990331318    -0.031158359378937
     0.016547219986143     0.030729798185941     0.016317708081381
    -0.031263851442429    -0.015244692712270    -0.029143322845805
46 11
    -0.003076953798186     0.003978388636936    -0.003375420886873
     0.001642390621063    -0.006693761337868     0.003465271573444
    -0.002354901045603     0.003957329113127    -0.001986072845805
46 12
     0.002574282312925     0.001105537446460     0.000125148557571
    -0.001236057791635    -0.000273961734694    -0.001582049855127
     0.001014138636936    -0.001650307791635    -0.001653197845805
46 13
    -0.000276277210884     0.002806708081381     0.000949087049635
     0.005218571176619    -0.007295312925170    -0.005590486363064
     0.001986535462333    -0.003069857394810    -0.001215322845805
46 14
    -0.002751902210884    -0.000082609378937     0.000215277525825
     0.000440198160746    -0.001487261337868     0.000301462049635
     0.000314521573444     0.000139815224238    -0.000980090702948
46 15
     0.002505538265306    -0.002318289934492    -0.002850859378937
    -0.002007982394810     0.004490554138322    -0.000232049855127
    -0.002915986363064    -0.000396442712270     0.004931401360544
46 16
    -0.000580374433107     0.001468737843285    -0.000721422871000
     0.001100013636936    -0.001738755385488     0.000416900541698
     0.001120662446460     0.001039751732174     0.002350371598639
46 17
     0.001648161281179    -0.001289809775762     0.001162469986143
    -0.001209744299572     0.001824950963719     0.001335267605190
     0.001083555303603     0.001205454113127     0.001530282312925
46 18
    -0.001015727607710     0.000803755700428    -0.000882480410683
    -0.001065764140842     0.001932821995465     0.000960737843285
    -0.000844992315445    -0.000328722474175    -0.000786346655329
46 19
    -0.003355828798186     0.002926069192492    -0.004023851442429
     0.002467686255984    -0.002842178004535     0.006160759668682
    -0.003979321680524     0.004183216017889    -0.006209781179138
46 20
     0.003027347789116    -0.000502482394810     0.001508400541698
    -0.000222391124969    -0.001065695861678    -0.001121254220207
    -0.000708389140842    -0.001257218505921    -0.000359156179138
46 21
    -0.002522961734694     0.003839005700428     0.003739969986143
     0.003954350938524    -0.001905453798186    -0.003500762156715
     0.004205055303603    -0.004579980410683    -0.006064340702948
46 22
    -0.000915967687075     0.000096388636936     0.000319547367095
    -0.000017274061476    -0.000817553004535     0.000105372763920
     0.000247979906778     0.000068894589317    -0.001201356575964
46 23
     0.000649597789116    -0.001116547871000    -0.001091031997984
    -0.001324002236080     0.000435946995465    -0.002674801839254
    -0.000920641124969    -0.001433666918619     0.000708792233560
46 24
    -0.030438995464853    -0.030790147077349    -0.016967262156715
    -0.029167440728143    -0.030535158163265    -0.016674700648778
     0.016892596970270     0.017255743795666     0.031353571995465
46 25
    -0.002217985544218    -0.004444839537667     0.004014545382968
    -0.004879643109095    -0.001420245464853     0.004089491811539
     0.005419019589317     0.004806686255984    -0.006051140306122
46 26
    -0.000340640306122    -0.001041938744016     0.001437446176619
     0.000521825144873     0.002668292233560     0.000565954113127
     0.001951237843285    -0.000560851442429    -0.000621727607710
46 27
     0.000918060090703     0.001104787446460    -0.001730827632905
     0.000607644589317     0.000057202947846     0.000813275541698
    -0.001143317712270     0.001136469986143     0.000329683106576
46 28
     0.003593534297052     0.001227620779793     0.001002491811539
     0.000316233875031    -0.000915594671202     0.002450061255984
    -0.000590740331318     0.001875591017889    -0.000960860544218
46 29
     0.001409889455782     0.001705452129000     0.001167343002016
     0.001561727922651     0.001277734693878    -0.001367222474175
     0.001218640621063    -0.001506129220207     0.001195871598639
46 30
    -0.001346215702948    -0.001206643109095    -0.000406619299572
     0.000112221970270    -0.001346215702948     0.000142521573444
     0.000142521573444    -0.000406619299572     0.009924885487528
46 31
    -0.002444485544218    -0.002996416918619    -0.003995787950365
    -0.003551897077349    -0.002000608560091    -0.004591698664651
    -0.004124109378937    -0.005232278029730    -0.006495285147392
46 32
    -0.001070271258503     0.001682956097254     0.001097841017889
     0.001889295382968     0.000210016439909     0.001214511652809
    -0.000239541918619    -0.000993668902746     0.002951621598639
46 33
     0.005092310090703    -0.000921301839254     0.002953208081381
     0.000436497763920     0.004238927154195     0.002280154509952
     0.002893035462333     0.001995223954397     0.001481907312925
46 34
    -0.028201836734694     0.016346676335349    -0.031907188744016
    -0.015046674855127     0.032523363662132    -0.015906164934492
    -0.031876637156715     0.016913779509952    -0.027029781179138
46 35
    -0.194148469671202     0.040094418398841    -0.040661196680524
     0.039286063240111    -0.194075945861678     0.043528154509952
    -0.045514399061476     0.044832348954397    -0.196491590702948
46 36
     0.026967306122449    -0.015429821680524    -0.016296696680524
     0.017382813240111    -0.028602586734694    -0.032257420886873
     0.017589358875031    -0.035096948664651    -0.032237971655329
46 37
    -0.157117068877551     0.047672253716301     0.008831325144873
     0.025039001732174    -0.175657437925170    -0.025355416918619
     0.009280047367095    -0.048469153029730    -0.156114656179138
46 38
    -0.001585693877551     0.000083668398841     0.000177813240111
    -0.000235678823381    -0.002380326814059    -0.000153393109095
    -0.000287649061476    -0.000005226442429    -0.003788606575964
46 39
     0.002488306122449     0.000690315224238    -0.003482236363064
    -0.001249990331318     0.005116488662132    -0.002495097474175
    -0.003194335569413    -0.001090222474175     0.002223042233560
46 40
    -0.031429424036281    -0.033458373267826     0.019233739827412
    -0.033373589537667    -0.029803604591837     0.017872797367095
    -0.016884549855127    -0.016653359378937     0.029473946995465
46 41
    -0.194869136337868    -0.052539075648778     0.037199057287730
    -0.052362281997984    -0.204870344671202     0.051658729906778
     0.038507267605190     0.050699688240111    -0.191945640306122
46 42
    -0.032988610544218    -0.013667448664651     0.038086126732174
     0.014215178319476     0.031231175170068    -0.013667448664651
     0.037225047367095     0.014215178319476    -0.032988610544218
46 43
     0.004425093820862     0.000818920382968    -0.003301781997984
     0.000500009668682     0.004091155328798     0.002330027525825
    -0.003079797871000     0.002486309271857     0.002120871598639
46 44
     0.031657776360544     0.017392267605190    -0.016382480410683
    -0.017995881204334    -0.030276374433107     0.032062380700428
     0.015786854906778     0.032529656494079    -0.032983602607710
46 45
     0.003904312074830     0.000032962049635     0.002021216017889
     0.000743344986143     0.004355075963719    -0.001664768109095
     0.002672301335349    -0.002376024061476     0.000484433106576
46 46
     0.862298143424036     0.028932164430587     0.016631962049635
     0.028932164430587     0.874218925170067    -0.028228684775762
     0.016631962049635    -0.028228684775762     0.872044885487528
46 47
    -0.199174749433107    -0.045984829617032    -0.047074008188461
    -0.044571734378937    -0.196066594671202    -0.041364728426556
    -0.041221071680524    -0.041761815728143    -0.196349910147392
46 48
    -0.001231549036281    -0.001933520093222    -0.000689363347191
    -0.002636712553540    -0.000982908163265    -0.000322053823381
     0.000707073160746    -0.001328508188461     0.002910125566893
46 49
    -0.005501511337868    -0.005149827632905     0.005054934271857
    -0.004568270093222    -0.002073995464853     0.004331118795666
     0.004209005700428     0.004708924351222    -0.001985989512472
46 50
    -0.000960860544218     0.001002491811539     0.002450061255984
    -0.000590740331318     0.003593534297052     0.000316233875031
     0.001875591017889     0.001227620779793    -0.000915594671202
46 51
     0.004433468820862     0.002105708081381    -0.000196319696397
     0.002198039430587     0.001564891439909     0.002453739827412
     0.000135297367095     0.002631096970270     0.003662510487528
46 52
     0.031430393424036    -0.016688422871000     0.016832549351222
     0.016832549351222    -0.030824594671202     0.030138495779793
    -0.016688422871000     0.030163884668682    -0.030824594671202
46 53
     0.004465125566893     0.002096731890905     0.001051305303603
     0.002101515621063     0.001958109693878    -0.001934010172588
     0.001246428319476    -0.002150658982111     0.004174635487528
46 54
     0.009892776360544     0.000054884668682     0.000400652525825
    -0.000106182791635    -0.003127082766440    -0.001281037950365
    -0.000856468505921    -0.000783799855127    -0.003372894274376
46 55
    -0.007210562925170    -0.004086543902746    -0.003573028029730
    -0.004887736363064    -0.002406922052154    -0.002264343505921
    -0.004565492315445    -0.003316198664651    -0.003793318877551
46 56
    -0.028994896258503     0.032239035462333    -0.016377829617032
     0.031656718002016    -0.028337505385488     0.016292979906778
     0.017136505700428    -0.016371200648778     0.030676849773243
46 57
     0.004677601757370    -0.003039631204334     0.001039253716301
    -0.002713198664651     0.002368617630385     0.002596563240111
     0.000785589033762     0.003106007684555     0.004788722789116
46 58
    -0.000449360544218    -0.000613129220207    -0.001174494299572
     0.000910065224238     0.003134724773243    -0.000885627236080
    -0.001211022077349     0.000854442208365    -0.000429920068027
46 59
    -0.006489880385488     0.004983680303603    -0.004624434775762
     0.004522632684555    -0.001947291099773     0.003709868795666
    -0.003895954617032     0.003026688240111    -0.002209435941043
46 60
     0.031121833900227     0.017227382684555     0.017772563240111
    -0.016758071680524    -0.029454219671202    -0.032468309775762
    -0.017037101442429    -0.033004728426556    -0.030534670068027
46 61
    -0.006460931972789     0.004458325144873     0.004296684271857
     0.003679862843285    -0.002419489512472    -0.003926250251953
     0.003914019589317    -0.003958785966238    -0.002903185941043
46 62
    -0.001452041099773     0.000075553319476     0.000179017605190
    -0.000005014140842    -0.001147275226757     0.000172577129000
     0.000249591017889    -0.000133740331318    -0.001811114512472
46 63
     0.003727943027211    -0.002644075648778     0.000125835065508
    -0.002205393109095     0.001691333900227    -0.002382105410683
    -0.000675224458302    -0.002233430807508     0.003862240646259
47 1
    -0.005853441893424    -0.007658204617032     0.008125420382968
    -0.005807992315445    -0.002684303004535     0.005273132684555
     0.004770694192492     0.003891789430587    -0.003785473639456
47 2
     0.001329198979592    -0.002160156997984    -0.004197406997984
    -0.001914964537667     0.001595369614512     0.004152392605190
    -0.000865528029730     0.001111424351222     0.002027323979592
47 3
    -0.027280943877551    -0.013933315728143     0.033862434271857
     0.017996364827412     0.029080343820862    -0.015686716521794
     0.029537801335349     0.011804440224238    -0.031967201814059
47 4
     0.000844230725624     0.000704198160746     0.000601680303603
     0.001211430303603     0.000875587868481    -0.000342819696397
     0.000526204113127    -0.000665057791635     0.000482323979592
47 5
     0.002703454931973     0.001619902525825     0.000182321176619
    -0.000565728426556    -0.001055054988662     0.001291771573444
    -0.000951280013857     0.001507271573444    -0.000978701814059
47 6
    -0.002519519274376    -0.005301569696397    -0.004309426839254
    -0.002670982394810    -0.007066130385488    -0.004237089537667
    -0.003662758188461    -0.003962412950365    -0.004282457766440
47 7
    -0.001785920068027    -0.000144928823381     0.000455777525825
    -0.002058341521794     0.007777593820862    -0.000807010172588
    -0.000549166918619     0.000149678319476    -0.000997100623583
47 8
     0.004663857709751    -0.002822706601159     0.000718714033762
    -0.002452869299572     0.001188371598639     0.003247801335349
     0.000328331097254     0.002946676335349     0.004201304138322
47 9
    -0.028963481575964     0.032551561255984    -0.017484583585286
     0.032227398557571    -0.028819092687075     0.016907628716301
     0.016792698160746    -0.016959331601159     0.030284635487528
47 10
    -0.190560620464853     0.032998985859158    -0.033298018109095
     0.033712225938524    -0.189911721655329     0.035559702129000
    -0.033266321680524     0.034767638636936    -0.185678868480726
47 11
    -0.029228346655329     0.017934239827412    -0.031152829617032
    -0.016182978426556     0.029816843820862    -0.015504984378937
    -0.031044246283699     0.018243910462333    -0.028527743480726
47 12
    -0.003358985544218     0.005030888636936     0.004590739827412
     0.004691448160746    -0.003209731575964    -0.004276930807508
     0.004573418398841    -0.004266226442429    -0.006887243480726
47 13
     0.001714579931973    -0.000330565728143     0.001064303319476
     0.000823577129000    -0.000714707766440    -0.001493117315445
    -0.000114934775762    -0.001842276045603    -0.001927743480726
47 14
     0.001795704931973    -0.002396633188461    -0.003036631204334
    -0.002694545886873     0.004939343820862    -0.000304418902746
    -0.002561073664651    -0.000008978426556     0.004531988662132
47 15
    -0.000602354591837     0.000102686255984    -0.000025268109095
     0.000106273557571    -0.000989340702948     0.000398194192492
    -0.000067206601159     0.000134013636936    -0.000883269274376
47 16
     0.004177482709751    -0.000280535966238     0.001865418398841
    -0.000195980410683     0.004161724773243     0.002999894589317
     0.001955442208365     0.002672833081381     0.001254825963719
47 17
    -0.000325481575964     0.001666291414714     0.000518311255984
     0.001309761652809    -0.000350568877551     0.000911636652809
    -0.000854414934492    -0.000422089537667     0.003001861678005
47 18
    -0.007133620464853     0.004033606890905    -0.004326514140842
     0.004735866811539    -0.002553822845805     0.003693106890905
    -0.004650837553540     0.004075483875031    -0.003122517290249
47 19
    -0.001414471655329    -0.000673079617032    -0.001232760172588
     0.000851567208365     0.001942927154195    -0.000047996283699
    -0.001086166918619     0.001229047367095    -0.001624826814059
47 20
    -0.001985545068027     0.004513243795666     0.003912491811539
     0.004562864827412    -0.005502965702948    -0.004057260172588
     0.003490015621063    -0.003782012156715    -0.002606076814059
47 21
     0.003289020408163     0.000731731890905    -0.000900063744016
    -0.000623768109095    -0.000413223639456    -0.000967518109095
     0.000561960065508    -0.001081524061476    -0.000350011337868
47 22
     0.000502514455782    -0.001008010172588    -0.001171986363064
    -0.000881768109095     0.000468802154195    -0.001071883188461
    -0.001155740331318    -0.001090899061476     0.000433472789116
47 23
    -0.001120920068027     0.000545553319476     0.000300059271857
     0.000532753716301    -0.001218447845805    -0.000315057791635
    -0.000249861363064     0.000417664430587    -0.001274878401361
47 24
    -0.189781638321995    -0.039955295886873     0.034024829113127
    -0.038093309775762    -0.191598428004535     0.034971418398841
     0.032222376732174     0.038215450144873    -0.189241348639456
47 25
    -0.027979753401361    -0.031459238347191     0.017226511652809
    -0.030929137156715    -0.028772265306122     0.016497735859158
    -0.016788825648778    -0.016313232394810     0.030861439058957
47 26
     0.003641216836735     0.002223162446460    -0.001051337553540
     0.002210831097254     0.001486397392290     0.003078073160746
    -0.000517982394810     0.002464729906778     0.003532976757370
47 27
    -0.001839207766440     0.001418513636936     0.002299013636936
    -0.000209474458302     0.001480308106576    -0.001007480410683
     0.001443462049635     0.000692551335349    -0.001647487528345
47 28
     0.001564891439909     0.002631096970270     0.002105708081381
     0.002453739827412     0.003662510487528    -0.000196319696397
     0.002198039430587     0.000135297367095     0.004433468820862
47 29
     0.002724996598639    -0.000192571680524    -0.000703190728143
     0.001282608875031    -0.000890785147392     0.001376521573444
     0.000619045382968     0.001431077129000    -0.000911549036281
47 30
    -0.002000608560091    -0.002996416918619    -0.005232278029730
    -0.003551897077349    -0.002444485544218    -0.004124109378937
    -0.004591698664651    -0.003995787950365    -0.006495285147392
47 31
    -0.001530128401361    -0.000083440728143     0.000105803319476
    -0.000165266124969    -0.001530128401361     0.000336670382968
     0.000336670382968     0.000105803319476     0.008680544217687
47 32
     0.000930210884354    -0.000808817712270     0.001312432287730
    -0.000872573664651     0.001040121598639     0.001121880700428
     0.001339112843285     0.001171287446460     0.000949450963719
47 33
    -0.000235457766440     0.001476549351222    -0.000802825648778
     0.001572753716301    -0.000326842687075    -0.000369976442429
     0.000709065224238     0.001072305303603     0.002981486678005
47 34
    -0.001902229591837     0.004814027525825    -0.003496097474175
     0.004428581097254    -0.006286031179138     0.004596454113127
    -0.003861357394810     0.004708360859158    -0.002060451814059
47 35
    -0.027740987528345    -0.016563480410683    -0.031673855410683
     0.017371069192492     0.030064159297052     0.017387773557571
    -0.030851744299572    -0.016450569696397    -0.028336886337868
47 36
    -0.006863586734694     0.004932404509952     0.004835394589317
     0.004073194192492    -0.002967731575964    -0.003498301839254
     0.003949263636936    -0.003285617315445    -0.003389267290249
47 37
     0.029132788265306     0.017976979906778     0.015830041414714
    -0.013690617315445    -0.027591582766440    -0.033441047871000
    -0.010972547871000    -0.028735696680524    -0.032420201814059
47 38
     0.004002413265306    -0.000132855410683    -0.002366220490048
    -0.000803547871000     0.003435528344671    -0.001147274061476
    -0.001991744299572    -0.002200895093222     0.000663222789116
47 39
    -0.001776086734694    -0.000247458585286    -0.000446145093222
    -0.000211609378937    -0.001670656179138     0.000261896573444
     0.000037694192492     0.000133358875031    -0.001799003401361
47 40
    -0.003054566893424    -0.004263772077349     0.003794581097254
    -0.003392083585286    -0.002677749433107     0.005245791414714
     0.003248604906778     0.004105471970270    -0.007401973639456
47 41
    -0.028676779195011    -0.030298849458302    -0.017100476442429
    -0.031954776045603    -0.028703114512472    -0.017193151045603
     0.017335422367095     0.018106144589317     0.030006189058957
47 42
     0.002120871598639     0.002330027525825    -0.003301781997984
     0.002486309271857     0.004091155328798     0.000818920382968
    -0.003079797871000     0.000500009668682     0.004425093820862
47 43
    -0.029610299036281     0.018135646573444     0.032160809271857
    -0.017003234378937     0.030124135487528     0.018135646573444
     0.032850606890905    -0.017003234378937    -0.029610299036281
47 44
     0.003682383503401     0.001903868795666     0.000058235859158
     0.002129999748047     0.001178605725624    -0.002785125251953
     0.000165134668682    -0.002018387156715     0.004085101757370
47 45
     0.030402544217687    -0.011406811759889     0.011599182287730
     0.018930100938524    -0.027785818877551     0.028040975938524
    -0.018344543902746     0.027947682287730    -0.026280487528345
47 46
    -0.199174749433107    -0.044571734378937    -0.041221071680524
    -0.045984829617032    -0.196066594671202    -0.041761815728143
    -0.047074008188461    -0.041364728426556    -0.196349910147392
47 47
     0.890761357709751    -0.009484978426556    -0.000953041918619
    -0.009484978426556     0.891131885487528     0.010435140621063
    -0.000953041918619     0.010435140621063     0.894523794217686
47 48
    -0.003723941893424    -0.004820543902746     0.003330727922651
    -0.004129206601159    -0.006633928004535     0.003840690224238
     0.003895852922651     0.004812948160746    -0.002871045068027
47 49
    -0.000523404195011    -0.001639226442429     0.000691650541698
    -0.001396764140842    -0.000575390306122    -0.000550762156715
    -0.000873714537667     0.000937630700428     0.002722339852608
47 50
     0.001195871598639     0.001167343002016    -0.001367222474175
     0.001218640621063     0.001409889455782     0.001561727922651
    -0.001506129220207     0.001705452129000     0.001277734693878
47 51
    -0.000911549036281    -0.000703190728143     0.001376521573444
     0.000619045382968     0.002724996598639     0.001282608875031
     0.001431077129000    -0.000192571680524    -0.000890785147392
47 52
     0.004465125566893     0.001246428319476     0.002101515621063
     0.001051305303603     0.004174635487528    -0.001934010172588
     0.002096731890905    -0.002150658982111     0.001958109693878
47 53
     0.028962857709751     0.016773833081381    -0.016434478426556
    -0.016434478426556    -0.027968910147392     0.031016983875031
     0.016773833081381     0.030236797367095    -0.027968910147392
47 54
    -0.007500491496599    -0.004825139140842    -0.004283381204334
    -0.004815176839254    -0.003798977607710    -0.003551918902746
    -0.004827313744016    -0.003609343505921    -0.002802564909297
47 55
     0.009667419217687    -0.000977317712270    -0.001003061759889
     0.000093019589317    -0.001474316893424    -0.001030349458302
    -0.000045337553540    -0.000536367315445    -0.000305989512472
47 56
     0.001930710884354    -0.002644363347191     0.002289011652809
    -0.002274776045603     0.004642724773243     0.000692348954397
     0.002296035462333     0.000759505700428     0.004642429138322
47 57
    -0.027693666099773     0.031379969986143     0.016521469986143
     0.031290557287730    -0.027911527210884    -0.016187192712270
    -0.017380006204334     0.017452714033762     0.030163677154195
47 58
    -0.002464628401361     0.003612971970270    -0.004612528029730
     0.003649946176619    -0.002152795068027     0.004778366811539
    -0.004436117315445     0.004579898557571    -0.006220965702948
47 59
    -0.000742773242630     0.000901906494079    -0.001416718505921
    -0.000503486363064     0.002776189058957     0.001102237843285
    -0.001470299855127    -0.000285230410683    -0.000803856575964
47 60
    -0.202457058956916     0.048743233875031     0.048839029509952
     0.048797934271857    -0.201765239512472    -0.049232315728143
     0.047991428319476    -0.048599522077349    -0.202590590702948
47 61
     0.030919550170068    -0.017190573664651    -0.017463099458302
     0.017887493795666    -0.029624009353741    -0.032065006204334
     0.017642674351222    -0.032083454617032    -0.029385981575964
47 62
     0.004568316043084    -0.002228345490048    -0.000505516124969
    -0.002514883188461     0.001503704931973    -0.002088553823381
    -0.000409754220207    -0.001906908982111     0.004196089852608
47 63
    -0.001376324829932     0.000103275541698    -0.000130323664651
     0.000157362843285    -0.001067435941043     0.000262388636936
    -0.000063194696397     0.000151525541698    -0.001641929988662
48 1
    -0.005999866496599    -0.001699432791635    -0.000158684775762
    -0.001699432791635    -0.005999866496599    -0.000158684775762
     0.004458589033762     0.004458589033762    -0.001571187925170
48 2
     0.002527774376417    -0.000733135172588    -0.001201262156715
     0.001006844986143    -0.002312318877551    -0.003053549855127
     0.002804366811539    -0.004990401045603    -0.000013890306122
48 3
    -0.002736993480726     0.004484706097254     0.003044454113127
     0.002768299351222    -0.005310594671202    -0.003195283982111
     0.000057446176619    -0.005807010172588    -0.002001291099773
48 4
    -0.002312318877551     0.001006844986143    -0.003053549855127
    -0.000733135172588     0.002527774376417    -0.001201262156715
    -0.004990401045603     0.002804366811539    -0.000013890306122
48 5
    -0.005310594671202     0.002768299351222    -0.003195283982111
     0.004484706097254    -0.002736993480726     0.003044454113127
    -0.005807010172588     0.000057446176619    -0.002001291099773
48 6
    -0.038299443877551    -0.048551297871000    -0.008872781997984
    -0.048551297871000    -0.038299443877551    -0.008872781997984
    -0.015375113347191    -0.015375113347191     0.019145827947846
48 7
    -0.171318219671202    -0.024707156997984     0.054254422367095
    -0.024707156997984    -0.171318219671202     0.054254422367095
     0.032477477922651     0.032477477922651    -0.182329564909297
48 8
    -0.000985191893424    -0.000463309775762    -0.000087266124969
    -0.000463309775762    -0.000985191893424    -0.000087266124969
    -0.000376774061476    -0.000376774061476    -0.000978535147392
48 9
     0.001083343820862    -0.001350416918619    -0.001481688744016
    -0.001350416918619     0.001083343820862    -0.001481688744016
    -0.001213656997984    -0.001213656997984     0.000766296201814
48 10
     0.002330454931973    -0.001127367315445    -0.001019748267826
     0.000993035462333    -0.001188535147392     0.001249884668682
    -0.000438926839254     0.000817188240111    -0.002234207766440
48 11
     0.001796728741497     0.002332011652809     0.000927440224238
     0.003183456097254     0.001587780328798     0.000761948160746
     0.001501023557571    -0.001929539934492     0.004192542233560
48 12
    -0.001188535147392     0.000993035462333     0.001249884668682
    -0.001127367315445     0.002330454931973    -0.001019748267826
     0.000817188240111    -0.000438926839254    -0.002234207766440
48 13
     0.001587780328798     0.003183456097254     0.000761948160746
     0.002332011652809     0.001796728741497     0.000927440224238
    -0.001929539934492     0.001501023557571     0.004192542233560
48 14
    -0.000490594671202     0.000719888636936     0.000398138636936
     0.000719888636936    -0.000490594671202     0.000398138636936
    -0.000873178823381    -0.000873178823381     0.002280149376417
48 15
     0.004506470804989    -0.001236541918619     0.002199876732174
    -0.001236541918619     0.004506470804989     0.002199876732174
     0.001978438240111     0.001978438240111     0.001926516439909
48 16
    -0.003471691893424    -0.000094389140842     0.000163938240111
    -0.000343670886873    -0.001586213718821     0.000127827129000
    -0.000046037950365    -0.000527367315445    -0.001719513321995
48 17
     0.001242468820862    -0.003079311759889    -0.002233043902746
    -0.003088928823381     0.004505367630385    -0.000973680807508
    -0.002892145093222     0.000331585065508     0.004055897392290
48 18
     0.002270329931973     0.000441003716301     0.000656255700428
    -0.001098698664651    -0.001986636337868     0.001026414430587
    -0.000548442712270     0.001458658478206    -0.000557481575964
48 19
     0.000770853741497     0.000425192208365     0.001415634668682
     0.000822001732174    -0.000145136337868    -0.000796188744016
     0.003282477922651    -0.001422153029730     0.000649083900227
48 20
    -0.030785094671202    -0.017310234378937     0.034356386652809
     0.016942924351222     0.027140720804989    -0.016270702632905
     0.032870785462333     0.017318912446460    -0.029249416099773
48 21
     0.003799845804989    -0.000313121283699    -0.002984668902746
     0.000237541414714     0.004632587868481     0.002225414430587
    -0.002662395093222     0.002306025541698     0.001549649376417
48 22
    -0.027864410147392     0.030674386652809    -0.015381091521794
     0.030057791414714    -0.028046136337868     0.015804549351222
     0.016229279509952    -0.014822474458302     0.030555633503401
48 23
     0.003658655328798    -0.002823174855127     0.000270454113127
    -0.002020061759889     0.000657863662132     0.001253624748047
     0.000384033478206     0.001682589033762     0.004841407312925
48 24
    -0.001737687925170     0.001235350938524    -0.000772901045603
     0.000915874748047     0.009357758503401     0.001235350938524
     0.000750146573444     0.000915874748047    -0.001737687925170
48 25
    -0.002760053004535    -0.005850966521794    -0.004225843505921
    -0.005636577632905    -0.006691078798186    -0.005044831601159
    -0.005053680807508    -0.004792182791635    -0.001590775226757
48 26
     0.002329542233560    -0.000911190728143     0.000704432287730
     0.000907515621063    -0.000971791099773    -0.002120619299572
    -0.000036337553540    -0.002248095490048    -0.000514987528345
48 27
    -0.001240257369615     0.001344660462333     0.003779658478206
     0.001852835065508    -0.003313880385488    -0.004927547871000
     0.002213231890905    -0.002912899061476    -0.007607201814059
48 28
    -0.030535158163265     0.017255743795666    -0.030790147077349
    -0.016674700648778     0.031353571995465    -0.016967262156715
    -0.029167440728143     0.016892596970270    -0.030438995464853
48 29
    -0.191598428004535     0.038215450144873    -0.039955295886873
     0.034971418398841    -0.189241348639456     0.034024829113127
    -0.038093309775762     0.032222376732174    -0.189781638321995
48 30
    -0.000982908163265    -0.001933520093222    -0.001328508188461
    -0.002636712553540    -0.001231549036281     0.000707073160746
    -0.000322053823381    -0.000689363347191     0.002910125566893
48 31
    -0.006633928004535    -0.004820543902746     0.004812948160746
    -0.004129206601159    -0.003723941893424     0.003895852922651
     0.003840690224238     0.003330727922651    -0.002871045068027
48 32
    -0.001586213718821    -0.000343670886873     0.000127827129000
    -0.000094389140842    -0.003471691893424     0.000163938240111
    -0.000527367315445    -0.000046037950365    -0.001719513321995
48 33
     0.004505367630385    -0.003088928823381    -0.000973680807508
    -0.003079311759889     0.001242468820862    -0.002233043902746
     0.000331585065508    -0.002892145093222     0.004055897392290
48 34
     0.027140720804989     0.016942924351222    -0.016270702632905
    -0.017310234378937    -0.030785094671202     0.034356386652809
     0.017318912446460     0.032870785462333    -0.029249416099773
48 35
     0.004632587868481     0.000237541414714     0.002225414430587
    -0.000313121283699     0.003799845804989    -0.002984668902746
     0.002306025541698    -0.002662395093222     0.001549649376417
48 36
    -0.001986636337868    -0.001098698664651     0.001026414430587
     0.000441003716301     0.002270329931973     0.000656255700428
     0.001458658478206    -0.000548442712270    -0.000557481575964
48 37
    -0.000145136337868     0.000822001732174    -0.000796188744016
     0.000425192208365     0.000770853741497     0.001415634668682
    -0.001422153029730     0.003282477922651     0.000649083900227
48 38
    -0.028046136337868     0.030057791414714     0.015804549351222
     0.030674386652809    -0.027864410147392    -0.015381091521794
    -0.014822474458302     0.016229279509952     0.030555633503401
48 39
     0.000657863662132    -0.002020061759889     0.001253624748047
    -0.002823174855127     0.003658655328798     0.000270454113127
     0.001682589033762     0.000384033478206     0.004841407312925
48 40
     0.009357758503401     0.000915874748047     0.001235350938524
     0.001235350938524    -0.001737687925170    -0.000772901045603
     0.000915874748047     0.000750146573444    -0.001737687925170
48 41
    -0.006691078798186    -0.005636577632905    -0.005044831601159
    -0.005850966521794    -0.002760053004535    -0.004225843505921
    -0.004792182791635    -0.005053680807508    -0.001590775226757
48 42
     0.031353571995465    -0.016674700648778    -0.016967262156715
     0.017255743795666    -0.030535158163265    -0.030790147077349
     0.016892596970270    -0.029167440728143    -0.030438995464853
48 43
    -0.189241348639456     0.034971418398841     0.034024829113127
     0.038215450144873    -0.191598428004535    -0.039955295886873
     0.032222376732174    -0.038093309775762    -0.189781638321995
48 44
    -0.000971791099773     0.000907515621063    -0.002120619299572
    -0.000911190728143     0.002329542233560     0.000704432287730
    -0.002248095490048    -0.000036337553540    -0.000514987528345
48 45
    -0.003313880385488     0.001852835065508    -0.004927547871000
     0.001344660462333    -0.001240257369615     0.003779658478206
    -0.002912899061476     0.002213231890905    -0.007607201814059
48 46
    -0.001231549036281    -0.002636712553540     0.000707073160746
    -0.001933520093222    -0.000982908163265    -0.001328508188461
    -0.000689363347191    -0.000322053823381     0.002910125566893
48 47
    -0.003723941893424    -0.004129206601159     0.003895852922651
    -0.004820543902746    -0.006633928004535     0.004812948160746
     0.003330727922651     0.003840690224238    -0.002871045068027
48 48
     0.900621008503401     0.037942602922650     0.033664622763920
     0.037942602922650     0.900621008503402     0.033664622763920
     0.033664622763920     0.033664622763920     0.899034865646259
48 49
    -0.205767328798186    -0.051328954617032    -0.057369079617032
    -0.051328954617032    -0.205767328798186    -0.057369079617032
    -0.057911694696397    -0.057911694696397    -0.210878874433107
48 50
     0.029473946995465     0.019233739827412     0.017872797367095
    -0.016884549855127    -0.031429424036281    -0.033373589537667
    -0.016653359378937    -0.033458373267826    -0.029803604591837
48 51
    -0.007401973639456     0.003794581097254     0.005245791414714
     0.003248604906778    -0.003054566893424    -0.003392083585286
     0.004105471970270    -0.004263772077349    -0.002677749433107
48 52
    -0.031429424036281    -0.016884549855127    -0.033373589537667
     0.019233739827412     0.029473946995465     0.017872797367095
    -0.033458373267826    -0.016653359378937    -0.029803604591837
48 53
    -0.003054566893424     0.003248604906778    -0.003392083585286
     0.003794581097254    -0.007401973639456     0.005245791414714
    -0.004263772077349     0.004105471970270    -0.002677749433107
48 54
    -0.032829666099773    -0.037343492315445    -0.016582361363064
    -0.037343492315445    -0.032829666099773    -0.016582361363064
     0.017442081097254     0.017442081097254     0.032387970804989
48 55
    -0.001062880385488    -0.001808545886873     0.004788458081381
    -0.001808545886873    -0.001062880385488     0.004788458081381
     0.001839057287730     0.001839057287730    -0.004659828798186
48 56
    -0.001720713718821    -0.000326716521794     0.000107281494079
    -0.000326716521794    -0.001720713718821     0.000107281494079
    -0.000060819696397    -0.000060819696397    -0.001447785147392
48 57
     0.004388784297052    -0.001145133188461    -0.002826135172588
    -0.001145133188461     0.004388784297052    -0.002826135172588
    -0.002828486363064    -0.002828486363064     0.001718337868481
48 58
     0.030035696995465    -0.016620381204334     0.016448116811539
     0.017002755700428    -0.029389358560091     0.031913174351222
    -0.016392347474175     0.031717573160746    -0.028808679988662
48 59
     0.003925052154195     0.003070053319476     0.000197551335349
     0.002387573160746     0.001739625566893    -0.002546329617032
     0.000183344986143    -0.002574555807508     0.003483554138322
48 60
    -0.029389358560091     0.017002755700428     0.031913174351222
    -0.016620381204334     0.030035696995465     0.016448116811539
     0.031717573160746    -0.016392347474175    -0.028808679988662
48 61
     0.001739625566893     0.002387573160746    -0.002546329617032
     0.003070053319476     0.003925052154195     0.000197551335349
    -0.002574555807508     0.000183344986143     0.003483554138322
48 62
    -0.000747608560091     0.001067176335349    -0.000726121283699
     0.001067176335349    -0.000747608560091    -0.000726121283699
     0.001036015621063     0.001036015621063     0.002725375566893
48 63
     0.000856375566893    -0.001443577632905     0.001123696176619
    -0.001443577632905     0.000856375566893     0.001123696176619
     0.001271700144873     0.001271700144873     0.000620980725624
49 1
    -0.006070453798186    -0.009714240331318    -0.001219502236080
    -0.009714240331318    -0.006070453798186    -0.001219502236080
    -0.012302988347191    -0.012302988347191     0.007152071995465
49 2
    -0.002202312925170     0.005068182287730     0.002188795382968
     0.004736412446460    -0.005968531179138    -0.002309492315445
     0.004629664430587    -0.004289978426556    -0.000083755385488
49 3
     0.000394669217687     0.000259898557571     0.001514261652809
     0.001256491811539    -0.001499306972789    -0.001750601442429
    -0.000343131204334    -0.001034212553540    -0.000919781179138
49 4
    -0.005968531179138     0.004736412446460    -0.002309492315445
     0.005068182287730    -0.002202312925170     0.002188795382968
    -0.004289978426556     0.004629664430587    -0.000083755385488
49 5
    -0.001499306972789     0.001256491811539    -0.001750601442429
     0.000259898557571     0.000394669217687     0.001514261652809
    -0.001034212553540    -0.000343131204334    -0.000919781179138
49 6
    -0.005944656179138    -0.005166230410683     0.001992775541698
    -0.005166230410683    -0.005944656179138     0.001992775541698
     0.003969559271857     0.003969559271857     0.003090337868481
49 7
    -0.028489931972789    -0.033313839537667    -0.017146770093222
    -0.033313839537667    -0.028489931972789    -0.017146770093222
     0.016396150541698     0.016396150541698     0.026105820011338
49 8
     0.001527845804989    -0.001739992315445    -0.001359458585286
    -0.001739992315445     0.001527845804989    -0.001359458585286
    -0.001149726442429    -0.001149726442429     0.002291099773243
49 9
     0.000712506519274     0.000151025541698    -0.000097881204334
     0.000151025541698     0.000712506519274    -0.000097881204334
    -0.000021609378937    -0.000021609378937     0.000133181122449
49 10
     0.001312242630385     0.001401575144873     0.001495809271857
     0.001712352922651     0.001148252551020    -0.001417807791635
     0.001646745779793    -0.001325264140842     0.002137927154195
49 11
     0.002589266439909     0.000413829113127     0.001097747763920
    -0.000873726442429    -0.001918931972789     0.002093630700428
    -0.000154678823381     0.000979757684555    -0.000670947845805
49 12
     0.001148252551020     0.001712352922651    -0.001417807791635
     0.001401575144873     0.001312242630385     0.001495809271857
    -0.001325264140842     0.001646745779793     0.002137927154195
49 13
    -0.001918931972789    -0.000873726442429     0.002093630700428
     0.000413829113127     0.002589266439909     0.001097747763920
     0.000979757684555    -0.000154678823381    -0.000670947845805
49 14
     0.001981943027211    -0.001514168902746     0.001429196176619
    -0.001514168902746     0.001981943027211     0.001429196176619
     0.001381493795666     0.001381493795666     0.002643409297052
49 15
    -0.000070741496599     0.001540150541698    -0.000568690728143
     0.001540150541698    -0.000070741496599    -0.000568690728143
     0.000614485859158     0.000614485859158     0.003481901360544
49 16
     0.002202970804989    -0.002914946680524    -0.002955879220207
    -0.002249353426556     0.004454323979592     0.000031134668682
    -0.002778365331318     0.000028180303603     0.003551746598639
49 17
    -0.001487243480726    -0.000072994299572     0.000143638636936
     0.000108013636936     0.000000280328798     0.000185251732174
     0.000142902525825    -0.000302617315445    -0.000028717687075
49 18
     0.001928117630385     0.003458071176619     0.001993563240111
     0.002507868795666     0.004047151360544    -0.000484403029730
     0.002124854906778    -0.000069418902746     0.003633153344671
49 19
     0.002385766439909     0.000426634668682    -0.000835307791635
     0.001277694192492    -0.001673723639456     0.001636493795666
     0.000981775541698     0.001638019589317    -0.001630656179138
49 20
     0.002752443027211     0.002961083081381    -0.002770805807508
     0.003010741811539     0.005043133503401    -0.000083395093222
    -0.002928166918619     0.000078460065508     0.004271593820862
49 21
    -0.027901366496599     0.017226196176619     0.031175763636936
    -0.015932266124969     0.029930625566893     0.017001346970270
     0.031092527525825    -0.016721551839254    -0.027233340702948
49 22
     0.001693752551020    -0.003192795886873     0.003094716017889
    -0.002359891124969     0.003712776360544     0.000087856890905
     0.002257327129000     0.000124948160746     0.003134018424036
49 23
    -0.030059306972789     0.034294892605190     0.017002136652809
     0.032644505700428    -0.029148098639456    -0.016046442712270
    -0.014173418902746     0.014325136652809     0.026267042233560
49 24
    -0.001590775226757    -0.005044831601159    -0.004225843505921
    -0.004792182791635    -0.006691078798186    -0.005850966521794
    -0.005053680807508    -0.005636577632905    -0.002760053004535
49 25
     0.001790859693878     0.001220850938524    -0.000403285966238
     0.000517239827412     0.009964833900227     0.001220850938524
    -0.000042258188461     0.000517239827412     0.001790859693878
49 26
    -0.001374045068027     0.005349876732174     0.003625114827412
     0.003821583081381    -0.006496628401361    -0.004929061759889
     0.004090585065508    -0.005626047871000    -0.002224852607710
49 27
     0.002541780328798    -0.000656397077349    -0.001628533982111
     0.000428777525825    -0.001840842687075    -0.002384615331318
     0.002969904509952    -0.002335851442429    -0.002169691893424
49 28
    -0.001420245464853     0.004806686255984    -0.004444839537667
     0.004089491811539    -0.006051140306122     0.004014545382968
    -0.004879643109095     0.005419019589317    -0.002217985544218
49 29
    -0.028772265306122    -0.016313232394810    -0.031459238347191
     0.016497735859158     0.030861439058957     0.017226511652809
    -0.030929137156715    -0.016788825648778    -0.027979753401361
49 30
    -0.002073995464853    -0.005149827632905     0.004708924351222
    -0.004568270093222    -0.005501511337868     0.004209005700428
     0.004331118795666     0.005054934271857    -0.001985989512472
49 31
    -0.000575390306122    -0.001639226442429     0.000937630700428
    -0.001396764140842    -0.000523404195011    -0.000873714537667
    -0.000550762156715     0.000691650541698     0.002722339852608
49 32
     0.004454323979592    -0.002249353426556     0.000031134668682
    -0.002914946680524     0.002202970804989    -0.002955879220207
     0.000028180303603    -0.002778365331318     0.003551746598639
49 33
     0.000000280328798     0.000108013636936     0.000185251732174
    -0.000072994299572    -0.001487243480726     0.000143638636936
    -0.000302617315445     0.000142902525825    -0.000028717687075
49 34
     0.005043133503401     0.003010741811539    -0.000083395093222
     0.002961083081381     0.002752443027211    -0.002770805807508
     0.000078460065508    -0.002928166918619     0.004271593820862
49 35
     0.029930625566893    -0.015932266124969     0.017001346970270
     0.017226196176619    -0.027901366496599     0.031175763636936
    -0.016721551839254     0.031092527525825    -0.027233340702948
49 36
     0.004047151360544     0.002507868795666    -0.000484403029730
     0.003458071176619     0.001928117630385     0.001993563240111
    -0.000069418902746     0.002124854906778     0.003633153344671
49 37
    -0.001673723639456     0.001277694192492     0.001636493795666
     0.000426634668682     0.002385766439909    -0.000835307791635
     0.001638019589317     0.000981775541698    -0.001630656179138
49 38
     0.003712776360544    -0.002359891124969     0.000087856890905
    -0.003192795886873     0.001693752551020     0.003094716017889
     0.000124948160746     0.002257327129000     0.003134018424036
49 39
    -0.029148098639456     0.032644505700428    -0.016046442712270
     0.034294892605190    -0.030059306972789     0.017002136652809
     0.014325136652809    -0.014173418902746     0.026267042233560
49 40
    -0.006691078798186    -0.004792182791635    -0.005850966521794
    -0.005044831601159    -0.001590775226757    -0.004225843505921
    -0.005636577632905    -0.005053680807508    -0.002760053004535
49 41
     0.009964833900227     0.000517239827412     0.001220850938524
     0.001220850938524     0.001790859693878    -0.000403285966238
     0.000517239827412    -0.000042258188461     0.001790859693878
49 42
    -0.006051140306122     0.004089491811539     0.004014545382968
     0.004806686255984    -0.001420245464853    -0.004444839537667
     0.005419019589317    -0.004879643109095    -0.002217985544218
49 43
     0.030861439058957     0.016497735859158     0.017226511652809
    -0.016313232394810    -0.028772265306122    -0.031459238347191
    -0.016788825648778    -0.030929137156715    -0.027979753401361
49 44
    -0.006496628401361     0.003821583081381    -0.004929061759889
     0.005349876732174    -0.001374045068027     0.003625114827412
    -0.005626047871000     0.004090585065508    -0.002224852607710
49 45
    -0.001840842687075     0.000428777525825    -0.002384615331318
    -0.000656397077349     0.002541780328798    -0.001628533982111
    -0.002335851442429     0.002969904509952    -0.002169691893424
49 46
    -0.005501511337868    -0.004568270093222     0.004209005700428
    -0.005149827632905    -0.002073995464853     0.004708924351222
     0.005054934271857     0.004331118795666    -0.001985989512472
49 47
    -0.000523404195011    -0.001396764140842    -0.000873714537667
    -0.001639226442429    -0.000575390306122     0.000937630700428
     0.000691650541698    -0.000550762156715     0.002722339852608
49 48
    -0.205767328798186    -0.051328954617032    -0.057911694696397
    -0.051328954617032    -0.205767328798186    -0.057911694696397
    -0.057369079617032    -0.057369079617032    -0.210878874433107
49 49
     0.893888083900227     0.022208987843285     0.002804227922651
     0.022208987843285     0.893888083900227     0.002804227922651
     0.002804227922651     0.002804227922651     0.905656135487528
49 50
    -0.191945640306122     0.037199057287730     0.051658729906778
     0.038507267605190    -0.194869136337868    -0.052362281997984
     0.050699688240111    -0.052539075648778    -0.204870344671202
49 51
     0.030006189058957    -0.017100476442429    -0.017193151045603
     0.017335422367095    -0.028676779195011    -0.031954776045603
     0.018106144589317    -0.030298849458302    -0.028703114512472
49 52
    -0.194869136337868     0.038507267605190    -0.052362281997984
     0.037199057287730    -0.191945640306122     0.051658729906778
    -0.052539075648778     0.050699688240111    -0.204870344671202
49 53
    -0.028676779195011     0.017335422367095    -0.031954776045603
    -0.017100476442429     0.030006189058957    -0.017193151045603
    -0.030298849458302     0.018106144589317    -0.028703114512472
49 54
    -0.204319503401361    -0.050273799855127     0.053300321176619
    -0.050273799855127    -0.204319503401361     0.053300321176619
     0.052902628716301     0.052902628716301    -0.210413644274376
49 55
    -0.026818592687075    -0.029914103426556     0.021112015621063
    -0.029914103426556    -0.026818592687075     0.021112015621063
    -0.007765145093222    -0.007765145093222     0.028659306122449
49 56
     0.005174198979592    -0.000481024061476    -0.002076160966238
    -0.000481024061476     0.005174198979592    -0.002076160966238
    -0.002500272077349    -0.002500272077349     0.002234099773243
49 57
    -0.000599928004535    -0.000097065728143    -0.000077077632905
    -0.000097065728143    -0.000599928004535    -0.000077077632905
    -0.000020188744016    -0.000020188744016    -0.000661277210884
49 58
     0.004895234693878     0.000466311255984     0.002439299351222
     0.000258323160746     0.004861304138322    -0.002536768109095
     0.002734200144873    -0.002729004220207     0.002408454931973
49 59
     0.030118839852608     0.016676120779793    -0.017031391124969
    -0.016798859378937    -0.028378711734694     0.031933852922651
     0.016857517605190     0.031585741811539    -0.028556560941043
49 60
     0.004861304138322     0.000258323160746    -0.002536768109095
     0.000466311255984     0.004895234693878     0.002439299351222
    -0.002729004220207     0.002734200144873     0.002408454931973
49 61
    -0.028378711734694    -0.016798859378937     0.031933852922651
     0.016676120779793     0.030118839852608    -0.017031391124969
     0.031585741811539     0.016857517605190    -0.028556560941043
49 62
     0.004923429138322    -0.000685631204334     0.002303186255984
    -0.000685631204334     0.004923429138322     0.002303186255984
     0.002217563240111     0.002217563240111     0.002179885487528
49 63
    -0.000122711734694     0.001445739827412     0.000731503716301
     0.001445739827412    -0.000122711734694     0.000731503716301
    -0.000734627236080    -0.000734627236080     0.002563365646259
50 1
     0.004267071995465    -0.000551210569413     0.002468708081381
    -0.000869045886873    -0.001351174036281    -0.001233305807508
    -0.001782986363064    -0.000979998267826     0.001111341836735
50 2
    -0.002719912131519    -0.000525662950365     0.000144505700428
    -0.000577518109095    -0.002303376417234     0.000386579113127
    -0.002255208585286     0.001913261652809     0.007989389455782
50 3
    -0.002722054988662    -0.002926446680524    -0.004260653029730
    -0.002241563744016    -0.001653527210884    -0.004245780013857
    -0.001704254220207    -0.003988097474175    -0.006190261337868
50 4
    -0.036917130385488     0.048134692208365     0.012561843002016
     0.047559376732174    -0.038153158163265    -0.011300008188461
     0.014590273557571    -0.011817220490048     0.021374389455782
50 5
     0.003341718820862    -0.003665103426556    -0.000593016124969
    -0.003514781997984     0.002705698979592     0.001609208081381
     0.001902289430587     0.001906108875031     0.006779363662132
50 6
    -0.002005380385488    -0.000257325648778     0.002619985859158
    -0.000086035966238     0.002781873582766    -0.000545153029730
     0.003218186255984     0.000132049351222    -0.000910267290249
50 7
     0.004669718820862     0.003043440224238    -0.000916184775762
     0.001421354906778     0.001723722789116     0.001978676335349
    -0.000733097474175     0.001599140621063     0.005675589852608
50 8
     0.002350371598639     0.001120662446460     0.001039751732174
    -0.000721422871000    -0.000580374433107     0.001468737843285
     0.000416900541698     0.001100013636936    -0.001738755385488
50 9
     0.001530282312925     0.001083555303603     0.001205454113127
     0.001162469986143     0.001648161281179    -0.001289809775762
     0.001335267605190    -0.001209744299572     0.001824950963719
50 10
    -0.001201356575964     0.000247979906778     0.000068894589317
     0.000319547367095    -0.000915967687075     0.000096388636936
     0.000105372763920    -0.000017274061476    -0.000817553004535
50 11
     0.000708792233560    -0.000920641124969    -0.001433666918619
    -0.001091031997984     0.000649597789116    -0.001116547871000
    -0.002674801839254    -0.001324002236080     0.000435946995465
50 12
    -0.000786346655329    -0.000844992315445    -0.000328722474175
    -0.000882480410683    -0.001015727607710     0.000803755700428
     0.000960737843285    -0.001065764140842     0.001932821995465
50 13
    -0.006209781179138    -0.003979321680524     0.004183216017889
    -0.004023851442429    -0.003355828798186     0.002926069192492
     0.006160759668682     0.002467686255984    -0.002842178004535
50 14
    -0.000359156179138    -0.000708389140842    -0.001257218505921
     0.001508400541698     0.003027347789116    -0.000502482394810
    -0.001121254220207    -0.000222391124969    -0.001065695861678
50 15
    -0.006064340702948     0.004205055303603    -0.004579980410683
     0.003739969986143    -0.002522961734694     0.003839005700428
    -0.003500762156715     0.003954350938524    -0.001905453798186
50 16
     0.002951621598639    -0.000239541918619    -0.000993668902746
     0.001097841017889    -0.001070271258503     0.001682956097254
     0.001214511652809     0.001889295382968     0.000210016439909
50 17
     0.001481907312925     0.002893035462333     0.001995223954397
     0.002953208081381     0.005092310090703    -0.000921301839254
     0.002280154509952     0.000436497763920     0.004238927154195
50 18
    -0.003788606575964    -0.000287649061476    -0.000005226442429
     0.000177813240111    -0.001585693877551     0.000083668398841
    -0.000153393109095    -0.000235678823381    -0.002380326814059
50 19
     0.002223042233560    -0.003194335569413    -0.001090222474175
    -0.003482236363064     0.002488306122449     0.000690315224238
    -0.002495097474175    -0.001249990331318     0.005116488662132
50 20
    -0.027029781179138    -0.031876637156715     0.016913779509952
    -0.031907188744016    -0.028201836734694     0.016346676335349
    -0.015906164934492    -0.015046674855127     0.032523363662132
50 21
    -0.196491590702948    -0.045514399061476     0.044832348954397
    -0.040661196680524    -0.194148469671202     0.040094418398841
     0.043528154509952     0.039286063240111    -0.194075945861678
50 22
    -0.032237971655329     0.017589358875031    -0.035096948664651
    -0.016296696680524     0.026967306122449    -0.015429821680524
    -0.032257420886873     0.017382813240111    -0.028602586734694
50 23
    -0.156114656179138     0.009280047367095    -0.048469153029730
     0.008831325144873    -0.157117068877551     0.047672253716301
    -0.025355416918619     0.025039001732174    -0.175657437925170
50 24
     0.002910125566893     0.000707073160746    -0.001328508188461
    -0.000689363347191    -0.001231549036281    -0.001933520093222
    -0.000322053823381    -0.002636712553540    -0.000982908163265
50 25
    -0.001985989512472     0.004209005700428     0.004708924351222
     0.005054934271857    -0.005501511337868    -0.005149827632905
     0.004331118795666    -0.004568270093222    -0.002073995464853
50 26
    -0.003372894274376    -0.000856468505921    -0.000783799855127
     0.000400652525825     0.009892776360544     0.000054884668682
    -0.001281037950365    -0.000106182791635    -0.003127082766440
50 27
    -0.003793318877551    -0.004565492315445    -0.003316198664651
    -0.003573028029730    -0.007210562925170    -0.004086543902746
    -0.002264343505921    -0.004887736363064    -0.002406922052154
50 28
    -0.000915594671202     0.001875591017889     0.001227620779793
     0.002450061255984    -0.000960860544218     0.001002491811539
     0.000316233875031    -0.000590740331318     0.003593534297052
50 29
     0.003662510487528     0.000135297367095     0.002631096970270
    -0.000196319696397     0.004433468820862     0.002105708081381
     0.002453739827412     0.002198039430587     0.001564891439909
50 30
    -0.030824594671202    -0.016688422871000     0.030163884668682
     0.016832549351222     0.031430393424036    -0.016688422871000
     0.030138495779793     0.016832549351222    -0.030824594671202
50 31
     0.004174635487528     0.001246428319476    -0.002150658982111
     0.001051305303603     0.004465125566893     0.002096731890905
    -0.001934010172588     0.002101515621063     0.001958109693878
50 32
     0.026495599773243    -0.016515698664651     0.015777594986143
     0.017392997763920    -0.030619874433107     0.034427317208365
    -0.017317817712270     0.032932124748047    -0.029121108560091
50 33
     0.004848806122449     0.002895793398841     0.000760337049635
     0.002783325144873     0.001621786281179    -0.002247664934492
    -0.000108615331318    -0.002523857394810     0.004370177154195
50 34
    -0.000980090702948     0.000314521573444     0.000139815224238
     0.000215277525825    -0.002751902210884    -0.000082609378937
     0.000301462049635     0.000440198160746    -0.001487261337868
50 35
     0.004931401360544    -0.002915986363064    -0.000396442712270
    -0.002850859378937     0.002505538265306    -0.002318289934492
    -0.000232049855127    -0.002007982394810     0.004490554138322
50 36
    -0.029143322845805    -0.031263851442429    -0.015244692712270
    -0.031158359378937    -0.027039602607710    -0.015936990331318
     0.016317708081381     0.016547219986143     0.030729798185941
50 37
    -0.001986072845805    -0.002354901045603     0.003957329113127
    -0.003375420886873    -0.003076953798186     0.003978388636936
     0.003465271573444     0.001642390621063    -0.006693761337868
50 38
    -0.001653197845805     0.001014138636936    -0.001650307791635
     0.000125148557571     0.002574282312925     0.001105537446460
    -0.001582049855127    -0.001236057791635    -0.000273961734694
50 39
    -0.001215322845805     0.001986535462333    -0.003069857394810
     0.000949087049635    -0.000276277210884     0.002806708081381
    -0.005590486363064     0.005218571176619    -0.007295312925170
50 40
     0.031353571995465     0.016892596970270     0.017255743795666
    -0.016967262156715    -0.030438995464853    -0.030790147077349
    -0.016674700648778    -0.029167440728143    -0.030535158163265
50 41
    -0.006051140306122     0.005419019589317     0.004806686255984
     0.004014545382968    -0.002217985544218    -0.004444839537667
     0.004089491811539    -0.004879643109095    -0.001420245464853
50 42
     0.009924885487528     0.000142521573444    -0.000406619299572
    -0.000406619299572    -0.001346215702948    -0.001206643109095
     0.000142521573444     0.000112221970270    -0.001346215702948
50 43
    -0.006495285147392    -0.004124109378937    -0.005232278029730
    -0.003995787950365    -0.002444485544218    -0.002996416918619
    -0.004591698664651    -0.003551897077349    -0.002000608560091
50 44
    -0.000621727607710     0.001951237843285    -0.000560851442429
     0.001437446176619    -0.000340640306122    -0.001041938744016
     0.000565954113127     0.000521825144873     0.002668292233560
50 45
     0.000329683106576    -0.001143317712270     0.001136469986143
    -0.001730827632905     0.000918060090703     0.001104787446460
     0.000813275541698     0.000607644589317     0.000057202947846
50 46
    -0.000960860544218    -0.000590740331318     0.001875591017889
     0.001002491811539     0.003593534297052     0.001227620779793
     0.002450061255984     0.000316233875031    -0.000915594671202
50 47
     0.001195871598639     0.001218640621063    -0.001506129220207
     0.001167343002016     0.001409889455782     0.001705452129000
    -0.001367222474175     0.001561727922651     0.001277734693878
50 48
     0.029473946995465    -0.016884549855127    -0.016653359378937
     0.019233739827412    -0.031429424036281    -0.033458373267826
     0.017872797367095    -0.033373589537667    -0.029803604591837
50 49
    -0.191945640306122     0.038507267605190     0.050699688240111
     0.037199057287730    -0.194869136337868    -0.052539075648778
     0.051658729906778    -0.052362281997984    -0.204870344671202
50 50
     0.872044885487528     0.016631962049635    -0.028228684775762
     0.016631962049635     0.862298143424036     0.028932164430587
    -0.028228684775762     0.028932164430587     0.874218925170067
50 51
    -0.196349910147392    -0.041221071680524    -0.041761815728143
    -0.047074008188461    -0.199174749433107    -0.045984829617032
    -0.041364728426556    -0.044571734378937    -0.196066594671202
50 52
    -0.032988610544218     0.037225047367095     0.014215178319476
     0.038086126732174    -0.032988610544218    -0.013667448664651
    -0.013667448664651     0.014215178319476     0.031231175170068
50 53
     0.002120871598639    -0.003079797871000     0.002486309271857
    -0.003301781997984     0.004425093820862     0.000818920382968
     0.002330027525825     0.000500009668682     0.004091155328798
50 54
    -0.032983602607710     0.015786854906778     0.032529656494079
    -0.016382480410683     0.031657776360544     0.017392267605190
     0.032062380700428    -0.017995881204334    -0.030276374433107
50 55
     0.000484433106576     0.002672301335349    -0.002376024061476
     0.002021216017889     0.003904312074830     0.000032962049635
    -0.001664768109095     0.000743344986143     0.004355075963719
50 56
     0.030676849773243     0.017136505700428    -0.016371200648778
    -0.016377829617032    -0.028994896258503     0.032239035462333
     0.016292979906778     0.031656718002016    -0.028337505385488
50 57
     0.004788722789116     0.000785589033762     0.003106007684555
     0.001039253716301     0.004677601757370    -0.003039631204334
     0.002596563240111    -0.002713198664651     0.002368617630385
50 58
    -0.001811114512472     0.000249591017889    -0.000133740331318
     0.000179017605190    -0.001452041099773     0.000075553319476
     0.000172577129000    -0.000005014140842    -0.001147275226757
50 59
     0.003862240646259    -0.000675224458302    -0.002233430807508
     0.000125835065508     0.003727943027211    -0.002644075648778
    -0.002382105410683    -0.002205393109095     0.001691333900227
50 60
    -0.000429920068027    -0.001211022077349     0.000854442208365
    -0.001174494299572    -0.000449360544218    -0.000613129220207
    -0.000885627236080     0.000910065224238     0.003134724773243
50 61
    -0.002209435941043    -0.003895954617032     0.003026688240111
    -0.004624434775762    -0.006489880385488     0.004983680303603
     0.003709868795666     0.004522632684555    -0.001947291099773
50 62
    -0.030534670068027    -0.017037101442429    -0.033004728426556
     0.017772563240111     0.031121833900227     0.017227382684555
    -0.032468309775762    -0.016758071680524    -0.029454219671202
50 63
    -0.002903185941043     0.003914019589317    -0.003958785966238
     0.004296684271857    -0.006460931972789     0.004458325144873
    -0.003926250251953     0.003679862843285    -0.002419489512472
51 1
    -0.003785473639456     0.004770694192492     0.003891789430587
     0.008125420382968    -0.005853441893424    -0.007658204617032
     0.005273132684555    -0.005807992315445    -0.002684303004535
51 2
    -0.004282457766440    -0.003662758188461    -0.003962412950365
    -0.004309426839254    -0.002519519274376    -0.005301569696397
    -0.004237089537667    -0.002670982394810    -0.007066130385488
51 3
    -0.000997100623583    -0.000549166918619     0.000149678319476
     0.000455777525825    -0.001785920068027    -0.000144928823381
    -0.000807010172588    -0.002058341521794     0.007777593820862
51 4
     0.002027323979592    -0.000865528029730     0.001111424351222
    -0.004197406997984     0.001329198979592    -0.002160156997984
     0.004152392605190    -0.001914964537667     0.001595369614512
51 5
    -0.031967201814059     0.029537801335349     0.011804440224238
     0.033862434271857    -0.027280943877551    -0.013933315728143
    -0.015686716521794     0.017996364827412     0.029080343820862
51 6
     0.000482323979592     0.000526204113127    -0.000665057791635
     0.000601680303603     0.000844230725624     0.000704198160746
    -0.000342819696397     0.001211430303603     0.000875587868481
51 7
    -0.000978701814059    -0.000951280013857     0.001507271573444
     0.000182321176619     0.002703454931973     0.001619902525825
     0.001291771573444    -0.000565728426556    -0.001055054988662
51 8
     0.001254825963719     0.001955442208365     0.002672833081381
     0.001865418398841     0.004177482709751    -0.000280535966238
     0.002999894589317    -0.000195980410683     0.004161724773243
51 9
     0.003001861678005    -0.000854414934492    -0.000422089537667
     0.000518311255984    -0.000325481575964     0.001666291414714
     0.000911636652809     0.001309761652809    -0.000350568877551
51 10
     0.000433472789116    -0.001155740331318    -0.001090899061476
    -0.001171986363064     0.000502514455782    -0.001008010172588
    -0.001071883188461    -0.000881768109095     0.000468802154195
51 11
    -0.001274878401361    -0.000249861363064     0.000417664430587
     0.000300059271857    -0.001120920068027     0.000545553319476
    -0.000315057791635     0.000532753716301    -0.001218447845805
51 12
    -0.003122517290249    -0.004650837553540     0.004075483875031
    -0.004326514140842    -0.007133620464853     0.004033606890905
     0.003693106890905     0.004735866811539    -0.002553822845805
51 13
    -0.001624826814059    -0.001086166918619     0.001229047367095
    -0.001232760172588    -0.001414471655329    -0.000673079617032
    -0.000047996283699     0.000851567208365     0.001942927154195
51 14
    -0.002606076814059     0.003490015621063    -0.003782012156715
     0.003912491811539    -0.001985545068027     0.004513243795666
    -0.004057260172588     0.004562864827412    -0.005502965702948
51 15
    -0.000350011337868     0.000561960065508    -0.001081524061476
    -0.000900063744016     0.003289020408163     0.000731731890905
    -0.000967518109095    -0.000623768109095    -0.000413223639456
51 16
     0.000949450963719     0.001339112843285     0.001171287446460
     0.001312432287730     0.000930210884354    -0.000808817712270
     0.001121880700428    -0.000872573664651     0.001040121598639
51 17
     0.002981486678005     0.000709065224238     0.001072305303603
    -0.000802825648778    -0.000235457766440     0.001476549351222
    -0.000369976442429     0.001572753716301    -0.000326842687075
51 18
     0.000663222789116    -0.001991744299572    -0.002200895093222
    -0.002366220490048     0.004002413265306    -0.000132855410683
    -0.001147274061476    -0.000803547871000     0.003435528344671
51 19
    -0.001799003401361     0.000037694192492     0.000133358875031
    -0.000446145093222    -0.001776086734694    -0.000247458585286
     0.000261896573444    -0.000211609378937    -0.001670656179138
51 20
    -0.002060451814059    -0.003861357394810     0.004708360859158
    -0.003496097474175    -0.001902229591837     0.004814027525825
     0.004596454113127     0.004428581097254    -0.006286031179138
51 21
    -0.028336886337868    -0.030851744299572    -0.016450569696397
    -0.031673855410683    -0.027740987528345    -0.016563480410683
     0.017387773557571     0.017371069192492     0.030064159297052
51 22
    -0.003389267290249     0.003949263636936    -0.003285617315445
     0.004835394589317    -0.006863586734694     0.004932404509952
    -0.003498301839254     0.004073194192492    -0.002967731575964
51 23
    -0.032420201814059    -0.010972547871000    -0.028735696680524
     0.015830041414714     0.029132788265306     0.017976979906778
    -0.033441047871000    -0.013690617315445    -0.027591582766440
51 24
    -0.002871045068027     0.003895852922651     0.004812948160746
     0.003330727922651    -0.003723941893424    -0.004820543902746
     0.003840690224238    -0.004129206601159    -0.006633928004535
51 25
     0.002722339852608    -0.000873714537667     0.000937630700428
     0.000691650541698    -0.000523404195011    -0.001639226442429
    -0.000550762156715    -0.001396764140842    -0.000575390306122
51 26
    -0.002802564909297    -0.004827313744016    -0.003609343505921
    -0.004283381204334    -0.007500491496599    -0.004825139140842
    -0.003551918902746    -0.004815176839254    -0.003798977607710
51 27
    -0.000305989512472    -0.000045337553540    -0.000536367315445
    -0.001003061759889     0.009667419217687    -0.000977317712270
    -0.001030349458302     0.000093019589317    -0.001474316893424
51 28
     0.001277734693878    -0.001506129220207     0.001705452129000
    -0.001367222474175     0.001195871598639     0.001167343002016
     0.001561727922651     0.001218640621063     0.001409889455782
51 29
    -0.000890785147392     0.001431077129000    -0.000192571680524
     0.001376521573444    -0.000911549036281    -0.000703190728143
     0.001282608875031     0.000619045382968     0.002724996598639
51 30
     0.001958109693878     0.002096731890905    -0.002150658982111
     0.002101515621063     0.004465125566893     0.001246428319476
    -0.001934010172588     0.001051305303603     0.004174635487528
51 31
    -0.027968910147392     0.016773833081381     0.030236797367095
    -0.016434478426556     0.028962857709751     0.016773833081381
     0.031016983875031    -0.016434478426556    -0.027968910147392
51 32
     0.004201304138322     0.000328331097254     0.002946676335349
     0.000718714033762     0.004663857709751    -0.002822706601159
     0.003247801335349    -0.002452869299572     0.001188371598639
51 33
     0.030284635487528     0.016792698160746    -0.016959331601159
    -0.017484583585286    -0.028963481575964     0.032551561255984
     0.016907628716301     0.032227398557571    -0.028819092687075
51 34
     0.004531988662132    -0.002561073664651    -0.000008978426556
    -0.003036631204334     0.001795704931973    -0.002396633188461
    -0.000304418902746    -0.002694545886873     0.004939343820862
51 35
    -0.000883269274376    -0.000067206601159     0.000134013636936
    -0.000025268109095    -0.000602354591837     0.000102686255984
     0.000398194192492     0.000106273557571    -0.000989340702948
51 36
    -0.185678868480726    -0.033266321680524     0.034767638636936
    -0.033298018109095    -0.190560620464853     0.032998985859158
     0.035559702129000     0.033712225938524    -0.189911721655329
51 37
    -0.028527743480726    -0.031044246283699     0.018243910462333
    -0.031152829617032    -0.029228346655329     0.017934239827412
    -0.015504984378937    -0.016182978426556     0.029816843820862
51 38
    -0.006887243480726     0.004573418398841    -0.004266226442429
     0.004590739827412    -0.003358985544218     0.005030888636936
    -0.004276930807508     0.004691448160746    -0.003209731575964
51 39
    -0.001927743480726    -0.000114934775762    -0.001842276045603
     0.001064303319476     0.001714579931973    -0.000330565728143
    -0.001493117315445     0.000823577129000    -0.000714707766440
51 40
    -0.189241348639456     0.032222376732174     0.038215450144873
     0.034024829113127    -0.189781638321995    -0.039955295886873
     0.034971418398841    -0.038093309775762    -0.191598428004535
51 41
     0.030861439058957    -0.016788825648778    -0.016313232394810
     0.017226511652809    -0.027979753401361    -0.031459238347191
     0.016497735859158    -0.030929137156715    -0.028772265306122
51 42
    -0.006495285147392    -0.004591698664651    -0.003995787950365
    -0.005232278029730    -0.002000608560091    -0.002996416918619
    -0.004124109378937    -0.003551897077349    -0.002444485544218
51 43
     0.008680544217687     0.000336670382968     0.000105803319476
     0.000105803319476    -0.001530128401361    -0.000083440728143
     0.000336670382968    -0.000165266124969    -0.001530128401361
51 44
     0.003532976757370    -0.000517982394810     0.002464729906778
    -0.001051337553540     0.003641216836735     0.002223162446460
     0.003078073160746     0.002210831097254     0.001486397392290
51 45
    -0.001647487528345     0.001443462049635     0.000692551335349
     0.002299013636936    -0.001839207766440     0.001418513636936
    -0.001007480410683    -0.000209474458302     0.001480308106576
51 46
     0.004433468820862     0.002198039430587     0.000135297367095
     0.002105708081381     0.001564891439909     0.002631096970270
    -0.000196319696397     0.002453739827412     0.003662510487528
51 47
    -0.000911549036281     0.000619045382968     0.001431077129000
    -0.000703190728143     0.002724996598639    -0.000192571680524
     0.001376521573444     0.001282608875031    -0.000890785147392
51 48
    -0.007401973639456     0.003248604906778     0.004105471970270
     0.003794581097254    -0.003054566893424    -0.004263772077349
     0.005245791414714    -0.003392083585286    -0.002677749433107
51 49
     0.030006189058957     0.017335422367095     0.018106144589317
    -0.017100476442429    -0.028676779195011    -0.030298849458302
    -0.017193151045603    -0.031954776045603    -0.028703114512472
51 50
    -0.196349910147392    -0.047074008188461    -0.041364728426556
    -0.041221071680524    -0.199174749433107    -0.044571734378937
    -0.041761815728143    -0.045984829617032    -0.196066594671202
51 51
     0.894523794217687    -0.000953041918619     0.010435140621063
    -0.000953041918619     0.890761357709751    -0.009484978426556
     0.010435140621063    -0.009484978426556     0.891131885487528
51 52
     0.004425093820862    -0.003079797871000     0.000500009668682
    -0.003301781997984     0.002120871598639     0.002330027525825
     0.000818920382968     0.002486309271857     0.004091155328798
51 53
    -0.029610299036281     0.032850606890905    -0.017003234378937
     0.032160809271857    -0.029610299036281     0.018135646573444
     0.018135646573444    -0.017003234378937     0.030124135487528
51 54
     0.004085101757370     0.000165134668682    -0.002018387156715
     0.000058235859158     0.003682383503401     0.001903868795666
    -0.002785125251953     0.002129999748047     0.001178605725624
51 55
    -0.026280487528345    -0.018344543902746     0.027947682287730
     0.011599182287730     0.030402544217687    -0.011406811759889
     0.028040975938524     0.018930100938524    -0.027785818877551
51 56
     0.004642429138322     0.002296035462333     0.000759505700428
     0.002289011652809     0.001930710884354    -0.002644363347191
     0.000692348954397    -0.002274776045603     0.004642724773243
51 57
     0.030163677154195    -0.017380006204334     0.017452714033762
     0.016521469986143    -0.027693666099773     0.031379969986143
    -0.016187192712270     0.031290557287730    -0.027911527210884
51 58
     0.004196089852608    -0.000409754220207    -0.001906908982111
    -0.000505516124969     0.004568316043084    -0.002228345490048
    -0.002088553823381    -0.002514883188461     0.001503704931973
51 59
    -0.001641929988662    -0.000063194696397     0.000151525541698
    -0.000130323664651    -0.001376324829932     0.000103275541698
     0.000262388636936     0.000157362843285    -0.001067435941043
51 60
    -0.006220965702948    -0.004436117315445     0.004579898557571
    -0.004612528029730    -0.002464628401361     0.003612971970270
     0.004778366811539     0.003649946176619    -0.002152795068027
51 61
    -0.000803856575964    -0.001470299855127    -0.000285230410683
    -0.001416718505921    -0.000742773242630     0.000901906494079
     0.001102237843285    -0.000503486363064     0.002776189058957
51 62
    -0.202590590702948     0.047991428319476    -0.048599522077349
     0.048839029509952    -0.202457058956916     0.048743233875031
    -0.049232315728143     0.048797934271857    -0.201765239512472
51 63
    -0.029385981575964     0.017642674351222    -0.032083454617032
    -0.017463099458302     0.030919550170068    -0.017190573664651
    -0.032065006204334     0.017887493795666    -0.029624009353741
52 1
    -0.001351174036281    -0.000869045886873    -0.001233305807508
    -0.000551210569413     0.004267071995465     0.002468708081381
    -0.000979998267826    -0.001782986363064     0.001111341836735
52 2
    -0.038153158163265     0.047559376732174    -0.011300008188461
     0.048134692208365    -0.036917130385488     0.012561843002016
    -0.011817220490048     0.014590273557571     0.021374389455782
52 3
     0.002705698979592    -0.003514781997984     0.001609208081381
    -0.003665103426556     0.003341718820862    -0.000593016124969
     0.001906108875031     0.001902289430587     0.006779363662132
52 4
    -0.002303376417234    -0.000577518109095     0.000386579113127
    -0.000525662950365    -0.002719912131519     0.000144505700428
     0.001913261652809    -0.002255208585286     0.007989389455782
52 5
    -0.001653527210884    -0.002241563744016    -0.004245780013857
    -0.002926446680524    -0.002722054988662    -0.004260653029730
    -0.003988097474175    -0.001704254220207    -0.006190261337868
52 6
     0.002781873582766    -0.000086035966238    -0.000545153029730
    -0.000257325648778    -0.002005380385488     0.002619985859158
     0.000132049351222     0.003218186255984    -0.000910267290249
52 7
     0.001723722789116     0.001421354906778     0.001978676335349
     0.003043440224238     0.004669718820862    -0.000916184775762
     0.001599140621063    -0.000733097474175     0.005675589852608
52 8
    -0.000580374433107    -0.000721422871000     0.001468737843285
     0.001120662446460     0.002350371598639     0.001039751732174
     0.001100013636936     0.000416900541698    -0.001738755385488
52 9
     0.001648161281179     0.001162469986143    -0.001289809775762
     0.001083555303603     0.001530282312925     0.001205454113127
    -0.001209744299572     0.001335267605190     0.001824950963719
52 10
    -0.001015727607710    -0.000882480410683     0.000803755700428
    -0.000844992315445    -0.000786346655329    -0.000328722474175
    -0.001065764140842     0.000960737843285     0.001932821995465
52 11
    -0.003355828798186    -0.004023851442429     0.002926069192492
    -0.003979321680524    -0.006209781179138     0.004183216017889
     0.002467686255984     0.006160759668682    -0.002842178004535
52 12
    -0.000915967687075     0.000319547367095     0.000096388636936
     0.000247979906778    -0.001201356575964     0.000068894589317
    -0.000017274061476     0.000105372763920    -0.000817553004535
52 13
     0.000649597789116    -0.001091031997984    -0.001116547871000
    -0.000920641124969     0.000708792233560    -0.001433666918619
    -0.001324002236080    -0.002674801839254     0.000435946995465
52 14
     0.003027347789116     0.001508400541698    -0.000502482394810
    -0.000708389140842    -0.000359156179138    -0.001257218505921
    -0.000222391124969    -0.001121254220207    -0.001065695861678
52 15
    -0.002522961734694     0.003739969986143     0.003839005700428
     0.004205055303603    -0.006064340702948    -0.004579980410683
     0.003954350938524    -0.003500762156715    -0.001905453798186
52 16
    -0.030619874433107     0.017392997763920     0.034427317208365
    -0.016515698664651     0.026495599773243     0.015777594986143
     0.032932124748047    -0.017317817712270    -0.029121108560091
52 17
     0.001621786281179     0.002783325144873    -0.002247664934492
     0.002895793398841     0.004848806122449     0.000760337049635
    -0.002523857394810    -0.000108615331318     0.004370177154195
52 18
    -0.027039602607710    -0.031158359378937    -0.015936990331318
    -0.031263851442429    -0.029143322845805    -0.015244692712270
     0.016547219986143     0.016317708081381     0.030729798185941
52 19
    -0.003076953798186    -0.003375420886873     0.003978388636936
    -0.002354901045603    -0.001986072845805     0.003957329113127
     0.001642390621063     0.003465271573444    -0.006693761337868
52 20
    -0.002751902210884     0.000215277525825    -0.000082609378937
     0.000314521573444    -0.000980090702948     0.000139815224238
     0.000440198160746     0.000301462049635    -0.001487261337868
52 21
     0.002505538265306    -0.002850859378937    -0.002318289934492
    -0.002915986363064     0.004931401360544    -0.000396442712270
    -0.002007982394810    -0.000232049855127     0.004490554138322
52 22
     0.002574282312925     0.000125148557571     0.001105537446460
     0.001014138636936    -0.001653197845805    -0.001650307791635
    -0.001236057791635    -0.001582049855127    -0.000273961734694
52 23
    -0.000276277210884     0.000949087049635     0.002806708081381
     0.001986535462333    -0.001215322845805    -0.003069857394810
     0.005218571176619    -0.005590486363064    -0.007295312925170
52 24
    -0.030438995464853    -0.016967262156715    -0.030790147077349
     0.016892596970270     0.031353571995465     0.017255743795666
    -0.029167440728143    -0.016674700648778    -0.030535158163265
52 25
    -0.002217985544218     0.004014545382968    -0.004444839537667
     0.005419019589317    -0.006051140306122     0.004806686255984
    -0.004879643109095     0.004089491811539    -0.001420245464853
52 26
    -0.000340640306122     0.001437446176619    -0.001041938744016
     0.001951237843285    -0.000621727607710    -0.000560851442429
     0.000521825144873     0.000565954113127     0.002668292233560
52 27
     0.000918060090703    -0.001730827632905     0.001104787446460
    -0.001143317712270     0.000329683106576     0.001136469986143
     0.000607644589317     0.000813275541698     0.000057202947846
52 28
    -0.001346215702948    -0.000406619299572    -0.001206643109095
     0.000142521573444     0.009924885487528    -0.000406619299572
     0.000112221970270     0.000142521573444    -0.001346215702948
52 29
    -0.002444485544218    -0.003995787950365    -0.002996416918619
    -0.004124109378937    -0.006495285147392    -0.005232278029730
    -0.003551897077349    -0.004591698664651    -0.002000608560091
52 30
     0.003593534297052     0.001002491811539     0.001227620779793
    -0.000590740331318    -0.000960860544218     0.001875591017889
     0.000316233875031     0.002450061255984    -0.000915594671202
52 31
     0.001409889455782     0.001167343002016     0.001705452129000
     0.001218640621063     0.001195871598639    -0.001506129220207
     0.001561727922651    -0.001367222474175     0.001277734693878
52 32
    -0.001070271258503     0.001097841017889     0.001682956097254
    -0.000239541918619     0.002951621598639    -0.000993668902746
     0.001889295382968     0.001214511652809     0.000210016439909
52 33
     0.005092310090703     0.002953208081381    -0.000921301839254
     0.002893035462333     0.001481907312925     0.001995223954397
     0.000436497763920     0.002280154509952     0.004238927154195
52 34
    -0.028201836734694    -0.031907188744016     0.016346676335349
    -0.031876637156715    -0.027029781179138     0.016913779509952
    -0.015046674855127    -0.015906164934492     0.032523363662132
52 35
    -0.194148469671202    -0.040661196680524     0.040094418398841
    -0.045514399061476    -0.196491590702948     0.044832348954397
     0.039286063240111     0.043528154509952    -0.194075945861678
52 36
    -0.001585693877551     0.000177813240111     0.000083668398841
    -0.000287649061476    -0.003788606575964    -0.000005226442429
    -0.000235678823381    -0.000153393109095    -0.002380326814059
52 37
     0.002488306122449    -0.003482236363064     0.000690315224238
    -0.003194335569413     0.002223042233560    -0.001090222474175
    -0.001249990331318    -0.002495097474175     0.005116488662132
52 38
     0.026967306122449    -0.016296696680524    -0.015429821680524
     0.017589358875031    -0.032237971655329    -0.035096948664651
     0.017382813240111    -0.032257420886873    -0.028602586734694
52 39
    -0.157117068877551     0.008831325144873     0.047672253716301
     0.009280047367095    -0.156114656179138    -0.048469153029730
     0.025039001732174    -0.025355416918619    -0.175657437925170
52 40
    -0.001231549036281    -0.000689363347191    -0.001933520093222
     0.000707073160746     0.002910125566893    -0.001328508188461
    -0.002636712553540    -0.000322053823381    -0.000982908163265
52 41
    -0.005501511337868     0.005054934271857    -0.005149827632905
     0.004209005700428    -0.001985989512472     0.004708924351222
    -0.004568270093222     0.004331118795666    -0.002073995464853
52 42
    -0.000960860544218     0.002450061255984     0.001002491811539
     0.001875591017889    -0.000915594671202     0.001227620779793
    -0.000590740331318     0.000316233875031     0.003593534297052
52 43
     0.004433468820862    -0.000196319696397     0.002105708081381
     0.000135297367095     0.003662510487528     0.002631096970270
     0.002198039430587     0.002453739827412     0.001564891439909
52 44
     0.009892776360544     0.000400652525825     0.000054884668682
    -0.000856468505921    -0.003372894274376    -0.000783799855127
    -0.000106182791635    -0.001281037950365    -0.003127082766440
52 45
    -0.007210562925170    -0.003573028029730    -0.004086543902746
    -0.004565492315445    -0.003793318877551    -0.003316198664651
    -0.004887736363064    -0.002264343505921    -0.002406922052154
52 46
     0.031430393424036     0.016832549351222    -0.016688422871000
    -0.016688422871000    -0.030824594671202     0.030163884668682
     0.016832549351222     0.030138495779793    -0.030824594671202
52 47
     0.004465125566893     0.001051305303603     0.002096731890905
     0.001246428319476     0.004174635487528    -0.002150658982111
     0.002101515621063    -0.001934010172588     0.001958109693878
52 48
    -0.031429424036281     0.019233739827412    -0.033458373267826
    -0.016884549855127     0.029473946995465    -0.016653359378937
    -0.033373589537667     0.017872797367095    -0.029803604591837
52 49
    -0.194869136337868     0.037199057287730    -0.052539075648778
     0.038507267605190    -0.191945640306122     0.050699688240111
    -0.052362281997984     0.051658729906778    -0.204870344671202
52 50
    -0.032988610544218     0.038086126732174    -0.013667448664651
     0.037225047367095    -0.032988610544218     0.014215178319476
     0.014215178319476    -0.013667448664651     0.031231175170068
52 51
     0.004425093820862    -0.003301781997984     0.000818920382968
    -0.003079797871000     0.002120871598639     0.002486309271857
     0.000500009668682     0.002330027525825     0.004091155328798
52 52
     0.862298143424036     0.016631962049635     0.028932164430587
     0.016631962049635     0.872044885487528    -0.028228684775762
     0.028932164430587    -0.028228684775762     0.874218925170067
52 53
    -0.199174749433107    -0.047074008188461    -0.045984829617032
    -0.041221071680524    -0.196349910147392    -0.041761815728143
    -0.044571734378937    -0.041364728426556    -0.196066594671202
52 54
     0.031657776360544    -0.016382480410683     0.017392267605190
     0.015786854906778    -0.032983602607710     0.032529656494079
    -0.017995881204334     0.032062380700428    -0.030276374433107
52 55
     0.003904312074830     0.002021216017889     0.000032962049635
     0.002672301335349     0.000484433106576    -0.002376024061476
     0.000743344986143    -0.001664768109095     0.004355075963719
52 56
    -0.028994896258503    -0.016377829617032     0.032239035462333
     0.017136505700428     0.030676849773243    -0.016371200648778
     0.031656718002016     0.016292979906778    -0.028337505385488
52 57
     0.004677601757370     0.001039253716301    -0.003039631204334
     0.000785589033762     0.004788722789116     0.003106007684555
    -0.002713198664651     0.002596563240111     0.002368617630385
52 58
    -0.000449360544218    -0.001174494299572    -0.000613129220207
    -0.001211022077349    -0.000429920068027     0.000854442208365
     0.000910065224238    -0.000885627236080     0.003134724773243
52 59
    -0.006489880385488    -0.004624434775762     0.004983680303603
    -0.003895954617032    -0.002209435941043     0.003026688240111
     0.004522632684555     0.003709868795666    -0.001947291099773
52 60
    -0.001452041099773     0.000179017605190     0.000075553319476
     0.000249591017889    -0.001811114512472    -0.000133740331318
    -0.000005014140842     0.000172577129000    -0.001147275226757
52 61
     0.003727943027211     0.000125835065508    -0.002644075648778
    -0.000675224458302     0.003862240646259    -0.002233430807508
    -0.002205393109095    -0.002382105410683     0.001691333900227
52 62
     0.031121833900227     0.017772563240111     0.017227382684555
    -0.017037101442429    -0.030534670068027    -0.033004728426556
    -0.016758071680524    -0.032468309775762    -0.029454219671202
52 63
    -0.006460931972789     0.004296684271857     0.004458325144873
     0.003914019589317    -0.002903185941043    -0.003958785966238
     0.003679862843285    -0.003926250251953    -0.002419489512472
53 1
    -0.005853441893424     0.008125420382968    -0.007658204617032
     0.004770694192492    -0.003785473639456     0.003891789430587
    -0.005807992315445     0.005273132684555    -0.002684303004535
53 2
     0.001329198979592    -0.004197406997984    -0.002160156997984
    -0.000865528029730     0.002027323979592     0.001111424351222
    -0.001914964537667     0.004152392605190     0.001595369614512
53 3
    -0.027280943877551     0.033862434271857    -0.013933315728143
     0.029537801335349    -0.031967201814059     0.011804440224238
     0.017996364827412    -0.015686716521794     0.029080343820862
53 4
    -0.002519519274376    -0.004309426839254    -0.005301569696397
    -0.003662758188461    -0.004282457766440    -0.003962412950365
    -0.002670982394810    -0.004237089537667    -0.007066130385488
53 5
    -0.001785920068027     0.000455777525825    -0.000144928823381
    -0.000549166918619    -0.000997100623583     0.000149678319476
    -0.002058341521794    -0.000807010172588     0.007777593820862
53 6
     0.000844230725624     0.000601680303603     0.000704198160746
     0.000526204113127     0.000482323979592    -0.000665057791635
     0.001211430303603    -0.000342819696397     0.000875587868481
53 7
     0.002703454931973     0.000182321176619     0.001619902525825
    -0.000951280013857    -0.000978701814059     0.001507271573444
    -0.000565728426556     0.001291771573444    -0.001055054988662
53 8
     0.004177482709751     0.001865418398841    -0.000280535966238
     0.001955442208365     0.001254825963719     0.002672833081381
    -0.000195980410683     0.002999894589317     0.004161724773243
53 9
    -0.000325481575964     0.000518311255984     0.001666291414714
    -0.000854414934492     0.003001861678005    -0.000422089537667
     0.001309761652809     0.000911636652809    -0.000350568877551
53 10
    -0.007133620464853    -0.004326514140842     0.004033606890905
    -0.004650837553540    -0.003122517290249     0.004075483875031
     0.004735866811539     0.003693106890905    -0.002553822845805
53 11
    -0.001414471655329    -0.001232760172588    -0.000673079617032
    -0.001086166918619    -0.001624826814059     0.001229047367095
     0.000851567208365    -0.000047996283699     0.001942927154195
53 12
     0.000502514455782    -0.001171986363064    -0.001008010172588
    -0.001155740331318     0.000433472789116    -0.001090899061476
    -0.000881768109095    -0.001071883188461     0.000468802154195
53 13
    -0.001120920068027     0.000300059271857     0.000545553319476
    -0.000249861363064    -0.001274878401361     0.000417664430587
     0.000532753716301    -0.000315057791635    -0.001218447845805
53 14
    -0.001985545068027     0.003912491811539     0.004513243795666
     0.003490015621063    -0.002606076814059    -0.003782012156715
     0.004562864827412    -0.004057260172588    -0.005502965702948
53 15
     0.003289020408163    -0.000900063744016     0.000731731890905
     0.000561960065508    -0.000350011337868    -0.001081524061476
    -0.000623768109095    -0.000967518109095    -0.000413223639456
53 16
     0.004663857709751     0.000718714033762    -0.002822706601159
     0.000328331097254     0.004201304138322     0.002946676335349
    -0.002452869299572     0.003247801335349     0.001188371598639
53 17
    -0.028963481575964    -0.017484583585286     0.032551561255984
     0.016792698160746     0.030284635487528    -0.016959331601159
     0.032227398557571     0.016907628716301    -0.028819092687075
53 18
    -0.190560620464853    -0.033298018109095     0.032998985859158
    -0.033266321680524    -0.185678868480726     0.034767638636936
     0.033712225938524     0.035559702129000    -0.189911721655329
53 19
    -0.029228346655329    -0.031152829617032     0.017934239827412
    -0.031044246283699    -0.028527743480726     0.018243910462333
    -0.016182978426556    -0.015504984378937     0.029816843820862
53 20
     0.001795704931973    -0.003036631204334    -0.002396633188461
    -0.002561073664651     0.004531988662132    -0.000008978426556
    -0.002694545886873    -0.000304418902746     0.004939343820862
53 21
    -0.000602354591837    -0.000025268109095     0.000102686255984
    -0.000067206601159    -0.000883269274376     0.000134013636936
     0.000106273557571     0.000398194192492    -0.000989340702948
53 22
    -0.003358985544218     0.004590739827412     0.005030888636936
     0.004573418398841    -0.006887243480726    -0.004266226442429
     0.004691448160746    -0.004276930807508    -0.003209731575964
53 23
     0.001714579931973     0.001064303319476    -0.000330565728143
    -0.000114934775762    -0.001927743480726    -0.001842276045603
     0.000823577129000    -0.001493117315445    -0.000714707766440
53 24
    -0.189781638321995     0.034024829113127    -0.039955295886873
     0.032222376732174    -0.189241348639456     0.038215450144873
    -0.038093309775762     0.034971418398841    -0.191598428004535
53 25
    -0.027979753401361     0.017226511652809    -0.031459238347191
    -0.016788825648778     0.030861439058957    -0.016313232394810
    -0.030929137156715     0.016497735859158    -0.028772265306122
53 26
     0.003641216836735    -0.001051337553540     0.002223162446460
    -0.000517982394810     0.003532976757370     0.002464729906778
     0.002210831097254     0.003078073160746     0.001486397392290
53 27
    -0.001839207766440     0.002299013636936     0.001418513636936
     0.001443462049635    -0.001647487528345     0.000692551335349
    -0.000209474458302    -0.001007480410683     0.001480308106576
53 28
    -0.002000608560091    -0.005232278029730    -0.002996416918619
    -0.004591698664651    -0.006495285147392    -0.003995787950365
    -0.003551897077349    -0.004124109378937    -0.002444485544218
53 29
    -0.001530128401361     0.000105803319476    -0.000083440728143
     0.000336670382968     0.008680544217687     0.000105803319476
    -0.000165266124969     0.000336670382968    -0.001530128401361
53 30
     0.001564891439909     0.002105708081381     0.002631096970270
     0.002198039430587     0.004433468820862     0.000135297367095
     0.002453739827412    -0.000196319696397     0.003662510487528
53 31
     0.002724996598639    -0.000703190728143    -0.000192571680524
     0.000619045382968    -0.000911549036281     0.001431077129000
     0.001282608875031     0.001376521573444    -0.000890785147392
53 32
     0.000930210884354     0.001312432287730    -0.000808817712270
     0.001339112843285     0.000949450963719     0.001171287446460
    -0.000872573664651     0.001121880700428     0.001040121598639
53 33
    -0.000235457766440    -0.000802825648778     0.001476549351222
     0.000709065224238     0.002981486678005     0.001072305303603
     0.001572753716301    -0.000369976442429    -0.000326842687075
53 34
    -0.001902229591837    -0.003496097474175     0.004814027525825
    -0.003861357394810    -0.002060451814059     0.004708360859158
     0.004428581097254     0.004596454113127    -0.006286031179138
53 35
    -0.027740987528345    -0.031673855410683    -0.016563480410683
    -0.030851744299572    -0.028336886337868    -0.016450569696397
     0.017371069192492     0.017387773557571     0.030064159297052
53 36
     0.004002413265306    -0.002366220490048    -0.000132855410683
    -0.001991744299572     0.000663222789116    -0.002200895093222
    -0.000803547871000    -0.001147274061476     0.003435528344671
53 37
    -0.001776086734694    -0.000446145093222    -0.000247458585286
     0.000037694192492    -0.001799003401361     0.000133358875031
    -0.000211609378937     0.000261896573444    -0.001670656179138
53 38
    -0.006863586734694     0.004835394589317     0.004932404509952
     0.003949263636936    -0.003389267290249    -0.003285617315445
     0.004073194192492    -0.003498301839254    -0.002967731575964
53 39
     0.029132788265306     0.015830041414714     0.017976979906778
    -0.010972547871000    -0.032420201814059    -0.028735696680524
    -0.013690617315445    -0.033441047871000    -0.027591582766440
53 40
    -0.003723941893424     0.003330727922651    -0.004820543902746
     0.003895852922651    -0.002871045068027     0.004812948160746
    -0.004129206601159     0.003840690224238    -0.006633928004535
53 41
    -0.000523404195011     0.000691650541698    -0.001639226442429
    -0.000873714537667     0.002722339852608     0.000937630700428
    -0.001396764140842    -0.000550762156715    -0.000575390306122
53 42
     0.001195871598639    -0.001367222474175     0.001167343002016
    -0.001506129220207     0.001277734693878     0.001705452129000
     0.001218640621063     0.001561727922651     0.001409889455782
53 43
    -0.000911549036281     0.001376521573444    -0.000703190728143
     0.001431077129000    -0.000890785147392    -0.000192571680524
     0.000619045382968     0.001282608875031     0.002724996598639
53 44
    -0.007500491496599    -0.004283381204334    -0.004825139140842
    -0.004827313744016    -0.002802564909297    -0.003609343505921
    -0.004815176839254    -0.003551918902746    -0.003798977607710
53 45
     0.009667419217687    -0.001003061759889    -0.000977317712270
    -0.000045337553540    -0.000305989512472    -0.000536367315445
     0.000093019589317    -0.001030349458302    -0.001474316893424
53 46
     0.004465125566893     0.002101515621063     0.001246428319476
     0.002096731890905     0.001958109693878    -0.002150658982111
     0.001051305303603    -0.001934010172588     0.004174635487528
53 47
     0.028962857709751    -0.016434478426556     0.016773833081381
     0.016773833081381    -0.027968910147392     0.030236797367095
    -0.016434478426556     0.031016983875031    -0.027968910147392
53 48
    -0.003054566893424     0.003794581097254    -0.004263772077349
     0.003248604906778    -0.007401973639456     0.004105471970270
    -0.003392083585286     0.005245791414714    -0.002677749433107
53 49
    -0.028676779195011    -0.017100476442429    -0.030298849458302
     0.017335422367095     0.030006189058957     0.018106144589317
    -0.031954776045603    -0.017193151045603    -0.028703114512472
53 50
     0.002120871598639    -0.003301781997984     0.002330027525825
    -0.003079797871000     0.004425093820862     0.000500009668682
     0.002486309271857     0.000818920382968     0.004091155328798
53 51
    -0.029610299036281     0.032160809271857     0.018135646573444
     0.032850606890905    -0.029610299036281    -0.017003234378937
    -0.017003234378937     0.018135646573444     0.030124135487528
53 52
    -0.199174749433107    -0.041221071680524    -0.044571734378937
    -0.047074008188461    -0.196349910147392    -0.041364728426556
    -0.045984829617032    -0.041761815728143    -0.196066594671202
53 53
     0.890761357709751    -0.000953041918619    -0.009484978426556
    -0.000953041918619     0.894523794217686     0.010435140621063
    -0.009484978426556     0.010435140621063     0.891131885487528
53 54
     0.003682383503401     0.000058235859158     0.001903868795666
     0.000165134668682     0.004085101757370    -0.002018387156715
     0.002129999748047    -0.002785125251953     0.001178605725624
53 55
     0.030402544217687     0.011599182287730    -0.011406811759889
    -0.018344543902746    -0.026280487528345     0.027947682287730
     0.018930100938524     0.028040975938524    -0.027785818877551
53 56
     0.001930710884354     0.002289011652809    -0.002644363347191
     0.002296035462333     0.004642429138322     0.000759505700428
    -0.002274776045603     0.000692348954397     0.004642724773243
53 57
    -0.027693666099773     0.016521469986143     0.031379969986143
    -0.017380006204334     0.030163677154195     0.017452714033762
     0.031290557287730    -0.016187192712270    -0.027911527210884
53 58
    -0.002464628401361    -0.004612528029730     0.003612971970270
    -0.004436117315445    -0.006220965702948     0.004579898557571
     0.003649946176619     0.004778366811539    -0.002152795068027
53 59
    -0.000742773242630    -0.001416718505921     0.000901906494079
    -0.001470299855127    -0.000803856575964    -0.000285230410683
    -0.000503486363064     0.001102237843285     0.002776189058957
53 60
     0.004568316043084    -0.000505516124969    -0.002228345490048
    -0.000409754220207     0.004196089852608    -0.001906908982111
    -0.002514883188461    -0.002088553823381     0.001503704931973
53 61
    -0.001376324829932    -0.000130323664651     0.000103275541698
    -0.000063194696397    -0.001641929988662     0.000151525541698
     0.000157362843285     0.000262388636936    -0.001067435941043
53 62
    -0.202457058956916     0.048839029509952     0.048743233875031
     0.047991428319476    -0.202590590702948    -0.048599522077349
     0.048797934271857    -0.049232315728143    -0.201765239512472
53 63
     0.030919550170068    -0.017463099458302    -0.017190573664651
     0.017642674351222    -0.029385981575964    -0.032083454617032
     0.017887493795666    -0.032065006204334    -0.029624009353741
54 1
    -0.041278791099773    -0.054677403029730     0.012083023557571
    -0.054677403029730    -0.041278791099773     0.012083023557571
     0.035262104906778     0.035262104906778     0.010145292233560
54 2
    -0.002282525226757     0.000071269589317     0.001206071176619
     0.001010999748047     0.002188881519274     0.001129283478206
     0.002289382684555    -0.000990635172588     0.000090839852608
54 3
     0.000442831916100     0.001122735859158    -0.001362837553540
     0.000781204113127     0.000896980725624     0.001010799351222
    -0.001884287950365     0.001374005700428     0.001093939058957
54 4
     0.002188881519274     0.001010999748047     0.001129283478206
     0.000071269589317    -0.002282525226757     0.001206071176619
    -0.000990635172588     0.002289382684555     0.000090839852608
54 5
     0.000896980725624     0.000781204113127     0.001010799351222
     0.001122735859158     0.000442831916100    -0.001362837553540
     0.001374005700428    -0.001884287950365     0.001093939058957
54 6
    -0.004158868480726    -0.001173643109095     0.000256801335349
    -0.001173643109095    -0.004158868480726     0.000256801335349
    -0.001310222474175    -0.001310222474175     0.003259433106576
54 7
    -0.001637519274376    -0.002465752236080    -0.004856619299572
    -0.002465752236080    -0.001637519274376    -0.004856619299572
    -0.005476381204334    -0.005476381204334    -0.005061459750567
54 8
    -0.000973991496599     0.000669344986143    -0.000766807791635
     0.000669344986143    -0.000973991496599    -0.000766807791635
     0.000766616811539     0.000766616811539     0.001899570011338
54 9
     0.001021044217687    -0.001583637156715     0.001033019589317
    -0.001583637156715     0.001021044217687     0.001033019589317
     0.001129858875031     0.001129858875031     0.001321151360544
54 10
    -0.000536219671202     0.000275287446460    -0.001035164934492
    -0.000302309775762     0.001525665249433     0.001254968002016
    -0.001812285966238     0.000411204113127    -0.002367477607710
54 11
    -0.002298945861678     0.002530041414714    -0.004882726442429
     0.002109360859158    -0.002919269274376     0.004644156494079
    -0.004155460569413     0.003673975938524    -0.007439727607710
54 12
     0.001525665249433    -0.000302309775762     0.001254968002016
     0.000275287446460    -0.000536219671202    -0.001035164934492
     0.000411204113127    -0.001812285966238    -0.002367477607710
54 13
    -0.002919269274376     0.002109360859158     0.004644156494079
     0.002530041414714    -0.002298945861678    -0.004882726442429
     0.003673975938524    -0.004155460569413    -0.007439727607710
54 14
    -0.000622894274376    -0.000306706601159    -0.000166653029730
    -0.000306706601159    -0.000622894274376    -0.000166653029730
     0.000053337049635     0.000053337049635    -0.000580370464853
54 15
     0.001063046201814    -0.001530012156715    -0.001486414934492
    -0.001530012156715     0.001063046201814    -0.001486414934492
    -0.001374420886873    -0.001374420886873     0.001111871598639
54 16
    -0.028397491496599     0.031882015621063     0.016687271573444
     0.031125108875031    -0.028419263321995    -0.016633214537667
    -0.016674397077349     0.016177023557571     0.030941966836735
54 17
     0.001579919217687    -0.003836656997984     0.001950164430587
    -0.003145524061476     0.004023068027211     0.001014027525825
     0.002080245779793    -0.000292149061476     0.003862502551020
54 18
    -0.031233219671202    -0.018680966521794    -0.035150535966238
     0.017718581097254     0.029065064058957     0.015354497763920
    -0.031229801839254    -0.017250575648778    -0.026995626417234
54 19
    -0.003496445861678     0.003742471970270    -0.003297406997984
     0.003322781494079    -0.008540435941043     0.004082019589317
    -0.002625631204334     0.003696612843285    -0.001531935941043
54 20
     0.003224605725624     0.000507795382968    -0.000926530013857
    -0.000980670886873    -0.001127578798186    -0.001602119299572
     0.001030801335349    -0.001269821680524     0.000239439058957
54 21
    -0.002320453798186     0.003764783478206     0.003299039430587
     0.004160446176619    -0.006406711734694    -0.004653377236080
     0.003460620779793    -0.004646583585286    -0.002172495464853
54 22
    -0.003740959750567    -0.000432083585286    -0.000094383188461
    -0.000278053823381    -0.002188685941043    -0.000091867315445
     0.000162670382968    -0.000431833585286    -0.003156886337868
54 23
     0.001578855725624    -0.002979770093222    -0.002088337553540
    -0.002187656997984     0.002860814058957     0.000031583081381
    -0.002044950648778    -0.000624770093222     0.003594762471655
54 24
    -0.000514987528345    -0.002120619299572     0.000704432287730
    -0.002248095490048    -0.000971791099773    -0.000911190728143
    -0.000036337553540     0.000907515621063     0.002329542233560
54 25
    -0.002224852607710    -0.004929061759889     0.003625114827412
    -0.005626047871000    -0.006496628401361     0.005349876732174
     0.004090585065508     0.003821583081381    -0.001374045068027
54 26
    -0.029054882369615     0.017041964033762     0.029380265621063
    -0.016454954617032     0.031141409297052     0.017041964033762
     0.029900928319476    -0.016454954617032    -0.029054882369615
54 27
     0.001532568027211    -0.000807934775762    -0.004434758188461
     0.004308489827412     0.000636570011338    -0.002371214537667
    -0.005664502236080     0.004908116811539     0.006241903344671
54 28
     0.002668292233560    -0.000560851442429    -0.001041938744016
     0.000565954113127    -0.000621727607710     0.001437446176619
     0.000521825144873     0.001951237843285    -0.000340640306122
54 29
     0.001486397392290     0.002464729906778     0.002223162446460
     0.003078073160746     0.003532976757370    -0.001051337553540
     0.002210831097254    -0.000517982394810     0.003641216836735
54 30
    -0.003127082766440     0.000054884668682    -0.000783799855127
    -0.000106182791635     0.009892776360544    -0.000856468505921
    -0.001281037950365     0.000400652525825    -0.003372894274376
54 31
    -0.003798977607710    -0.004825139140842    -0.003609343505921
    -0.004815176839254    -0.007500491496599    -0.004827313744016
    -0.003551918902746    -0.004283381204334    -0.002802564909297
54 32
    -0.028419263321995     0.031125108875031    -0.016633214537667
     0.031882015621063    -0.028397491496599     0.016687271573444
     0.016177023557571    -0.016674397077349     0.030941966836735
54 33
     0.004023068027211    -0.003145524061476     0.001014027525825
    -0.003836656997984     0.001579919217687     0.001950164430587
    -0.000292149061476     0.002080245779793     0.003862502551020
54 34
    -0.001127578798186    -0.000980670886873    -0.001602119299572
     0.000507795382968     0.003224605725624    -0.000926530013857
    -0.001269821680524     0.001030801335349     0.000239439058957
54 35
    -0.006406711734694     0.004160446176619    -0.004653377236080
     0.003764783478206    -0.002320453798186     0.003299039430587
    -0.004646583585286     0.003460620779793    -0.002172495464853
54 36
     0.029065064058957     0.017718581097254     0.015354497763920
    -0.018680966521794    -0.031233219671202    -0.035150535966238
    -0.017250575648778    -0.031229801839254    -0.026995626417234
54 37
    -0.008540435941043     0.003322781494079     0.004082019589317
     0.003742471970270    -0.003496445861678    -0.003297406997984
     0.003696612843285    -0.002625631204334    -0.001531935941043
54 38
    -0.002188685941043    -0.000278053823381    -0.000091867315445
    -0.000432083585286    -0.003740959750567    -0.000094383188461
    -0.000431833585286     0.000162670382968    -0.003156886337868
54 39
     0.002860814058957    -0.002187656997984     0.000031583081381
    -0.002979770093222     0.001578855725624    -0.002088337553540
    -0.000624770093222    -0.002044950648778     0.003594762471655
54 40
    -0.000971791099773    -0.002248095490048    -0.000911190728143
    -0.002120619299572    -0.000514987528345     0.000704432287730
     0.000907515621063    -0.000036337553540     0.002329542233560
54 41
    -0.006496628401361    -0.005626047871000     0.005349876732174
    -0.004929061759889    -0.002224852607710     0.003625114827412
     0.003821583081381     0.004090585065508    -0.001374045068027
54 42
    -0.000621727607710     0.000565954113127     0.001437446176619
    -0.000560851442429     0.002668292233560    -0.001041938744016
     0.001951237843285     0.000521825144873    -0.000340640306122
54 43
     0.003532976757370     0.003078073160746    -0.001051337553540
     0.002464729906778     0.001486397392290     0.002223162446460
    -0.000517982394810     0.002210831097254     0.003641216836735
54 44
     0.031141409297052    -0.016454954617032     0.017041964033762
     0.017041964033762    -0.029054882369615     0.029380265621063
    -0.016454954617032     0.029900928319476    -0.029054882369615
54 45
     0.000636570011338     0.004308489827412    -0.002371214537667
    -0.000807934775762     0.001532568027211    -0.004434758188461
     0.004908116811539    -0.005664502236080     0.006241903344671
54 46
     0.009892776360544    -0.000106182791635    -0.000856468505921
     0.000054884668682    -0.003127082766440    -0.000783799855127
     0.000400652525825    -0.001281037950365    -0.003372894274376
54 47
    -0.007500491496599    -0.004815176839254    -0.004827313744016
    -0.004825139140842    -0.003798977607710    -0.003609343505921
    -0.004283381204334    -0.003551918902746    -0.002802564909297
54 48
    -0.032829666099773    -0.037343492315445     0.017442081097254
    -0.037343492315445    -0.032829666099773     0.017442081097254
    -0.016582361363064    -0.016582361363064     0.032387970804989
54 49
    -0.204319503401361    -0.050273799855127     0.052902628716301
    -0.050273799855127    -0.204319503401361     0.052902628716301
     0.053300321176619     0.053300321176619    -0.210413644274376
54 50
    -0.032983602607710    -0.016382480410683     0.032062380700428
     0.015786854906778     0.031657776360544    -0.017995881204334
     0.032529656494079     0.017392267605190    -0.030276374433107
54 51
     0.004085101757370     0.000058235859158    -0.002785125251953
     0.000165134668682     0.003682383503401     0.002129999748047
    -0.002018387156715     0.001903868795666     0.001178605725624
54 52
     0.031657776360544     0.015786854906778    -0.017995881204334
    -0.016382480410683    -0.032983602607710     0.032062380700428
     0.017392267605190     0.032529656494079    -0.030276374433107
54 53
     0.003682383503401     0.000165134668682     0.002129999748047
     0.000058235859158     0.004085101757370    -0.002785125251953
     0.001903868795666    -0.002018387156715     0.001178605725624
54 54
     0.935286909297052     0.045962412446460    -0.003606778029730
     0.045962412446460     0.935286909297052    -0.003606778029730
    -0.003606778029730    -0.003606778029730     0.932606575963719
54 55
    -0.191036179988662    -0.032954641124968    -0.058452458585286
    -0.032954641124968    -0.191036179988662    -0.058452458585286
    -0.062130176839254    -0.062130176839254    -0.207184598639456
54 56
    -0.000444138321995     0.000807313240111     0.000728614827412
     0.000807313240111    -0.000444138321995     0.000728614827412
    -0.000672428823381    -0.000672428823381     0.003227195011338
54 57
     0.004343609693878    -0.001319728426556     0.002657698160746
    -0.001319728426556     0.004343609693878     0.002657698160746
     0.002444404509952     0.002444404509952     0.001770943027211
54 58
    -0.030144602607710     0.018213398557571    -0.032760799855127
    -0.017474964537667     0.031116591836735    -0.017086242315445
    -0.032676581601159     0.018058464033762    -0.029339074829932
54 59
    -0.197134497448980     0.039014583081381    -0.041036615331318
     0.042104602922651    -0.196353799036281     0.042823378716301
    -0.040722389140842     0.040765210065508    -0.194889340702948
54 60
     0.031116591836735    -0.017474964537667    -0.017086242315445
     0.018213398557571    -0.030144602607710    -0.032760799855127
     0.018058464033762    -0.032676581601159    -0.029339074829932
54 61
    -0.196353799036281     0.042104602922651     0.042823378716301
     0.039014583081381    -0.197134497448980    -0.041036615331318
     0.040765210065508    -0.040722389140842    -0.194889340702948
54 62
    -0.002233158163265    -0.000463293902746    -0.000028787950365
    -0.000463293902746    -0.002233158163265    -0.000028787950365
     0.000045531494079     0.000045531494079    -0.001850769274376
54 63
     0.003836700963719    -0.001153547871000    -0.002810720490048
    -0.001153547871000     0.003836700963719    -0.002810720490048
    -0.002428033982111    -0.002428033982111     0.001159335884354
55 1
    -0.227508505385488    -0.024514581601159     0.113600874748047
    -0.024514581601159    -0.227508505385488     0.113600874748047
     0.058928174351222     0.058928174351222    -0.184658257369615
55 2
     0.001680260487528     0.002364841017889    -0.001558702632905
    -0.000585178823381     0.001253792233560     0.000644509668682
     0.000018452129000     0.000945184271857     0.000894790249433
55 3
    -0.001369007369615     0.000274182287730     0.001280888636936
    -0.000063849458302     0.001076266439909    -0.001104599458302
     0.002136281494079     0.001340700144873    -0.001345610544218
55 4
     0.001253792233560    -0.000585178823381     0.000644509668682
     0.002364841017889     0.001680260487528    -0.001558702632905
     0.000945184271857     0.000018452129000     0.000894790249433
55 5
     0.001076266439909    -0.000063849458302    -0.001104599458302
     0.000274182287730    -0.001369007369615     0.001280888636936
     0.001340700144873     0.002136281494079    -0.001345610544218
55 6
    -0.001539832766440    -0.000977946680524     0.000884027525825
    -0.000977946680524    -0.001539832766440     0.000884027525825
    -0.001041653029730    -0.001041653029730     0.001871883503401
55 7
    -0.000771608560091     0.001365694192492    -0.002622893109095
     0.001365694192492    -0.000771608560091    -0.002622893109095
     0.002771688240111     0.002771688240111     0.007240990646259
55 8
     0.003555919217687    -0.000772833585286     0.003185543398841
    -0.000772833585286     0.003555919217687     0.003185543398841
     0.003433311255984     0.003433311255984    -0.000176604591837
55 9
    -0.000570295068027     0.001913434271857     0.001032370779793
     0.001913434271857    -0.000570295068027     0.001032370779793
    -0.000682696680524    -0.000682696680524     0.001357976757370
55 10
    -0.007141183956916     0.003360983875031    -0.002919438744016
     0.005246886652809    -0.006154424036281     0.005471194192492
    -0.002953841521794     0.001278398557571    -0.000363277210884
55 11
    -0.000786160147392    -0.001233637156715    -0.001466000251953
     0.001950932287730     0.000627266439909     0.000022507684555
    -0.000375016124969     0.001728295382968    -0.001256777210884
55 12
    -0.006154424036281     0.005246886652809     0.005471194192492
     0.003360983875031    -0.007141183956916    -0.002919438744016
     0.001278398557571    -0.002953841521794    -0.000363277210884
55 13
     0.000627266439909     0.001950932287730     0.000022507684555
    -0.001233637156715    -0.000786160147392    -0.001466000251953
     0.001728295382968    -0.000375016124969    -0.001256777210884
55 14
     0.000970391439909    -0.001327885172588    -0.001139926839254
    -0.001327885172588     0.000970391439909    -0.001139926839254
    -0.001263843505921    -0.001263843505921     0.001750579931973
55 15
    -0.000616543083900    -0.000128315728143     0.000191561255984
    -0.000128315728143    -0.000616543083900     0.000191561255984
     0.000188898557571     0.000188898557571    -0.000390803004535
55 16
     0.003418794217687    -0.002509537950365     0.000241497763920
    -0.002410569696397     0.000914897392290     0.002526886652809
     0.000123047367095     0.003128843002016     0.003779042233560
55 17
    -0.029724170068027     0.033570289430587    -0.017614359378937
     0.034517922367095    -0.029942521258503     0.016095378716301
     0.015245315224238    -0.015501829617032     0.033242827947846
55 18
    -0.202535683956916     0.035283354906778    -0.036895934775762
     0.042355777525825    -0.182658900226757     0.027148848954397
    -0.045239232394810     0.028744868795666    -0.183904926020408
55 19
    -0.030362910147392     0.018435543398841    -0.032175430807508
    -0.017853897077349     0.031202974773243    -0.016166629220207
    -0.031944561759889     0.016191182287730    -0.030345110544218
55 20
    -0.002753983560091     0.002917866811539     0.004613446176619
     0.002937025541698    -0.002590543083900    -0.004286643109095
     0.005601245779793    -0.005930877236080    -0.006980985544218
55 21
     0.002546581916100    -0.001118645093222     0.000857140621063
     0.000623892605190    -0.001270051020408    -0.001773526045603
    -0.001008684775762    -0.001567764140842    -0.000812045068027
55 22
    -0.000044174036281    -0.001327887156715    -0.001654531997984
    -0.001375357394810     0.002081974773243    -0.000212516124969
    -0.002474510172588    -0.000625264140842     0.005123314058957
55 23
    -0.004364358560091     0.001018426335349     0.000130763636936
    -0.000875585569413    -0.001792275226757    -0.000529565728143
     0.001401493795666    -0.000780575648778    -0.001431412131519
55 24
    -0.007607201814059    -0.004927547871000     0.003779658478206
    -0.002912899061476    -0.003313880385488     0.001344660462333
     0.002213231890905     0.001852835065508    -0.001240257369615
55 25
    -0.002169691893424    -0.002384615331318    -0.001628533982111
    -0.002335851442429    -0.001840842687075    -0.000656397077349
     0.002969904509952     0.000428777525825     0.002541780328798
55 26
     0.006241903344671    -0.002371214537667    -0.004434758188461
     0.004908116811539     0.000636570011338    -0.000807934775762
    -0.005664502236080     0.004308489827412     0.001532568027211
55 27
    -0.038260021258503    -0.026012113347191     0.027360718002016
     0.006252061255984     0.027816980725624    -0.026012113347191
     0.042816567208365     0.006252061255984    -0.038260021258503
55 28
     0.000057202947846     0.001136469986143     0.001104787446460
     0.000813275541698     0.000329683106576    -0.001730827632905
     0.000607644589317    -0.001143317712270     0.000918060090703
55 29
     0.001480308106576     0.000692551335349     0.001418513636936
    -0.001007480410683    -0.001647487528345     0.002299013636936
    -0.000209474458302     0.001443462049635    -0.001839207766440
55 30
    -0.002406922052154    -0.004086543902746    -0.003316198664651
    -0.004887736363064    -0.007210562925170    -0.004565492315445
    -0.002264343505921    -0.003573028029730    -0.003793318877551
55 31
    -0.001474316893424    -0.000977317712270    -0.000536367315445
     0.000093019589317     0.009667419217687    -0.000045337553540
    -0.001030349458302    -0.001003061759889    -0.000305989512472
55 32
     0.000914897392290    -0.002410569696397     0.002526886652809
    -0.002509537950365     0.003418794217687     0.000241497763920
     0.003128843002016     0.000123047367095     0.003779042233560
55 33
    -0.029942521258503     0.034517922367095     0.016095378716301
     0.033570289430587    -0.029724170068027    -0.017614359378937
    -0.015501829617032     0.015245315224238     0.033242827947846
55 34
    -0.002590543083900     0.002937025541698    -0.004286643109095
     0.002917866811539    -0.002753983560091     0.004613446176619
    -0.005930877236080     0.005601245779793    -0.006980985544218
55 35
    -0.001270051020408     0.000623892605190    -0.001773526045603
    -0.001118645093222     0.002546581916100     0.000857140621063
    -0.001567764140842    -0.001008684775762    -0.000812045068027
55 36
    -0.182658900226757     0.042355777525825     0.027148848954397
     0.035283354906778    -0.202535683956916    -0.036895934775762
     0.028744868795666    -0.045239232394810    -0.183904926020408
55 37
     0.031202974773243    -0.017853897077349    -0.016166629220207
     0.018435543398841    -0.030362910147392    -0.032175430807508
     0.016191182287730    -0.031944561759889    -0.030345110544218
55 38
     0.002081974773243    -0.001375357394810    -0.000212516124969
    -0.001327887156715    -0.000044174036281    -0.001654531997984
    -0.000625264140842    -0.002474510172588     0.005123314058957
55 39
    -0.001792275226757    -0.000875585569413    -0.000529565728143
     0.001018426335349    -0.004364358560091     0.000130763636936
    -0.000780575648778     0.001401493795666    -0.001431412131519
55 40
    -0.003313880385488    -0.002912899061476     0.001344660462333
    -0.004927547871000    -0.007607201814059     0.003779658478206
     0.001852835065508     0.002213231890905    -0.001240257369615
55 41
    -0.001840842687075    -0.002335851442429    -0.000656397077349
    -0.002384615331318    -0.002169691893424    -0.001628533982111
     0.000428777525825     0.002969904509952     0.002541780328798
55 42
     0.000329683106576     0.000813275541698    -0.001730827632905
     0.001136469986143     0.000057202947846     0.001104787446460
    -0.001143317712270     0.000607644589317     0.000918060090703
55 43
    -0.001647487528345    -0.001007480410683     0.002299013636936
     0.000692551335349     0.001480308106576     0.001418513636936
     0.001443462049635    -0.000209474458302    -0.001839207766440
55 44
     0.000636570011338     0.004908116811539    -0.000807934775762
    -0.002371214537667     0.006241903344671    -0.004434758188461
     0.004308489827412    -0.005664502236080     0.001532568027211
55 45
     0.027816980725624     0.006252061255984    -0.026012113347191
    -0.026012113347191    -0.038260021258503     0.027360718002016
     0.006252061255984     0.042816567208365    -0.038260021258503
55 46
    -0.007210562925170    -0.004887736363064    -0.004565492315445
    -0.004086543902746    -0.002406922052154    -0.003316198664651
    -0.003573028029730    -0.002264343505921    -0.003793318877551
55 47
     0.009667419217687     0.000093019589317    -0.000045337553540
    -0.000977317712270    -0.001474316893424    -0.000536367315445
    -0.001003061759889    -0.001030349458302    -0.000305989512472
55 48
    -0.001062880385488    -0.001808545886873     0.001839057287730
    -0.001808545886873    -0.001062880385488     0.001839057287730
     0.004788458081381     0.004788458081381    -0.004659828798186
55 49
    -0.026818592687075    -0.029914103426556    -0.007765145093222
    -0.029914103426556    -0.026818592687075    -0.007765145093222
     0.021112015621063     0.021112015621063     0.028659306122449
55 50
     0.000484433106576     0.002021216017889    -0.001664768109095
     0.002672301335349     0.003904312074830     0.000743344986143
    -0.002376024061476     0.000032962049635     0.004355075963719
55 51
    -0.026280487528345     0.011599182287730     0.028040975938524
    -0.018344543902746     0.030402544217687     0.018930100938524
     0.027947682287730    -0.011406811759889    -0.027785818877551
55 52
     0.003904312074830     0.002672301335349     0.000743344986143
     0.002021216017889     0.000484433106576    -0.001664768109095
     0.000032962049635    -0.002376024061476     0.004355075963719
55 53
     0.030402544217687    -0.018344543902746     0.018930100938524
     0.011599182287730    -0.026280487528345     0.028040975938524
    -0.011406811759889     0.027947682287730    -0.027785818877551
55 54
    -0.191036179988662    -0.032954641124968    -0.062130176839254
    -0.032954641124968    -0.191036179988662    -0.062130176839254
    -0.058452458585286    -0.058452458585286    -0.207184598639456
55 55
     0.924618730725623    -0.033819944696397    -0.008767982394810
    -0.033819944696397     0.924618730725624    -0.008767982394810
    -0.008767982394810    -0.008767982394810     0.914646726757369
55 56
     0.000906647392290    -0.001417490331318     0.001224966017889
    -0.001417490331318     0.000906647392290     0.001224966017889
     0.001348140621063     0.001348140621063     0.001081020408163
55 57
    -0.000879104591837     0.001687468002016    -0.000910450648778
     0.001687468002016    -0.000879104591837    -0.000910450648778
     0.001106973954397     0.001106973954397     0.002876768424036
55 58
    -0.003489691893424     0.003397969986143    -0.003087573664651
     0.004499731890905    -0.008326122448980     0.004700358875031
    -0.003798387156715     0.004845783478206    -0.003576374433107
55 59
    -0.032675961734694    -0.015479720490048    -0.035474389140842
     0.015005174351222     0.032217486678005     0.015871229906778
    -0.033871569696397    -0.019620845490048    -0.028801140306122
55 60
    -0.008326122448980     0.004499731890905     0.004700358875031
     0.003397969986143    -0.003489691893424    -0.003087573664651
     0.004845783478206    -0.003798387156715    -0.003576374433107
55 61
     0.032217486678005     0.015005174351222     0.015871229906778
    -0.015479720490048    -0.032675961734694    -0.035474389140842
    -0.019620845490048    -0.033871569696397    -0.028801140306122
55 62
     0.004841377551020    -0.000466222474175    -0.001880186759889
    -0.000466222474175     0.004841377551020    -0.001880186759889
    -0.002986149061476    -0.002986149061476     0.000238681122449
55 63
    -0.001937638321995     0.000268648557571     0.000950505700428
     0.000268648557571    -0.001937638321995     0.000950505700428
     0.000278285462333     0.000278285462333    -0.003344213718821
56 1
    -0.000510338718821    -0.000155252236080    -0.000155252236080
    -0.000155252236080    -0.000510338718821    -0.000155252236080
    -0.000155252236080    -0.000155252236080    -0.000510338718821
56 2
     0.003090302154195    -0.000670454617032    -0.000670454617032
     0.001003525541698    -0.000946291099773     0.001382382684555
     0.001003525541698     0.001382382684555    -0.000946291099773
56 3
     0.002257284297052     0.002483761652809     0.002483761652809
     0.002244354906778     0.005594683106576    -0.000370726442429
     0.002244354906778    -0.000370726442429     0.005594683106576
56 4
    -0.000946291099773     0.001003525541698     0.001382382684555
    -0.000670454617032     0.003090302154195    -0.000670454617032
     0.001382382684555     0.001003525541698    -0.000946291099773
56 5
     0.005594683106576     0.002244354906778    -0.000370726442429
     0.002483761652809     0.002257284297052     0.002483761652809
    -0.000370726442429     0.002244354906778     0.005594683106576
56 6
    -0.000946291099773     0.001382382684555     0.001003525541698
     0.001382382684555    -0.000946291099773     0.001003525541698
    -0.000670454617032    -0.000670454617032     0.003090302154195
56 7
     0.005594683106576    -0.000370726442429     0.002244354906778
    -0.000370726442429     0.005594683106576     0.002244354906778
     0.002483761652809     0.002483761652809     0.002257284297052
56 8
    -0.001557539115646     0.000061120779793     0.000097416414714
     0.000061120779793    -0.001557539115646     0.000097416414714
     0.000018759668682     0.000018759668682     0.010115314058957
56 9
    -0.001613253401361    -0.003475486363064    -0.004734006204334
    -0.003475486363064    -0.001613253401361    -0.004734006204334
    -0.004425748267826    -0.004425748267826    -0.005958604591837
56 10
     0.002911982709751     0.000995688240111    -0.000621815728143
    -0.000605408982111    -0.000510632369615    -0.001134182791635
     0.000271106890905    -0.001293278029730    -0.000775608560091
56 11
    -0.002800243480726     0.004852942208365     0.002380997763920
     0.003986886652809    -0.005203441893424    -0.004702744299572
     0.003139807287730    -0.004222131204334    -0.002452108560091
56 12
    -0.000510632369615    -0.000605408982111    -0.001134182791635
     0.000995688240111     0.002911982709751    -0.000621815728143
    -0.001293278029730     0.000271106890905    -0.000775608560091
56 13
    -0.005203441893424     0.003986886652809    -0.004702744299572
     0.004852942208365    -0.002800243480726     0.002380997763920
    -0.004222131204334     0.003139807287730    -0.002452108560091
56 14
    -0.028816191893424    -0.032340055807508     0.016495446176619
    -0.032340055807508    -0.028816191893424     0.016495446176619
    -0.017711145093222    -0.017711145093222     0.031541498582766
56 15
    -0.199131126417233    -0.046314361363064     0.046051684271857
    -0.046314361363064    -0.199131126417233     0.046051684271857
     0.046309721970270     0.046309721970270    -0.199365134353741
56 16
    -0.001557539115646     0.000097416414714     0.000061120779793
     0.000018759668682     0.010115314058957     0.000018759668682
     0.000061120779793     0.000097416414714    -0.001557539115646
56 17
    -0.001613253401361    -0.004734006204334    -0.003475486363064
    -0.004425748267826    -0.005958604591837    -0.004425748267826
    -0.003475486363064    -0.004734006204334    -0.001613253401361
56 18
     0.002911982709751    -0.000621815728143     0.000995688240111
     0.000271106890905    -0.000775608560091    -0.001293278029730
    -0.000605408982111    -0.001134182791635    -0.000510632369615
56 19
    -0.002800243480726     0.002380997763920     0.004852942208365
     0.003139807287730    -0.002452108560091    -0.004222131204334
     0.003986886652809    -0.004702744299572    -0.005203441893424
56 20
    -0.028816191893424     0.016495446176619    -0.032340055807508
    -0.017711145093222     0.031541498582766    -0.017711145093222
    -0.032340055807508     0.016495446176619    -0.028816191893424
56 21
    -0.199131126417233     0.046051684271857    -0.046314361363064
     0.046309721970270    -0.199365134353741     0.046309721970270
    -0.046314361363064     0.046051684271857    -0.199131126417233
56 22
    -0.000510632369615    -0.001134182791635    -0.000605408982111
    -0.001293278029730    -0.000775608560091     0.000271106890905
     0.000995688240111    -0.000621815728143     0.002911982709751
56 23
    -0.005203441893424    -0.004702744299572     0.003986886652809
    -0.004222131204334    -0.002452108560091     0.003139807287730
     0.004852942208365     0.002380997763920    -0.002800243480726
56 24
    -0.001447785147392     0.000107281494079     0.000107281494079
    -0.000060819696397    -0.001720713718821    -0.000326716521794
    -0.000060819696397    -0.000326716521794    -0.001720713718821
56 25
     0.002234099773243    -0.002076160966238    -0.002076160966238
    -0.002500272077349     0.005174198979592    -0.000481024061476
    -0.002500272077349    -0.000481024061476     0.005174198979592
56 26
     0.003227195011338     0.000728614827412     0.000728614827412
    -0.000672428823381    -0.000444138321995     0.000807313240111
    -0.000672428823381     0.000807313240111    -0.000444138321995
56 27
     0.001081020408163     0.001224966017889     0.001224966017889
     0.001348140621063     0.000906647392290    -0.001417490331318
     0.001348140621063    -0.001417490331318     0.000906647392290
56 28
    -0.028337505385488    -0.016371200648778     0.032239035462333
     0.016292979906778     0.030676849773243    -0.016377829617032
     0.031656718002016     0.017136505700428    -0.028994896258503
56 29
     0.004642724773243     0.000759505700428    -0.002644363347191
     0.000692348954397     0.004642429138322     0.002289011652809
    -0.002274776045603     0.002296035462333     0.001930710884354
56 30
    -0.028337505385488     0.032239035462333    -0.016371200648778
     0.031656718002016    -0.028994896258503     0.017136505700428
     0.016292979906778    -0.016377829617032     0.030676849773243
56 31
     0.004642724773243    -0.002644363347191     0.000759505700428
    -0.002274776045603     0.001930710884354     0.002296035462333
     0.000692348954397     0.002289011652809     0.004642429138322
56 32
     0.010115314058957     0.000018759668682     0.000018759668682
     0.000097416414714    -0.001557539115646     0.000061120779793
     0.000097416414714     0.000061120779793    -0.001557539115646
56 33
    -0.005958604591837    -0.004425748267826    -0.004425748267826
    -0.004734006204334    -0.001613253401361    -0.003475486363064
    -0.004734006204334    -0.003475486363064    -0.001613253401361
56 34
     0.031541498582766    -0.017711145093222    -0.017711145093222
     0.016495446176619    -0.028816191893424    -0.032340055807508
     0.016495446176619    -0.032340055807508    -0.028816191893424
56 35
    -0.199365134353741     0.046309721970270     0.046309721970270
     0.046051684271857    -0.199131126417233    -0.046314361363064
     0.046051684271857    -0.046314361363064    -0.199131126417233
56 36
    -0.000775608560091     0.000271106890905    -0.001293278029730
    -0.000621815728143     0.002911982709751     0.000995688240111
    -0.001134182791635    -0.000605408982111    -0.000510632369615
56 37
    -0.002452108560091     0.003139807287730    -0.004222131204334
     0.002380997763920    -0.002800243480726     0.004852942208365
    -0.004702744299572     0.003986886652809    -0.005203441893424
56 38
    -0.000775608560091    -0.001293278029730     0.000271106890905
    -0.001134182791635    -0.000510632369615    -0.000605408982111
    -0.000621815728143     0.000995688240111     0.002911982709751
56 39
    -0.002452108560091    -0.004222131204334     0.003139807287730
    -0.004702744299572    -0.005203441893424     0.003986886652809
     0.002380997763920     0.004852942208365    -0.002800243480726
56 40
    -0.001720713718821    -0.000060819696397    -0.000326716521794
     0.000107281494079    -0.001447785147392     0.000107281494079
    -0.000326716521794    -0.000060819696397    -0.001720713718821
56 41
     0.005174198979592    -0.002500272077349    -0.000481024061476
    -0.002076160966238     0.002234099773243    -0.002076160966238
    -0.000481024061476    -0.002500272077349     0.005174198979592
56 42
     0.030676849773243     0.016292979906778    -0.016377829617032
    -0.016371200648778    -0.028337505385488     0.032239035462333
     0.017136505700428     0.031656718002016    -0.028994896258503
56 43
     0.004642429138322     0.000692348954397     0.002289011652809
     0.000759505700428     0.004642724773243    -0.002644363347191
     0.002296035462333    -0.002274776045603     0.001930710884354
56 44
    -0.000444138321995    -0.000672428823381     0.000807313240111
     0.000728614827412     0.003227195011338     0.000728614827412
     0.000807313240111    -0.000672428823381    -0.000444138321995
56 45
     0.000906647392290     0.001348140621063    -0.001417490331318
     0.001224966017889     0.001081020408163     0.001224966017889
    -0.001417490331318     0.001348140621063     0.000906647392290
56 46
    -0.028994896258503     0.031656718002016     0.017136505700428
     0.032239035462333    -0.028337505385488    -0.016371200648778
    -0.016377829617032     0.016292979906778     0.030676849773243
56 47
     0.001930710884354    -0.002274776045603     0.002296035462333
    -0.002644363347191     0.004642724773243     0.000759505700428
     0.002289011652809     0.000692348954397     0.004642429138322
56 48
    -0.001720713718821    -0.000326716521794    -0.000060819696397
    -0.000326716521794    -0.001720713718821    -0.000060819696397
     0.000107281494079     0.000107281494079    -0.001447785147392
56 49
     0.005174198979592    -0.000481024061476    -0.002500272077349
    -0.000481024061476     0.005174198979592    -0.002500272077349
    -0.002076160966238    -0.002076160966238     0.002234099773243
56 50
     0.030676849773243    -0.016377829617032     0.016292979906778
     0.017136505700428    -0.028994896258503     0.031656718002016
    -0.016371200648778     0.032239035462333    -0.028337505385488
56 51
     0.004642429138322     0.002289011652809     0.000692348954397
     0.002296035462333     0.001930710884354    -0.002274776045603
     0.000759505700428    -0.002644363347191     0.004642724773243
56 52
    -0.028994896258503     0.017136505700428     0.031656718002016
    -0.016377829617032     0.030676849773243     0.016292979906778
     0.032239035462333    -0.016371200648778    -0.028337505385488
56 53
     0.001930710884354     0.002296035462333    -0.002274776045603
     0.002289011652809     0.004642429138322     0.000692348954397
    -0.002644363347191     0.000759505700428     0.004642724773243
56 54
    -0.000444138321995     0.000807313240111    -0.000672428823381
     0.000807313240111    -0.000444138321995    -0.000672428823381
     0.000728614827412     0.000728614827412     0.003227195011338
56 55
     0.000906647392290    -0.001417490331318     0.001348140621063
    -0.001417490331318     0.000906647392290     0.001348140621063
     0.001224966017889     0.001224966017889     0.001081020408163
56 56
     0.883786564058957     0.000294964033762     0.000294964033762
     0.000294964033762     0.883786564058957     0.000294964033762
     0.000294964033762     0.000294964033762     0.883786564058957
56 57
    -0.200476062925170    -0.046096827632905    -0.046096827632905
    -0.046096827632905    -0.200476062925170    -0.046096827632905
    -0.046096827632905    -0.046096827632905    -0.200476062925170
56 58
     0.031165224773243     0.018013424351222     0.018013424351222
    -0.016971063744016    -0.027842080782313    -0.031713018109095
    -0.016971063744016    -0.031713018109095    -0.027842080782313
56 59
    -0.006761545068027     0.004831358875031     0.004831358875031
     0.004154628716301    -0.002323971655329    -0.003887647077349
     0.004154628716301    -0.003887647077349    -0.002323971655329
56 60
    -0.027842080782313    -0.016971063744016    -0.031713018109095
     0.018013424351222     0.031165224773243     0.018013424351222
    -0.031713018109095    -0.016971063744016    -0.027842080782313
56 61
    -0.002323971655329     0.004154628716301    -0.003887647077349
     0.004831358875031    -0.006761545068027     0.004831358875031
    -0.003887647077349     0.004154628716301    -0.002323971655329
56 62
    -0.027842080782313    -0.031713018109095    -0.016971063744016
    -0.031713018109095    -0.027842080782313    -0.016971063744016
     0.018013424351222     0.018013424351222     0.031165224773243
56 63
    -0.002323971655329    -0.003887647077349     0.004154628716301
    -0.003887647077349    -0.002323971655329     0.004154628716301
     0.004831358875031     0.004831358875031    -0.006761545068027
57 1
     0.001295909297052    -0.001221418902746    -0.001221418902746
    -0.001221418902746     0.001295909297052    -0.001221418902746
    -0.001221418902746    -0.001221418902746     0.001295909297052
57 2
     0.001508800170068     0.001065878716301     0.001065878716301
     0.000934483875031     0.001232331916100    -0.001089408982111
     0.000934483875031    -0.001089408982111     0.001232331916100
57 3
     0.003229532312925     0.001265969986143     0.001265969986143
    -0.000930311759889    -0.000324193877551     0.001028856890905
    -0.000930311759889     0.001028856890905    -0.000324193877551
57 4
     0.001232331916100     0.000934483875031    -0.001089408982111
     0.001065878716301     0.001508800170068     0.001065878716301
    -0.001089408982111     0.000934483875031     0.001232331916100
57 5
    -0.000324193877551    -0.000930311759889     0.001028856890905
     0.001265969986143     0.003229532312925     0.001265969986143
     0.001028856890905    -0.000930311759889    -0.000324193877551
57 6
     0.001232331916100    -0.001089408982111     0.000934483875031
    -0.001089408982111     0.001232331916100     0.000934483875031
     0.001065878716301     0.001065878716301     0.001508800170068
57 7
    -0.000324193877551     0.001028856890905    -0.000930311759889
     0.001028856890905    -0.000324193877551    -0.000930311759889
     0.001265969986143     0.001265969986143     0.003229532312925
57 8
    -0.002260041099773    -0.004279170886873    -0.004663000251953
    -0.004279170886873    -0.002260041099773    -0.004663000251953
    -0.004114906997984    -0.004114906997984    -0.006086937925170
57 9
    -0.000562880385488     0.000003221970270     0.000141077129000
     0.000003221970270    -0.000562880385488     0.000141077129000
    -0.000073539934492    -0.000073539934492     0.010155768424036
57 10
    -0.002551644274376     0.004194896573444     0.004296392605190
     0.004038799351222    -0.002782009353741    -0.004409224458302
     0.004218940224238    -0.004454819696397    -0.006095360544218
57 11
     0.002705879535147    -0.001170849458302     0.001205456097254
     0.001272219986143    -0.000780943877551    -0.001105785966238
    -0.001256609378937    -0.001136672871000    -0.000878235544218
57 12
    -0.002782009353741     0.004038799351222    -0.004409224458302
     0.004194896573444    -0.002551644274376     0.004296392605190
    -0.004454819696397     0.004218940224238    -0.006095360544218
57 13
    -0.000780943877551     0.001272219986143    -0.001105785966238
    -0.001170849458302     0.002705879535147     0.001205456097254
    -0.001136672871000    -0.001256609378937    -0.000878235544218
57 14
    -0.002159943877551    -0.004378222474175     0.004485529509952
    -0.004378222474175    -0.002159943877551     0.004485529509952
     0.004563688240111     0.004563688240111    -0.005481503401361
57 15
    -0.027713253401361    -0.031675028029730    -0.017224982394810
    -0.031675028029730    -0.027713253401361    -0.017224982394810
     0.016949930303603     0.016949930303603     0.031443488662132
57 16
    -0.002260041099773    -0.004663000251953    -0.004279170886873
    -0.004114906997984    -0.006086937925170    -0.004114906997984
    -0.004279170886873    -0.004663000251953    -0.002260041099773
57 17
    -0.000562880385488     0.000141077129000     0.000003221970270
    -0.000073539934492     0.010155768424036    -0.000073539934492
     0.000003221970270     0.000141077129000    -0.000562880385488
57 18
    -0.002551644274376     0.004296392605190     0.004194896573444
     0.004218940224238    -0.006095360544218    -0.004454819696397
     0.004038799351222    -0.004409224458302    -0.002782009353741
57 19
     0.002705879535147     0.001205456097254    -0.001170849458302
    -0.001256609378937    -0.000878235544218    -0.001136672871000
     0.001272219986143    -0.001105785966238    -0.000780943877551
57 20
    -0.002159943877551     0.004485529509952    -0.004378222474175
     0.004563688240111    -0.005481503401361     0.004563688240111
    -0.004378222474175     0.004485529509952    -0.002159943877551
57 21
    -0.027713253401361    -0.017224982394810    -0.031675028029730
     0.016949930303603     0.031443488662132     0.016949930303603
    -0.031675028029730    -0.017224982394810    -0.027713253401361
57 22
    -0.002782009353741    -0.004409224458302     0.004038799351222
    -0.004454819696397    -0.006095360544218     0.004218940224238
     0.004194896573444     0.004296392605190    -0.002551644274376
57 23
    -0.000780943877551    -0.001105785966238     0.001272219986143
    -0.001136672871000    -0.000878235544218    -0.001256609378937
    -0.001170849458302     0.001205456097254     0.002705879535147
57 24
     0.001718337868481    -0.002826135172588    -0.002826135172588
    -0.002828486363064     0.004388784297052    -0.001145133188461
    -0.002828486363064    -0.001145133188461     0.004388784297052
57 25
    -0.000661277210884    -0.000077077632905    -0.000077077632905
    -0.000020188744016    -0.000599928004535    -0.000097065728143
    -0.000020188744016    -0.000097065728143    -0.000599928004535
57 26
     0.001770943027211     0.002657698160746     0.002657698160746
     0.002444404509952     0.004343609693878    -0.001319728426556
     0.002444404509952    -0.001319728426556     0.004343609693878
57 27
     0.002876768424036    -0.000910450648778    -0.000910450648778
     0.001106973954397    -0.000879104591837     0.001687468002016
     0.001106973954397     0.001687468002016    -0.000879104591837
57 28
     0.002368617630385     0.003106007684555    -0.003039631204334
     0.002596563240111     0.004788722789116     0.001039253716301
    -0.002713198664651     0.000785589033762     0.004677601757370
57 29
    -0.027911527210884     0.017452714033762     0.031379969986143
    -0.016187192712270     0.030163677154195     0.016521469986143
     0.031290557287730    -0.017380006204334    -0.027693666099773
57 30
     0.002368617630385    -0.003039631204334     0.003106007684555
    -0.002713198664651     0.004677601757370     0.000785589033762
     0.002596563240111     0.001039253716301     0.004788722789116
57 31
    -0.027911527210884     0.031379969986143     0.017452714033762
     0.031290557287730    -0.027693666099773    -0.017380006204334
    -0.016187192712270     0.016521469986143     0.030163677154195
57 32
    -0.006086937925170    -0.004114906997984    -0.004114906997984
    -0.004663000251953    -0.002260041099773    -0.004279170886873
    -0.004663000251953    -0.004279170886873    -0.002260041099773
57 33
     0.010155768424036    -0.000073539934492    -0.000073539934492
     0.000141077129000    -0.000562880385488     0.000003221970270
     0.000141077129000     0.000003221970270    -0.000562880385488
57 34
    -0.005481503401361     0.004563688240111     0.004563688240111
     0.004485529509952    -0.002159943877551    -0.004378222474175
     0.004485529509952    -0.004378222474175    -0.002159943877551
57 35
     0.031443488662132     0.016949930303603     0.016949930303603
    -0.017224982394810    -0.027713253401361    -0.031675028029730
    -0.017224982394810    -0.031675028029730    -0.027713253401361
57 36
    -0.006095360544218     0.004218940224238    -0.004454819696397
     0.004296392605190    -0.002551644274376     0.004194896573444
    -0.004409224458302     0.004038799351222    -0.002782009353741
57 37
    -0.000878235544218    -0.001256609378937    -0.001136672871000
     0.001205456097254     0.002705879535147    -0.001170849458302
    -0.001105785966238     0.001272219986143    -0.000780943877551
57 38
    -0.006095360544218    -0.004454819696397     0.004218940224238
    -0.004409224458302    -0.002782009353741     0.004038799351222
     0.004296392605190     0.004194896573444    -0.002551644274376
57 39
    -0.000878235544218    -0.001136672871000    -0.001256609378937
    -0.001105785966238    -0.000780943877551     0.001272219986143
     0.001205456097254    -0.001170849458302     0.002705879535147
57 40
     0.004388784297052    -0.002828486363064    -0.001145133188461
    -0.002826135172588     0.001718337868481    -0.002826135172588
    -0.001145133188461    -0.002828486363064     0.004388784297052
57 41
    -0.000599928004535    -0.000020188744016    -0.000097065728143
    -0.000077077632905    -0.000661277210884    -0.000077077632905
    -0.000097065728143    -0.000020188744016    -0.000599928004535
57 42
     0.004788722789116     0.002596563240111     0.001039253716301
     0.003106007684555     0.002368617630385    -0.003039631204334
     0.000785589033762    -0.002713198664651     0.004677601757370
57 43
     0.030163677154195    -0.016187192712270     0.016521469986143
     0.017452714033762    -0.027911527210884     0.031379969986143
    -0.017380006204334     0.031290557287730    -0.027693666099773
57 44
     0.004343609693878     0.002444404509952    -0.001319728426556
     0.002657698160746     0.001770943027211     0.002657698160746
    -0.001319728426556     0.002444404509952     0.004343609693878
57 45
    -0.000879104591837     0.001106973954397     0.001687468002016
    -0.000910450648778     0.002876768424036    -0.000910450648778
     0.001687468002016     0.001106973954397    -0.000879104591837
57 46
     0.004677601757370    -0.002713198664651     0.000785589033762
    -0.003039631204334     0.002368617630385     0.003106007684555
     0.001039253716301     0.002596563240111     0.004788722789116
57 47
    -0.027693666099773     0.031290557287730    -0.017380006204334
     0.031379969986143    -0.027911527210884     0.017452714033762
     0.016521469986143    -0.016187192712270     0.030163677154195
57 48
     0.004388784297052    -0.001145133188461    -0.002828486363064
    -0.001145133188461     0.004388784297052    -0.002828486363064
    -0.002826135172588    -0.002826135172588     0.001718337868481
57 49
    -0.000599928004535    -0.000097065728143    -0.000020188744016
    -0.000097065728143    -0.000599928004535    -0.000020188744016
    -0.000077077632905    -0.000077077632905    -0.000661277210884
57 50
     0.004788722789116     0.001039253716301     0.002596563240111
     0.000785589033762     0.004677601757370    -0.002713198664651
     0.003106007684555    -0.003039631204334     0.002368617630385
57 51
     0.030163677154195     0.016521469986143    -0.016187192712270
    -0.017380006204334    -0.027693666099773     0.031290557287730
     0.017452714033762     0.031379969986143    -0.027911527210884
57 52
     0.004677601757370     0.000785589033762    -0.002713198664651
     0.001039253716301     0.004788722789116     0.002596563240111
    -0.003039631204334     0.003106007684555     0.002368617630385
57 53
    -0.027693666099773    -0.017380006204334     0.031290557287730
     0.016521469986143     0.030163677154195    -0.016187192712270
     0.031379969986143     0.017452714033762    -0.027911527210884
57 54
     0.004343609693878    -0.001319728426556     0.002444404509952
    -0.001319728426556     0.004343609693878     0.002444404509952
     0.002657698160746     0.002657698160746     0.001770943027211
57 55
    -0.000879104591837     0.001687468002016     0.001106973954397
     0.001687468002016    -0.000879104591837     0.001106973954397
    -0.000910450648778    -0.000910450648778     0.002876768424036
57 56
    -0.200476062925170    -0.046096827632905    -0.046096827632905
    -0.046096827632905    -0.200476062925170    -0.046096827632905
    -0.046096827632905    -0.046096827632905    -0.200476062925170
57 57
     0.865827310090703     0.006982630700428     0.006982630700428
     0.006982630700428     0.865827310090703     0.006982630700428
     0.006982630700428     0.006982630700428     0.865827310090703
57 58
    -0.194672027210884     0.040248382684555     0.040248382684555
     0.040303269589317    -0.194835582766440    -0.040276309775762
     0.040303269589317    -0.040276309775762    -0.194835582766440
57 59
     0.030729827947846    -0.017120932791635    -0.017120932791635
     0.017864212049635    -0.028230348639456    -0.031910188744016
     0.017864212049635    -0.031910188744016    -0.028230348639456
57 60
    -0.194835582766440     0.040303269589317    -0.040276309775762
     0.040248382684555    -0.194672027210884     0.040248382684555
    -0.040276309775762     0.040303269589317    -0.194835582766440
57 61
    -0.028230348639456     0.017864212049635    -0.031910188744016
    -0.017120932791635     0.030729827947846    -0.017120932791635
    -0.031910188744016     0.017864212049635    -0.028230348639456
57 62
    -0.194835582766440    -0.040276309775762     0.040303269589317
    -0.040276309775762    -0.194835582766440     0.040303269589317
     0.040248382684555     0.040248382684555    -0.194672027210884
57 63
    -0.028230348639456    -0.031910188744016     0.017864212049635
    -0.031910188744016    -0.028230348639456     0.017864212049635
    -0.017120932791635    -0.017120932791635     0.030729827947846
58 1
     0.003490821995465     0.000756969986143     0.000756969986143
     0.000675708081381    -0.000154358560091    -0.000507109378937
     0.000675708081381    -0.000507109378937    -0.000154358560091
58 2
    -0.000863912131519     0.000297392605190     0.000297392605190
     0.000414110859158    -0.000395185941043    -0.000235224458302
     0.000414110859158    -0.000235224458302    -0.000395185941043
58 3
     0.000800320011338    -0.001113141124969    -0.001113141124969
    -0.001310059775762     0.001580163265306    -0.000949458585286
    -0.001310059775762    -0.000949458585286     0.001580163265306
58 4
    -0.000767880385488    -0.001197002236080    -0.000580145093222
    -0.001474494299572    -0.001301467687075     0.000417813240111
     0.001075718002016    -0.000525831601159     0.002808564058957
58 5
    -0.005293781179138    -0.004153297871000     0.004951245779793
    -0.004570278029730    -0.002759985544218     0.003164654509952
     0.004649733875031     0.003531247763920    -0.001764711734694
58 6
    -0.000767880385488    -0.000580145093222    -0.001197002236080
     0.001075718002016     0.002808564058957    -0.000525831601159
    -0.001474494299572     0.000417813240111    -0.001301467687075
58 7
    -0.005293781179138     0.004951245779793    -0.004153297871000
     0.004649733875031    -0.001764711734694     0.003531247763920
    -0.004570278029730     0.003164654509952    -0.002759985544218
58 8
     0.002994496598639    -0.000827281997984     0.000967388636936
     0.000679206097254    -0.000291308956916    -0.001280440728143
    -0.000241030013857    -0.001300972474175    -0.000672455782313
58 9
    -0.002345592687075     0.003521110859158     0.004527966017889
     0.003610973954397    -0.002069273242630    -0.004500488347191
     0.004541337049635    -0.004364480410683    -0.005982874433107
58 10
    -0.002601356575964    -0.000016964537667    -0.000041343505921
    -0.000238948664651    -0.002411902210884     0.000263585065508
     0.000212442208365    -0.000092635172588     0.009649746598639
58 11
    -0.003221832766440    -0.002190585569413    -0.005361905013857
    -0.003539403029730    -0.001986086734694    -0.005048101442429
    -0.004213482394810    -0.004380488347191    -0.006261128401361
58 12
    -0.029126971655329     0.031178813240111    -0.015848335569413
     0.031271398557571    -0.028742787131519     0.016133702129000
     0.018328682287730    -0.017435000251953     0.029656746598639
58 13
     0.004152593820862    -0.002422891124969     0.000589727922651
    -0.002290847474175     0.001738236678005     0.002209890621063
     0.000422704113127     0.002413200144873     0.004474996598639
58 14
    -0.000052906179138     0.000991166414714     0.001453168398841
    -0.000604845490048     0.003584038265306    -0.000719910966238
     0.001541690224238     0.000354372763920    -0.000214646258503
58 15
     0.004751284297052     0.002562485859158    -0.000449218505921
     0.002391973954397     0.002142728741497     0.002278577129000
    -0.000405817712270     0.002443739827412     0.004960345804989
58 16
     0.002994496598639     0.000967388636936    -0.000827281997984
    -0.000241030013857    -0.000672455782313    -0.001300972474175
     0.000679206097254    -0.001280440728143    -0.000291308956916
58 17
    -0.002345592687075     0.004527966017889     0.003521110859158
     0.004541337049635    -0.005982874433107    -0.004364480410683
     0.003610973954397    -0.004500488347191    -0.002069273242630
58 18
    -0.002601356575964    -0.000041343505921    -0.000016964537667
     0.000212442208365     0.009649746598639    -0.000092635172588
    -0.000238948664651     0.000263585065508    -0.002411902210884
58 19
    -0.003221832766440    -0.005361905013857    -0.002190585569413
    -0.004213482394810    -0.006261128401361    -0.004380488347191
    -0.003539403029730    -0.005048101442429    -0.001986086734694
58 20
    -0.000052906179138     0.001453168398841     0.000991166414714
     0.001541690224238    -0.000214646258503     0.000354372763920
    -0.000604845490048    -0.000719910966238     0.003584038265306
58 21
     0.004751284297052    -0.000449218505921     0.002562485859158
    -0.000405817712270     0.004960345804989     0.002443739827412
     0.002391973954397     0.002278577129000     0.002142728741497
58 22
    -0.029126971655329    -0.015848335569413     0.031178813240111
     0.018328682287730     0.029656746598639    -0.017435000251953
     0.031271398557571     0.016133702129000    -0.028742787131519
58 23
     0.004152593820862     0.000589727922651    -0.002422891124969
     0.000422704113127     0.004474996598639     0.002413200144873
    -0.002290847474175     0.002209890621063     0.001738236678005
58 24
     0.002725375566893    -0.000726121283699    -0.000726121283699
     0.001036015621063    -0.000747608560091     0.001067176335349
     0.001036015621063     0.001067176335349    -0.000747608560091
58 25
     0.002179885487528     0.002303186255984     0.002303186255984
     0.002217563240111     0.004923429138322    -0.000685631204334
     0.002217563240111    -0.000685631204334     0.004923429138322
58 26
    -0.001850769274376    -0.000028787950365    -0.000028787950365
     0.000045531494079    -0.002233158163265    -0.000463293902746
     0.000045531494079    -0.000463293902746    -0.002233158163265
58 27
     0.000238681122449    -0.001880186759889    -0.001880186759889
    -0.002986149061476     0.004841377551020    -0.000466222474175
    -0.002986149061476    -0.000466222474175     0.004841377551020
58 28
    -0.029454219671202    -0.033004728426556     0.017227382684555
    -0.032468309775762    -0.030534670068027     0.017772563240111
    -0.016758071680524    -0.017037101442429     0.031121833900227
58 29
    -0.201765239512472    -0.048599522077349     0.048743233875031
    -0.049232315728143    -0.202590590702948     0.048839029509952
     0.048797934271857     0.047991428319476    -0.202457058956916
58 30
    -0.029454219671202     0.017227382684555    -0.033004728426556
    -0.016758071680524     0.031121833900227    -0.017037101442429
    -0.032468309775762     0.017772563240111    -0.030534670068027
58 31
    -0.201765239512472     0.048743233875031    -0.048599522077349
     0.048797934271857    -0.202457058956916     0.047991428319476
    -0.049232315728143     0.048839029509952    -0.202590590702948
58 32
     0.031431974773243     0.017463856890905     0.017463856890905
    -0.016360498267826    -0.028800933956916    -0.031847111363064
    -0.016360498267826    -0.031847111363064    -0.028800933956916
58 33
    -0.006552943877551     0.004534973954397     0.004534973954397
     0.004288954113127    -0.001934023242630    -0.003455468505921
     0.004288954113127    -0.003455468505921    -0.001934023242630
58 34
     0.009898284297052     0.000255577129000     0.000255577129000
     0.000145156494079    -0.001398211734694     0.000007087049635
     0.000145156494079     0.000007087049635    -0.001398211734694
58 35
    -0.006061223639456    -0.004449805807508    -0.004449805807508
    -0.004445730410683    -0.001893146258503    -0.003701843505921
    -0.004445730410683    -0.003701843505921    -0.001893146258503
58 36
    -0.001085447845805     0.001194579113127    -0.000172555807508
     0.001475519589317    -0.000589287131519    -0.000622043902746
     0.001041152525825     0.000954858875031     0.002799722789116
58 37
     0.000619802154195    -0.001282970490048     0.001378091017889
    -0.001383541918619     0.000680736678005     0.001227960065508
     0.001211216017889     0.001116779509952     0.001043038265306
58 38
    -0.001085447845805    -0.000172555807508     0.001194579113127
     0.001041152525825     0.002799722789116     0.000954858875031
     0.001475519589317    -0.000622043902746    -0.000589287131519
58 39
     0.000619802154195     0.001378091017889    -0.001282970490048
     0.001211216017889     0.001043038265306     0.001116779509952
    -0.001383541918619     0.001227960065508     0.000680736678005
58 40
     0.030035696995465    -0.016392347474175     0.017002755700428
     0.016448116811539    -0.028808679988662     0.031913174351222
    -0.016620381204334     0.031717573160746    -0.029389358560091
58 41
     0.004895234693878     0.002734200144873     0.000258323160746
     0.002439299351222     0.002408454931973    -0.002536768109095
     0.000466311255984    -0.002729004220207     0.004861304138322
58 42
    -0.001811114512472     0.000172577129000     0.000179017605190
    -0.000133740331318    -0.001147275226757     0.000075553319476
     0.000249591017889    -0.000005014140842    -0.001452041099773
58 43
     0.004196089852608    -0.002088553823381    -0.000505516124969
    -0.001906908982111     0.001503704931973    -0.002228345490048
    -0.000409754220207    -0.002514883188461     0.004568316043084
58 44
    -0.030144602607710    -0.032676581601159    -0.017474964537667
    -0.032760799855127    -0.029339074829932    -0.017086242315445
     0.018213398557571     0.018058464033762     0.031116591836735
58 45
    -0.003489691893424    -0.003798387156715     0.004499731890905
    -0.003087573664651    -0.003576374433107     0.004700358875031
     0.003397969986143     0.004845783478206    -0.008326122448980
58 46
    -0.000449360544218     0.000910065224238    -0.001211022077349
    -0.000613129220207     0.003134724773243     0.000854442208365
    -0.001174494299572    -0.000885627236080    -0.000429920068027
58 47
    -0.002464628401361     0.003649946176619    -0.004436117315445
     0.003612971970270    -0.002152795068027     0.004579898557571
    -0.004612528029730     0.004778366811539    -0.006220965702948
58 48
     0.030035696995465     0.017002755700428    -0.016392347474175
    -0.016620381204334    -0.029389358560091     0.031717573160746
     0.016448116811539     0.031913174351222    -0.028808679988662
58 49
     0.004895234693878     0.000258323160746     0.002734200144873
     0.000466311255984     0.004861304138322    -0.002729004220207
     0.002439299351222    -0.002536768109095     0.002408454931973
58 50
    -0.001811114512472     0.000179017605190     0.000172577129000
     0.000249591017889    -0.001452041099773    -0.000005014140842
    -0.000133740331318     0.000075553319476    -0.001147275226757
58 51
     0.004196089852608    -0.000505516124969    -0.002088553823381
    -0.000409754220207     0.004568316043084    -0.002514883188461
    -0.001906908982111    -0.002228345490048     0.001503704931973
58 52
    -0.000449360544218    -0.001211022077349     0.000910065224238
    -0.001174494299572    -0.000429920068027    -0.000885627236080
    -0.000613129220207     0.000854442208365     0.003134724773243
58 53
    -0.002464628401361    -0.004436117315445     0.003649946176619
    -0.004612528029730    -0.006220965702948     0.004778366811539
     0.003612971970270     0.004579898557571    -0.002152795068027
58 54
    -0.030144602607710    -0.017474964537667    -0.032676581601159
     0.018213398557571     0.031116591836735     0.018058464033762
    -0.032760799855127    -0.017086242315445    -0.029339074829932
58 55
    -0.003489691893424     0.004499731890905    -0.003798387156715
     0.003397969986143    -0.008326122448980     0.004845783478206
    -0.003087573664651     0.004700358875031    -0.003576374433107
58 56
     0.031165224773243    -0.016971063744016    -0.016971063744016
     0.018013424351222    -0.027842080782313    -0.031713018109095
     0.018013424351222    -0.031713018109095    -0.027842080782313
58 57
    -0.194672027210884     0.040303269589317     0.040303269589317
     0.040248382684555    -0.194835582766440    -0.040276309775762
     0.040248382684555    -0.040276309775762    -0.194835582766440
58 58
     0.911497385487528     0.007376396573444     0.007376396573444
     0.007376396573444     0.900886274376417    -0.003637000251953
     0.007376396573444    -0.003637000251953     0.900886274376418
58 59
    -0.205921509353742    -0.050491793902746    -0.050491793902746
    -0.051203410966238    -0.204492366496599    -0.051487504220207
    -0.051203410966238    -0.051487504220207    -0.204492366496599
58 60
    -0.027947920068027     0.031121658478206     0.017357954113127
     0.031356634668682    -0.027947920068027    -0.017107057791635
    -0.017107057791635     0.017357954113127     0.030682024376417
58 61
     0.001624564058957    -0.002579774061476     0.002508700144873
    -0.002461930807508     0.004140185090703     0.000312251732174
     0.002718313240111     0.000444146573444     0.004840133503401
58 62
    -0.027947920068027     0.017357954113127     0.031121658478206
    -0.017107057791635     0.030682024376417     0.017357954113127
     0.031356634668682    -0.017107057791635    -0.027947920068027
58 63
     0.001624564058957     0.002508700144873    -0.002579774061476
     0.002718313240111     0.004840133503401     0.000444146573444
    -0.002461930807508     0.000312251732174     0.004140185090703
59 1
     0.007260302154195     0.002019287446460     0.002019287446460
     0.004986767605190     0.000244250566893     0.003069386652809
     0.004986767605190     0.003069386652809     0.000244250566893
59 2
     0.000370818027211    -0.000524414934492    -0.000524414934492
    -0.000659454617032     0.000650173185941    -0.001245728426556
    -0.000659454617032    -0.001245728426556     0.000650173185941
59 3
    -0.000769824829932     0.000236051335349     0.000236051335349
    -0.000537000251953    -0.000325352607710    -0.000109712553540
    -0.000537000251953    -0.000109712553540    -0.000325352607710
59 4
    -0.004056525226757    -0.004826434775762     0.003940422367095
    -0.004546184775762    -0.006232858560091     0.002884309271857
     0.003300277525825     0.005629039430587    -0.001912201814059
59 5
    -0.001274676020408    -0.001799355410683     0.000090313240111
    -0.001890968505921    -0.000100876417234    -0.000517224458302
    -0.001014706601159     0.000224743795666     0.002649522392290
59 6
    -0.004056525226757     0.003940422367095    -0.004826434775762
     0.003300277525825    -0.001912201814059     0.005629039430587
    -0.004546184775762     0.002884309271857    -0.006232858560091
59 7
    -0.001274676020408     0.000090313240111    -0.001799355410683
    -0.001014706601159     0.002649522392290     0.000224743795666
    -0.001890968505921    -0.000517224458302    -0.000100876417234
59 8
    -0.002536273242630     0.004296035462333     0.003682831097254
     0.004356515621063    -0.006507324829932    -0.004291069696397
     0.003508404509952    -0.004539976442429    -0.002422096655329
59 9
     0.002942012471655     0.000665428319476    -0.000727466521794
    -0.000707591521794    -0.000219164115646    -0.001310992315445
     0.000614396573444    -0.001368609378937    -0.000310890306122
59 10
    -0.003769126417234    -0.003759647077349    -0.004615526045603
    -0.003888264140842    -0.002633793083900    -0.004214043902746
    -0.004837373267826    -0.004224139140842    -0.007112144274376
59 11
    -0.001249977607710    -0.000026268109095     0.000592787446460
     0.000668031494079    -0.002177477607710     0.000623144589317
    -0.001105672871000     0.002333757684555     0.007873355725624
59 12
     0.000538258503401    -0.002376494299572     0.002400106890905
    -0.001972041918619     0.003670196995465     0.000354948160746
     0.002834241811539     0.000324995779793     0.003962730725624
59 13
    -0.028461551020408     0.030552551335349     0.018688170382968
     0.030739712049635    -0.029598404195011    -0.017797238347191
    -0.015389486363064     0.015745946176619     0.029952105725624
59 14
     0.001228573979592     0.001204858875031    -0.001330264140842
     0.000960714033762     0.001567147392290     0.001241710065508
    -0.001349875251953     0.001117118795666     0.001456462868481
59 15
    -0.000443985544218    -0.000562571680524     0.001307723954397
     0.000705908478206     0.003354837868481     0.000835823160746
     0.001321241811539    -0.000759264140842    -0.000097545068027
59 16
    -0.002536273242630     0.003682831097254     0.004296035462333
     0.003508404509952    -0.002422096655329    -0.004539976442429
     0.004356515621063    -0.004291069696397    -0.006507324829932
59 17
     0.002942012471655    -0.000727466521794     0.000665428319476
     0.000614396573444    -0.000310890306122    -0.001368609378937
    -0.000707591521794    -0.001310992315445    -0.000219164115646
59 18
    -0.003769126417234    -0.004615526045603    -0.003759647077349
    -0.004837373267826    -0.007112144274376    -0.004224139140842
    -0.003888264140842    -0.004214043902746    -0.002633793083900
59 19
    -0.001249977607710     0.000592787446460    -0.000026268109095
    -0.001105672871000     0.007873355725624     0.002333757684555
     0.000668031494079     0.000623144589317    -0.002177477607710
59 20
     0.001228573979592    -0.001330264140842     0.001204858875031
    -0.001349875251953     0.001456462868481     0.001117118795666
     0.000960714033762     0.001241710065508     0.001567147392290
59 21
    -0.000443985544218     0.001307723954397    -0.000562571680524
     0.001321241811539    -0.000097545068027    -0.000759264140842
     0.000705908478206     0.000835823160746     0.003354837868481
59 22
     0.000538258503401     0.002400106890905    -0.002376494299572
     0.002834241811539     0.003962730725624     0.000324995779793
    -0.001972041918619     0.000354948160746     0.003670196995465
59 23
    -0.028461551020408     0.018688170382968     0.030552551335349
    -0.015389486363064     0.029952105725624     0.015745946176619
     0.030739712049635    -0.017797238347191    -0.029598404195011
59 24
     0.000620980725624     0.001123696176619     0.001123696176619
     0.001271700144873     0.000856375566893    -0.001443577632905
     0.001271700144873    -0.001443577632905     0.000856375566893
59 25
     0.002563365646259     0.000731503716301     0.000731503716301
    -0.000734627236080    -0.000122711734694     0.001445739827412
    -0.000734627236080     0.001445739827412    -0.000122711734694
59 26
     0.001159335884354    -0.002810720490048    -0.002810720490048
    -0.002428033982111     0.003836700963719    -0.001153547871000
    -0.002428033982111    -0.001153547871000     0.003836700963719
59 27
    -0.003344213718821     0.000950505700428     0.000950505700428
     0.000278285462333    -0.001937638321995     0.000268648557571
     0.000278285462333     0.000268648557571    -0.001937638321995
59 28
    -0.002419489512472    -0.003958785966238     0.004458325144873
    -0.003926250251953    -0.002903185941043     0.004296684271857
     0.003679862843285     0.003914019589317    -0.006460931972789
59 29
    -0.029624009353741    -0.032083454617032    -0.017190573664651
    -0.032065006204334    -0.029385981575964    -0.017463099458302
     0.017887493795666     0.017642674351222     0.030919550170068
59 30
    -0.002419489512472     0.004458325144873    -0.003958785966238
     0.003679862843285    -0.006460931972789     0.003914019589317
    -0.003926250251953     0.004296684271857    -0.002903185941043
59 31
    -0.029624009353741    -0.017190573664651    -0.032083454617032
     0.017887493795666     0.030919550170068     0.017642674351222
    -0.032065006204334    -0.017463099458302    -0.029385981575964
59 32
    -0.194127170068027     0.039272299351222     0.039272299351222
     0.040224436255984    -0.198300574829932    -0.041480990331318
     0.040224436255984    -0.041480990331318    -0.198300574829932
59 33
     0.030520661281179    -0.017395583585286    -0.017395583585286
     0.017550638636936    -0.028497164115646    -0.031241097474175
     0.017550638636936    -0.031241097474175    -0.028497164115646
59 34
    -0.006243485544218    -0.004127105410683    -0.004127105410683
    -0.004900908982111    -0.002445477607710    -0.004674541918619
    -0.004900908982111    -0.004674541918619    -0.002445477607710
59 35
     0.009214881519274    -0.000023488347191    -0.000023488347191
     0.000166079113127    -0.000789162131519     0.000431527525825
     0.000166079113127     0.000431527525825    -0.000789162131519
59 36
     0.003548407312925    -0.000504978426556     0.002975886652809
    -0.000773045886873     0.004345696995465     0.002992827129000
     0.003159837049635     0.002532354906778     0.001194081916100
59 37
    -0.001701592687075     0.000764721970270     0.001079033478206
     0.001286017605190    -0.000971404195011     0.000874581097254
    -0.000249724458302    -0.000608724458302     0.002230022392290
59 38
     0.003548407312925     0.002975886652809    -0.000504978426556
     0.003159837049635     0.001194081916100     0.002532354906778
    -0.000773045886873     0.002992827129000     0.004345696995465
59 39
    -0.001701592687075     0.001079033478206     0.000764721970270
    -0.000249724458302     0.002230022392290    -0.000608724458302
     0.001286017605190     0.000874581097254    -0.000971404195011
59 40
     0.003925052154195     0.000183344986143     0.002387573160746
     0.000197551335349     0.003483554138322    -0.002546329617032
     0.003070053319476    -0.002574555807508     0.001739625566893
59 41
     0.030118839852608     0.016857517605190    -0.016798859378937
    -0.017031391124969    -0.028556560941043     0.031933852922651
     0.016676120779793     0.031585741811539    -0.028378711734694
59 42
     0.003862240646259    -0.002382105410683     0.000125835065508
    -0.002233430807508     0.001691333900227    -0.002644075648778
    -0.000675224458302    -0.002205393109095     0.003727943027211
59 43
    -0.001641929988662     0.000262388636936    -0.000130323664651
     0.000151525541698    -0.001067435941043     0.000103275541698
    -0.000063194696397     0.000157362843285    -0.001376324829932
59 44
    -0.197134497448980    -0.040722389140842     0.042104602922651
    -0.041036615331318    -0.194889340702948     0.042823378716301
     0.039014583081381     0.040765210065508    -0.196353799036281
59 45
    -0.032675961734694    -0.033871569696397     0.015005174351222
    -0.035474389140842    -0.028801140306122     0.015871229906778
    -0.015479720490048    -0.019620845490048     0.032217486678005
59 46
    -0.006489880385488     0.004522632684555    -0.003895954617032
     0.004983680303603    -0.001947291099773     0.003026688240111
    -0.004624434775762     0.003709868795666    -0.002209435941043
59 47
    -0.000742773242630    -0.000503486363064    -0.001470299855127
     0.000901906494079     0.002776189058957    -0.000285230410683
    -0.001416718505921     0.001102237843285    -0.000803856575964
59 48
     0.003925052154195     0.002387573160746     0.000183344986143
     0.003070053319476     0.001739625566893    -0.002574555807508
     0.000197551335349    -0.002546329617032     0.003483554138322
59 49
     0.030118839852608    -0.016798859378937     0.016857517605190
     0.016676120779793    -0.028378711734694     0.031585741811539
    -0.017031391124969     0.031933852922651    -0.028556560941043
59 50
     0.003862240646259     0.000125835065508    -0.002382105410683
    -0.000675224458302     0.003727943027211    -0.002205393109095
    -0.002233430807508    -0.002644075648778     0.001691333900227
59 51
    -0.001641929988662    -0.000130323664651     0.000262388636936
    -0.000063194696397    -0.001376324829932     0.000157362843285
     0.000151525541698     0.000103275541698    -0.001067435941043
59 52
    -0.006489880385488    -0.003895954617032     0.004522632684555
    -0.004624434775762    -0.002209435941043     0.003709868795666
     0.004983680303603     0.003026688240111    -0.001947291099773
59 53
    -0.000742773242630    -0.001470299855127    -0.000503486363064
    -0.001416718505921    -0.000803856575964     0.001102237843285
     0.000901906494079    -0.000285230410683     0.002776189058957
59 54
    -0.197134497448980     0.042104602922651    -0.040722389140842
     0.039014583081381    -0.196353799036281     0.040765210065508
    -0.041036615331318     0.042823378716301    -0.194889340702948
59 55
    -0.032675961734694     0.015005174351222    -0.033871569696397
    -0.015479720490048     0.032217486678005    -0.019620845490048
    -0.035474389140842     0.015871229906778    -0.028801140306122
59 56
    -0.006761545068027     0.004154628716301     0.004154628716301
     0.004831358875031    -0.002323971655329    -0.003887647077349
     0.004831358875031    -0.003887647077349    -0.002323971655329
59 57
     0.030729827947846     0.017864212049635     0.017864212049635
    -0.017120932791635    -0.028230348639456    -0.031910188744016
    -0.017120932791635    -0.031910188744016    -0.028230348639456
59 58
    -0.205921509353742    -0.051203410966238    -0.051203410966238
    -0.050491793902746    -0.204492366496599    -0.051487504220207
    -0.050491793902746    -0.051487504220207    -0.204492366496599
59 59
     0.919046595804989     0.013165523557571     0.013165523557571
     0.013165523557571     0.898285992630385     0.010281991811539
     0.013165523557571     0.010281991811539     0.898285992630386
59 60
     0.004140185090703    -0.002579774061476     0.000444146573444
    -0.002461930807508     0.001624564058957     0.002718313240111
     0.000312251732174     0.002508700144873     0.004840133503401
59 61
    -0.028240830782313     0.030826043398841    -0.016734857394810
     0.031312503716301    -0.028240830782313     0.016968372763920
     0.016968372763920    -0.016734857394810     0.029985742630385
59 62
     0.004140185090703     0.000444146573444    -0.002579774061476
     0.000312251732174     0.004840133503401     0.002508700144873
    -0.002461930807508     0.002718313240111     0.001624564058957
59 63
    -0.028240830782313    -0.016734857394810     0.030826043398841
     0.016968372763920     0.029985742630385    -0.016734857394810
     0.031312503716301     0.016968372763920    -0.028240830782313
60 1
    -0.000154358560091     0.000675708081381    -0.000507109378937
     0.000756969986143     0.003490821995465     0.000756969986143
    -0.000507109378937     0.000675708081381    -0.000154358560091
60 2
    -0.001301467687075    -0.001474494299572     0.000417813240111
    -0.001197002236080    -0.000767880385488    -0.000580145093222
    -0.000525831601159     0.001075718002016     0.002808564058957
60 3
    -0.002759985544218    -0.004570278029730     0.003164654509952
    -0.004153297871000    -0.005293781179138     0.004951245779793
     0.003531247763920     0.004649733875031    -0.001764711734694
60 4
    -0.000395185941043     0.000414110859158    -0.000235224458302
     0.000297392605190    -0.000863912131519     0.000297392605190
    -0.000235224458302     0.000414110859158    -0.000395185941043
60 5
     0.001580163265306    -0.001310059775762    -0.000949458585286
    -0.001113141124969     0.000800320011338    -0.001113141124969
    -0.000949458585286    -0.001310059775762     0.001580163265306
60 6
     0.002808564058957     0.001075718002016    -0.000525831601159
    -0.000580145093222    -0.000767880385488    -0.001197002236080
     0.000417813240111    -0.001474494299572    -0.001301467687075
60 7
    -0.001764711734694     0.004649733875031     0.003531247763920
     0.004951245779793    -0.005293781179138    -0.004153297871000
     0.003164654509952    -0.004570278029730    -0.002759985544218
60 8
    -0.000291308956916     0.000679206097254    -0.001280440728143
    -0.000827281997984     0.002994496598639     0.000967388636936
    -0.001300972474175    -0.000241030013857    -0.000672455782313
60 9
    -0.002069273242630     0.003610973954397    -0.004500488347191
     0.003521110859158    -0.002345592687075     0.004527966017889
    -0.004364480410683     0.004541337049635    -0.005982874433107
60 10
    -0.028742787131519     0.031271398557571     0.016133702129000
     0.031178813240111    -0.029126971655329    -0.015848335569413
    -0.017435000251953     0.018328682287730     0.029656746598639
60 11
     0.001738236678005    -0.002290847474175     0.002209890621063
    -0.002422891124969     0.004152593820862     0.000589727922651
     0.002413200144873     0.000422704113127     0.004474996598639
60 12
    -0.002411902210884    -0.000238948664651     0.000263585065508
    -0.000016964537667    -0.002601356575964    -0.000041343505921
    -0.000092635172588     0.000212442208365     0.009649746598639
60 13
    -0.001986086734694    -0.003539403029730    -0.005048101442429
    -0.002190585569413    -0.003221832766440    -0.005361905013857
    -0.004380488347191    -0.004213482394810    -0.006261128401361
60 14
     0.003584038265306    -0.000604845490048    -0.000719910966238
     0.000991166414714    -0.000052906179138     0.001453168398841
     0.000354372763920     0.001541690224238    -0.000214646258503
60 15
     0.002142728741497     0.002391973954397     0.002278577129000
     0.002562485859158     0.004751284297052    -0.000449218505921
     0.002443739827412    -0.000405817712270     0.004960345804989
60 16
    -0.028800933956916    -0.016360498267826    -0.031847111363064
     0.017463856890905     0.031431974773243     0.017463856890905
    -0.031847111363064    -0.016360498267826    -0.028800933956916
60 17
    -0.001934023242630     0.004288954113127    -0.003455468505921
     0.004534973954397    -0.006552943877551     0.004534973954397
    -0.003455468505921     0.004288954113127    -0.001934023242630
60 18
    -0.000589287131519     0.001475519589317    -0.000622043902746
     0.001194579113127    -0.001085447845805    -0.000172555807508
     0.000954858875031     0.001041152525825     0.002799722789116
60 19
     0.000680736678005    -0.001383541918619     0.001227960065508
    -0.001282970490048     0.000619802154195     0.001378091017889
     0.001116779509952     0.001211216017889     0.001043038265306
60 20
    -0.001398211734694     0.000145156494079     0.000007087049635
     0.000255577129000     0.009898284297052     0.000255577129000
     0.000007087049635     0.000145156494079    -0.001398211734694
60 21
    -0.001893146258503    -0.004445730410683    -0.003701843505921
    -0.004449805807508    -0.006061223639456    -0.004449805807508
    -0.003701843505921    -0.004445730410683    -0.001893146258503
60 22
     0.002799722789116     0.001041152525825     0.000954858875031
    -0.000172555807508    -0.001085447845805     0.001194579113127
    -0.000622043902746     0.001475519589317    -0.000589287131519
60 23
     0.001043038265306     0.001211216017889     0.001116779509952
     0.001378091017889     0.000619802154195    -0.001282970490048
     0.001227960065508    -0.001383541918619     0.000680736678005
60 24
    -0.028808679988662     0.016448116811539     0.031913174351222
    -0.016392347474175     0.030035696995465     0.017002755700428
     0.031717573160746    -0.016620381204334    -0.029389358560091
60 25
     0.002408454931973     0.002439299351222    -0.002536768109095
     0.002734200144873     0.004895234693878     0.000258323160746
    -0.002729004220207     0.000466311255984     0.004861304138322
60 26
    -0.029339074829932    -0.032760799855127    -0.017086242315445
    -0.032676581601159    -0.030144602607710    -0.017474964537667
     0.018058464033762     0.018213398557571     0.031116591836735
60 27
    -0.003576374433107    -0.003087573664651     0.004700358875031
    -0.003798387156715    -0.003489691893424     0.004499731890905
     0.004845783478206     0.003397969986143    -0.008326122448980
60 28
    -0.001147275226757    -0.000133740331318     0.000075553319476
     0.000172577129000    -0.001811114512472     0.000179017605190
    -0.000005014140842     0.000249591017889    -0.001452041099773
60 29
     0.001503704931973    -0.001906908982111    -0.002228345490048
    -0.002088553823381     0.004196089852608    -0.000505516124969
    -0.002514883188461    -0.000409754220207     0.004568316043084
60 30
     0.003134724773243    -0.000613129220207     0.000854442208365
     0.000910065224238    -0.000449360544218    -0.001211022077349
    -0.000885627236080    -0.001174494299572    -0.000429920068027
60 31
    -0.002152795068027     0.003612971970270     0.004579898557571
     0.003649946176619    -0.002464628401361    -0.004436117315445
     0.004778366811539    -0.004612528029730    -0.006220965702948
60 32
    -0.000672455782313    -0.000241030013857    -0.001300972474175
     0.000967388636936     0.002994496598639    -0.000827281997984
    -0.001280440728143     0.000679206097254    -0.000291308956916
60 33
    -0.005982874433107     0.004541337049635    -0.004364480410683
     0.004527966017889    -0.002345592687075     0.003521110859158
    -0.004500488347191     0.003610973954397    -0.002069273242630
60 34
    -0.000214646258503     0.001541690224238     0.000354372763920
     0.001453168398841    -0.000052906179138     0.000991166414714
    -0.000719910966238    -0.000604845490048     0.003584038265306
60 35
     0.004960345804989    -0.000405817712270     0.002443739827412
    -0.000449218505921     0.004751284297052     0.002562485859158
     0.002278577129000     0.002391973954397     0.002142728741497
60 36
     0.009649746598639     0.000212442208365    -0.000092635172588
    -0.000041343505921    -0.002601356575964    -0.000016964537667
     0.000263585065508    -0.000238948664651    -0.002411902210884
60 37
    -0.006261128401361    -0.004213482394810    -0.004380488347191
    -0.005361905013857    -0.003221832766440    -0.002190585569413
    -0.005048101442429    -0.003539403029730    -0.001986086734694
60 38
     0.029656746598639     0.018328682287730    -0.017435000251953
    -0.015848335569413    -0.029126971655329     0.031178813240111
     0.016133702129000     0.031271398557571    -0.028742787131519
60 39
     0.004474996598639     0.000422704113127     0.002413200144873
     0.000589727922651     0.004152593820862    -0.002422891124969
     0.002209890621063    -0.002290847474175     0.001738236678005
60 40
    -0.000747608560091     0.001036015621063     0.001067176335349
    -0.000726121283699     0.002725375566893    -0.000726121283699
     0.001067176335349     0.001036015621063    -0.000747608560091
60 41
     0.004923429138322     0.002217563240111    -0.000685631204334
     0.002303186255984     0.002179885487528     0.002303186255984
    -0.000685631204334     0.002217563240111     0.004923429138322
60 42
    -0.030534670068027    -0.032468309775762     0.017772563240111
    -0.033004728426556    -0.029454219671202     0.017227382684555
    -0.017037101442429    -0.016758071680524     0.031121833900227
60 43
    -0.202590590702948    -0.049232315728143     0.048839029509952
    -0.048599522077349    -0.201765239512472     0.048743233875031
     0.047991428319476     0.048797934271857    -0.202457058956916
60 44
    -0.002233158163265     0.000045531494079    -0.000463293902746
    -0.000028787950365    -0.001850769274376    -0.000028787950365
    -0.000463293902746     0.000045531494079    -0.002233158163265
60 45
     0.004841377551020    -0.002986149061476    -0.000466222474175
    -0.001880186759889     0.000238681122449    -0.001880186759889
    -0.000466222474175    -0.002986149061476     0.004841377551020
60 46
     0.031121833900227    -0.016758071680524    -0.017037101442429
     0.017227382684555    -0.029454219671202    -0.033004728426556
     0.017772563240111    -0.032468309775762    -0.030534670068027
60 47
    -0.202457058956916     0.048797934271857     0.047991428319476
     0.048743233875031    -0.201765239512472    -0.048599522077349
     0.048839029509952    -0.049232315728143    -0.202590590702948
60 48
    -0.029389358560091    -0.016620381204334     0.031717573160746
     0.017002755700428     0.030035696995465    -0.016392347474175
     0.031913174351222     0.016448116811539    -0.028808679988662
60 49
     0.004861304138322     0.000466311255984    -0.002729004220207
     0.000258323160746     0.004895234693878     0.002734200144873
    -0.002536768109095     0.002439299351222     0.002408454931973
60 50
    -0.000429920068027    -0.001174494299572    -0.000885627236080
    -0.001211022077349    -0.000449360544218     0.000910065224238
     0.000854442208365    -0.000613129220207     0.003134724773243
60 51
    -0.006220965702948    -0.004612528029730     0.004778366811539
    -0.004436117315445    -0.002464628401361     0.003649946176619
     0.004579898557571     0.003612971970270    -0.002152795068027
60 52
    -0.001452041099773     0.000249591017889    -0.000005014140842
     0.000179017605190    -0.001811114512472     0.000172577129000
     0.000075553319476    -0.000133740331318    -0.001147275226757
60 53
     0.004568316043084    -0.000409754220207    -0.002514883188461
    -0.000505516124969     0.004196089852608    -0.002088553823381
    -0.002228345490048    -0.001906908982111     0.001503704931973
60 54
     0.031116591836735     0.018213398557571     0.018058464033762
    -0.017474964537667    -0.030144602607710    -0.032676581601159
    -0.017086242315445    -0.032760799855127    -0.029339074829932
60 55
    -0.008326122448980     0.003397969986143     0.004845783478206
     0.004499731890905    -0.003489691893424    -0.003798387156715
     0.004700358875031    -0.003087573664651    -0.003576374433107
60 56
    -0.027842080782313     0.018013424351222    -0.031713018109095
    -0.016971063744016     0.031165224773243    -0.016971063744016
    -0.031713018109095     0.018013424351222    -0.027842080782313
60 57
    -0.194835582766440     0.040248382684555    -0.040276309775762
     0.040303269589317    -0.194672027210884     0.040303269589317
    -0.040276309775762     0.040248382684555    -0.194835582766440
60 58
    -0.027947920068027     0.031356634668682    -0.017107057791635
     0.031121658478206    -0.027947920068027     0.017357954113127
     0.017357954113127    -0.017107057791635     0.030682024376417
60 59
     0.004140185090703    -0.002461930807508     0.000312251732174
    -0.002579774061476     0.001624564058957     0.002508700144873
     0.000444146573444     0.002718313240111     0.004840133503401
60 60
     0.900886274376418     0.007376396573444    -0.003637000251953
     0.007376396573444     0.911497385487528     0.007376396573444
    -0.003637000251953     0.007376396573444     0.900886274376417
60 61
    -0.204492366496599    -0.051203410966238    -0.051487504220207
    -0.050491793902746    -0.205921509353742    -0.050491793902746
    -0.051487504220207    -0.051203410966238    -0.204492366496599
60 62
     0.030682024376417    -0.017107057791635     0.017357954113127
     0.017357954113127    -0.027947920068027     0.031121658478206
    -0.017107057791635     0.031356634668682    -0.027947920068027
60 63
     0.004840133503401     0.002718313240111     0.000444146573444
     0.002508700144873     0.001624564058957    -0.002579774061476
     0.000312251732174    -0.002461930807508     0.004140185090703
61 1
     0.000244250566893     0.004986767605190     0.003069386652809
     0.002019287446460     0.007260302154195     0.002019287446460
     0.003069386652809     0.004986767605190     0.000244250566893
61 2
    -0.006232858560091    -0.004546184775762     0.002884309271857
    -0.004826434775762    -0.004056525226757     0.003940422367095
     0.005629039430587     0.003300277525825    -0.001912201814059
61 3
    -0.000100876417234    -0.001890968505921    -0.000517224458302
    -0.001799355410683    -0.001274676020408     0.000090313240111
     0.000224743795666    -0.001014706601159     0.002649522392290
61 4
     0.000650173185941    -0.000659454617032    -0.001245728426556
    -0.000524414934492     0.000370818027211    -0.000524414934492
    -0.001245728426556    -0.000659454617032     0.000650173185941
61 5
    -0.000325352607710    -0.000537000251953    -0.000109712553540
     0.000236051335349    -0.000769824829932     0.000236051335349
    -0.000109712553540    -0.000537000251953    -0.000325352607710
61 6
    -0.001912201814059     0.003300277525825     0.005629039430587
     0.003940422367095    -0.004056525226757    -0.004826434775762
     0.002884309271857    -0.004546184775762    -0.006232858560091
61 7
     0.002649522392290    -0.001014706601159     0.000224743795666
     0.000090313240111    -0.001274676020408    -0.001799355410683
    -0.000517224458302    -0.001890968505921    -0.000100876417234
61 8
    -0.006507324829932     0.004356515621063    -0.004291069696397
     0.004296035462333    -0.002536273242630     0.003682831097254
    -0.004539976442429     0.003508404509952    -0.002422096655329
61 9
    -0.000219164115646    -0.000707591521794    -0.001310992315445
     0.000665428319476     0.002942012471655    -0.000727466521794
    -0.001368609378937     0.000614396573444    -0.000310890306122
61 10
     0.003670196995465    -0.001972041918619     0.000354948160746
    -0.002376494299572     0.000538258503401     0.002400106890905
     0.000324995779793     0.002834241811539     0.003962730725624
61 11
    -0.029598404195011     0.030739712049635    -0.017797238347191
     0.030552551335349    -0.028461551020408     0.018688170382968
     0.015745946176619    -0.015389486363064     0.029952105725624
61 12
    -0.002633793083900    -0.003888264140842    -0.004214043902746
    -0.003759647077349    -0.003769126417234    -0.004615526045603
    -0.004224139140842    -0.004837373267826    -0.007112144274376
61 13
    -0.002177477607710     0.000668031494079     0.000623144589317
    -0.000026268109095    -0.001249977607710     0.000592787446460
     0.002333757684555    -0.001105672871000     0.007873355725624
61 14
     0.001567147392290     0.000960714033762     0.001241710065508
     0.001204858875031     0.001228573979592    -0.001330264140842
     0.001117118795666    -0.001349875251953     0.001456462868481
61 15
     0.003354837868481     0.000705908478206     0.000835823160746
    -0.000562571680524    -0.000443985544218     0.001307723954397
    -0.000759264140842     0.001321241811539    -0.000097545068027
61 16
    -0.198300574829932     0.040224436255984    -0.041480990331318
     0.039272299351222    -0.194127170068027     0.039272299351222
    -0.041480990331318     0.040224436255984    -0.198300574829932
61 17
    -0.028497164115646     0.017550638636936    -0.031241097474175
    -0.017395583585286     0.030520661281179    -0.017395583585286
    -0.031241097474175     0.017550638636936    -0.028497164115646
61 18
     0.004345696995465    -0.000773045886873     0.002992827129000
    -0.000504978426556     0.003548407312925     0.002975886652809
     0.002532354906778     0.003159837049635     0.001194081916100
61 19
    -0.000971404195011     0.001286017605190     0.000874581097254
     0.000764721970270    -0.001701592687075     0.001079033478206
    -0.000608724458302    -0.000249724458302     0.002230022392290
61 20
    -0.002445477607710    -0.004900908982111    -0.004674541918619
    -0.004127105410683    -0.006243485544218    -0.004127105410683
    -0.004674541918619    -0.004900908982111    -0.002445477607710
61 21
    -0.000789162131519     0.000166079113127     0.000431527525825
    -0.000023488347191     0.009214881519274    -0.000023488347191
     0.000431527525825     0.000166079113127    -0.000789162131519
61 22
     0.001194081916100     0.003159837049635     0.002532354906778
     0.002975886652809     0.003548407312925    -0.000504978426556
     0.002992827129000    -0.000773045886873     0.004345696995465
61 23
     0.002230022392290    -0.000249724458302    -0.000608724458302
     0.001079033478206    -0.001701592687075     0.000764721970270
     0.000874581097254     0.001286017605190    -0.000971404195011
61 24
     0.003483554138322     0.000197551335349    -0.002546329617032
     0.000183344986143     0.003925052154195     0.002387573160746
    -0.002574555807508     0.003070053319476     0.001739625566893
61 25
    -0.028556560941043    -0.017031391124969     0.031933852922651
     0.016857517605190     0.030118839852608    -0.016798859378937
     0.031585741811539     0.016676120779793    -0.028378711734694
61 26
    -0.194889340702948    -0.041036615331318     0.042823378716301
    -0.040722389140842    -0.197134497448980     0.042104602922651
     0.040765210065508     0.039014583081381    -0.196353799036281
61 27
    -0.028801140306122    -0.035474389140842     0.015871229906778
    -0.033871569696397    -0.032675961734694     0.015005174351222
    -0.019620845490048    -0.015479720490048     0.032217486678005
61 28
     0.001691333900227    -0.002233430807508    -0.002644075648778
    -0.002382105410683     0.003862240646259     0.000125835065508
    -0.002205393109095    -0.000675224458302     0.003727943027211
61 29
    -0.001067435941043     0.000151525541698     0.000103275541698
     0.000262388636936    -0.001641929988662    -0.000130323664651
     0.000157362843285    -0.000063194696397    -0.001376324829932
61 30
    -0.001947291099773     0.004983680303603     0.003026688240111
     0.004522632684555    -0.006489880385488    -0.003895954617032
     0.003709868795666    -0.004624434775762    -0.002209435941043
61 31
     0.002776189058957     0.000901906494079    -0.000285230410683
    -0.000503486363064    -0.000742773242630    -0.001470299855127
     0.001102237843285    -0.001416718505921    -0.000803856575964
61 32
    -0.002422096655329     0.003508404509952    -0.004539976442429
     0.003682831097254    -0.002536273242630     0.004296035462333
    -0.004291069696397     0.004356515621063    -0.006507324829932
61 33
    -0.000310890306122     0.000614396573444    -0.001368609378937
    -0.000727466521794     0.002942012471655     0.000665428319476
    -0.001310992315445    -0.000707591521794    -0.000219164115646
61 34
     0.001456462868481    -0.001349875251953     0.001117118795666
    -0.001330264140842     0.001228573979592     0.001204858875031
     0.001241710065508     0.000960714033762     0.001567147392290
61 35
    -0.000097545068027     0.001321241811539    -0.000759264140842
     0.001307723954397    -0.000443985544218    -0.000562571680524
     0.000835823160746     0.000705908478206     0.003354837868481
61 36
    -0.007112144274376    -0.004837373267826    -0.004224139140842
    -0.004615526045603    -0.003769126417234    -0.003759647077349
    -0.004214043902746    -0.003888264140842    -0.002633793083900
61 37
     0.007873355725624    -0.001105672871000     0.002333757684555
     0.000592787446460    -0.001249977607710    -0.000026268109095
     0.000623144589317     0.000668031494079    -0.002177477607710
61 38
     0.003962730725624     0.002834241811539     0.000324995779793
     0.002400106890905     0.000538258503401    -0.002376494299572
     0.000354948160746    -0.001972041918619     0.003670196995465
61 39
     0.029952105725624    -0.015389486363064     0.015745946176619
     0.018688170382968    -0.028461551020408     0.030552551335349
    -0.017797238347191     0.030739712049635    -0.029598404195011
61 40
     0.000856375566893     0.001271700144873    -0.001443577632905
     0.001123696176619     0.000620980725624     0.001123696176619
    -0.001443577632905     0.001271700144873     0.000856375566893
61 41
    -0.000122711734694    -0.000734627236080     0.001445739827412
     0.000731503716301     0.002563365646259     0.000731503716301
     0.001445739827412    -0.000734627236080    -0.000122711734694
61 42
    -0.002903185941043    -0.003926250251953     0.004296684271857
    -0.003958785966238    -0.002419489512472     0.004458325144873
     0.003914019589317     0.003679862843285    -0.006460931972789
61 43
    -0.029385981575964    -0.032065006204334    -0.017463099458302
    -0.032083454617032    -0.029624009353741    -0.017190573664651
     0.017642674351222     0.017887493795666     0.030919550170068
61 44
     0.003836700963719    -0.002428033982111    -0.001153547871000
    -0.002810720490048     0.001159335884354    -0.002810720490048
    -0.001153547871000    -0.002428033982111     0.003836700963719
61 45
    -0.001937638321995     0.000278285462333     0.000268648557571
     0.000950505700428    -0.003344213718821     0.000950505700428
     0.000268648557571     0.000278285462333    -0.001937638321995
61 46
    -0.006460931972789     0.003679862843285     0.003914019589317
     0.004458325144873    -0.002419489512472    -0.003958785966238
     0.004296684271857    -0.003926250251953    -0.002903185941043
61 47
     0.030919550170068     0.017887493795666     0.017642674351222
    -0.017190573664651    -0.029624009353741    -0.032083454617032
    -0.017463099458302    -0.032065006204334    -0.029385981575964
61 48
     0.001739625566893     0.003070053319476    -0.002574555807508
     0.002387573160746     0.003925052154195     0.000183344986143
    -0.002546329617032     0.000197551335349     0.003483554138322
61 49
    -0.028378711734694     0.016676120779793     0.031585741811539
    -0.016798859378937     0.030118839852608     0.016857517605190
     0.031933852922651    -0.017031391124969    -0.028556560941043
61 50
    -0.002209435941043    -0.004624434775762     0.003709868795666
    -0.003895954617032    -0.006489880385488     0.004522632684555
     0.003026688240111     0.004983680303603    -0.001947291099773
61 51
    -0.000803856575964    -0.001416718505921     0.001102237843285
    -0.001470299855127    -0.000742773242630    -0.000503486363064
    -0.000285230410683     0.000901906494079     0.002776189058957
61 52
     0.003727943027211    -0.000675224458302    -0.002205393109095
     0.000125835065508     0.003862240646259    -0.002382105410683
    -0.002644075648778    -0.002233430807508     0.001691333900227
61 53
    -0.001376324829932    -0.000063194696397     0.000157362843285
    -0.000130323664651    -0.001641929988662     0.000262388636936
     0.000103275541698     0.000151525541698    -0.001067435941043
61 54
    -0.196353799036281     0.039014583081381     0.040765210065508
     0.042104602922651    -0.197134497448980    -0.040722389140842
     0.042823378716301    -0.041036615331318    -0.194889340702948
61 55
     0.032217486678005    -0.015479720490048    -0.019620845490048
     0.015005174351222    -0.032675961734694    -0.033871569696397
     0.015871229906778    -0.035474389140842    -0.028801140306122
61 56
    -0.002323971655329     0.004831358875031    -0.003887647077349
     0.004154628716301    -0.006761545068027     0.004154628716301
    -0.003887647077349     0.004831358875031    -0.002323971655329
61 57
    -0.028230348639456    -0.017120932791635    -0.031910188744016
     0.017864212049635     0.030729827947846     0.017864212049635
    -0.031910188744016    -0.017120932791635    -0.028230348639456
61 58
     0.001624564058957    -0.002461930807508     0.002718313240111
    -0.002579774061476     0.004140185090703     0.000444146573444
     0.002508700144873     0.000312251732174     0.004840133503401
61 59
    -0.028240830782313     0.031312503716301     0.016968372763920
     0.030826043398841    -0.028240830782313    -0.016734857394810
    -0.016734857394810     0.016968372763920     0.029985742630385
61 60
    -0.204492366496599    -0.050491793902746    -0.051487504220207
    -0.051203410966238    -0.205921509353742    -0.051203410966238
    -0.051487504220207    -0.050491793902746    -0.204492366496599
61 61
     0.898285992630386     0.013165523557571     0.010281991811539
     0.013165523557571     0.919046595804989     0.013165523557571
     0.010281991811539     0.013165523557571     0.898285992630385
61 62
     0.004840133503401     0.000312251732174     0.002508700144873
     0.000444146573444     0.004140185090703    -0.002579774061476
     0.002718313240111    -0.002461930807508     0.001624564058957
61 63
     0.029985742630385     0.016968372763920    -0.016734857394810
    -0.016734857394810    -0.028240830782313     0.030826043398841
     0.016968372763920     0.031312503716301    -0.028240830782313
62 1
    -0.000154358560091    -0.000507109378937     0.000675708081381
    -0.000507109378937    -0.000154358560091     0.000675708081381
     0.000756969986143     0.000756969986143     0.003490821995465
62 2
    -0.001301467687075     0.000417813240111    -0.001474494299572
    -0.000525831601159     0.002808564058957     0.001075718002016
    -0.001197002236080    -0.000580145093222    -0.000767880385488
62 3
    -0.002759985544218     0.003164654509952    -0.004570278029730
     0.003531247763920    -0.001764711734694     0.004649733875031
    -0.004153297871000     0.004951245779793    -0.005293781179138
62 4
     0.002808564058957    -0.000525831601159     0.001075718002016
     0.000417813240111    -0.001301467687075    -0.001474494299572
    -0.000580145093222    -0.001197002236080    -0.000767880385488
62 5
    -0.001764711734694     0.003531247763920     0.004649733875031
     0.003164654509952    -0.002759985544218    -0.004570278029730
     0.004951245779793    -0.004153297871000    -0.005293781179138
62 6
    -0.000395185941043    -0.000235224458302     0.000414110859158
    -0.000235224458302    -0.000395185941043     0.000414110859158
     0.000297392605190     0.000297392605190    -0.000863912131519
62 7
     0.001580163265306    -0.000949458585286    -0.001310059775762
    -0.000949458585286     0.001580163265306    -0.001310059775762
    -0.001113141124969    -0.001113141124969     0.000800320011338
62 8
    -0.028800933956916    -0.031847111363064    -0.016360498267826
    -0.031847111363064    -0.028800933956916    -0.016360498267826
     0.017463856890905     0.017463856890905     0.031431974773243
62 9
    -0.001934023242630    -0.003455468505921     0.004288954113127
    -0.003455468505921    -0.001934023242630     0.004288954113127
     0.004534973954397     0.004534973954397    -0.006552943877551
62 10
    -0.000589287131519    -0.000622043902746     0.001475519589317
     0.000954858875031     0.002799722789116     0.001041152525825
     0.001194579113127    -0.000172555807508    -0.001085447845805
62 11
     0.000680736678005     0.001227960065508    -0.001383541918619
     0.001116779509952     0.001043038265306     0.001211216017889
    -0.001282970490048     0.001378091017889     0.000619802154195
62 12
     0.002799722789116     0.000954858875031     0.001041152525825
    -0.000622043902746    -0.000589287131519     0.001475519589317
    -0.000172555807508     0.001194579113127    -0.001085447845805
62 13
     0.001043038265306     0.001116779509952     0.001211216017889
     0.001227960065508     0.000680736678005    -0.001383541918619
     0.001378091017889    -0.001282970490048     0.000619802154195
62 14
    -0.001398211734694     0.000007087049635     0.000145156494079
     0.000007087049635    -0.001398211734694     0.000145156494079
     0.000255577129000     0.000255577129000     0.009898284297052
62 15
    -0.001893146258503    -0.003701843505921    -0.004445730410683
    -0.003701843505921    -0.001893146258503    -0.004445730410683
    -0.004449805807508    -0.004449805807508    -0.006061223639456
62 16
    -0.000291308956916    -0.001280440728143     0.000679206097254
    -0.001300972474175    -0.000672455782313    -0.000241030013857
    -0.000827281997984     0.000967388636936     0.002994496598639
62 17
    -0.002069273242630    -0.004500488347191     0.003610973954397
    -0.004364480410683    -0.005982874433107     0.004541337049635
     0.003521110859158     0.004527966017889    -0.002345592687075
62 18
    -0.028742787131519     0.016133702129000     0.031271398557571
    -0.017435000251953     0.029656746598639     0.018328682287730
     0.031178813240111    -0.015848335569413    -0.029126971655329
62 19
     0.001738236678005     0.002209890621063    -0.002290847474175
     0.002413200144873     0.004474996598639     0.000422704113127
    -0.002422891124969     0.000589727922651     0.004152593820862
62 20
     0.003584038265306    -0.000719910966238    -0.000604845490048
     0.000354372763920    -0.000214646258503     0.001541690224238
     0.000991166414714     0.001453168398841    -0.000052906179138
62 21
     0.002142728741497     0.002278577129000     0.002391973954397
     0.002443739827412     0.004960345804989    -0.000405817712270
     0.002562485859158    -0.000449218505921     0.004751284297052
62 22
    -0.002411902210884     0.000263585065508    -0.000238948664651
    -0.000092635172588     0.009649746598639     0.000212442208365
    -0.000016964537667    -0.000041343505921    -0.002601356575964
62 23
    -0.001986086734694    -0.005048101442429    -0.003539403029730
    -0.004380488347191    -0.006261128401361    -0.004213482394810
    -0.002190585569413    -0.005361905013857    -0.003221832766440
62 24
    -0.028808679988662     0.031913174351222     0.016448116811539
     0.031717573160746    -0.029389358560091    -0.016620381204334
    -0.016392347474175     0.017002755700428     0.030035696995465
62 25
     0.002408454931973    -0.002536768109095     0.002439299351222
    -0.002729004220207     0.004861304138322     0.000466311255984
     0.002734200144873     0.000258323160746     0.004895234693878
62 26
    -0.029339074829932    -0.017086242315445    -0.032760799855127
     0.018058464033762     0.031116591836735     0.018213398557571
    -0.032676581601159    -0.017474964537667    -0.030144602607710
62 27
    -0.003576374433107     0.004700358875031    -0.003087573664651
     0.004845783478206    -0.008326122448980     0.003397969986143
    -0.003798387156715     0.004499731890905    -0.003489691893424
62 28
     0.003134724773243     0.000854442208365    -0.000613129220207
    -0.000885627236080    -0.000429920068027    -0.001174494299572
     0.000910065224238    -0.001211022077349    -0.000449360544218
62 29
    -0.002152795068027     0.004579898557571     0.003612971970270
     0.004778366811539    -0.006220965702948    -0.004612528029730
     0.003649946176619    -0.004436117315445    -0.002464628401361
62 30
    -0.001147275226757     0.000075553319476    -0.000133740331318
    -0.000005014140842    -0.001452041099773     0.000249591017889
     0.000172577129000     0.000179017605190    -0.001811114512472
62 31
     0.001503704931973    -0.002228345490048    -0.001906908982111
    -0.002514883188461     0.004568316043084    -0.000409754220207
    -0.002088553823381    -0.000505516124969     0.004196089852608
62 32
    -0.000672455782313    -0.001300972474175    -0.000241030013857
    -0.001280440728143    -0.000291308956916     0.000679206097254
     0.000967388636936    -0.000827281997984     0.002994496598639
62 33
    -0.005982874433107    -0.004364480410683     0.004541337049635
    -0.004500488347191    -0.002069273242630     0.003610973954397
     0.004527966017889     0.003521110859158    -0.002345592687075
62 34
    -0.000214646258503     0.000354372763920     0.001541690224238
    -0.000719910966238     0.003584038265306    -0.000604845490048
     0.001453168398841     0.000991166414714    -0.000052906179138
62 35
     0.004960345804989     0.002443739827412    -0.000405817712270
     0.002278577129000     0.002142728741497     0.002391973954397
    -0.000449218505921     0.002562485859158     0.004751284297052
62 36
     0.029656746598639    -0.017435000251953     0.018328682287730
     0.016133702129000    -0.028742787131519     0.031271398557571
    -0.015848335569413     0.031178813240111    -0.029126971655329
62 37
     0.004474996598639     0.002413200144873     0.000422704113127
     0.002209890621063     0.001738236678005    -0.002290847474175
     0.000589727922651    -0.002422891124969     0.004152593820862
62 38
     0.009649746598639    -0.000092635172588     0.000212442208365
     0.000263585065508    -0.002411902210884    -0.000238948664651
    -0.000041343505921    -0.000016964537667    -0.002601356575964
62 39
    -0.006261128401361    -0.004380488347191    -0.004213482394810
    -0.005048101442429    -0.001986086734694    -0.003539403029730
    -0.005361905013857    -0.002190585569413    -0.003221832766440
62 40
    -0.029389358560091     0.031717573160746    -0.016620381204334
     0.031913174351222    -0.028808679988662     0.016448116811539
     0.017002755700428    -0.016392347474175     0.030035696995465
62 41
     0.004861304138322    -0.002729004220207     0.000466311255984
    -0.002536768109095     0.002408454931973     0.002439299351222
     0.000258323160746     0.002734200144873     0.004895234693878
62 42
    -0.000429920068027    -0.000885627236080    -0.001174494299572
     0.000854442208365     0.003134724773243    -0.000613129220207
    -0.001211022077349     0.000910065224238    -0.000449360544218
62 43
    -0.006220965702948     0.004778366811539    -0.004612528029730
     0.004579898557571    -0.002152795068027     0.003612971970270
    -0.004436117315445     0.003649946176619    -0.002464628401361
62 44
     0.031116591836735     0.018058464033762     0.018213398557571
    -0.017086242315445    -0.029339074829932    -0.032760799855127
    -0.017474964537667    -0.032676581601159    -0.030144602607710
62 45
    -0.008326122448980     0.004845783478206     0.003397969986143
     0.004700358875031    -0.003576374433107    -0.003087573664651
     0.004499731890905    -0.003798387156715    -0.003489691893424
62 46
    -0.001452041099773    -0.000005014140842     0.000249591017889
     0.000075553319476    -0.001147275226757    -0.000133740331318
     0.000179017605190     0.000172577129000    -0.001811114512472
62 47
     0.004568316043084    -0.002514883188461    -0.000409754220207
    -0.002228345490048     0.001503704931973    -0.001906908982111
    -0.000505516124969    -0.002088553823381     0.004196089852608
62 48
    -0.000747608560091     0.001067176335349     0.001036015621063
     0.001067176335349    -0.000747608560091     0.001036015621063
    -0.000726121283699    -0.000726121283699     0.002725375566893
62 49
     0.004923429138322    -0.000685631204334     0.002217563240111
    -0.000685631204334     0.004923429138322     0.002217563240111
     0.002303186255984     0.002303186255984     0.002179885487528
62 50
    -0.030534670068027     0.017772563240111    -0.032468309775762
    -0.017037101442429     0.031121833900227    -0.016758071680524
    -0.033004728426556     0.017227382684555    -0.029454219671202
62 51
    -0.202590590702948     0.048839029509952    -0.049232315728143
     0.047991428319476    -0.202457058956916     0.048797934271857
    -0.048599522077349     0.048743233875031    -0.201765239512472
62 52
     0.031121833900227    -0.017037101442429    -0.016758071680524
     0.017772563240111    -0.030534670068027    -0.032468309775762
     0.017227382684555    -0.033004728426556    -0.029454219671202
62 53
    -0.202457058956916     0.047991428319476     0.048797934271857
     0.048839029509952    -0.202590590702948    -0.049232315728143
     0.048743233875031    -0.048599522077349    -0.201765239512472
62 54
    -0.002233158163265    -0.000463293902746     0.000045531494079
    -0.000463293902746    -0.002233158163265     0.000045531494079
    -0.000028787950365    -0.000028787950365    -0.001850769274376
62 55
     0.004841377551020    -0.000466222474175    -0.002986149061476
    -0.000466222474175     0.004841377551020    -0.002986149061476
    -0.001880186759889    -0.001880186759889     0.000238681122449
62 56
    -0.027842080782313    -0.031713018109095     0.018013424351222
    -0.031713018109095    -0.027842080782313     0.018013424351222
    -0.016971063744016    -0.016971063744016     0.031165224773243
62 57
    -0.194835582766440    -0.040276309775762     0.040248382684555
    -0.040276309775762    -0.194835582766440     0.040248382684555
     0.040303269589317     0.040303269589317    -0.194672027210884
62 58
    -0.027947920068027    -0.017107057791635     0.031356634668682
     0.017357954113127     0.030682024376417    -0.017107057791635
     0.031121658478206     0.017357954113127    -0.027947920068027
62 59
     0.004140185090703     0.000312251732174    -0.002461930807508
     0.000444146573444     0.004840133503401     0.002718313240111
    -0.002579774061476     0.002508700144873     0.001624564058957
62 60
     0.030682024376417     0.017357954113127    -0.017107057791635
    -0.017107057791635    -0.027947920068027     0.031356634668682
     0.017357954113127     0.031121658478206    -0.027947920068027
62 61
     0.004840133503401     0.000444146573444     0.002718313240111
     0.000312251732174     0.004140185090703    -0.002461930807508
     0.002508700144873    -0.002579774061476     0.001624564058957
62 62
     0.900886274376417    -0.003637000251953     0.007376396573444
    -0.003637000251953     0.900886274376417     0.007376396573444
     0.007376396573444     0.007376396573444     0.911497385487528
62 63
    -0.204492366496599    -0.051487504220207    -0.051203410966238
    -0.051487504220207    -0.204492366496599    -0.051203410966238
    -0.050491793902746    -0.050491793902746    -0.205921509353742
63 1
     0.000244250566893     0.003069386652809     0.004986767605190
     0.003069386652809     0.000244250566893     0.004986767605190
     0.002019287446460     0.002019287446460     0.007260302154195
63 2
    -0.006232858560091     0.002884309271857    -0.004546184775762
     0.005629039430587    -0.001912201814059     0.003300277525825
    -0.004826434775762     0.003940422367095    -0.004056525226757
63 3
    -0.000100876417234    -0.000517224458302    -0.001890968505921
     0.000224743795666     0.002649522392290    -0.001014706601159
    -0.001799355410683     0.000090313240111    -0.001274676020408
63 4
    -0.001912201814059     0.005629039430587     0.003300277525825
     0.002884309271857    -0.006232858560091    -0.004546184775762
     0.003940422367095    -0.004826434775762    -0.004056525226757
63 5
     0.002649522392290     0.000224743795666    -0.001014706601159
    -0.000517224458302    -0.000100876417234    -0.001890968505921
     0.000090313240111    -0.001799355410683    -0.001274676020408
63 6
     0.000650173185941    -0.001245728426556    -0.000659454617032
    -0.001245728426556     0.000650173185941    -0.000659454617032
    -0.000524414934492    -0.000524414934492     0.000370818027211
63 7
    -0.000325352607710    -0.000109712553540    -0.000537000251953
    -0.000109712553540    -0.000325352607710    -0.000537000251953
     0.000236051335349     0.000236051335349    -0.000769824829932
63 8
    -0.198300574829932    -0.041480990331318     0.040224436255984
    -0.041480990331318    -0.198300574829932     0.040224436255984
     0.039272299351222     0.039272299351222    -0.194127170068027
63 9
    -0.028497164115646    -0.031241097474175     0.017550638636936
    -0.031241097474175    -0.028497164115646     0.017550638636936
    -0.017395583585286    -0.017395583585286     0.030520661281179
63 10
     0.004345696995465     0.002992827129000    -0.000773045886873
     0.002532354906778     0.001194081916100     0.003159837049635
    -0.000504978426556     0.002975886652809     0.003548407312925
63 11
    -0.000971404195011     0.000874581097254     0.001286017605190
    -0.000608724458302     0.002230022392290    -0.000249724458302
     0.000764721970270     0.001079033478206    -0.001701592687075
63 12
     0.001194081916100     0.002532354906778     0.003159837049635
     0.002992827129000     0.004345696995465    -0.000773045886873
     0.002975886652809    -0.000504978426556     0.003548407312925
63 13
     0.002230022392290    -0.000608724458302    -0.000249724458302
     0.000874581097254    -0.000971404195011     0.001286017605190
     0.001079033478206     0.000764721970270    -0.001701592687075
63 14
    -0.002445477607710    -0.004674541918619    -0.004900908982111
    -0.004674541918619    -0.002445477607710    -0.004900908982111
    -0.004127105410683    -0.004127105410683    -0.006243485544218
63 15
    -0.000789162131519     0.000431527525825     0.000166079113127
     0.000431527525825    -0.000789162131519     0.000166079113127
    -0.000023488347191    -0.000023488347191     0.009214881519274
63 16
    -0.006507324829932    -0.004291069696397     0.004356515621063
    -0.004539976442429    -0.002422096655329     0.003508404509952
     0.004296035462333     0.003682831097254    -0.002536273242630
63 17
    -0.000219164115646    -0.001310992315445    -0.000707591521794
    -0.001368609378937    -0.000310890306122     0.000614396573444
     0.000665428319476    -0.000727466521794     0.002942012471655
63 18
     0.003670196995465     0.000354948160746    -0.001972041918619
     0.000324995779793     0.003962730725624     0.002834241811539
    -0.002376494299572     0.002400106890905     0.000538258503401
63 19
    -0.029598404195011    -0.017797238347191     0.030739712049635
     0.015745946176619     0.029952105725624    -0.015389486363064
     0.030552551335349     0.018688170382968    -0.028461551020408
63 20
     0.001567147392290     0.001241710065508     0.000960714033762
     0.001117118795666     0.001456462868481    -0.001349875251953
     0.001204858875031    -0.001330264140842     0.001228573979592
63 21
     0.003354837868481     0.000835823160746     0.000705908478206
    -0.000759264140842    -0.000097545068027     0.001321241811539
    -0.000562571680524     0.001307723954397    -0.000443985544218
63 22
    -0.002633793083900    -0.004214043902746    -0.003888264140842
    -0.004224139140842    -0.007112144274376    -0.004837373267826
    -0.003759647077349    -0.004615526045603    -0.003769126417234
63 23
    -0.002177477607710     0.000623144589317     0.000668031494079
     0.002333757684555     0.007873355725624    -0.001105672871000
    -0.000026268109095     0.000592787446460    -0.001249977607710
63 24
     0.003483554138322    -0.002546329617032     0.000197551335349
    -0.002574555807508     0.001739625566893     0.003070053319476
     0.000183344986143     0.002387573160746     0.003925052154195
63 25
    -0.028556560941043     0.031933852922651    -0.017031391124969
     0.031585741811539    -0.028378711734694     0.016676120779793
     0.016857517605190    -0.016798859378937     0.030118839852608
63 26
    -0.194889340702948     0.042823378716301    -0.041036615331318
     0.040765210065508    -0.196353799036281     0.039014583081381
    -0.040722389140842     0.042104602922651    -0.197134497448980
63 27
    -0.028801140306122     0.015871229906778    -0.035474389140842
    -0.019620845490048     0.032217486678005    -0.015479720490048
    -0.033871569696397     0.015005174351222    -0.032675961734694
63 28
    -0.001947291099773     0.003026688240111     0.004983680303603
     0.003709868795666    -0.002209435941043    -0.004624434775762
     0.004522632684555    -0.003895954617032    -0.006489880385488
63 29
     0.002776189058957    -0.000285230410683     0.000901906494079
     0.001102237843285    -0.000803856575964    -0.001416718505921
    -0.000503486363064    -0.001470299855127    -0.000742773242630
63 30
     0.001691333900227    -0.002644075648778    -0.002233430807508
    -0.002205393109095     0.003727943027211    -0.000675224458302
    -0.002382105410683     0.000125835065508     0.003862240646259
63 31
    -0.001067435941043     0.000103275541698     0.000151525541698
     0.000157362843285    -0.001376324829932    -0.000063194696397
     0.000262388636936    -0.000130323664651    -0.001641929988662
63 32
    -0.002422096655329    -0.004539976442429     0.003508404509952
    -0.004291069696397    -0.006507324829932     0.004356515621063
     0.003682831097254     0.004296035462333    -0.002536273242630
63 33
    -0.000310890306122    -0.001368609378937     0.000614396573444
    -0.001310992315445    -0.000219164115646    -0.000707591521794
    -0.000727466521794     0.000665428319476     0.002942012471655
63 34
     0.001456462868481     0.001117118795666    -0.001349875251953
     0.001241710065508     0.001567147392290     0.000960714033762
    -0.001330264140842     0.001204858875031     0.001228573979592
63 35
    -0.000097545068027    -0.000759264140842     0.001321241811539
     0.000835823160746     0.003354837868481     0.000705908478206
     0.001307723954397    -0.000562571680524    -0.000443985544218
63 36
     0.003962730725624     0.000324995779793     0.002834241811539
     0.000354948160746     0.003670196995465    -0.001972041918619
     0.002400106890905    -0.002376494299572     0.000538258503401
63 37
     0.029952105725624     0.015745946176619    -0.015389486363064
    -0.017797238347191    -0.029598404195011     0.030739712049635
     0.018688170382968     0.030552551335349    -0.028461551020408
63 38
    -0.007112144274376    -0.004224139140842    -0.004837373267826
    -0.004214043902746    -0.002633793083900    -0.003888264140842
    -0.004615526045603    -0.003759647077349    -0.003769126417234
63 39
     0.007873355725624     0.002333757684555    -0.001105672871000
     0.000623144589317    -0.002177477607710     0.000668031494079
     0.000592787446460    -0.000026268109095    -0.001249977607710
63 40
     0.001739625566893    -0.002574555807508     0.003070053319476
    -0.002546329617032     0.003483554138322     0.000197551335349
     0.002387573160746     0.000183344986143     0.003925052154195
63 41
    -0.028378711734694     0.031585741811539     0.016676120779793
     0.031933852922651    -0.028556560941043    -0.017031391124969
    -0.016798859378937     0.016857517605190     0.030118839852608
63 42
    -0.002209435941043     0.003709868795666    -0.004624434775762
     0.003026688240111    -0.001947291099773     0.004983680303603
    -0.003895954617032     0.004522632684555    -0.006489880385488
63 43
    -0.000803856575964     0.001102237843285    -0.001416718505921
    -0.000285230410683     0.002776189058957     0.000901906494079
    -0.001470299855127    -0.000503486363064    -0.000742773242630
63 44
    -0.196353799036281     0.040765210065508     0.039014583081381
     0.042823378716301    -0.194889340702948    -0.041036615331318
     0.042104602922651    -0.040722389140842    -0.197134497448980
63 45
     0.032217486678005    -0.019620845490048    -0.015479720490048
     0.015871229906778    -0.028801140306122    -0.035474389140842
     0.015005174351222    -0.033871569696397    -0.032675961734694
63 46
     0.003727943027211    -0.002205393109095    -0.000675224458302
    -0.002644075648778     0.001691333900227    -0.002233430807508
     0.000125835065508    -0.002382105410683     0.003862240646259
63 47
    -0.001376324829932     0.000157362843285    -0.000063194696397
     0.000103275541698    -0.001067435941043     0.000151525541698
    -0.000130323664651     0.000262388636936    -0.001641929988662
63 48
     0.000856375566893    -0.001443577632905     0.001271700144873
    -0.001443577632905     0.000856375566893     0.001271700144873
     0.001123696176619     0.001123696176619     0.000620980725624
63 49
    -0.000122711734694     0.001445739827412    -0.000734627236080
     0.001445739827412    -0.000122711734694    -0.000734627236080
     0.000731503716301     0.000731503716301     0.002563365646259
63 50
    -0.002903185941043     0.004296684271857    -0.003926250251953
     0.003914019589317    -0.006460931972789     0.003679862843285
    -0.003958785966238     0.004458325144873    -0.002419489512472
63 51
    -0.029385981575964    -0.017463099458302    -0.032065006204334
     0.017642674351222     0.030919550170068     0.017887493795666
    -0.032083454617032    -0.017190573664651    -0.029624009353741
63 52
    -0.006460931972789     0.003914019589317     0.003679862843285
     0.004296684271857    -0.002903185941043    -0.003926250251953
     0.004458325144873    -0.003958785966238    -0.002419489512472
63 53
     0.030919550170068     0.017642674351222     0.017887493795666
    -0.017463099458302    -0.029385981575964    -0.032065006204334
    -0.017190573664651    -0.032083454617032    -0.029624009353741
63 54
     0.003836700963719    -0.001153547871000    -0.002428033982111
    -0.001153547871000     0.003836700963719    -0.002428033982111
    -0.002810720490048    -0.002810720490048     0.001159335884354
63 55
    -0.001937638321995     0.000268648557571     0.000278285462333
     0.000268648557571    -0.001937638321995     0.000278285462333
     0.000950505700428     0.000950505700428    -0.003344213718821
63 56
    -0.002323971655329    -0.003887647077349     0.004831358875031
    -0.003887647077349    -0.002323971655329     0.004831358875031
     0.004154628716301     0.004154628716301    -0.006761545068027
63 57
    -0.028230348639456    -0.031910188744016    -0.017120932791635
    -0.031910188744016    -0.028230348639456    -0.017120932791635
     0.017864212049635     0.017864212049635     0.030729827947846
63 58
     0.001624564058957     0.002718313240111    -0.002461930807508
     0.002508700144873     0.004840133503401     0.000312251732174
    -0.002579774061476     0.000444146573444     0.004140185090703
63 59
    -0.028240830782313     0.016968372763920     0.031312503716301
    -0.016734857394810     0.029985742630385     0.016968372763920
     0.030826043398841    -0.016734857394810    -0.028240830782313
63 60
     0.004840133503401     0.002508700144873     0.000312251732174
     0.002718313240111     0.001624564058957    -0.002461930807508
     0.000444146573444    -0.002579774061476     0.004140185090703
63 61
     0.029985742630385    -0.016734857394810     0.016968372763920
     0.016968372763920    -0.028240830782313     0.031312503716301
    -0.016734857394810     0.030826043398841    -0.028240830782313
63 62
    -0.204492366496599    -0.051487504220207    -0.050491793902746
    -0.051487504220207    -0.204492366496599    -0.050491793902746
    -0.051203410966238    -0.051203410966238    -0.205921509353742
63 63
     0.898285992630385     0.010281991811539     0.013165523557571
     0.010281991811539     0.898285992630386     0.013165523557571
     0.013165523557571     0.013165523557571     0.919046595804988