63   
78   

1    
  0.0200000000000000   0.0000000000000000   0.0000000000000000
  -0.0136648795    0.0054964998    0.0054964998
  -0.0002632695    0.0001835998    0.0001835998
   0.0007023605    0.0009070898    0.0009070898
   0.0004647305   -0.0002648502    0.0006058598
   0.0008733105    0.0008270698    0.0009252898
   0.0004647305    0.0006058598   -0.0002648502
   0.0008733105    0.0009252898    0.0008270698
   0.0003271705    0.0003311698   -0.0005403002
   0.0000147405   -0.0000076102   -0.0001188202
  -0.0005075895   -0.0000490102    0.0000923798
  -0.0008180995    0.0004745398   -0.0005090602
   0.0002483405   -0.0002633302   -0.0002452002
   0.0004251105   -0.0008330902   -0.0004654802
  -0.0000775095   -0.0000501402   -0.0002768302
  -0.0002362395   -0.0002044102    0.0000055798
   0.0003271705   -0.0005403002    0.0003311698
   0.0000147405   -0.0001188202   -0.0000076102
  -0.0005075895    0.0000923798   -0.0000490102
  -0.0008180995   -0.0005090602    0.0004745398
  -0.0000775095   -0.0002768302   -0.0000501402
  -0.0002362395    0.0000055798   -0.0002044102
   0.0002483405   -0.0002452002   -0.0002633302
   0.0004251105   -0.0004654802   -0.0008330902
   0.0002202005    0.0000068598    0.0000068598
  -0.0001017295    0.0000097598    0.0000097598
  -0.0002592895   -0.0004679002   -0.0004679002
   0.0047076205   -0.0039073502   -0.0039073502
  -0.0003065295   -0.0000234202    0.0000390798
  -0.0005144695    0.0002612898    0.0005071698
  -0.0003065295    0.0000390798   -0.0000234202
  -0.0005144695    0.0005071698    0.0002612898
  -0.0005135495    0.0003221398    0.0003221398
  -0.0002848895    0.0001271298    0.0001271298
  -0.0002932195   -0.0000786902   -0.0000786902
   0.0000060705   -0.0002388502   -0.0002388502
   0.0010157105    0.0005961398   -0.0009793302
  -0.0005524895   -0.0007271002    0.0005386498
   0.0010157105   -0.0009793302    0.0005961398
  -0.0005524895    0.0005386498   -0.0007271002
   0.0001235405    0.0000970298    0.0000344098
   0.0001158905    0.0002749998    0.0001765298
  -0.0000580895   -0.0002562502    0.0000353998
   0.0004099405   -0.0006716102    0.0001873398
   0.0005898805   -0.0007513602    0.0008478198
   0.0029397705   -0.0001674202   -0.0011057502
   0.0000473005   -0.0002744602    0.0000388398
   0.0004718305   -0.0004548502    0.0002369798
   0.0001235405    0.0000344098    0.0000970298
   0.0001158905    0.0001765298    0.0002749998
  -0.0000580895    0.0000353998   -0.0002562502
   0.0004099405    0.0001873398   -0.0006716102
   0.0000473005    0.0000388398   -0.0002744602
   0.0004718305    0.0002369798   -0.0004548502
   0.0005898805    0.0008478198   -0.0007513602
   0.0029397705   -0.0011057502   -0.0001674202
  -0.0000598895   -0.0000797002   -0.0000797002
  -0.0000029795    0.0000354198    0.0000354198
  -0.0003446095    0.0000644698    0.0000644698
  -0.0004791695    0.0001338398    0.0001338398
   0.0000865305   -0.0002929202    0.0000854798
   0.0002328305   -0.0003726102    0.0001718498
   0.0000865305    0.0000854798   -0.0002929202
   0.0002328305    0.0001718498   -0.0003726102

1    
 -0.0200000000000000   0.0000000000000000   0.0000000000000000
   0.0178755998   -0.0009386900   -0.0009386900
  -0.0002744902    0.0002054100    0.0002054100
   0.0009366598    0.0008522300    0.0008522300
  -0.0000601902   -0.0002777500   -0.0002077400
   0.0008915498    0.0008072000    0.0008320300
  -0.0000601902   -0.0002077400   -0.0002777500
   0.0008915498    0.0008320300    0.0008072000
   0.0003159898    0.0003100800   -0.0005823500
   0.0000551698    0.0000748100   -0.0002531900
   0.0007449498   -0.0005272600    0.0006929600
  -0.0007441402    0.0005174600   -0.0005706200
  -0.0008116202    0.0004920600    0.0010158400
   0.0005719598   -0.0007336700   -0.0006119900
  -0.0000713602   -0.0001064200   -0.0002488500
  -0.0002086202   -0.0002471400    0.0000319900
   0.0003159898   -0.0005823500    0.0003100800
   0.0000551698   -0.0002531900    0.0000748100
   0.0007449498    0.0006929600   -0.0005272600
  -0.0007441402   -0.0005706200    0.0005174600
  -0.0000713602   -0.0002488500   -0.0001064200
  -0.0002086202    0.0000319900   -0.0002471400
  -0.0008116202    0.0010158400    0.0004920600
   0.0005719598   -0.0006119900   -0.0007336700
   0.0001637598    0.0000079100    0.0000079100
   0.0001646798   -0.0000384500   -0.0000384500
   0.0001545298    0.0000182300    0.0000182300
  -0.0026691702    0.0006364100    0.0006364100
  -0.0002714202    0.0000729700   -0.0000081400
  -0.0006216402    0.0004058100    0.0001964300
  -0.0002714202   -0.0000081400    0.0000729700
  -0.0006216402    0.0001964300    0.0004058100
  -0.0006047002    0.0003187200    0.0003187200
  -0.0000822302   -0.0000611600   -0.0000611600
  -0.0002263602   -0.0000770300   -0.0000770300
   0.0000363398   -0.0002128800   -0.0002128800
  -0.0002375902   -0.0003715900    0.0004153900
  -0.0005246902   -0.0008397600    0.0004533500
  -0.0002375902    0.0004153900   -0.0003715900
  -0.0005246902    0.0004533500   -0.0008397600
  -0.0001047402    0.0002826900   -0.0000212200
  -0.0001447902   -0.0002176100   -0.0002108000
   0.0001134298   -0.0003294900   -0.0000044900
   0.0002619398   -0.0004718100    0.0005178100
  -0.0010459502    0.0006630400   -0.0013231700
  -0.0061425602    0.0021895600   -0.0020860900
  -0.0000140302   -0.0003118300    0.0000114000
   0.0002343998   -0.0006913100    0.0004327200
  -0.0001047402   -0.0000212200    0.0002826900
  -0.0001447902   -0.0002108000   -0.0002176100
   0.0001134298   -0.0000044900   -0.0003294900
   0.0002619398    0.0005178100   -0.0004718100
  -0.0000140302    0.0000114000   -0.0003118300
   0.0002343998    0.0004327200   -0.0006913100
  -0.0010459502   -0.0013231700    0.0006630400
  -0.0061425602   -0.0020860900    0.0021895600
  -0.0000995602   -0.0000853500   -0.0000853500
   0.0000291698   -0.0000136000   -0.0000136000
  -0.0002084202    0.0000880700    0.0000880700
  -0.0001817402    0.0003340700    0.0003340700
   0.0000689898   -0.0002657300    0.0000670500
   0.0002379298   -0.0002913900    0.0002948700
   0.0000689898    0.0000670500   -0.0002657300
   0.0002379298    0.0002948700   -0.0002913900

2    
  0.0000000000000000   0.0200000000000000   0.0000000000000000
   0.0023125898    0.0025916797    0.0027286303
  -0.0043509202   -0.0160631803    0.0034437903
   0.0030013698    0.0054748897    0.0020572403
   0.0001522198   -0.0002140403    0.0001250103
   0.0008368298    0.0007898297    0.0007965703
   0.0001270498    0.0000706697   -0.0001397297
   0.0008683898    0.0008311497    0.0006816003
   0.0005637098    0.0008293997   -0.0012034197
   0.0000556498   -0.0000145703   -0.0001212397
   0.0001174398   -0.0002614803    0.0004082203
  -0.0006971302    0.0004304497   -0.0005034697
  -0.0002784902    0.0001111497    0.0003987403
   0.0004989198   -0.0006635503   -0.0005388797
  -0.0003841002   -0.0006724503   -0.0005407697
  -0.0003330302   -0.0000819003   -0.0000692197
  -0.0000001302    0.0000664297   -0.0003424097
  -0.0000429102   -0.0002622003    0.0000941303
   0.0001121498    0.0004330497   -0.0002920897
  -0.0007978702   -0.0005054603    0.0004637603
   0.0006001198    0.0003438797    0.0002362103
  -0.0001529602    0.0000985197   -0.0003093897
  -0.0002863202    0.0003690997    0.0001113603
   0.0004547598   -0.0004891803   -0.0007492697
   0.0004901598    0.0007685397    0.0009764803
  -0.0000526702    0.0001123397    0.0000877403
  -0.0000256302   -0.0001521103   -0.0002132597
   0.0009690998   -0.0015340503   -0.0015381397
  -0.0003562002    0.0000633497    0.0000172003
  -0.0005614302    0.0003227297    0.0003356403
  -0.0002986302   -0.0000383803    0.0000302203
  -0.0005950202    0.0003361697    0.0003196703
  -0.0005651502    0.0003163397    0.0003128603
  -0.0002495902   -0.0000093303   -0.0000039497
  -0.0002975402   -0.0000398003   -0.0000765697
   0.0000160198   -0.0002585803   -0.0002688197
   0.0010258498    0.0005887497   -0.0005482197
   0.0017380498    0.0036413297   -0.0016898897
   0.0006536098   -0.0009138503    0.0004254803
  -0.0014799102    0.0048430797   -0.0027141397
   0.0000264298    0.0001863097    0.0000621503
  -0.0000596602    0.0000388597    0.0000283903
   0.0000221698   -0.0004486103    0.0000038703
   0.0004177698   -0.0004324603    0.0004582403
  -0.0002553902   -0.0000538703   -0.0002540397
  -0.0015263902    0.0009247997   -0.0015707797
   0.0002388098   -0.0007125203   -0.0002279997
   0.0003940498   -0.0006062303    0.0003161603
   0.0000143398    0.0000466797    0.0002832703
  -0.0001191602    0.0001129097    0.0001127203
   0.0000370098    0.0000640297   -0.0003337997
   0.0004027098    0.0004026597   -0.0005190097
  -0.0009412502    0.0007629497   -0.0005839797
   0.0004302698    0.0002942297   -0.0006512897
  -0.0002380902   -0.0002791803   -0.0000309697
  -0.0016049202   -0.0015897503    0.0009298103
  -0.0000707202   -0.0000548703   -0.0001126897
  -0.0000125102   -0.0000051403    0.0000307803
  -0.0002850202    0.0000883097    0.0000774803
  -0.0003231302    0.0002224997    0.0002564403
   0.0001051398   -0.0002636803    0.0000535803
   0.0003217898   -0.0002542903    0.0001642903
   0.0000644598    0.0000247197   -0.0002685997
   0.0001729398    0.0002729397   -0.0004117097

2    
  0.0000000000000000  -0.0200000000000000   0.0000000000000000
   0.0023415802    0.0020684302    0.0019228297
   0.0039244502    0.0163334002   -0.0031861803
  -0.0012453598   -0.0036459498   -0.0002149703
   0.0002418802   -0.0003248398    0.0002657197
   0.0009217602    0.0008383602    0.0009586897
   0.0002674102    0.0003206702   -0.0004051603
   0.0008880102    0.0009229102    0.0009505997
   0.0000694702   -0.0001977998    0.0000881997
   0.0000071502    0.0000804302   -0.0002554003
   0.0001049602   -0.0003178298    0.0003678597
  -0.0008767198    0.0005560402   -0.0005776803
  -0.0002997998    0.0001160302    0.0003787297
   0.0004892802   -0.0009064998   -0.0005429803
   0.0002261502    0.0005103802    0.0000092497
  -0.0001198198   -0.0003714598    0.0001019297
   0.0006324202   -0.0011854798    0.0009694497
   0.0001056202   -0.0001115698   -0.0000306303
   0.0001093502    0.0003471402   -0.0002887903
  -0.0007725998   -0.0005758498    0.0005262597
  -0.0007473898   -0.0008656698   -0.0003928303
  -0.0002985198   -0.0000620298   -0.0001454603
  -0.0002927398    0.0004099802    0.0001125997
   0.0005345102   -0.0005898198   -0.0008199503
  -0.0001174398   -0.0007522598   -0.0009524303
   0.0001065202   -0.0001434098   -0.0001186903
  -0.0000743098   -0.0003040898   -0.0002455703
   0.0009279602   -0.0015785698   -0.0015762203
  -0.0002310298   -0.0000166198    0.0000089597
  -0.0005858198    0.0003450602    0.0003649197
  -0.0002905798    0.0000661702    0.0000154597
  -0.0005510898    0.0003670702    0.0003458097
  -0.0005596698    0.0003228302    0.0003234097
  -0.0001259898    0.0000745102    0.0000680397
  -0.0002304398   -0.0001185698   -0.0000822603
   0.0000180402   -0.0001961198   -0.0001842903
  -0.0002604398   -0.0003702298   -0.0000292103
  -0.0029803998   -0.0053436798    0.0028301597
   0.0001255702    0.0003313302   -0.0002008203
   0.0003160502   -0.0037856698    0.0010244297
  -0.0000143298    0.0001926302   -0.0000526403
   0.0000279302    0.0000157502   -0.0000640003
   0.0000250202   -0.0001388298    0.0000216797
   0.0002485702   -0.0007146598    0.0002419397
  -0.0002034498   -0.0000424898   -0.0002051903
  -0.0015882198    0.0009712402   -0.0015440603
  -0.0002109898    0.0001338102    0.0002717497
   0.0003038202   -0.0005422998    0.0003491697
  -0.0000025098   -0.0000349598    0.0000909697
   0.0000836202   -0.0001434298   -0.0000589803
   0.0000108802   -0.0000346398   -0.0002546803
   0.0002620602    0.0002984602   -0.0006298503
   0.0009555402   -0.0007131598   -0.0000030603
   0.0002675802    0.0003784402   -0.0004961503
  -0.0002207898   -0.0001773498   -0.0000669603
  -0.0015099298   -0.0015219498    0.0009677897
  -0.0000972398   -0.0001123098   -0.0000565403
   0.0000303702    0.0000244702   -0.0000127003
  -0.0002766598    0.0000615502    0.0000701697
  -0.0003439898    0.0002432202    0.0002064997
   0.0000426502   -0.0002977098    0.0000930797
   0.0001403502   -0.0004093498    0.0002968297
   0.0000829502    0.0001259202   -0.0002949903
   0.0002887802    0.0001909202   -0.0002538503

2    
  0.0200000000000000   0.0000000000000000   0.0000000000000000
   0.0023331105    0.0023350497    0.0023350497
  -0.0157843795   -0.0040125603   -0.0040125603
   0.0053508605    0.0035124597    0.0035124597
   0.0002514805   -0.0004222203    0.0003275297
   0.0008800405    0.0008947697    0.0008783397
   0.0002514805    0.0003275297   -0.0004222203
   0.0008800405    0.0008783397    0.0008947697
  -0.0002733395    0.0000144297   -0.0003389803
  -0.0000257195    0.0000654397   -0.0002413503
   0.0001225605   -0.0002793203    0.0003576497
  -0.0008675195    0.0006058097   -0.0005919003
  -0.0002824995    0.0001007097    0.0003839597
   0.0005206505   -0.0008739703   -0.0005892103
   0.0004312305    0.0001527397    0.0003982697
  -0.0001748795   -0.0002756903    0.0001036397
  -0.0002733395   -0.0003389803    0.0000144297
  -0.0000257195   -0.0002413503    0.0000654397
   0.0001225605    0.0003576497   -0.0002793203
  -0.0008675195   -0.0005919003    0.0006058097
   0.0004312305    0.0003982697    0.0001527397
  -0.0001748795    0.0001036397   -0.0002756903
  -0.0002824995    0.0003839597    0.0001007097
   0.0005206505   -0.0005892103   -0.0008739703
  -0.0002036295    0.0001777397    0.0001777397
  -0.0000255295   -0.0000570703   -0.0000570703
  -0.0001185395   -0.0002362303   -0.0002362303
   0.0009061005   -0.0015747703   -0.0015747703
  -0.0002714595   -0.0000289603    0.0000231097
  -0.0005910895    0.0003517397    0.0003389997
  -0.0002714595    0.0000231097   -0.0000289603
  -0.0005910895    0.0003389997    0.0003517397
  -0.0005797595    0.0003298097    0.0003298097
  -0.0002551495   -0.0000418203   -0.0000418203
  -0.0001967595   -0.0000897503   -0.0000897503
  -0.0000255395   -0.0001337503   -0.0001337503
   0.0009952205    0.0007205297   -0.0005958703
   0.0037089105    0.0011750297   -0.0003030603
   0.0009952205   -0.0005958703    0.0007205297
   0.0037089105   -0.0003030603    0.0011750297
  -0.0000507995    0.0001282997   -0.0000216903
   0.0000359405   -0.0000662803   -0.0001102903
   0.0000774505   -0.0002483203    0.0000270197
   0.0004161405   -0.0004844303    0.0004330897
  -0.0001911395   -0.0000965003   -0.0002572003
  -0.0015998695    0.0009487497   -0.0015451903
   0.0007776005   -0.0000578303   -0.0009307503
   0.0003248705   -0.0005336603    0.0003478797
  -0.0000507995   -0.0000216903    0.0001282997
   0.0000359405   -0.0001102903   -0.0000662803
   0.0000774505    0.0000270197   -0.0002483203
   0.0004161405    0.0004330897   -0.0004844303
   0.0007776005   -0.0009307503   -0.0000578303
   0.0003248705    0.0003478797   -0.0005336603
  -0.0001911395   -0.0002572003   -0.0000965003
  -0.0015998695   -0.0015451903    0.0009487497
  -0.0001364795   -0.0001050203   -0.0001050203
  -0.0000110995   -0.0000098703   -0.0000098703
  -0.0002619595    0.0000674797    0.0000674797
  -0.0003448495    0.0002448097    0.0002448097
   0.0001052405   -0.0002565103    0.0000834097
   0.0003577805   -0.0002374703    0.0001190097
   0.0001052405    0.0000834097   -0.0002565103
   0.0003577805    0.0001190097   -0.0002374703

2    
 -0.0200000000000000   0.0000000000000000   0.0000000000000000
   0.0023251500    0.0023309194    0.0023309194
   0.0152827300    0.0042624094    0.0042624094
  -0.0035995900   -0.0016008806   -0.0016008806
   0.0001436100   -0.0001216806    0.0000633394
   0.0008787500    0.0007334494    0.0008773694
   0.0001436100    0.0000633394   -0.0001216806
   0.0008787500    0.0008773694    0.0007334494
   0.0009121200    0.0006263094   -0.0007900406
   0.0000876900   -0.0000018206   -0.0001350106
   0.0000994700   -0.0003015506    0.0004191294
  -0.0007032000    0.0003803994   -0.0004905406
  -0.0002960100    0.0001236194    0.0003943994
   0.0004679400   -0.0006947606   -0.0004924206
  -0.0005814500   -0.0003120706   -0.0009171906
  -0.0002765100   -0.0001793906   -0.0000675906
   0.0009121200   -0.0007900406    0.0006263094
   0.0000876900   -0.0001350106   -0.0000018206
   0.0000994700    0.0004191294   -0.0003015506
  -0.0007032000   -0.0004905406    0.0003803994
  -0.0005814500   -0.0009171906   -0.0003120706
  -0.0002765100   -0.0000675906   -0.0001793906
  -0.0002960100    0.0003943994    0.0001236194
   0.0004679400   -0.0004924206   -0.0006947606
   0.0005689100   -0.0001697406   -0.0001697406
   0.0000789200    0.0000221994    0.0000221994
   0.0000196300   -0.0002223106   -0.0002223106
   0.0009923700   -0.0015388906   -0.0015388906
  -0.0003166000    0.0000735294    0.0000038994
  -0.0005559200    0.0003143994    0.0003626994
  -0.0003166000    0.0000038994    0.0000735294
  -0.0005559200    0.0003626994    0.0003143994
  -0.0005455100    0.0003072294    0.0003072294
  -0.0001216200    0.0001052394    0.0001052394
  -0.0003333600   -0.0000692806   -0.0000692806
   0.0000548000   -0.0003201806   -0.0003201806
  -0.0002258500   -0.0005086806    0.0000191494
  -0.0048711500   -0.0028713906    0.0013716294
  -0.0002258500    0.0000191494   -0.0005086806
  -0.0048711500    0.0013716294   -0.0028713906
   0.0000622600    0.0002481894    0.0000309694
  -0.0000712800    0.0001193794    0.0000791594
  -0.0000305300   -0.0003404306   -0.0000009506
   0.0002477700   -0.0006651706    0.0002663594
  -0.0002685700   -0.0000011106   -0.0002016006
  -0.0015142900    0.0009497294   -0.0015681606
  -0.0007555800   -0.0005292206    0.0009882894
   0.0003750300   -0.0006144506    0.0003181094
   0.0000622600    0.0000309694    0.0002481894
  -0.0000712800    0.0000791594    0.0001193794
  -0.0000305300   -0.0000009506   -0.0003404306
   0.0002477700    0.0002663594   -0.0006651706
  -0.0007555800    0.0009882894   -0.0005292206
   0.0003750300    0.0003181094   -0.0006144506
  -0.0002685700   -0.0002016006   -0.0000011106
  -0.0015142900   -0.0015681606    0.0009497294
  -0.0000326800   -0.0000641006   -0.0000641006
   0.0000293500    0.0000279594    0.0000279594
  -0.0002999100    0.0000806094    0.0000806094
  -0.0003232100    0.0002190994    0.0002190994
   0.0000412900   -0.0003074606    0.0000642994
   0.0001030200   -0.0004300506    0.0003446594
   0.0000412900    0.0000642994   -0.0003074606
   0.0001030200    0.0003446594   -0.0004300506

3    
  0.0000000000000000   0.0200000000000000   0.0000000000000000
   0.0023454698    0.0023089008    0.0023725703
   0.0022306698    0.0047102108    0.0012956303
  -0.0002068602   -0.0164062592    0.0014145903
   0.0001511498   -0.0002821992    0.0001830503
   0.0002956198    0.0014292408    0.0005990303
   0.0001124798    0.0001360908   -0.0002727897
   0.0005926798    0.0003486508    0.0011463303
   0.0002843298    0.0002516808   -0.0004888797
  -0.0003118202    0.0006034208   -0.0008244597
   0.0001017198   -0.0003564992    0.0004217403
  -0.0008041802    0.0005129608   -0.0005323097
  -0.0002081202    0.0001613308    0.0003145403
   0.0005115698   -0.0007811392   -0.0005443297
  -0.0008944102    0.0037679608   -0.0012310597
   0.0001196598   -0.0008362292    0.0003824203
   0.0003075498   -0.0006230892    0.0003462903
   0.0003535598    0.0003968208   -0.0006297697
   0.0001352298    0.0003263408   -0.0002328597
  -0.0008127202   -0.0004964592    0.0004805503
   0.0007911598    0.0035917308   -0.0010101197
   0.0003989198    0.0005751508   -0.0005673397
  -0.0003888802    0.0004218108    0.0000395403
   0.0004686098   -0.0005895092   -0.0007754897
  -0.0005189902    0.0034836808    0.0005447603
  -0.0003102702    0.0005619508    0.0006537003
   0.0000532298   -0.0002058592   -0.0001876497
   0.0008874898   -0.0015540292   -0.0015861897
  -0.0002838802   -0.0000746792   -0.0000145597
  -0.0006000802    0.0003475408    0.0003423003
  -0.0003331102   -0.0000218592   -0.0000367997
  -0.0005657202    0.0002945008    0.0003475903
  -0.0005875702    0.0002929308    0.0003411503
  -0.0001874002    0.0000354308   -0.0000029797
  -0.0002115302   -0.0001657292   -0.0000612497
   0.0000074298   -0.0002031092   -0.0002319797
   0.0005178398    0.0002093808   -0.0004039897
   0.0000077098   -0.0001567992    0.0010100903
   0.0003442398   -0.0001911292    0.0000437003
  -0.0010067702   -0.0000239392   -0.0011050897
  -0.0000634902    0.0002204108    0.0000630903
  -0.0000523302    0.0000513208    0.0000162603
   0.0001052098   -0.0001709192    0.0000956103
   0.0003299198   -0.0007342392    0.0003537103
  -0.0002099902   -0.0000783392   -0.0002532897
  -0.0015883002    0.0009658608   -0.0015370997
  -0.0000272902   -0.0004288492    0.0000341703
   0.0006294498   -0.0011621592    0.0000961303
  -0.0000961602    0.0001033308    0.0002989803
  -0.0000272702    0.0000188608    0.0000464003
   0.0000804798    0.0000476308   -0.0002164497
   0.0003357898    0.0003844508   -0.0005333297
   0.0000806298   -0.0000489192   -0.0003316397
  -0.0003409202    0.0009703708   -0.0002547997
  -0.0002656202   -0.0002581792   -0.0000798197
  -0.0015683202   -0.0015907392    0.0009196703
  -0.0001401802   -0.0001905792   -0.0000784497
  -0.0000222102    0.0000216408   -0.0000132797
  -0.0002628302    0.0000445608    0.0000903703
  -0.0003443202    0.0002372808    0.0002322903
   0.0001611198   -0.0001761392   -0.0000195497
   0.0002630198   -0.0003153792    0.0002499503
   0.0000022398    0.0001123208   -0.0003807897
   0.0002353698    0.0001772008   -0.0003378197

3    
  0.0000000000000000  -0.0200000000000000   0.0000000000000000
   0.0022959297    0.0023459698    0.0022868300
  -0.0028813303   -0.0043899302   -0.0009753900
   0.0026395797    0.0185572898    0.0004721000
   0.0002328997   -0.0002675502    0.0002040500
   0.0014595397    0.0001807998    0.0011518600
   0.0002714097    0.0002456198   -0.0002746200
   0.0011440797    0.0013916998    0.0004869000
   0.0003368097    0.0003777398   -0.0006386000
   0.0003640597   -0.0005562502    0.0004569100
   0.0001071097   -0.0002319702    0.0003521900
  -0.0007811003    0.0004662098   -0.0005530100
  -0.0003840903    0.0000538898    0.0004619600
   0.0004640497   -0.0007968902   -0.0005411100
   0.0008157197   -0.0040288002    0.0007951000
  -0.0005910003    0.0003766998   -0.0003586800
   0.0003150297   -0.0005106602    0.0002888400
  -0.0003005403   -0.0007729302    0.0006795600
   0.0000725497    0.0004432798   -0.0003519200
  -0.0007706503   -0.0005921902    0.0005025300
  -0.0008629803   -0.0040238002    0.0007584600
  -0.0008536003   -0.0005410102    0.0001036800
  -0.0002044203    0.0003509498    0.0001795600
   0.0005071697   -0.0004996902   -0.0007960400
   0.0007864897   -0.0033556002   -0.0004293100
   0.0003435397   -0.0005954002   -0.0006783100
  -0.0001635803   -0.0002567702   -0.0002708400
   0.0009973797   -0.0015674602   -0.0015309600
  -0.0003176103    0.0001121698    0.0000369200
  -0.0005605203    0.0003110298    0.0003552500
  -0.0002678503    0.0000395898    0.0000802400
  -0.0005944103    0.0003993998    0.0003147100
  -0.0005505903    0.0003357798    0.0002927000
  -0.0002025803    0.0000190398    0.0000639200
  -0.0003308803   -0.0000010902   -0.0001006300
   0.0000128097   -0.0002595902   -0.0002247200
   0.0002426297    0.0000036798   -0.0001792500
  -0.0011212103   -0.0014322202   -0.0000248300
   0.0004177997   -0.0004004402    0.0001761500
  -0.0000856103    0.0010100198   -0.0004670100
   0.0000635297    0.0001469198   -0.0000570000
   0.0000068097   -0.0000052002   -0.0000543300
  -0.0000705403   -0.0004284602   -0.0000726500
   0.0003232597   -0.0004225502    0.0003433600
  -0.0002625503   -0.0000271502   -0.0002089100
  -0.0015383303    0.0009224698   -0.0015802100
   0.0000376297   -0.0001671402    0.0000081700
   0.0000656797    0.0000009098    0.0005567500
   0.0000943897   -0.0000986602    0.0000736400
  -0.0000186603   -0.0000602202    0.0000046700
  -0.0000436103   -0.0000257602   -0.0003734200
   0.0003177597    0.0003098298   -0.0006193600
  -0.0000665403    0.0000845198   -0.0002583500
   0.0010178097   -0.0003057702   -0.0008927000
  -0.0002074403   -0.0002082602   -0.0000209100
  -0.0015589303   -0.0015301402    0.0009739100
  -0.0000423403    0.0000138098   -0.0000930500
   0.0000270797   -0.0000117002    0.0000282600
  -0.0003123003    0.0000961898    0.0000544900
  -0.0003361403    0.0002186998    0.0002282600
  -0.0000271703   -0.0003914302    0.0001634600
   0.0001862297   -0.0003597002    0.0002100200
   0.0001288897    0.0000302198   -0.0001857300
   0.0002134597    0.0002779598   -0.0003335600

3    
  0.0200000000000000   0.0000000000000000   0.0000000000000000
   0.0021969595    0.0023332700    0.0023332700
   0.0041333595    0.0022588000    0.0022588000
  -0.0171999205   -0.0002582600   -0.0002582600
   0.0001595895   -0.0001944900    0.0000572700
   0.0014995895    0.0000266500    0.0012033900
   0.0001595895    0.0000572700   -0.0001944900
   0.0014995895    0.0012033900    0.0000266500
   0.0002385095    0.0002738600   -0.0005904700
  -0.0006044605    0.0003347800   -0.0005086200
   0.0000410395   -0.0002829400    0.0004448100
  -0.0007407805    0.0004815100   -0.0005334400
  -0.0001549105    0.0002209800    0.0002738700
   0.0005180295   -0.0006509300   -0.0005285500
   0.0038266895   -0.0009314300    0.0006215800
   0.0003584795   -0.0005913600    0.0006197200
   0.0002385095   -0.0005904700    0.0002738600
  -0.0006044605   -0.0005086200    0.0003347800
   0.0000410395    0.0004448100   -0.0002829400
  -0.0007407805   -0.0005334400    0.0004815100
   0.0038266895    0.0006215800   -0.0009314300
   0.0003584795    0.0006197200   -0.0005913600
  -0.0001549105    0.0002738700    0.0002209800
   0.0005180295   -0.0005285500   -0.0006509300
   0.0037771195   -0.0010449500   -0.0010449500
  -0.0004954705    0.0003175800    0.0003175800
   0.0000344295   -0.0001382300   -0.0001382300
   0.0007864195   -0.0015086000   -0.0015086000
  -0.0004153005    0.0000385400   -0.0000316100
  -0.0005644205    0.0003045600    0.0003165700
  -0.0004153005   -0.0000316100    0.0000385400
  -0.0005644205    0.0003165700    0.0003045600
  -0.0006040305    0.0002804400    0.0002804400
  -0.0002550405    0.0000234500    0.0000234500
  -0.0002820605   -0.0000219100   -0.0000219100
   0.0000300995   -0.0002304000   -0.0002304000
   0.0003719295    0.0001632700   -0.0003875400
   0.0000275795   -0.0001998500    0.0007803100
   0.0003719295   -0.0003875400    0.0001632700
   0.0000275795    0.0007803100   -0.0001998500
   0.0000443695    0.0001780600   -0.0000606100
  -0.0000286605    0.0000302900   -0.0000452000
   0.0000679295   -0.0002613500    0.0000581500
   0.0003396895   -0.0005570900    0.0003353100
  -0.0002575605   -0.0000170700   -0.0002561800
  -0.0015501405    0.0009023400   -0.0015593800
  -0.0000494605   -0.0003382300    0.0000949300
   0.0008810295   -0.0009353400   -0.0002584700
   0.0000443695   -0.0000606100    0.0001780600
  -0.0000286605   -0.0000452000    0.0000302900
   0.0000679295    0.0000581500   -0.0002613500
   0.0003396895    0.0003353100   -0.0005570900
  -0.0000494605    0.0000949300   -0.0003382300
   0.0008810295   -0.0002584700   -0.0009353400
  -0.0002575605   -0.0002561800   -0.0000170700
  -0.0015501405   -0.0015593800    0.0009023400
  -0.0001314305   -0.0001328500   -0.0001328500
  -0.0000576305    0.0000241000    0.0000241000
  -0.0003068605    0.0000979900    0.0000979900
  -0.0003337805    0.0002388800    0.0002388800
   0.0001216695   -0.0002007200   -0.0000008100
   0.0002234895   -0.0003019100    0.0002235300
   0.0001216695   -0.0000008100   -0.0002007200
   0.0002234895    0.0002235300   -0.0003019100

3    
 -0.0200000000000000   0.0000000000000000   0.0000000000000000
   0.0024371597    0.0023221898    0.0023221898
  -0.0048131403   -0.0019876102   -0.0019876102
   0.0202618297    0.0023938298    0.0023938298
   0.0002121297   -0.0003554802    0.0003280798
   0.0002385597    0.0015877298    0.0005467998
   0.0002121297    0.0003280798   -0.0003554802
   0.0002385597    0.0005467998    0.0015877298
   0.0003734997    0.0003578398   -0.0005397702
   0.0006396997   -0.0002687802    0.0001179798
   0.0001579497   -0.0003039802    0.0003253498
  -0.0008548003    0.0004991998   -0.0005533502
  -0.0004460803   -0.0000023502    0.0004985098
   0.0004464397   -0.0009243202   -0.0005585802
  -0.0038899403    0.0006713898   -0.0010504202
  -0.0008254103    0.0001228698   -0.0005795602
   0.0003734997   -0.0005397702    0.0003578398
   0.0006396997    0.0001179798   -0.0002687802
   0.0001579497    0.0003253498   -0.0003039802
  -0.0008548003   -0.0005533502    0.0004991998
  -0.0038899403   -0.0010504202    0.0006713898
  -0.0008254103   -0.0005795602    0.0001228698
  -0.0004460803    0.0004985098   -0.0000023502
   0.0004464397   -0.0005585802   -0.0009243202
  -0.0035093403    0.0011331098    0.0011331098
   0.0005298397   -0.0003658202   -0.0003658202
  -0.0001608003   -0.0003270402   -0.0003270402
   0.0010872997   -0.0016110402   -0.0016110402
  -0.0001973503    0.0000009798    0.0000512798
  -0.0006068403    0.0003555298    0.0003790198
  -0.0001973503    0.0000512798    0.0000009798
  -0.0006068403    0.0003790198    0.0003555298
  -0.0005450703    0.0003507098    0.0003507098
  -0.0001451003    0.0000342898    0.0000342898
  -0.0002700103   -0.0001442802   -0.0001442802
  -0.0000211003   -0.0002294402   -0.0002294402
   0.0003795297    0.0000523598   -0.0001989902
  -0.0011447003   -0.0013893202    0.0002055898
   0.0003795297   -0.0001989902    0.0000523598
  -0.0011447003    0.0002055898   -0.0013893202
  -0.0000540303    0.0001888698    0.0000641798
  -0.0000304003    0.0000183998    0.0000059198
  -0.0000417403   -0.0003307302   -0.0000346602
   0.0003033097   -0.0005978702    0.0003602798
  -0.0002258003   -0.0000869202   -0.0002086302
  -0.0015885703    0.0009898498   -0.0015595302
   0.0000516397   -0.0002579302   -0.0000547702
  -0.0002132503   -0.0002189102    0.0009293798
  -0.0000540303    0.0000641798    0.0001888698
  -0.0000304003    0.0000059198    0.0000183998
  -0.0000417403   -0.0000346602   -0.0003307302
   0.0003033097    0.0003602798   -0.0005978702
   0.0000516397   -0.0000547702   -0.0002579302
  -0.0002132503    0.0009293798   -0.0002189102
  -0.0002258003   -0.0002086302   -0.0000869202
  -0.0015885703   -0.0015595302    0.0009898498
  -0.0000617003   -0.0000409902   -0.0000409902
   0.0000515397   -0.0000120202   -0.0000120202
  -0.0002788103    0.0000439198    0.0000439198
  -0.0003576803    0.0002192698    0.0002192698
  -0.0000005403   -0.0003680202    0.0001440198
   0.0002142397   -0.0003722402    0.0002346298
  -0.0000005403    0.0001440198   -0.0003680202
   0.0002142397    0.0002346298   -0.0003722402

8    
  0.0200000000000000   0.0000000000000000   0.0000000000000000
   0.0023351300    0.0023427708    0.0023197194
  -0.0008611300    0.0004450708   -0.0001246106
   0.0007519100    0.0008565808    0.0008642394
   0.0007150400   -0.0005730592   -0.0004725906
   0.0008275500    0.0007780208    0.0008977694
   0.0001964100    0.0001954508   -0.0002686006
   0.0008678100    0.0009061608    0.0007715294
  -0.0182046800    0.0000839908   -0.0001887006
   0.0040642100    0.0009690808    0.0007568694
  -0.0005145800   -0.0006383192    0.0000508994
  -0.0006237800    0.0004164508   -0.0006350906
   0.0003054700    0.0004681708    0.0010402094
   0.0005520500   -0.0008712492   -0.0004824606
   0.0005313800    0.0005692408    0.0000529294
  -0.0001627500   -0.0001353392   -0.0000778306
   0.0001434000   -0.0005718192    0.0003056794
   0.0001739800   -0.0000905292    0.0001132394
  -0.0004764400    0.0007337708    0.0000306394
   0.0032020200   -0.0014556192   -0.0004952806
  -0.0000645100   -0.0002829392   -0.0000615706
  -0.0001678300   -0.0000492892   -0.0001442006
  -0.0002737100    0.0004220808    0.0000827694
   0.0006238200   -0.0004757192   -0.0008214706
   0.0002267100    0.0000013208   -0.0000051206
  -0.0000272900    0.0000452908   -0.0000215606
  -0.0006631400   -0.0005590692    0.0000939494
   0.0008752200   -0.0015598492   -0.0016122006
  -0.0002850900    0.0000464508   -0.0000259706
  -0.0005860300    0.0003179508    0.0003647594
   0.0003036900   -0.0006779292   -0.0002957506
  -0.0005884300    0.0004119908    0.0002753394
  -0.0005416900    0.0003188908    0.0003209694
  -0.0001138900    0.0001218608    0.0001054194
  -0.0003085500   -0.0000506592   -0.0000984706
   0.0000821200   -0.0003028192   -0.0003216506
   0.0009199700   -0.0002019792    0.0003005794
   0.0033725400   -0.0016004892    0.0014124094
   0.0004152300   -0.0002595192    0.0001178594
  -0.0004338100    0.0006098808   -0.0009007006
   0.0000780500    0.0001887708    0.0000011994
  -0.0000427900    0.0000851708    0.0000240994
  -0.0000275100   -0.0003147592   -0.0000111106
   0.0003208400   -0.0005887392    0.0003171594
   0.0003345000    0.0002819708   -0.0008577606
  -0.0016256600    0.0009479408   -0.0015133106
   0.0006330900   -0.0009457292    0.0003506194
   0.0002666400   -0.0005207592    0.0003192894
   0.0000278100    0.0000108508    0.0001875894
  -0.0000296500    0.0000207808    0.0000456194
  -0.0000151300    0.0000332308   -0.0003058806
   0.0003149800    0.0003129608   -0.0006337106
   0.0000363300    0.0000057908   -0.0003213006
   0.0002761100    0.0002946708   -0.0005725106
  -0.0002090600   -0.0002474892   -0.0000703606
  -0.0016282200   -0.0015381792    0.0008752294
  -0.0000353800   -0.0000833192   -0.0000890406
   0.0000710000    0.0000958108    0.0000860794
  -0.0003303100    0.0000650008    0.0000763894
  -0.0002797200    0.0001487808    0.0001586494
   0.0000933300   -0.0002604392    0.0000943494
   0.0003713500   -0.0004171292    0.0003187394
   0.0006592900    0.0007065408   -0.0006303106
   0.0041517800    0.0010139908   -0.0010736606

8    
 -0.0200000000000000   0.0000000000000000   0.0000000000000000
   0.0023369598    0.0023234806    0.0023322495
   0.0003334398   -0.0000556094    0.0005171495
   0.0008938898    0.0009056406    0.0008830095
  -0.0003000702    0.0000323306    0.0008474895
   0.0009476998    0.0008545506    0.0008484295
   0.0002151798    0.0001999206   -0.0002829205
   0.0009052998    0.0008524006    0.0008504595
   0.0178406098    0.0002266406   -0.0004386405
  -0.0038911802   -0.0008109494   -0.0010480005
   0.0007480398    0.0000559006    0.0007104795
  -0.0009290602    0.0005752506   -0.0004547105
  -0.0008614502   -0.0002362194   -0.0002602805
   0.0004559498   -0.0006938894   -0.0006057905
  -0.0006656102   -0.0007141594   -0.0005900205
  -0.0002724802   -0.0003130994    0.0001030795
   0.0005075498   -0.0005481694    0.0003244495
  -0.0000925002   -0.0002798794   -0.0000575205
   0.0007099998    0.0000546406   -0.0006133105
  -0.0046536602    0.0002878506    0.0013739595
  -0.0000769102   -0.0002403894   -0.0001062805
  -0.0002674502    0.0000865406   -0.0003194705
  -0.0002883602    0.0003619906    0.0001334195
   0.0003816498   -0.0005988294   -0.0007588205
   0.0001646098    0.0000152006    0.0000075095
   0.0000953098   -0.0000732394   -0.0000203505
   0.0005818998    0.0001122606   -0.0005673805
   0.0010371598   -0.0015495494   -0.0015108005
  -0.0002856302    0.0000044906    0.0000434495
  -0.0005445602    0.0003538206    0.0003280395
  -0.0008705702    0.0007014806    0.0003325995
  -0.0005409502    0.0002946006    0.0003826595
  -0.0005670102    0.0003227506    0.0003079495
  -0.0002482102   -0.0000544294   -0.0000522405
  -0.0002026302   -0.0001035094   -0.0000686905
  -0.0000336702   -0.0001446394   -0.0001410105
  -0.0001359202    0.0004332506   -0.0009001905
  -0.0045370302    0.0001239006   -0.0005251305
   0.0003772798   -0.0003152294    0.0000972395
  -0.0006373702    0.0003826506   -0.0006792305
  -0.0000491602    0.0001938806    0.0000002395
   0.0000265398   -0.0000255294   -0.0000659305
   0.0000910998   -0.0002686694    0.0000281895
   0.0003618598   -0.0005546794    0.0003754095
  -0.0007871902   -0.0003810194    0.0004024995
  -0.0014710402    0.0009531906   -0.0016090705
  -0.0005991802    0.0003733506   -0.0003143505
   0.0004499298   -0.0006230794    0.0003380295
   0.0000002198    0.0000048706    0.0001795095
   0.0000128198   -0.0000486894    0.0000001195
   0.0000794998   -0.0000005294   -0.0002911205
   0.0003681298    0.0003926706   -0.0005242505
   0.0000056498    0.0000456106   -0.0002753505
   0.0004400198    0.0003780806   -0.0005843905
  -0.0002339402   -0.0002054794   -0.0000357205
  -0.0014682002   -0.0015687194    0.0010132595
  -0.0001169102   -0.0000802694   -0.0000877605
  -0.0000389802   -0.0000747994   -0.0000781805
  -0.0002140802    0.0000886106    0.0000632095
  -0.0003739602    0.0003229806    0.0002997895
   0.0000697198   -0.0002965994    0.0000443495
   0.0001057498   -0.0002449294    0.0001369495
  -0.0005045302   -0.0005654894    0.0000650695
  -0.0037843102   -0.0006445194    0.0004966695

8    
  0.0000000000000000   0.0000000000000000   0.0200000000000000
   0.0023451900    0.0023451900    0.0023608302
  -0.0000507800   -0.0004471300    0.0008049502
   0.0007889200    0.0009516900    0.0008158902
  -0.0004471300   -0.0000507800    0.0008049502
   0.0009516900    0.0007889200    0.0008158902
   0.0001911500    0.0001911500   -0.0003032698
   0.0008553600    0.0008553600    0.0007709702
   0.0002837700    0.0002837700   -0.0178560398
   0.0009471900    0.0009471900    0.0038112202
   0.0004467600    0.0003709800    0.0010020202
  -0.0008983800    0.0005615900   -0.0005058198
   0.0003709800    0.0004467600    0.0010020202
   0.0005615900   -0.0008983800   -0.0005058198
  -0.0004013500   -0.0004013500   -0.0009086698
  -0.0003222800   -0.0003222800    0.0001342002
   0.0003021800   -0.0005641800    0.0003216202
   0.0001072200   -0.0001018400    0.0000878502
  -0.0002226900    0.0009643300    0.0002358402
  -0.0015998900    0.0004796900    0.0042836802
  -0.0000544900   -0.0002564200   -0.0000698898
  -0.0001445900   -0.0000632500   -0.0001137098
  -0.0002685700    0.0003741800    0.0000485702
   0.0003474800   -0.0005682000   -0.0008088098
   0.0001969600    0.0000044200    0.0000207002
   0.0000286600    0.0000443800   -0.0001077098
  -0.0003753200   -0.0008784800    0.0003252802
   0.0008881700   -0.0015050200   -0.0015953998
  -0.0003307300    0.0000328900    0.0000270702
  -0.0005521000    0.0003060700    0.0003224602
   0.0000518700   -0.0003260200   -0.0005152298
  -0.0006308900    0.0003356000    0.0002363202
  -0.0005641800    0.0003021800    0.0003216202
  -0.0001018400    0.0001072200    0.0000878502
  -0.0002564200   -0.0000544900   -0.0000698898
  -0.0000632500   -0.0001445900   -0.0001137098
   0.0009643300   -0.0002226900    0.0002358402
   0.0004796900   -0.0015998900    0.0042836802
   0.0003741800   -0.0002685700    0.0000485702
  -0.0005682000    0.0003474800   -0.0008088098
   0.0000044200    0.0001969600    0.0000207002
   0.0000443800    0.0000286600   -0.0001077098
   0.0000328900   -0.0003307300    0.0000270702
   0.0003060700   -0.0005521000    0.0003224602
  -0.0008784800   -0.0003753200    0.0003252802
  -0.0015050200    0.0008881700   -0.0015953998
  -0.0003260200    0.0000518700   -0.0005152298
   0.0003356000   -0.0006308900    0.0002363202
   0.0000060600    0.0000060600    0.0001931102
   0.0000132000    0.0000132000   -0.0000201698
   0.0000069400   -0.0000145500   -0.0002657098
   0.0002883600    0.0003598900   -0.0006682998
  -0.0000145500    0.0000069400   -0.0002657098
   0.0003598900    0.0002883600   -0.0006682998
  -0.0002136800   -0.0002136800   -0.0001017398
  -0.0016185600   -0.0016185600    0.0009353302
  -0.0000839500   -0.0000839500   -0.0002874198
   0.0001041500    0.0001041500    0.0001306202
  -0.0002961400    0.0001008400    0.0000818002
  -0.0004064300    0.0003208800    0.0002730402
   0.0001008400   -0.0002961400    0.0000818002
   0.0003208800   -0.0004064300    0.0002730402
   0.0004086800    0.0004086800   -0.0009197798
  -0.0006197900   -0.0006197900    0.0035877802

8    
  0.0000000000000000   0.0000000000000000  -0.0200000000000000
   0.0023187198    0.0023187198    0.0022792694
  -0.0004929702    0.0008521098   -0.0004381706
   0.0008456598    0.0008102798    0.0009194294
   0.0008521098   -0.0004929702   -0.0004381706
   0.0008102798    0.0008456598    0.0009194294
   0.0002058198    0.0002058198   -0.0002632006
   0.0009040698    0.0009040698    0.0008356994
   0.0000645598    0.0000645598    0.0180420894
  -0.0007848902   -0.0007848902   -0.0041020506
  -0.0002141102   -0.0009352302   -0.0002379106
  -0.0006676902    0.0004322298   -0.0005946206
  -0.0009352302   -0.0002141102   -0.0002379106
   0.0004322298   -0.0006676902   -0.0005946206
   0.0002404798    0.0002404798    0.0003524394
  -0.0001276602   -0.0001276602   -0.0001205606
   0.0003387098   -0.0005562902    0.0002938594
  -0.0000398402   -0.0002712102   -0.0000485606
   0.0004510398   -0.0001940402   -0.0008457706
   0.0001332998   -0.0016554502   -0.0034164206
  -0.0000996702   -0.0002679602   -0.0001120906
  -0.0003052602    0.0001021598   -0.0003660006
  -0.0003061902    0.0004077698    0.0001538994
   0.0006455898   -0.0005101002   -0.0007869906
   0.0001829198    0.0000125498   -0.0000320006
   0.0000290998   -0.0000730402    0.0000514494
   0.0002752198    0.0004113798   -0.0007967406
   0.0010138398   -0.0016056002   -0.0015414206
  -0.0002534202    0.0000176698   -0.0000227906
  -0.0005912802    0.0003646898    0.0003566294
  -0.0006442602    0.0003646398    0.0005447194
  -0.0005125402    0.0003696798    0.0004067494
  -0.0005562902    0.0003387098    0.0002938594
  -0.0002712102   -0.0000398402   -0.0000485606
  -0.0002679602   -0.0000996702   -0.0001120906
   0.0001021598   -0.0003052602   -0.0003660006
  -0.0001940402    0.0004510398   -0.0008457706
  -0.0016554502    0.0001332998   -0.0034164206
   0.0004077698   -0.0003061902    0.0001538994
  -0.0005101002    0.0006455898   -0.0007869906
   0.0000125498    0.0001829198   -0.0000320006
  -0.0000730402    0.0000290998    0.0000514494
   0.0000176698   -0.0002534202   -0.0000227906
   0.0003646898   -0.0005912802    0.0003566294
   0.0004113798    0.0002752198   -0.0007967406
  -0.0016056002    0.0010138398   -0.0015414206
   0.0003646398   -0.0006442602    0.0005447194
   0.0003696798   -0.0005125402    0.0004067494
   0.0000097998    0.0000097998    0.0001602694
  -0.0000416602   -0.0000416602    0.0000519794
   0.0000452998    0.0000459298   -0.0003446806
   0.0003837098    0.0003443398   -0.0005017206
   0.0000459298    0.0000452998   -0.0003446806
   0.0003443398    0.0003837098   -0.0005017206
  -0.0002408002   -0.0002408002   -0.0000180106
  -0.0014909702   -0.0014909702    0.0009387394
  -0.0000800202   -0.0000800202    0.0000984394
  -0.0000815002   -0.0000815002   -0.0001331606
  -0.0002611102    0.0000515198    0.0000440594
  -0.0002591302    0.0001493598    0.0001710294
   0.0000515198   -0.0002611102    0.0000440594
   0.0001493598   -0.0002591302    0.0001710294
  -0.0002498202   -0.0002498202    0.0003336794
   0.0009895698    0.0009895698   -0.0041674906

9    
  0.0200000000000000   0.0000000000000000   0.0000000000000000
   0.0022922105    0.0022831597    0.0024189198
  -0.0003437295    0.0002187597    0.0001202498
   0.0001799205    0.0005340997    0.0012066798
   0.0001355305   -0.0002391003    0.0002566398
   0.0014576205    0.0011163497    0.0002141298
   0.0001411905    0.0001574897   -0.0003462002
   0.0008804705    0.0008418597    0.0008089298
   0.0042446005    0.0011597097    0.0002630798
  -0.0178213495    0.0002996197   -0.0001026302
   0.0041488405   -0.0011894703   -0.0005907502
  -0.0014321795    0.0008171997   -0.0002223402
   0.0038090805   -0.0008826603    0.0014449098
   0.0010588105   -0.0010887603    0.0001224798
   0.0039436105    0.0008430097   -0.0011805802
   0.0003521605    0.0004052697   -0.0003201602
   0.0004407905   -0.0004869803    0.0004028298
  -0.0001679795   -0.0001939703    0.0000322298
   0.0002316105    0.0003086697   -0.0003761202
  -0.0014270295   -0.0008758403    0.0001690798
   0.0000477105   -0.0003413303   -0.0000023702
  -0.0002220795    0.0000286597   -0.0002040102
  -0.0001665095    0.0004709097    0.0000250298
   0.0005025805   -0.0005110303   -0.0007762002
   0.0001029705    0.0000447197    0.0000199398
   0.0000362205   -0.0000214603   -0.0000218402
  -0.0001306295   -0.0002717203   -0.0002524502
   0.0002770105   -0.0012032903   -0.0018837202
  -0.0003751895   -0.0000179903    0.0000294798
  -0.0005675795    0.0003156097    0.0003219798
  -0.0003777895    0.0000556597    0.0000075598
   0.0000065005   -0.0003057403    0.0006787398
  -0.0005035795    0.0004068497    0.0004021598
  -0.0001778995    0.0000310497    0.0000294698
  -0.0002025895   -0.0001687203   -0.0001689302
  -0.0000463995   -0.0002444803   -0.0002152402
   0.0004457805    0.0000251697   -0.0002069302
   0.0000125805   -0.0004890203    0.0011478898
   0.0004467305   -0.0002071603    0.0000328898
  -0.0005387195    0.0005268097   -0.0007962602
  -0.0000246295    0.0002403997    0.0000588598
   0.0000215905    0.0000225197   -0.0000200202
  -0.0000068795   -0.0003402003   -0.0000442602
   0.0002716805   -0.0005631903    0.0003627398
  -0.0002689395   -0.0000944103   -0.0001749102
  -0.0009755195    0.0006416497   -0.0022426102
  -0.0000172895   -0.0002466403   -0.0000335902
   0.0009265205   -0.0012131103   -0.0000057502
  -0.0000217195    0.0000242497    0.0002075298
  -0.0000219095   -0.0000212603    0.0000264798
  -0.0000074695   -0.0000091403   -0.0003208902
   0.0002714705    0.0003358997   -0.0005886802
  -0.0000172695    0.0000026697   -0.0002721902
   0.0003571805    0.0003459897   -0.0005996402
  -0.0002576495   -0.0002068703   -0.0000742702
  -0.0015547895   -0.0015963703    0.0009604498
  -0.0000414695   -0.0000157303    0.0000035698
   0.0000295105    0.0000072397    0.0000094898
  -0.0002315795    0.0000006597   -0.0000166002
  -0.0003970095    0.0002440597    0.0002184498
   0.0001192005   -0.0003509103    0.0001590498
   0.0002374005   -0.0003487403    0.0002579698
   0.0001164405    0.0001395897   -0.0003716802
   0.0007998305    0.0008497397    0.0000119398

9    
 -0.0200000000000000   0.0000000000000000   0.0000000000000000
   0.0023635200    0.0023733603    0.0022383100
  -0.0002044700    0.0001699803    0.0002685000
   0.0014456800    0.0012130103    0.0005526800
   0.0002587000   -0.0003071097    0.0001317900
   0.0003076100    0.0005103503    0.0015263600
   0.0002530000    0.0002297103   -0.0001991700
   0.0008756400    0.0009083103    0.0008173500
  -0.0037051500   -0.0006160897   -0.0014822800
   0.0179118200   -0.0000425397   -0.0001597700
  -0.0040233000    0.0006983703    0.0014631300
  -0.0001362300    0.0001596703   -0.0008658100
  -0.0042954700    0.0010122903   -0.0005725900
  -0.0000630200   -0.0004865397   -0.0011941300
  -0.0040052200   -0.0009127097    0.0005570600
  -0.0007978600   -0.0008525997    0.0003487300
   0.0001922300   -0.0006420997    0.0002327600
   0.0002299500   -0.0001858497    0.0000291100
  -0.0000132700    0.0004644203   -0.0002069200
  -0.0001408600   -0.0002022597    0.0008211500
  -0.0002038800   -0.0001908397   -0.0001592500
  -0.0002315900    0.0000015403   -0.0002528300
  -0.0004111800    0.0003040303    0.0001969300
   0.0004859000   -0.0005729197   -0.0007954800
   0.0002720000   -0.0000375497   -0.0000113100
   0.0000161100   -0.0000159697   -0.0000143200
   0.0000318700   -0.0001899297   -0.0002082600
   0.0016169100   -0.0019072297   -0.0012391600
  -0.0002144100    0.0000591303   -0.0000047600
  -0.0005799200    0.0003472103    0.0003770200
  -0.0002117000   -0.0000321897    0.0000352700
  -0.0011464400    0.0009926703   -0.0000122300
  -0.0006196500    0.0002265903    0.0002346900
  -0.0001986100    0.0000283903    0.0000319500
  -0.0003243900    0.0000058803    0.0000056500
   0.0000791300   -0.0002136697   -0.0002414700
   0.0003273500    0.0001947203   -0.0003776900
  -0.0011068500   -0.0010874597   -0.0001736600
   0.0003272300   -0.0003772297    0.0001903800
  -0.0005470800    0.0004576003   -0.0007766100
   0.0000374200    0.0001318503   -0.0000516300
  -0.0000557600    0.0000285103   -0.0000159600
   0.0000539600   -0.0002515497    0.0000686700
   0.0003946100   -0.0005887697    0.0003360500
  -0.0001907800   -0.0000075997   -0.0002854400
  -0.0021473600    0.0012538703   -0.0008606200
   0.0000412600   -0.0003453897    0.0000768100
  -0.0002357400    0.0000726103    0.0006728900
   0.0000332000   -0.0000173797    0.0001662200
  -0.0000115800   -0.0000153497    0.0000260100
   0.0000548600    0.0000320303   -0.0002700100
   0.0003954800    0.0003617503   -0.0005630000
   0.0000422000    0.0000407103   -0.0003185900
   0.0003415800    0.0003168803   -0.0005514600
  -0.0002021800   -0.0002553297   -0.0000251800
  -0.0015594300   -0.0015196697    0.0009338100
  -0.0001248000   -0.0001543097   -0.0001736900
  -0.0000122000    0.0000072503    0.0000066700
  -0.0003288500    0.0001419303    0.0001622500
  -0.0002715000    0.0002162903    0.0002434600
   0.0000250900   -0.0002130497   -0.0000142400
   0.0002240600   -0.0003221197    0.0002036800
   0.0000282200    0.0000029503   -0.0001930200
  -0.0003458600   -0.0004005697   -0.0006848000

9    
  0.0000000000000000   0.0000000000000000   0.0200000000000000
   0.0023911008    0.0023911008    0.0022137798
  -0.0003275292    0.0002625208    0.0001040598
   0.0004993308    0.0002406208    0.0014530098
   0.0002625208   -0.0003275292    0.0001040598
   0.0002406208    0.0004993308    0.0014530098
   0.0001334508    0.0001334508   -0.0003516902
   0.0008825808    0.0008825808    0.0007476398
   0.0011790708    0.0011790708    0.0033409498
   0.0001599108    0.0001599108   -0.0178906702
  -0.0009770492    0.0007713308    0.0044942798
  -0.0010923992    0.0011248008    0.0000479798
   0.0007713308   -0.0009770492    0.0044942798
   0.0011248008   -0.0010923992    0.0000479798
  -0.0009199792   -0.0009199792    0.0036284998
   0.0001161408    0.0001161408   -0.0006012902
   0.0004089608   -0.0004739292    0.0003787698
   0.0000255408   -0.0001938192    0.0000420098
   0.0000244508    0.0004769508   -0.0002346102
  -0.0004859692    0.0000779508    0.0010756898
   0.0000110608   -0.0003559292   -0.0000152102
  -0.0002009392   -0.0000005892   -0.0002187802
  -0.0003784192    0.0002995008    0.0001724798
   0.0004977108   -0.0005470992   -0.0008289502
   0.0001758508    0.0000594708   -0.0000903802
   0.0000311908   -0.0000172692   -0.0000079602
  -0.0000466692   -0.0001616492   -0.0003178702
   0.0012590108   -0.0022364192   -0.0009630302
  -0.0003057292   -0.0000339692   -0.0000860702
  -0.0006052292    0.0003146008    0.0003565098
  -0.0002925592   -0.0000416992   -0.0000742002
  -0.0009115092    0.0006989708   -0.0002765802
  -0.0004739292    0.0004089608    0.0003787698
  -0.0001938192    0.0000255408    0.0000420098
  -0.0003559292    0.0000110608   -0.0000152102
  -0.0000005892   -0.0002009392   -0.0002187802
   0.0004769508    0.0000244508   -0.0002346102
   0.0000779508   -0.0004859692    0.0010756898
   0.0002995008   -0.0003784192    0.0001724798
  -0.0005470992    0.0004977108   -0.0008289502
   0.0000594708    0.0001758508   -0.0000903802
  -0.0000172692    0.0000311908   -0.0000079602
  -0.0000339692   -0.0003057292   -0.0000860702
   0.0003146008   -0.0006052292    0.0003565098
  -0.0001616492   -0.0000466692   -0.0003178702
  -0.0022364192    0.0012590108   -0.0009630302
  -0.0000416992   -0.0002925592   -0.0000742002
   0.0006989708   -0.0009115092   -0.0002765802
   0.0000298908    0.0000298908    0.0001689898
  -0.0000165092   -0.0000165092    0.0000335498
  -0.0000010192    0.0000359608   -0.0003270002
   0.0003454808    0.0003174808   -0.0005686602
   0.0000359608   -0.0000010192   -0.0003270002
   0.0003174808    0.0003454808   -0.0005686602
  -0.0002537892   -0.0002537892   -0.0000792102
  -0.0015792592   -0.0015792592    0.0009153098
   0.0000083008    0.0000083008    0.0000432198
   0.0000045408    0.0000045408   -0.0001844802
  -0.0003719992    0.0001610008    0.0001997798
  -0.0003209292    0.0002556908    0.0002405598
   0.0001610008   -0.0003719992    0.0001997798
   0.0002556908   -0.0003209292    0.0002405598
  -0.0000121892   -0.0000121892   -0.0001504802
  -0.0001183792   -0.0001183792   -0.0009457702

9    
  0.0000000000000000   0.0000000000000000  -0.0200000000000000
   0.0022643797    0.0022643797    0.0024459303
  -0.0002211403    0.0001284697    0.0002846203
   0.0011291597    0.0015243297    0.0002929603
   0.0001284697   -0.0002211403    0.0002846203
   0.0015243297    0.0011291597    0.0002929603
   0.0002559597    0.0002559597   -0.0001911797
   0.0008690797    0.0008690797    0.0008810103
  -0.0006392003   -0.0006392003   -0.0045652397
   0.0001028797    0.0001028797    0.0175220603
   0.0010990197   -0.0012574103   -0.0036122997
  -0.0004837203   -0.0001296903   -0.0011206597
  -0.0012574103    0.0010990197   -0.0036122997
  -0.0001296903   -0.0004837203   -0.0011206597
   0.0008525397    0.0008525397   -0.0042563597
  -0.0005802203   -0.0005802203    0.0006385003
   0.0002245097   -0.0006524603    0.0002606703
   0.0000336097   -0.0001858103    0.0000208703
   0.0001950097    0.0002936797   -0.0003486497
  -0.0010913803   -0.0011764503   -0.0000971097
  -0.0001733903   -0.0001742003   -0.0001470997
  -0.0002569603    0.0000308297   -0.0002367497
  -0.0002054503    0.0004722297    0.0000532703
   0.0004877997   -0.0005393503   -0.0007425597
   0.0001964397   -0.0000512903    0.0001013603
   0.0000190497   -0.0000200803   -0.0000263197
  -0.0000549203   -0.0003002203   -0.0001422797
   0.0006375597   -0.0008925403   -0.0021431797
  -0.0002862103    0.0000761897    0.0001107803
  -0.0005465003    0.0003481397    0.0003443503
  -0.0002997203    0.0000641697    0.0001206103
  -0.0002465203    0.0000052397    0.0009379803
  -0.0006524603    0.0002245097    0.0002606703
  -0.0001858103    0.0000336097    0.0000208703
  -0.0001742003   -0.0001733903   -0.0001470997
   0.0000308297   -0.0002569603   -0.0002367497
   0.0002936797    0.0001950097   -0.0003486497
  -0.0011764503   -0.0010913803   -0.0000971097
   0.0004722297   -0.0002054503    0.0000532703
  -0.0005393503    0.0004877997   -0.0007425597
  -0.0000512903    0.0001964397    0.0001013603
  -0.0000200803    0.0000190497   -0.0000263197
   0.0000761897   -0.0002862103    0.0001107803
   0.0003481397   -0.0005465003    0.0003443503
  -0.0003002203   -0.0000549203   -0.0001422797
  -0.0008925403    0.0006375597   -0.0021431797
   0.0000641697   -0.0002997203    0.0001206103
   0.0000052397   -0.0002465203    0.0009379803
  -0.0000221603   -0.0000221603    0.0002067203
  -0.0000202503   -0.0000202503    0.0000201703
   0.0000446297   -0.0000133403   -0.0002624097
   0.0003178897    0.0003795497   -0.0005815097
  -0.0000133403    0.0000446297   -0.0002624097
   0.0003795497    0.0003178897   -0.0005815097
  -0.0002086603   -0.0002086603   -0.0000182397
  -0.0015376903   -0.0015376903    0.0009814803
  -0.0001799603   -0.0001799603   -0.0002141497
   0.0000103097    0.0000103097    0.0002024103
  -0.0001937703   -0.0000170703   -0.0000498197
  -0.0003498803    0.0002038497    0.0002232803
  -0.0000170703   -0.0001937703   -0.0000498197
   0.0002038497   -0.0003498803    0.0002232803
   0.0001563097    0.0001563097   -0.0004152597
   0.0005848097    0.0005848097    0.0002819303

10   
  0.0200000000000000   0.0000000000000000   0.0000000000000000
   0.0017069294    0.0019487600    0.0028075598
  -0.0002575706    0.0001995000    0.0001991798
   0.0007627894    0.0008718600    0.0009104298
   0.0001982794   -0.0002847900    0.0001962898
   0.0009463694    0.0009235200    0.0008080298
   0.0006831494    0.0005075600    0.0003487598
   0.0009948394    0.0008078000    0.0008741698
  -0.0003064506    0.0006683800   -0.0002219202
   0.0041785094   -0.0009636800   -0.0012705802
  -0.0183912206   -0.0000969700    0.0005160598
   0.0031827294    0.0013790000    0.0003258198
   0.0003399194   -0.0005607800    0.0000703098
   0.0004491394   -0.0007446300   -0.0005781402
   0.0005162594   -0.0004243900   -0.0009279202
  -0.0002435506   -0.0002811100    0.0000675698
  -0.0002683406   -0.0009008300   -0.0000032402
   0.0001726894   -0.0002754600   -0.0000506902
  -0.0000616506    0.0003871800   -0.0002838502
  -0.0006272806   -0.0004537300    0.0005742598
  -0.0000633906   -0.0002955800   -0.0000535602
  -0.0002364206    0.0000387700   -0.0002479602
  -0.0002792206    0.0004060300    0.0000890698
   0.0004818994   -0.0005653900   -0.0007522202
  -0.0004250506    0.0003064300   -0.0003109102
  -0.0000260206   -0.0000794200   -0.0000186202
   0.0000106794   -0.0002293100   -0.0002294502
   0.0008413694   -0.0015242300   -0.0015526302
   0.0002869294    0.0007305600    0.0003211898
  -0.0005123206    0.0004048600    0.0002540098
  -0.0002828006   -0.0000104900    0.0000574798
  -0.0005072106    0.0002509000    0.0004241698
  -0.0006065206    0.0002949800    0.0003351998
  -0.0001119806   -0.0000571600   -0.0000432302
  -0.0002407606   -0.0000824400   -0.0000778402
   0.0000762394   -0.0001408500   -0.0001592402
   0.0004097394    0.0000840700   -0.0002950002
  -0.0005978406   -0.0007834500    0.0004388698
   0.0009171394    0.0000092100   -0.0004712402
  -0.0006113906    0.0004721100   -0.0007294502
  -0.0000439506    0.0001951200    0.0000211498
  -0.0000447706   -0.0000162300   -0.0000674602
   0.0000998694   -0.0002910400    0.0000121898
   0.0003190994   -0.0005460600    0.0003953098
   0.0003851194    0.0005679500   -0.0005901502
   0.0024370494    0.0018066600   -0.0023596302
   0.0005540694   -0.0006246600    0.0006459198
   0.0041131594   -0.0012013700    0.0009504598
  -0.0000459306   -0.0000216700    0.0001931598
  -0.0000324906   -0.0000514200   -0.0000053702
   0.0000485894    0.0000090400   -0.0002950302
   0.0003242594    0.0003709400   -0.0005475802
   0.0000376594    0.0000422500   -0.0002736902
   0.0004936294    0.0004234000   -0.0006669302
  -0.0002248506   -0.0002310600   -0.0000142802
  -0.0014234106   -0.0016621200    0.0010078098
  -0.0001308706   -0.0000730700   -0.0000896402
   0.0000697394   -0.0000707700   -0.0000745402
  -0.0002260306    0.0000802100    0.0000715298
  -0.0002620606    0.0003081400    0.0003284098
   0.0006515294   -0.0008983200    0.0004196098
   0.0001616294   -0.0002871200    0.0002254398
   0.0000921394    0.0000536000   -0.0003033902
   0.0001482194    0.0001808100   -0.0003240302

10   
 -0.0200000000000000   0.0000000000000000   0.0000000000000000
   0.0029556698    0.0027162695    0.0018453497
  -0.0002884702    0.0001915595    0.0001927097
   0.0008697298    0.0008838995    0.0008465197
   0.0001982898   -0.0002579605    0.0001940497
   0.0008153998    0.0007033195    0.0009447797
  -0.0002807802   -0.0001140805   -0.0008832703
   0.0007660398    0.0009446495    0.0007593997
   0.0009394398   -0.0000262805   -0.0008958303
  -0.0040154202    0.0009305195    0.0007962797
   0.0184832398   -0.0004234005    0.0002170197
  -0.0046485702   -0.0003026205   -0.0013104203
  -0.0009086002    0.0007732795    0.0007070097
   0.0005431598   -0.0008264905   -0.0005027603
  -0.0006641602    0.0002610595    0.0003887297
  -0.0002069202   -0.0001743905   -0.0000339003
   0.0009005598   -0.0002316405    0.0006359197
  -0.0001056702   -0.0001022105    0.0001143397
   0.0002842798    0.0003887495   -0.0002967203
  -0.0009391702   -0.0006281505    0.0004130697
  -0.0000914602   -0.0002352305   -0.0001057103
  -0.0002151902   -0.0000061805   -0.0002060903
  -0.0002977802    0.0003707095    0.0001357297
   0.0005091398   -0.0005164305   -0.0008158503
   0.0008041098   -0.0003020105    0.0003285397
   0.0000801598    0.0000439995   -0.0000148003
  -0.0001077202   -0.0002299705   -0.0002289303
   0.0010572698   -0.0015901805   -0.0015601403
  -0.0008667602   -0.0006765305   -0.0002934403
  -0.0006309102    0.0002621595    0.0004475197
  -0.0003025902    0.0000355495   -0.0000109903
  -0.0006358102    0.0004477195    0.0002425597
  -0.0005156102    0.0003403595    0.0003029997
  -0.0002645102    0.0001193695    0.0001099797
  -0.0002853602   -0.0000778905   -0.0000797203
  -0.0000430402   -0.0003169505   -0.0002973203
   0.0003678198    0.0001380795   -0.0002845003
  -0.0004853902   -0.0007901805    0.0005502397
  -0.0001454502   -0.0005937105    0.0007062897
  -0.0004714102    0.0005156795   -0.0008414303
   0.0000583098    0.0001800595   -0.0000099603
   0.0000132198    0.0000683395    0.0000331397
  -0.0000513402   -0.0002997905    0.0000145897
   0.0003490298   -0.0006025605    0.0003065197
  -0.0008498402   -0.0006779305    0.0001342197
  -0.0056469402   -0.0000026205   -0.0006643203
  -0.0005349402    0.0000391495   -0.0006099803
  -0.0035123402    0.0001421095   -0.0003744503
   0.0000588998    0.0000305895    0.0001832797
   0.0000011398    0.0000168195    0.0000606297
   0.0000007798    0.0000165295   -0.0002930003
   0.0003441998    0.0003293795   -0.0006010103
  -0.0000101302    0.0000026995   -0.0003143103
   0.0002059298    0.0002422495   -0.0004815403
  -0.0002326302   -0.0002284705   -0.0000826403
  -0.0016911302   -0.0014519305    0.0008903297
  -0.0000344002   -0.0000972005   -0.0000780303
  -0.0000519102    0.0000900795    0.0000948597
  -0.0003339502    0.0000668795    0.0000771297
  -0.0004056502    0.0001522595    0.0001358497
  -0.0005103202    0.0003461095   -0.0002756403
   0.0003030598   -0.0003821805    0.0002391597
   0.0000567398    0.0000931095   -0.0002585303
   0.0003166598    0.0002818795   -0.0003435003

10   
  0.0000000000000000   0.0200000000000000   0.0000000000000000
   0.0025569598    0.0028584402    0.0016289297
  -0.0002660002    0.0002260102    0.0001902897
   0.0008231198    0.0008260802    0.0009330497
   0.0002045698   -0.0002584698    0.0001942097
   0.0009628198    0.0009627402    0.0007792997
  -0.0000682002   -0.0004280298   -0.0005896103
   0.0007623898    0.0009939202    0.0007168397
  -0.0000344702    0.0009077902    0.0000848097
  -0.0008673802    0.0040482902    0.0007720097
   0.0003317898   -0.0184879298    0.0000621497
   0.0000878398    0.0044955202    0.0003902097
  -0.0009696902    0.0007338502    0.0007203197
   0.0005257498   -0.0008570298   -0.0005447803
   0.0002595498   -0.0007110198   -0.0005901303
  -0.0002787502   -0.0003075198    0.0000111597
   0.0006421798   -0.0000112598    0.0009244597
  -0.0000569402   -0.0001131598    0.0001130497
   0.0001122298    0.0004071602   -0.0002819703
  -0.0006877702   -0.0004728498    0.0005510697
  -0.0001036402   -0.0002372498   -0.0000734603
  -0.0002107002    0.0000064402   -0.0002583103
  -0.0003211702    0.0003493602    0.0000999597
   0.0004685998   -0.0005539798   -0.0008129003
  -0.0001435402    0.0005602802   -0.0006079803
  -0.0000192202   -0.0000423598    0.0000291797
  -0.0000554502   -0.0001621098   -0.0002325203
   0.0009971898   -0.0015662398   -0.0015306403
   0.0003572998    0.0006701102    0.0003410497
  -0.0004979402    0.0003994302    0.0002496197
  -0.0002711802   -0.0000352498    0.0000042297
  -0.0006647202    0.0004181302    0.0002379097
  -0.0005423602    0.0003349802    0.0003376097
  -0.0002769102    0.0001698702    0.0001110197
  -0.0002532402   -0.0002517498   -0.0000912603
   0.0001005698   -0.0000895998   -0.0001367103
   0.0003571498    0.0001215402   -0.0003233303
  -0.0005616702   -0.0008562898    0.0004625797
   0.0000560298   -0.0008635598    0.0004067397
  -0.0005643002    0.0004293302   -0.0008546203
  -0.0000113302    0.0001953802   -0.0000201003
  -0.0000573802   -0.0000364698   -0.0000081703
   0.0000241898   -0.0002439198    0.0000088097
   0.0003823098   -0.0006447798    0.0003537397
   0.0004656498    0.0004837702   -0.0005392003
  -0.0008650002    0.0045665602   -0.0020558403
   0.0003332798   -0.0009079998    0.0003325897
  -0.0003536302    0.0032732602   -0.0004008103
   0.0000213198    0.0000225202    0.0001661197
  -0.0000455002   -0.0000311898    0.0000524997
   0.0000206198    0.0000344102   -0.0002961803
   0.0003529598    0.0003415902   -0.0005556803
   0.0000326598    0.0000380902   -0.0003131103
   0.0004327998    0.0003941802   -0.0006448203
  -0.0002432102   -0.0002672498   -0.0000602303
  -0.0016246002   -0.0014440198    0.0009232497
  -0.0001048302   -0.0000651398   -0.0000592703
  -0.0000766202    0.0000745702    0.0000974597
  -0.0002798702    0.0001273302    0.0000735297
  -0.0002604402    0.0002857202    0.0003146897
  -0.0005569002    0.0003062102   -0.0002943903
   0.0002689498   -0.0003488898    0.0001736097
   0.0000841898    0.0000226202   -0.0002772503
   0.0001695898    0.0002098302   -0.0003947703

10   
  0.0000000000000000  -0.0200000000000000   0.0000000000000000
   0.0020912002    0.0017928705    0.0030398398
  -0.0002832998    0.0001630805    0.0001994798
   0.0008060902    0.0009266805    0.0008212598
   0.0001882902   -0.0002837295    0.0001946198
   0.0007934802    0.0006610505    0.0009735598
   0.0004558902    0.0008109605    0.0000342198
   0.0009922602    0.0007606205    0.0009115598
   0.0006704302   -0.0002788095   -0.0012224002
   0.0010206102   -0.0040823795   -0.0012456002
  -0.0000442798    0.0179999205    0.0008293698
  -0.0015687998   -0.0034135495   -0.0013781502
   0.0004005802   -0.0005173395    0.0000536298
   0.0004620802   -0.0007126195   -0.0005394502
  -0.0004238498    0.0005535405    0.0000655598
  -0.0001754498   -0.0001506295    0.0000200898
  -0.0000047998   -0.0011080795   -0.0002779702
   0.0001171702   -0.0002627195   -0.0000495502
   0.0001077902    0.0003672905   -0.0003008102
  -0.0008856398   -0.0006114695    0.0004316798
  -0.0000555798   -0.0002934995   -0.0000881402
  -0.0002434998    0.0000255105   -0.0001979702
  -0.0002587998    0.0004264505    0.0001221898
   0.0005193202   -0.0005281195   -0.0007589802
   0.0005132902   -0.0005428895    0.0006073298
   0.0000713202    0.0000067805   -0.0000652602
  -0.0000448698   -0.0002976695   -0.0002284802
   0.0008989702   -0.0015501995   -0.0015849702
  -0.0009354198   -0.0006193795   -0.0003157802
  -0.0006484298    0.0002669805    0.0004487598
  -0.0003181798    0.0000606705    0.0000396898
  -0.0004808098    0.0002805305    0.0004266398
  -0.0005834198    0.0003010705    0.0002963798
  -0.0001001098   -0.0001111195   -0.0000499202
  -0.0002761898    0.0000903805   -0.0000689802
  -0.0000677298   -0.0003646395   -0.0003192402
   0.0004176102    0.0000999305   -0.0002585602
  -0.0005258198   -0.0007156995    0.0005245098
   0.0007255202    0.0002851705   -0.0001927102
  -0.0005227598    0.0005562105   -0.0007198702
   0.0000231502    0.0001797605    0.0000285998
   0.0000229602    0.0000897005   -0.0000277702
   0.0000218202   -0.0003478095    0.0000145998
   0.0002836702   -0.0005069395    0.0003444598
  -0.0009361198   -0.0005887195    0.0000792298
  -0.0023400198   -0.0027788195   -0.0009690302
  -0.0003018298    0.0003122105   -0.0002805302
   0.0009622102   -0.0043226695    0.0009783398
  -0.0000103698   -0.0000137095    0.0002061898
   0.0000108902   -0.0000036895   -0.0000002302
   0.0000259002   -0.0000091095   -0.0002946702
   0.0003128302    0.0003585105   -0.0005950602
  -0.0000076098    0.0000071205   -0.0002772502
   0.0002657502    0.0002725505   -0.0005076102
  -0.0002169298   -0.0001920795   -0.0000398502
  -0.0014889498   -0.0016726695    0.0009751198
  -0.0000639798   -0.0001049995   -0.0001106702
   0.0000913702   -0.0000564495   -0.0000807702
  -0.0002831798    0.0000192205    0.0000720898
  -0.0004101098    0.0001750205    0.0001464198
   0.0006912102   -0.0008630895    0.0004358898
   0.0001909702   -0.0003201995    0.0002877798
   0.0000620002    0.0001234905   -0.0002874202
   0.0002902002    0.0002522105   -0.0002754302

10   
  0.0000000000000000   0.0000000000000000   0.0200000000000000
   0.0020225298    0.0016856203    0.0029645998
  -0.0003029402    0.0002130203    0.0002414098
   0.0008775598    0.0009100303    0.0008315198
   0.0002095898   -0.0002791697    0.0001784798
   0.0008083398    0.0006999203    0.0009245898
   0.0008465298    0.0004588103    0.0003465798
   0.0010172398    0.0008355303    0.0008182898
  -0.0000045602    0.0009646003    0.0000615298
  -0.0009406702    0.0009855003    0.0038242898
   0.0002535898   -0.0007215397   -0.0175885902
   0.0000508098    0.0015481203    0.0033425198
   0.0000457998   -0.0002071497   -0.0002330502
   0.0004236998   -0.0008087097   -0.0005878302
  -0.0007280402    0.0002250003    0.0003519098
  -0.0001706602   -0.0002419097   -0.0000537502
   0.0006575298    0.0000227203    0.0008610898
  -0.0000452502   -0.0000992697    0.0001104998
   0.0001135298    0.0003856703   -0.0002701702
  -0.0006763702   -0.0004679297    0.0005452498
  -0.0001007502   -0.0002785397   -0.0001254602
  -0.0002480902   -0.0000108697   -0.0002356902
  -0.0003155502    0.0003927903    0.0001346198
   0.0005176298   -0.0005630297   -0.0008072402
   0.0004786498   -0.0006082897    0.0005578298
   0.0000236098    0.0000471003   -0.0000806102
  -0.0000433402   -0.0002274797   -0.0001917402
   0.0009608998   -0.0015295697   -0.0016071302
  -0.0006466802   -0.0003300697   -0.0005236502
  -0.0006532102    0.0002517403    0.0004917298
  -0.0002616702    0.0000139103    0.0000559598
  -0.0004826502    0.0002569203    0.0004692398
  -0.0005735102    0.0003425703    0.0003478498
  -0.0002731502    0.0001122303    0.0001110698
  -0.0002605202   -0.0000942897   -0.0000586602
   0.0000915198   -0.0001356197   -0.0001741602
   0.0003963698    0.0001279603   -0.0003289102
  -0.0005766302   -0.0008346697    0.0004506398
  -0.0002771702   -0.0006269997    0.0006485398
  -0.0004715102    0.0004302903   -0.0007865802
  -0.0000091502    0.0001562503    0.0000396598
  -0.0000864802    0.0000293003   -0.0000871502
   0.0000316398   -0.0002901597    0.0000495098
   0.0003698998   -0.0005554997    0.0002728598
   0.0001398898    0.0002985803   -0.0008190402
  -0.0023055002    0.0003302003    0.0021339598
   0.0006325898   -0.0006172297    0.0006027598
   0.0009683698   -0.0012360697    0.0039948898
   0.0000224598   -0.0000233097    0.0002302398
  -0.0000467402    0.0000120703   -0.0000048602
   0.0000237698    0.0000109903   -0.0002728402
   0.0003603598    0.0003737003   -0.0005834802
  -0.0000045802    0.0000313603   -0.0003277502
   0.0002714398    0.0002585303   -0.0005238602
  -0.0002108702   -0.0002556797   -0.0000042902
  -0.0014983002   -0.0016665297    0.0009521598
  -0.0000717302   -0.0000613097   -0.0000581102
  -0.0000766902    0.0000972903    0.0001408398
  -0.0002786902    0.0000682103   -0.0001122802
  -0.0002418002    0.0003165803    0.0003787798
  -0.0002468102    0.0000343903   -0.0005103702
   0.0002232198   -0.0003812597    0.0001558598
   0.0000456198    0.0000553903   -0.0002574302
   0.0002455798    0.0001692503   -0.0004068702

10   
  0.0000000000000000   0.0000000000000000  -0.0200000000000000
   0.0026264000    0.0029622200    0.0017055298
  -0.0002455700    0.0001805000    0.0001503598
   0.0007525700    0.0008480000    0.0009246798
   0.0001849700   -0.0002614600    0.0002132798
   0.0009516700    0.0009311500    0.0008292498
  -0.0004447300   -0.0000622600   -0.0008839902
   0.0007389200    0.0009180800    0.0008140498
   0.0006422400   -0.0003373200   -0.0011930302
   0.0011034000   -0.0010212800   -0.0043062802
  -0.0000139400    0.0000695400    0.0182750498
  -0.0015240700   -0.0004640100   -0.0043210502
  -0.0006323400    0.0004408300    0.0010177098
   0.0005638200   -0.0007588800   -0.0004930002
   0.0005803600   -0.0003862800   -0.0008872102
  -0.0002837200   -0.0002123700    0.0000904198
  -0.0000199900   -0.0011367200   -0.0002139402
   0.0001062400   -0.0002740800   -0.0000433602
   0.0001065300    0.0003911700   -0.0003089902
  -0.0008974200   -0.0006149200    0.0004405698
  -0.0000571000   -0.0002499600   -0.0000340302
  -0.0002058900    0.0000456300   -0.0002173902
  -0.0002643800    0.0003862200    0.0000911198
   0.0004712400   -0.0005169600   -0.0007616202
  -0.0001075600    0.0006310500   -0.0005526702
   0.0000285600   -0.0000806300    0.0000490798
  -0.0000570900   -0.0002301800   -0.0002652102
   0.0009359300   -0.0015826700   -0.0015061502
   0.0000508400    0.0003685500    0.0005474498
  -0.0004946300    0.0004147100    0.0002139498
  -0.0003272300    0.0000135800   -0.0000093702
  -0.0006648900    0.0004458400    0.0001966098
  -0.0005522500    0.0002957000    0.0002910798
  -0.0001055500   -0.0000473500   -0.0000435802
  -0.0002682500   -0.0000636300   -0.0000989202
  -0.0000604400   -0.0003197100   -0.0002813702
   0.0003782100    0.0000962500   -0.0002505902
  -0.0005103500   -0.0007365100    0.0005383598
   0.0010421000    0.0000454700   -0.0004156202
  -0.0006151800    0.0005597800   -0.0007812102
   0.0000209400    0.0002216100   -0.0000283302
   0.0000520300    0.0000262300    0.0000559198
   0.0000145900   -0.0002977800   -0.0000214002
   0.0002957000   -0.0005918600    0.0004294798
  -0.0005918100   -0.0003881700    0.0003582298
  -0.0008941900    0.0014801900   -0.0051545202
  -0.0006194100    0.0000332900   -0.0005627302
  -0.0003577800    0.0001745300   -0.0034289602
  -0.0000113000    0.0000337000    0.0001472998
   0.0000130900   -0.0000447400    0.0000609998
   0.0000235500    0.0000170800   -0.0003144602
   0.0003058700    0.0003286000   -0.0005644402
   0.0000296400    0.0000156500   -0.0002593002
   0.0004280900    0.0004106300   -0.0006256302
  -0.0002489400   -0.0002019100   -0.0000913402
  -0.0016149200   -0.0014474900    0.0009483998
  -0.0000965800   -0.0001067100   -0.0001087902
   0.0000944200   -0.0000785400   -0.0001232602
  -0.0002837100    0.0000806500    0.0002619998
  -0.0004260400    0.0001480200    0.0000894198
   0.0004009600   -0.0006039500    0.0006646198
   0.0002378600   -0.0002853200    0.0003089298
   0.0001010300    0.0000933900   -0.0003041502
   0.0002154800    0.0002958100   -0.0002579502

11   
  0.0200000000000000   0.0000000000000000   0.0000000000000000
   0.0022945794    0.0022747703    0.0023856600
  -0.0003512606    0.0002841403    0.0001843100
   0.0008788094    0.0008632903    0.0008580200
   0.0003239194   -0.0003638297    0.0002324500
   0.0008994194    0.0009502003    0.0008895300
   0.0047605194   -0.0017364997    0.0018174300
   0.0015332694    0.0005549703    0.0014186700
   0.0004781694    0.0002244803   -0.0006723400
  -0.0005964906   -0.0002659997   -0.0004834400
   0.0039743994    0.0004924903    0.0011275700
  -0.0198343006    0.0020298203   -0.0019923200
  -0.0003614806    0.0001527103    0.0003705000
   0.0011185494   -0.0014345797   -0.0002379000
  -0.0001497306   -0.0001015597   -0.0002050800
   0.0003256694    0.0001296903   -0.0005627300
   0.0042003394   -0.0013747097   -0.0004968000
  -0.0005924806    0.0001063203    0.0003285100
   0.0002673394    0.0004936703   -0.0001868700
  -0.0010892506   -0.0005930397    0.0005331400
  -0.0001585306   -0.0002418097   -0.0001110000
  -0.0002084606   -0.0000261197   -0.0002336400
  -0.0003599006    0.0003408003    0.0001205300
   0.0005384694   -0.0005867397   -0.0008818100
   0.0000883094   -0.0000035397   -0.0000231400
  -0.0004909006   -0.0003616597    0.0003080800
  -0.0001241406   -0.0001899597   -0.0002318800
   0.0009729094   -0.0015596397   -0.0015471500
   0.0032686994    0.0010326103   -0.0009807900
  -0.0000168106    0.0009181003   -0.0000076200
  -0.0001413806   -0.0000443097    0.0000848900
  -0.0005575106    0.0003594203    0.0003756500
  -0.0005643606    0.0002886703    0.0002142700
  -0.0002133206    0.0000381603    0.0000245500
  -0.0002501506    0.0000281303   -0.0000421700
   0.0000384894   -0.0002590997   -0.0002240500
   0.0003654294    0.0001403803   -0.0003106200
  -0.0005173406   -0.0008871597    0.0005042000
   0.0003861394   -0.0003562297    0.0001696900
   0.0000888794    0.0001692803   -0.0014838500
  -0.0000139106    0.0001186903   -0.0000177600
  -0.0000540806    0.0000069803   -0.0000422900
  -0.0000207606   -0.0002441697    0.0000850700
   0.0003685794   -0.0005746697    0.0003564000
  -0.0001674706    0.0000005603   -0.0003031400
  -0.0009608906    0.0015806403   -0.0012015700
   0.0000778894   -0.0003277397    0.0000710700
   0.0009320794   -0.0002514697    0.0009451700
  -0.0000350506   -0.0000649997    0.0001549400
  -0.0000573006    0.0000004303    0.0000297500
   0.0000104094    0.0000378103   -0.0002401500
   0.0003582094    0.0003419303   -0.0005631300
   0.0000834894    0.0001051803   -0.0003438300
   0.0003808994    0.0003516703   -0.0005899000
  -0.0001911506   -0.0002779497    0.0000317300
  -0.0015492606   -0.0015961097    0.0009548200
  -0.0000164706   -0.0001648197   -0.0001478600
  -0.0000342206   -0.0000169297    0.0000343600
  -0.0002125006    0.0001473103    0.0001600100
  -0.0003115506    0.0002180403    0.0002536600
   0.0000456294   -0.0002310397    0.0000238100
   0.0008223994   -0.0009393797   -0.0000803300
   0.0000665094    0.0000506103   -0.0002542500
   0.0002540194    0.0002438003   -0.0003490300

11   
 -0.0200000000000000   0.0000000000000000   0.0000000000000000
   0.0023650803    0.0023859300    0.0022762398
  -0.0001948097    0.0001079900    0.0002061298
   0.0007551303    0.0008922100    0.0008968498
   0.0000740103   -0.0001795800    0.0001575698
   0.0008601903    0.0006780900    0.0008642398
  -0.0042303097    0.0020066000   -0.0022354602
   0.0002349903    0.0011980900    0.0002238598
   0.0001576903    0.0004128000   -0.0004533102
   0.0006663103    0.0003367300    0.0001151698
  -0.0038567597   -0.0011651200   -0.0004486402
   0.0181204803   -0.0009807200    0.0008391598
  -0.0002152097    0.0000713400    0.0004066298
  -0.0001190397   -0.0001497500   -0.0008438902
  -0.0000062697   -0.0000598200   -0.0003234102
  -0.0007686897   -0.0005837900    0.0005860398
  -0.0036734697    0.0003528100    0.0012294598
   0.0006618003   -0.0004910500   -0.0002726102
  -0.0000452297    0.0002823200   -0.0003945202
  -0.0004791097   -0.0004884000    0.0004530698
   0.0000015503   -0.0002873200   -0.0000487202
  -0.0002430097    0.0000592700   -0.0002213402
  -0.0002177297    0.0004364200    0.0001045398
   0.0004529303   -0.0004943200   -0.0006868402
   0.0002887603    0.0000144200    0.0000347198
   0.0005414303    0.0003179200   -0.0003331902
   0.0000276003   -0.0002695300   -0.0002267302
   0.0009267003   -0.0015543900   -0.0015663602
  -0.0037693297   -0.0009106600    0.0009304698
  -0.0011199197   -0.0002420300    0.0007072498
  -0.0004413797    0.0000703100   -0.0000395602
  -0.0005864597    0.0003424000    0.0002906498
  -0.0005578797    0.0003461000    0.0004228398
  -0.0001612997    0.0000239000    0.0000389898
  -0.0002750397   -0.0001880000   -0.0001142502
  -0.0000028597   -0.0001973400   -0.0002308802
   0.0004122103    0.0000829100   -0.0002696102
  -0.0005665297   -0.0006854000    0.0004840698
   0.0003921403   -0.0002257400    0.0000558298
  -0.0011777197    0.0008199700   -0.0000767102
   0.0000281903    0.0002572300    0.0000279598
   0.0000230703    0.0000459700    0.0000080698
   0.0000682503   -0.0003471800   -0.0000587202
   0.0003001503   -0.0005742100    0.0003441398
  -0.0002929597   -0.0001007800   -0.0001548002
  -0.0021580897    0.0003037800   -0.0019141402
  -0.0000529897   -0.0002595200   -0.0000275002
  -0.0002400897   -0.0009037100   -0.0002915102
   0.0000483003    0.0000750500    0.0002225198
   0.0000274303   -0.0000340800    0.0000246498
   0.0000391003   -0.0000111700   -0.0003490202
   0.0003101903    0.0003593400   -0.0005861302
  -0.0000578897   -0.0000596400   -0.0002428302
   0.0003209803    0.0003136300   -0.0005592902
  -0.0002688497   -0.0001783200   -0.0001299702
  -0.0015624497   -0.0015178000    0.0009404998
  -0.0001474197   -0.0000047700   -0.0000220802
   0.0000542103    0.0000343600   -0.0000157802
  -0.0003450297    0.0000022000   -0.0000114302
  -0.0003544297    0.0002452600    0.0002106398
   0.0001040203   -0.0003315400    0.0001233398
  -0.0003671097    0.0002832000    0.0005501598
   0.0000820703    0.0000973000   -0.0003083502
   0.0002103903    0.0002198300   -0.0003181702

11   
  0.0000000000000000   0.0200000000000000   0.0000000000000000
   0.0022994694    0.0022579305    0.0023664203
  -0.0001636106    0.0001351505    0.0001619003
   0.0008046594    0.0009121705    0.0008635703
   0.0001989694   -0.0002412995    0.0001512903
   0.0008984294    0.0008532405    0.0008533703
  -0.0020199306    0.0044792605   -0.0010790997
   0.0013910494    0.0003725905    0.0010986303
   0.0002333794    0.0003733405   -0.0004976497
   0.0003563494    0.0006038705    0.0004290603
   0.0009087094    0.0036151905    0.0013466003
   0.0007314894   -0.0171683795   -0.0014590197
  -0.0002565806    0.0000647905    0.0003128103
  -0.0001116206   -0.0001715095   -0.0010408897
  -0.0000686806   -0.0001355095   -0.0003082897
  -0.0004990206   -0.0008049495    0.0002353103
  -0.0006635506    0.0033454405    0.0013348303
  -0.0002983706    0.0004177605    0.0006936703
   0.0001878794    0.0004405405   -0.0002291897
  -0.0007510006   -0.0005227495    0.0005224703
  -0.0000847506   -0.0003219095   -0.0001160097
  -0.0002595706    0.0000556505   -0.0002529297
  -0.0003188106    0.0003441305    0.0000519003
   0.0004902994   -0.0005628995   -0.0007797497
   0.0001756794   -0.0000744995    0.0000396303
   0.0003127494    0.0005957805   -0.0006756797
  -0.0000109206   -0.0002693295   -0.0001931897
   0.0009203494   -0.0014801095   -0.0015394997
   0.0002604094    0.0032093705   -0.0002143297
   0.0001057794    0.0009820405    0.0000284903
  -0.0004005006    0.0000224605   -0.0000162197
  -0.0005879606    0.0003166305    0.0003324603
  -0.0007087406    0.0004454705    0.0004254603
  -0.0001856006    0.0000560405    0.0000627103
  -0.0002224006    0.0000358905   -0.0000197797
   0.0000119694   -0.0003748195   -0.0002371397
   0.0004062594    0.0000971105   -0.0003164197
  -0.0005762906   -0.0007445395    0.0004887903
   0.0003253694   -0.0003545595    0.0000894103
  -0.0002554106   -0.0000003595   -0.0011153197
  -0.0000262006    0.0001709205    0.0000171303
  -0.0000006906    0.0000679705   -0.0000501397
   0.0000468494   -0.0003930895   -0.0000014097
   0.0003357694   -0.0005421195    0.0003572403
  -0.0001663706   -0.0000239695   -0.0003126297
  -0.0009196706    0.0015444005   -0.0012337697
  -0.0000684106   -0.0001585695   -0.0000553097
  -0.0000039106   -0.0011698195   -0.0000232897
  -0.0000484206   -0.0000349495    0.0002224203
  -0.0000254306    0.0000298505    0.0000074503
   0.0000447394    0.0000025905   -0.0002698197
   0.0003354094    0.0003735805   -0.0005835697
   0.0000961694    0.0001467005   -0.0004169497
   0.0003713194    0.0003627605   -0.0005682997
  -0.0002896906   -0.0001783495   -0.0001246597
  -0.0015327406   -0.0015794095    0.0009132903
  -0.0001809306    0.0000297605   -0.0000005897
   0.0000320894    0.0000334705    0.0000317503
  -0.0002342406    0.0001196505    0.0001615303
  -0.0003336506    0.0002771005    0.0001855203
   0.0001212194   -0.0003640395    0.0000672103
  -0.0003901306    0.0002349205    0.0005416803
   0.0000477994    0.0000576305   -0.0003076197
   0.0002131994    0.0001885805   -0.0003555497

11   
  0.0000000000000000  -0.0200000000000000   0.0000000000000000
   0.0023542405    0.0024004798    0.0022946302
  -0.0003850395    0.0002550598    0.0002300702
   0.0008258405    0.0008420398    0.0008908202
   0.0001948205   -0.0003031302    0.0002369202
   0.0008584905    0.0007722698    0.0008996502
   0.0025045205   -0.0041554802    0.0006028102
   0.0003596505    0.0013827698    0.0005276602
   0.0004019105    0.0002595298   -0.0006304698
  -0.0002962995   -0.0005506002   -0.0008167398
  -0.0007736395   -0.0042930002   -0.0006656198
  -0.0022897995    0.0182097298    0.0004575602
  -0.0003210795    0.0001575198    0.0004642202
   0.0011157105   -0.0014096202   -0.0000408698
  -0.0000891195   -0.0000264002   -0.0002213998
   0.0000368705    0.0003431098   -0.0001923898
   0.0012000605   -0.0043675002   -0.0006060298
   0.0003576505   -0.0007885402   -0.0006198798
   0.0000347005    0.0003359498   -0.0003499798
  -0.0008216795   -0.0005598802    0.0004622102
  -0.0000733995   -0.0002108702   -0.0000455398
  -0.0001945595   -0.0000246602   -0.0002031498
  -0.0002596595    0.0004316998    0.0001730002
   0.0004991205   -0.0005212202   -0.0007894798
   0.0001987205    0.0000830198   -0.0000287198
  -0.0002541395   -0.0006246402    0.0006292202
  -0.0000889995   -0.0001917602   -0.0002662498
   0.0009769505   -0.0016367402   -0.0015747298
  -0.0007567695   -0.0030390702    0.0001356802
  -0.0012432095   -0.0003117802    0.0006670702
  -0.0001891995    0.0000046698    0.0000572902
  -0.0005587395    0.0003821498    0.0003331802
  -0.0004143495    0.0001865298    0.0002110302
  -0.0001910295    0.0000044098    0.0000000402
  -0.0003048895   -0.0001998202   -0.0001390098
   0.0000215405   -0.0000827302   -0.0002187598
   0.0003691205    0.0001240798   -0.0002649598
  -0.0005095195   -0.0008293402    0.0004988102
   0.0004513905   -0.0002267002    0.0001347302
  -0.0008225295    0.0009805198   -0.0004629698
   0.0000376005    0.0002038198   -0.0000080098
  -0.0000344795   -0.0000164702    0.0000155802
   0.0000008905   -0.0001970902    0.0000279802
   0.0003301305   -0.0006087002    0.0003430502
  -0.0002941795   -0.0000773902   -0.0001461298
  -0.0022057395    0.0003414198   -0.0018810298
   0.0000932605   -0.0004356002    0.0001000002
   0.0007093505    0.0000236798    0.0006949802
   0.0000580605    0.0000397698    0.0001521302
  -0.0000085395   -0.0000658902    0.0000463002
   0.0000032505    0.0000216698   -0.0003209298
   0.0003308505    0.0003256298   -0.0005668398
  -0.0000703195   -0.0001008302   -0.0001734998
   0.0003277505    0.0003009498   -0.0005819998
  -0.0001732795   -0.0002807602    0.0000253102
  -0.0015816995   -0.0015366902    0.0009823302
   0.0000128105   -0.0001983102   -0.0001686398
  -0.0000145095   -0.0000177102   -0.0000140398
  -0.0003247895    0.0000290198   -0.0000123198
  -0.0003341895    0.0001845198    0.0002786002
   0.0000261805   -0.0002013602    0.0000800302
   0.0008402705   -0.0008965502   -0.0000736598
   0.0000990205    0.0000880498   -0.0002562698
   0.0002486405    0.0002727698   -0.0003125798

11   
  0.0000000000000000   0.0000000000000000   0.0200000000000000
   0.0023567797    0.0023968100    0.0023206403
  -0.0003235903    0.0002306900    0.0002350803
   0.0008273097    0.0008855000    0.0009385203
   0.0002015197   -0.0003217700    0.0002493203
   0.0008793197    0.0008274700    0.0008449303
   0.0026069897   -0.0007398400    0.0040595003
   0.0014510297    0.0004127200    0.0014123303
   0.0002340397    0.0003806900   -0.0005112297
   0.0003540197    0.0006817400    0.0004102903
   0.0008826597    0.0005502100    0.0041704303
  -0.0021819803   -0.0005278600   -0.0183389497
  -0.0002857403    0.0000708500    0.0003436503
  -0.0000034603   -0.0004863600   -0.0010103997
  -0.0000482703   -0.0001394700   -0.0003029897
  -0.0008983903   -0.0005471500    0.0006547303
  -0.0005976303    0.0005542800    0.0043312903
  -0.0003051303    0.0004409500    0.0006137903
   0.0002025197    0.0004639400   -0.0002196097
  -0.0008346203   -0.0005245100    0.0005124903
  -0.0000965903   -0.0003383000   -0.0001308697
  -0.0002167603    0.0000105800   -0.0002578597
  -0.0003027903    0.0003506000    0.0000574903
   0.0004657597   -0.0005689500   -0.0007584497
   0.0001489797    0.0000571000   -0.0000130797
  -0.0002577403   -0.0006964500    0.0005715103
  -0.0000397803   -0.0001769300   -0.0002929897
   0.0009632497   -0.0015765100   -0.0015298597
  -0.0007497203   -0.0001080400    0.0030983403
  -0.0003028103    0.0005458900   -0.0002280297
  -0.0001828203   -0.0000011100    0.0000454403
  -0.0005386003    0.0003275500    0.0003708503
  -0.0005848003    0.0003744800    0.0004314903
  -0.0001899603    0.0000599100    0.0000549403
  -0.0001217003    0.0000221800    0.0000433203
   0.0000146297   -0.0002747100   -0.0001845597
   0.0003708597    0.0000868400   -0.0003024597
  -0.0005664203   -0.0008317100    0.0004749603
   0.0004604897   -0.0003108500    0.0000430203
  -0.0012201603    0.0007771400   -0.0001463597
  -0.0000090203    0.0002142000    0.0000023703
  -0.0000262803   -0.0000049900    0.0000267803
   0.0000885197   -0.0002691800   -0.0000309797
   0.0003291097   -0.0005672900    0.0003880503
  -0.0003122803   -0.0001237800   -0.0000662197
  -0.0019228803    0.0006282400   -0.0021869497
   0.0000805897   -0.0003611800    0.0000613303
   0.0009634397   -0.0002600200    0.0008987003
  -0.0000165403   -0.0000135700    0.0001007303
  -0.0000394103   -0.0000582800    0.0000504703
   0.0000533097    0.0000352200   -0.0002983897
   0.0003300497    0.0003428800   -0.0005499197
  -0.0000486603   -0.0000586400   -0.0002318797
   0.0003645497    0.0003145700   -0.0006133897
  -0.0001349303   -0.0003234700    0.0000982403
  -0.0015284903   -0.0015565300    0.0009683603
  -0.0001308103    0.0000094400   -0.0000264797
  -0.0000160103    0.0000318600    0.0000370903
  -0.0001723403    0.0001749600    0.0002043503
  -0.0003464603    0.0002197200    0.0000774603
   0.0000277197   -0.0002909000   -0.0000092697
   0.0005896797   -0.0007103700   -0.0003663597
   0.0001021697    0.0000521500   -0.0002918597
   0.0002042897    0.0002373600   -0.0003028997

11   
  0.0000000000000000   0.0000000000000000  -0.0200000000000000
   0.0022969797    0.0022655903    0.0023418200
  -0.0002280603    0.0001635303    0.0001572700
   0.0008001497    0.0008723703    0.0008175800
   0.0001910597   -0.0002181897    0.0001415600
   0.0008775397    0.0008051603    0.0009105100
  -0.0021172703    0.0010626603   -0.0045317300
   0.0003183697    0.0013421403    0.0002257800
   0.0004002397    0.0002562003   -0.0006148600
  -0.0002971903   -0.0006270197   -0.0007931000
  -0.0007561403   -0.0012196697   -0.0034945900
   0.0007111197    0.0013341303    0.0172596500
  -0.0002948803    0.0001568403    0.0004372000
   0.0009832197   -0.0010777697   -0.0000719800
  -0.0001106903   -0.0000182597   -0.0002253000
   0.0004533197    0.0000994203   -0.0006262900
   0.0011455697   -0.0015825197   -0.0036020300
   0.0003629797   -0.0008047797   -0.0005418100
   0.0000171597    0.0003161603   -0.0003579400
  -0.0007416203   -0.0005551597    0.0004744400
  -0.0000624403   -0.0001892397   -0.0000285600
  -0.0002383503    0.0000239403   -0.0001952200
  -0.0002784403    0.0004285003    0.0001668300
   0.0005223197   -0.0005111097   -0.0008108600
   0.0002229997   -0.0000431997    0.0000253800
   0.0003149697    0.0006755703   -0.0006125200
  -0.0000612703   -0.0002802897   -0.0001643200
   0.0009322497   -0.0015353297   -0.0015832200
   0.0002532497    0.0002599403   -0.0031974800
  -0.0008551603    0.0001124403    0.0009337500
  -0.0004088903    0.0000323303   -0.0000018200
  -0.0006099303    0.0003759703    0.0002967400
  -0.0005407803    0.0002643503    0.0002085100
  -0.0001877903    0.0000057103    0.0000097100
  -0.0004063603   -0.0001788197   -0.0001985000
   0.0000175497   -0.0001790497   -0.0002699200
   0.0004031697    0.0001386503   -0.0002767000
  -0.0005215303   -0.0007371497    0.0005151400
   0.0003148797   -0.0002672797    0.0001807300
   0.0001217697    0.0002129003   -0.0014143100
   0.0000202897    0.0001646403    0.0000087400
  -0.0000094703    0.0000612303   -0.0000592500
  -0.0000449903   -0.0003167397    0.0000614300
   0.0003353097   -0.0005791697    0.0003136400
  -0.0001482903    0.0000283603   -0.0003937600
  -0.0011858003    0.0012767503   -0.0009205400
  -0.0000601503   -0.0002239697   -0.0000169700
  -0.0002775403   -0.0008911297   -0.0002393300
   0.0000271497    0.0000244803    0.0002749300
   0.0000042097    0.0000259103    0.0000044200
  -0.0000068803   -0.0000067397   -0.0002900000
   0.0003355097    0.0003605303   -0.0005983200
   0.0000710297    0.0001067203   -0.0003546300
   0.0003327497    0.0003532203   -0.0005350600
  -0.0003267003   -0.0001338597   -0.0001914900
  -0.0015870203   -0.0015548097    0.0009288800
  -0.0000358703   -0.0001778097   -0.0001436500
   0.0000319097   -0.0000120397   -0.0000179600
  -0.0003910403   -0.0000247697   -0.0000572400
  -0.0003226303    0.0002458503    0.0003866900
   0.0001178697   -0.0002702597    0.0001580900
  -0.0001227303    0.0000379203    0.0008259000
   0.0000431997    0.0000978003   -0.0002701300
   0.0002558197    0.0002282103   -0.0003639300

14   
  0.0200000000000000   0.0000000000000000   0.0000000000000000
   0.0023101797    0.0023562898    0.0023281700
   0.0002175097   -0.0001050102    0.0008684900
   0.0046158497    0.0000667998    0.0016595600
  -0.0004092503   -0.0000350902    0.0005167900
   0.0048252897   -0.0000336002   -0.0000543600
   0.0002226897    0.0002000498   -0.0002791500
   0.0007904297    0.0008985798    0.0008798200
   0.0009041097    0.0009539198   -0.0008756700
   0.0039565697    0.0008650698   -0.0010263800
   0.0006815297    0.0000554098   -0.0002603000
  -0.0008740403    0.0005078798   -0.0005099500
  -0.0009367303   -0.0002230202    0.0006978300
   0.0004217997   -0.0008017002   -0.0005945200
  -0.0175130703   -0.0002396102   -0.0003924700
   0.0038129297    0.0007014398    0.0008980500
   0.0003146597   -0.0005339702    0.0003452400
   0.0001561597   -0.0000942602   -0.0000515500
   0.0001079897    0.0003662098   -0.0003088600
  -0.0008817803   -0.0005591902    0.0004916800
  -0.0006672303    0.0000688398   -0.0003946600
  -0.0003159903   -0.0000287502   -0.0002364400
  -0.0004783303    0.0003795198    0.0001152800
   0.0005959297   -0.0004341702   -0.0006719200
   0.0007656297   -0.0006794602    0.0003298600
  -0.0000494103    0.0000396398   -0.0000128300
  -0.0000589903   -0.0002110502   -0.0001967900
   0.0010806397   -0.0016482802   -0.0014689900
  -0.0009426803   -0.0003168802   -0.0003163400
  -0.0004471003    0.0002457698    0.0002587800
  -0.0002604603    0.0000152498    0.0000237100
  -0.0006729903    0.0004026298    0.0003413500
  -0.0005514003    0.0003473098    0.0003112900
  -0.0001207503    0.0001127498   -0.0000537400
   0.0002524097   -0.0004018002   -0.0006734500
  -0.0000181903   -0.0002656102   -0.0001711400
   0.0003241997    0.0001371398   -0.0002760500
  -0.0006130903   -0.0008178602    0.0004652700
   0.0003906197   -0.0002959702    0.0001134900
  -0.0004406203    0.0005584098   -0.0007507200
   0.0006199897   -0.0004774302   -0.0003392900
  -0.0000628603    0.0000869398   -0.0000745400
   0.0005678797    0.0000284498    0.0006618600
   0.0003732897   -0.0006600402    0.0004213300
  -0.0003015503   -0.0000699102   -0.0002147900
  -0.0015119603    0.0008374298   -0.0016119900
   0.0000701997   -0.0003032802    0.0000219400
   0.0003143597   -0.0005166302    0.0003846000
   0.0000096697   -0.0000144302    0.0002042500
  -0.0000472103    0.0000151798    0.0000025300
   0.0000306997   -0.0000127302   -0.0002676000
   0.0003845197    0.0002699698   -0.0004851800
  -0.0000445703    0.0000415398   -0.0002880900
   0.0003895097    0.0002630598   -0.0006610400
  -0.0002247703   -0.0002292702   -0.0000489400
  -0.0015854703   -0.0015288202    0.0009762400
   0.0005051597    0.0005690798    0.0002738300
   0.0000626497    0.0000988698   -0.0000801700
  -0.0002786403    0.0000892898    0.0000473000
  -0.0003621903    0.0002139698    0.0002612200
   0.0000066397   -0.0002981802    0.0000681000
   0.0002016197   -0.0003565502    0.0002119600
   0.0001069797    0.0000741698   -0.0002827800
   0.0002810397    0.0003256998   -0.0002491300

14   
 -0.0200000000000000   0.0000000000000000   0.0000000000000000
   0.0023454497    0.0023069797    0.0023373603
  -0.0007708303    0.0005061197   -0.0004799997
  -0.0030904803    0.0017831397    0.0000036703
   0.0008008097   -0.0004985803   -0.0001118797
  -0.0029732303    0.0015721997    0.0017189203
   0.0001721797    0.0001940797   -0.0002592197
   0.0009644697    0.0008580097    0.0007552403
  -0.0002776203   -0.0003243603   -0.0002412797
  -0.0039916403   -0.0008909603    0.0007464303
  -0.0004670803   -0.0006364903    0.0010527703
  -0.0006971203    0.0004814397   -0.0005664297
   0.0003617997    0.0004570097    0.0000783603
   0.0005645197   -0.0007656003   -0.0004814797
   0.0173982897   -0.0000960403   -0.0004543297
  -0.0041699703   -0.0010649503   -0.0007709197
   0.0003193097   -0.0005888203    0.0002979003
  -0.0000964403   -0.0002790703    0.0001207503
   0.0001129797    0.0004132997   -0.0002667497
  -0.0006892903   -0.0005198403    0.0004987803
   0.0005124197   -0.0006010303    0.0002459903
  -0.0001393203    0.0000638197   -0.0002133497
  -0.0001013903    0.0004015697    0.0001142803
   0.0003951197   -0.0006435103   -0.0008933197
  -0.0003980903    0.0007024497   -0.0003149997
   0.0001025697   -0.0000715903   -0.0000162697
  -0.0000416103   -0.0002448603   -0.0002571597
   0.0008131997   -0.0014632203   -0.0016397697
   0.0003495197    0.0003578297    0.0003405403
  -0.0006977303    0.0004228597    0.0004475303
  -0.0003288003    0.0000137797    0.0000264903
  -0.0004752903    0.0003023297    0.0003299903
  -0.0005736703    0.0002922597    0.0003310803
  -0.0002535703   -0.0000463603    0.0001200803
  -0.0007735603    0.0002416997    0.0005090303
   0.0000514797   -0.0001856603   -0.0002787497
   0.0004499597    0.0000882497   -0.0002994097
  -0.0004749303   -0.0007512503    0.0005283903
   0.0003847497   -0.0002816703    0.0001152103
  -0.0006463603    0.0004316397   -0.0008186897
  -0.0006009403    0.0008451597    0.0003523503
   0.0000285597   -0.0000301503    0.0000458503
  -0.0005137903   -0.0006110803   -0.0006202297
   0.0002942697   -0.0004867003    0.0002866103
  -0.0001577903   -0.0000253703   -0.0002388497
  -0.0016048703    0.0010621697   -0.0014939397
  -0.0000461203   -0.0002834503    0.0000293303
   0.0003838297   -0.0006287003    0.0002871303
   0.0000015197    0.0000270197    0.0001764403
   0.0000139097   -0.0000457803    0.0000575003
   0.0000168497    0.0000421497   -0.0003155397
   0.0002834997    0.0004318897   -0.0006589497
   0.0000700097    0.0000078197   -0.0002950097
   0.0003071397    0.0004078597   -0.0004826897
  -0.0002352903   -0.0002267003   -0.0000431897
  -0.0015289103   -0.0015816303    0.0009257503
  -0.0006661203   -0.0007238103   -0.0004348297
  -0.0000434903   -0.0000760703    0.0001025903
  -0.0002836903    0.0000613497    0.0001054903
  -0.0003060103    0.0002525897    0.0002079603
   0.0001391797   -0.0002620303    0.0000844003
   0.0002595497   -0.0003079903    0.0002570203
   0.0000394297    0.0000760897   -0.0002755497
   0.0001784797    0.0001384697   -0.0004144397

14   
  0.0000000000000000   0.0000000000000000   0.0200000000000000
   0.0023134598    0.0023134598    0.0022821800
   0.0003832598   -0.0000733302    0.0007847900
   0.0016050698   -0.0000887802    0.0046352700
  -0.0000733302    0.0003832598    0.0007847900
  -0.0000887802    0.0016050698    0.0046352700
   0.0001646298    0.0001646298   -0.0002163200
   0.0009383098    0.0009383098    0.0007960700
   0.0006485098    0.0006485098   -0.0012045800
  -0.0008826902   -0.0008826902    0.0038017500
  -0.0005528002   -0.0006149502    0.0009951700
  -0.0007278602    0.0004548998   -0.0005970100
  -0.0006149502   -0.0005528002    0.0009951700
   0.0004548998   -0.0007278602   -0.0005970100
  -0.0001328902   -0.0001328902   -0.0175004600
   0.0006961898    0.0006961898    0.0039689400
   0.0002961798   -0.0005512402    0.0002580300
  -0.0000422102   -0.0002760202    0.0000920800
   0.0000850198    0.0003794098   -0.0002796800
  -0.0007590002   -0.0006107202    0.0004220600
   0.0002559998   -0.0008428002    0.0004289800
  -0.0002393102    0.0000658398   -0.0003195600
  -0.0002741902    0.0003918198    0.0001177400
   0.0005396198   -0.0004005602   -0.0007914200
  -0.0001567202    0.0003430598   -0.0005414000
   0.0000264698   -0.0000750202   -0.0001094900
  -0.0000242802   -0.0002458702   -0.0002145300
   0.0010688598   -0.0016154302   -0.0015131200
   0.0000086998    0.0006702898    0.0005840300
  -0.0006595302    0.0004099998    0.0003909100
  -0.0002977302    0.0000123398    0.0000416600
  -0.0005609502    0.0004098498    0.0002398900
  -0.0005512402    0.0002961798    0.0002580300
  -0.0002760202   -0.0000422102    0.0000920800
  -0.0008428002    0.0002559998    0.0004289800
   0.0000658398   -0.0002393102   -0.0003195600
   0.0003794098    0.0000850198   -0.0002796800
  -0.0006107202   -0.0007590002    0.0004220600
   0.0003918198   -0.0002741902    0.0001177400
  -0.0004005602    0.0005396198   -0.0007914200
   0.0003430598   -0.0001567202   -0.0005414000
  -0.0000750202    0.0000264698   -0.0001094900
   0.0006702898    0.0000086998    0.0005840300
   0.0004099998   -0.0006595302    0.0003909100
  -0.0002458702   -0.0000242802   -0.0002145300
  -0.0016154302    0.0010688598   -0.0015131200
   0.0000123398   -0.0002977302    0.0000416600
   0.0004098498   -0.0005609502    0.0002398900
  -0.0000048702   -0.0000048702    0.0001385000
  -0.0000439802   -0.0000439802   -0.0000167700
   0.0000509998    0.0000234998   -0.0002688000
   0.0004156298    0.0002634398   -0.0004665700
   0.0000234998    0.0000509998   -0.0002688000
   0.0002634398    0.0004156298   -0.0004665700
  -0.0002267802   -0.0002267802   -0.0000414600
  -0.0015326802   -0.0015326802    0.0009074700
  -0.0004160002   -0.0004160002   -0.0007086600
  -0.0000792502   -0.0000792502    0.0001296600
  -0.0003073602    0.0000884298    0.0000831600
  -0.0003058502    0.0002077298    0.0002048800
   0.0000884298   -0.0003073602    0.0000831600
   0.0002077298   -0.0003058502    0.0002048800
   0.0000735298    0.0000735298   -0.0004780300
   0.0003306098    0.0003306098   -0.0002124300

14   
  0.0000000000000000   0.0000000000000000  -0.0200000000000000
   0.0023483498    0.0023483498    0.0023769002
  -0.0009333602    0.0004751298   -0.0003972698
  -0.0000712502    0.0019425898   -0.0029794198
   0.0004751298   -0.0009333602   -0.0003972698
   0.0019425898   -0.0000712502   -0.0029794198
   0.0002308398    0.0002308398   -0.0003278198
   0.0008202698    0.0008202698    0.0008314202
  -0.0000033102   -0.0000033102    0.0000741202
   0.0008547798    0.0008547798   -0.0040793998
   0.0007683698    0.0000341098   -0.0002111398
  -0.0008411502    0.0005352998   -0.0004851798
   0.0000341098    0.0007683698   -0.0002111398
   0.0005352998   -0.0008411502   -0.0004851798
  -0.0001977102   -0.0001977102    0.0170095902
  -0.0010576502   -0.0010576502   -0.0038397198
   0.0003427398   -0.0005710602    0.0003793702
   0.0001081498   -0.0000955002   -0.0000313998
   0.0001406698    0.0003997298   -0.0003018298
  -0.0008097702   -0.0004698902    0.0005660802
  -0.0004146202    0.0003273798   -0.0005967098
  -0.0002122402   -0.0000300802   -0.0001353398
  -0.0003030602    0.0003877398    0.0001054102
   0.0004513898   -0.0006806102   -0.0007828798
   0.0005430498   -0.0003365602    0.0005552902
   0.0000297298    0.0000434398    0.0000735502
  -0.0000713702   -0.0002106702   -0.0002453698
   0.0008315698   -0.0014981702   -0.0015990598
  -0.0005912102   -0.0006104802   -0.0005514098
  -0.0004866202    0.0002608898    0.0003116002
  -0.0002881502    0.0000154098    0.0000030602
  -0.0005839002    0.0002940098    0.0004240402
  -0.0005710602    0.0003427398    0.0003793702
  -0.0000955002    0.0001081498   -0.0000313998
   0.0003273798   -0.0004146202   -0.0005967098
  -0.0000300802   -0.0002122402   -0.0001353398
   0.0003997298    0.0001406698   -0.0003018298
  -0.0004698902   -0.0008097702    0.0005660802
   0.0003877398   -0.0003030602    0.0001054102
  -0.0006806102    0.0004513898   -0.0007828798
  -0.0003365602    0.0005430498    0.0005552902
   0.0000434398    0.0000297298    0.0000735502
  -0.0006104802   -0.0005912102   -0.0005514098
   0.0002608898   -0.0004866202    0.0003116002
  -0.0002106702   -0.0000713702   -0.0002453698
  -0.0014981702    0.0008315698   -0.0015990598
   0.0000154098   -0.0002881502    0.0000030602
   0.0002940098   -0.0005839002    0.0004240402
   0.0000180998    0.0000180998    0.0002364702
   0.0000132598    0.0000132598    0.0000699302
  -0.0000016502    0.0000056298   -0.0003205098
   0.0002532998    0.0004397798   -0.0006862298
   0.0000056298   -0.0000016502   -0.0003205098
   0.0004397798    0.0002532998   -0.0006862298
  -0.0002298202   -0.0002298202   -0.0000566998
  -0.0015780802   -0.0015780802    0.0009882502
   0.0002429398    0.0002429398    0.0005349302
   0.0000996498    0.0000996498   -0.0001101898
  -0.0002528302    0.0000617998    0.0000637502
  -0.0003588402    0.0002578998    0.0002581102
   0.0000617998   -0.0002528302    0.0000637502
   0.0002578998   -0.0003588402    0.0002581102
   0.0000765398    0.0000765398   -0.0000862698
   0.0001350798    0.0001350798   -0.0004545398

15   
  0.0200000000000000   0.0000000000000000   0.0000000000000000
   0.0022992798    0.0023476200    0.0023145895
  -0.0002367302    0.0000899100    0.0002678595
   0.0013914298    0.0012335800    0.0014987495
   0.0003261298   -0.0003190900    0.0001143095
   0.0002699598    0.0004603800    0.0005442095
   0.0001514298    0.0001534000   -0.0001773105
   0.0009002198    0.0008735000    0.0008149795
   0.0003629398    0.0004042200   -0.0006555605
   0.0006024698    0.0006553900    0.0001615395
   0.0000747098   -0.0003391400    0.0004440395
  -0.0002587602    0.0002268500   -0.0012139105
  -0.0003850802    0.0000612700    0.0003792395
  -0.0000993902   -0.0004225100   -0.0008617505
   0.0038667398    0.0007591700    0.0005694695
  -0.0177413502   -0.0003781400    0.0000314295
   0.0003579398   -0.0004775200    0.0002382095
   0.0000358298   -0.0001603300    0.0000170895
   0.0000825298    0.0003652100   -0.0002707205
  -0.0007870302   -0.0005331300    0.0004642695
  -0.0001673702   -0.0002774800   -0.0001194405
  -0.0008453102   -0.0003332700    0.0001259395
  -0.0001715402    0.0004849300    0.0002029195
   0.0003314798   -0.0005842700   -0.0008131005
   0.0001523998    0.0000622600   -0.0000420405
   0.0005774598   -0.0006355800   -0.0003556805
  -0.0000111702   -0.0002960100   -0.0001367105
   0.0009590198   -0.0015739300   -0.0015209005
   0.0035485998   -0.0008284500   -0.0007453405
  -0.0011723402    0.0006645200    0.0006818395
  -0.0003788302    0.0000585500    0.0000323695
  -0.0005539402    0.0003513900    0.0003367595
  -0.0004463002    0.0004108700    0.0002328695
  -0.0001794802    0.0000560500    0.0000459295
  -0.0003575602   -0.0000910800   -0.0000248705
   0.0005885498    0.0001254600   -0.0008607205
   0.0003607498    0.0000886900   -0.0003157105
  -0.0005928202   -0.0007944900    0.0004732895
   0.0004249798   -0.0001935900    0.0001807495
  -0.0005175302    0.0004879100   -0.0007839205
  -0.0000756902    0.0002386900   -0.0000052705
   0.0005544498   -0.0005996900    0.0003046995
   0.0040068898   -0.0012098000    0.0008750895
   0.0009023298   -0.0009183600    0.0009881395
  -0.0001897202   -0.0001208000   -0.0003197505
  -0.0016172202    0.0009687300   -0.0015681205
  -0.0000346102   -0.0002553100    0.0000844895
   0.0003627198   -0.0005739800    0.0003324095
  -0.0000902102    0.0000239300    0.0001454595
  -0.0000058602   -0.0000472500    0.0000157895
   0.0001457398   -0.0000590100   -0.0002216905
   0.0003387598    0.0003662600   -0.0005490405
   0.0000673898   -0.0000588000   -0.0003746805
   0.0002850598    0.0003194600   -0.0005592405
  -0.0002584302   -0.0002058300   -0.0000221405
  -0.0015535902   -0.0015537900    0.0009451195
   0.0039568298    0.0008887500   -0.0010559705
   0.0005768098    0.0006483400   -0.0003315605
  -0.0003744402    0.0000278300    0.0000845595
  -0.0003286202    0.0002178000    0.0002061695
   0.0000356298   -0.0003301400    0.0000249495
   0.0001662898   -0.0003222800    0.0002477095
   0.0001178198    0.0001487500   -0.0001893505
   0.0002493598    0.0002233800   -0.0003327305

15   
 -0.0200000000000000   0.0000000000000000   0.0000000000000000
   0.0023566292    0.0023135302    0.0023476905
  -0.0003119208    0.0003035702    0.0001235205
   0.0002292492    0.0005212902    0.0002472905
   0.0000668492   -0.0002209798    0.0002783705
   0.0014924192    0.0011743802    0.0012176005
   0.0002440692    0.0002374202   -0.0003636295
   0.0008566992    0.0008805702    0.0008160905
   0.0002705592    0.0002319402   -0.0004675395
  -0.0005470308   -0.0006024898   -0.0005380995
   0.0001472692   -0.0002413398    0.0003355205
  -0.0013200708    0.0007610502    0.0001458705
  -0.0001917108    0.0001649602    0.0004010405
   0.0010834092   -0.0011401898   -0.0002231095
  -0.0041203908   -0.0010103198   -0.0011895295
   0.0172750492   -0.0001332898   -0.0001205795
   0.0002754092   -0.0006474098    0.0004036105
   0.0000268792   -0.0002160198    0.0000484505
   0.0001392492    0.0004119602   -0.0003081395
  -0.0007853108   -0.0005474798    0.0005250605
   0.0000104092   -0.0002503498   -0.0000378095
   0.0003877892    0.0003608102   -0.0005719795
  -0.0004096308    0.0002937802    0.0000232705
   0.0006577392   -0.0004955398   -0.0007546295
   0.0002218292   -0.0000497598    0.0000540805
  -0.0005306008    0.0006116202    0.0003261205
  -0.0000901308   -0.0001598698   -0.0003199995
   0.0009383992   -0.0015392798   -0.0015915195
  -0.0042316908    0.0009663402    0.0008631505
   0.0000296892   -0.0000045098    0.0000142905
  -0.0002079308   -0.0000318898    0.0000148005
  -0.0005924508    0.0003512002    0.0003313605
  -0.0006760608    0.0002274002    0.0004048105
  -0.0001966008    0.0000077102    0.0000199305
  -0.0001714508   -0.0000678998   -0.0001309795
  -0.0005469408   -0.0005772498    0.0003973805
   0.0004148092    0.0001352402   -0.0002621595
  -0.0004928408   -0.0007760598    0.0005173505
   0.0003530192   -0.0003853698    0.0000461905
  -0.0005668708    0.0005006802   -0.0007849895
   0.0000875492    0.0001395102    0.0000169905
  -0.0005802708    0.0006439102   -0.0003345795
  -0.0038620908    0.0005314502   -0.0007590895
  -0.0002286308   -0.0002324498   -0.0002747595
  -0.0002680808    0.0000217102   -0.0001376195
  -0.0014969508    0.0009287302   -0.0015429295
   0.0000595592   -0.0003336598   -0.0000370595
   0.0003365092   -0.0005743498    0.0003349205
   0.0001012792   -0.0000127298    0.0002316705
  -0.0000268908    0.0000142002    0.0000402905
  -0.0000954608    0.0000856302   -0.0003645995
   0.0003282292    0.0003360302   -0.0005978895
  -0.0000401608    0.0001050602   -0.0002134695
   0.0004143092    0.0003471702   -0.0005880595
  -0.0002011808   -0.0002522098   -0.0000734895
  -0.0015601908   -0.0015584498    0.0009531405
  -0.0040278608   -0.0009638498    0.0007968905
  -0.0005512208   -0.0006185398    0.0003486605
  -0.0001878808    0.0001203802    0.0000652605
  -0.0003387208    0.0002466502    0.0002590805
   0.0001109292   -0.0002313398    0.0001247105
   0.0002961492   -0.0003442698    0.0002177505
   0.0000308092    0.0000021202   -0.0003707995
   0.0002124792    0.0002411402   -0.0003331795

15   
  0.0000000000000000   0.0000000000000000   0.0200000000000000
   0.0023120695    0.0023120695    0.0023002990
  -0.0001872405    0.0001113095    0.0002600790
   0.0014097095    0.0012502095    0.0014270090
   0.0001113095   -0.0001872405    0.0002600790
   0.0012502095    0.0014097095    0.0014270090
   0.0001945495    0.0001945495   -0.0003239010
   0.0008736395    0.0008736395    0.0008271990
   0.0002318195    0.0002318195   -0.0004474310
  -0.0002984305   -0.0002984305   -0.0008061410
   0.0001611995   -0.0002901005    0.0002985690
  -0.0013682705    0.0007128095    0.0000873290
  -0.0002901005    0.0001611995    0.0002985690
   0.0007128095   -0.0013682705    0.0000873290
   0.0007118295    0.0007118295    0.0035952590
  -0.0001795105   -0.0001795105   -0.0174834710
   0.0002461295   -0.0006417205    0.0003689890
   0.0000446995   -0.0002036005   -0.0000315210
   0.0001358195    0.0003636495   -0.0003180710
  -0.0008256305   -0.0005451705    0.0005160590
  -0.0001257805   -0.0002169805   -0.0001152610
  -0.0005742605   -0.0006188805    0.0003370690
  -0.0002019005    0.0004638695    0.0001556390
   0.0004919695   -0.0005455105   -0.0007812410
   0.0001386295    0.0000062395   -0.0000925810
   0.0003639295   -0.0003634205   -0.0006082110
   0.0000421595   -0.0003119505   -0.0001076210
   0.0009799995   -0.0015345905   -0.0015404910
  -0.0011261105    0.0009844695    0.0039498190
  -0.0009211805    0.0009535995    0.0009113790
  -0.0002884405    0.0000725395   -0.0000754710
  -0.0005759005    0.0003481295    0.0003490690
  -0.0006417205    0.0002461295    0.0003689890
  -0.0002036005    0.0000446995   -0.0000315210
  -0.0002169805   -0.0001257805   -0.0001152610
  -0.0006188805   -0.0005742605    0.0003370690
   0.0003636495    0.0001358195   -0.0003180710
  -0.0005451705   -0.0008256305    0.0005160590
   0.0004638695   -0.0002019005    0.0001556390
  -0.0005455105    0.0004919695   -0.0007812410
   0.0000062395    0.0001386295   -0.0000925810
  -0.0003634205    0.0003639295   -0.0006082110
   0.0009844695   -0.0011261105    0.0039498190
   0.0009535995   -0.0009211805    0.0009113790
  -0.0003119505    0.0000421595   -0.0001076210
  -0.0015345905    0.0009799995   -0.0015404910
   0.0000725395   -0.0002884405   -0.0000754710
   0.0003481295   -0.0005759005    0.0003490690
  -0.0000412005   -0.0000412005    0.0001457190
  -0.0000049205   -0.0000049205   -0.0000326710
   0.0001172495   -0.0000638405   -0.0002526610
   0.0003605695    0.0003379395   -0.0005667210
  -0.0000638405    0.0001172495   -0.0002526610
   0.0003379395    0.0003605695   -0.0005667210
  -0.0002012605   -0.0002012605   -0.0000747910
  -0.0015604205   -0.0015604205    0.0009504390
  -0.0009587205   -0.0009587205    0.0038645890
   0.0003493695    0.0003493695   -0.0006080810
  -0.0002705905    0.0000271995   -0.0000201810
  -0.0003596305    0.0002149895    0.0002364990
   0.0000271995   -0.0002705905   -0.0000201810
   0.0002149895   -0.0003596305    0.0002364990
   0.0001647595    0.0001647595   -0.0001605710
   0.0002281095    0.0002281095   -0.0005214010

15   
  0.0000000000000000   0.0000000000000000  -0.0200000000000000
   0.0023470898    0.0023470898    0.0023606202
  -0.0003591502    0.0002841498    0.0001294302
   0.0002078198    0.0005057198    0.0003199502
   0.0002841498   -0.0003591502    0.0001294302
   0.0005057198    0.0002078198    0.0003199502
   0.0001971798    0.0001971798   -0.0002166998
   0.0008815998    0.0008815998    0.0008015802
   0.0004049698    0.0004049698   -0.0006795298
   0.0003684298    0.0003684298    0.0004345402
   0.0000635998   -0.0002887102    0.0004783402
  -0.0002111802    0.0002761498   -0.0011590098
  -0.0002887102    0.0000635998    0.0004783402
   0.0002761498   -0.0002111802   -0.0011590098
  -0.0009608902   -0.0009608902   -0.0042203098
  -0.0003313702   -0.0003313702    0.0174899402
   0.0003893098   -0.0004831502    0.0002699902
   0.0000186098   -0.0001718102    0.0000949702
   0.0000868798    0.0004132198   -0.0002621098
  -0.0007448502   -0.0005380902    0.0004714502
  -0.0000323002   -0.0003107702   -0.0000437598
   0.0001234798    0.0006641098   -0.0007984298
  -0.0003763002    0.0003159498    0.0000702402
   0.0004972498   -0.0005362702   -0.0007882598
   0.0002381498    0.0000062598    0.0001044102
  -0.0003028002    0.0003241598    0.0005703302
  -0.0001399502   -0.0001465302   -0.0003488598
   0.0009179798   -0.0015784602   -0.0015725398
   0.0004498998   -0.0008452602   -0.0038303098
  -0.0002292502   -0.0002758502   -0.0002022398
  -0.0002994302   -0.0000469902    0.0001226602
  -0.0005710902    0.0003528298    0.0003170902
  -0.0004831502    0.0003893098    0.0002699902
  -0.0001718102    0.0000186098    0.0000949702
  -0.0003107702   -0.0000323002   -0.0000437598
   0.0006641098    0.0001234798   -0.0007984298
   0.0004132198    0.0000868798   -0.0002621098
  -0.0005380902   -0.0007448502    0.0004714502
   0.0003159498   -0.0003763002    0.0000702402
  -0.0005362702    0.0004972498   -0.0007882598
   0.0000062598    0.0002381498    0.0001044102
   0.0003241598   -0.0003028002    0.0005703302
  -0.0008452602    0.0004498998   -0.0038303098
  -0.0002758502   -0.0002292502   -0.0002022398
  -0.0001465302   -0.0001399502   -0.0003488598
  -0.0015784602    0.0009179798   -0.0015725398
  -0.0000469902   -0.0002994302    0.0001226602
   0.0003528298   -0.0005710902    0.0003170902
   0.0000538098    0.0000538098    0.0002302202
  -0.0000274702   -0.0000274702    0.0000880402
  -0.0000694202    0.0000925498   -0.0003375398
   0.0003067398    0.0003631098   -0.0005822198
   0.0000925498   -0.0000694202   -0.0003375398
   0.0003631098    0.0003067398   -0.0005822198
  -0.0002570402   -0.0002570402   -0.0000221898
  -0.0015522702   -0.0015522702    0.0009462102
   0.0008838998    0.0008838998   -0.0041289598
  -0.0003376802   -0.0003376802    0.0006302202
  -0.0002912502    0.0001203798    0.0001671602
  -0.0003071102    0.0002488198    0.0002278102
   0.0001203798   -0.0002912502    0.0001671602
   0.0002488198   -0.0003071102    0.0002278102
  -0.0000167702   -0.0000167702   -0.0004048498
   0.0002353598    0.0002353598   -0.0001459398

24   
  0.0000000000000000   0.0200000000000000   0.0000000000000000
   0.0023258902    0.0024511502    0.0023606305
  -0.0000938998    0.0009639702    0.0011663605
  -0.0002213798    0.0042551702    0.0013182205
   0.0002217002   -0.0003191798    0.0002092705
   0.0008184402    0.0008711202    0.0007871505
   0.0002585102    0.0002419902   -0.0002920495
   0.0009423902    0.0009911602    0.0007586105
   0.0003111502    0.0003950602   -0.0005571495
   0.0000763002    0.0000220002   -0.0001261795
   0.0004192702    0.0002603302   -0.0002161795
  -0.0007892198    0.0004188102   -0.0004818595
  -0.0002996498    0.0000650502    0.0003779305
   0.0004678402   -0.0008027898   -0.0005521595
  -0.0007599498    0.0005457002    0.0000796905
  -0.0001667898   -0.0002882398    0.0000229705
   0.0003193002   -0.0005264098    0.0003297305
   0.0000509902   -0.0002637998    0.0000936705
  -0.0002082098    0.0009501302   -0.0008930295
  -0.0008134798   -0.0005574298    0.0005372005
   0.0002414702   -0.0007911698   -0.0004139795
  -0.0002713698   -0.0000611298   -0.0002322595
  -0.0003064098    0.0004264202    0.0001323605
   0.0005140602   -0.0005407198   -0.0008045495
  -0.0005121498   -0.0183482898   -0.0007754595
   0.0012245302    0.0041618802    0.0010607405
   0.0002818402    0.0004294002    0.0005161805
   0.0008526402   -0.0015378798   -0.0015198295
  -0.0006530598   -0.0005629698   -0.0003718395
  -0.0006727098    0.0004858202    0.0002717905
   0.0003782102    0.0006550002    0.0003645505
  -0.0005018898    0.0004200802    0.0002648605
  -0.0005563698    0.0003454602    0.0003245605
  -0.0001584398    0.0000246302    0.0000586505
  -0.0002725598   -0.0000553798   -0.0000940995
  -0.0000267598   -0.0003023098   -0.0002023695
   0.0004062702    0.0000632102   -0.0002653595
  -0.0005655698   -0.0008245198    0.0004498405
   0.0003668102   -0.0002691398    0.0000943305
  -0.0005552798    0.0004606202   -0.0008478295
   0.0000181302    0.0002256302   -0.0000229695
   0.0000665402    0.0000959702    0.0000993705
   0.0000519202   -0.0002650598    0.0000507605
   0.0002424202   -0.0004378598    0.0004488905
  -0.0002456198   -0.0000933298   -0.0002134195
  -0.0016317698    0.0009716502   -0.0015827495
   0.0006210402    0.0003220702   -0.0003192895
   0.0011054002    0.0032101802   -0.0003798295
  -0.0000249898   -0.0001819298    0.0001660605
   0.0000851802    0.0001333402    0.0001395905
   0.0000124002    0.0000472402   -0.0002424395
   0.0002519802    0.0004334802   -0.0004898195
   0.0003586002   -0.0006014598    0.0000441705
  -0.0003761598    0.0041680902   -0.0013097195
  -0.0001947198   -0.0002115698   -0.0000686695
  -0.0014583198   -0.0014928498    0.0009096405
  -0.0000863098   -0.0000344898   -0.0000778795
   0.0000658502   -0.0000640298    0.0000321805
  -0.0002647598    0.0001002302    0.0000514805
  -0.0003562198    0.0002229502    0.0002604705
  -0.0002499398   -0.0008722198    0.0004037105
   0.0002268402   -0.0004107098    0.0001696305
  -0.0005715398    0.0006766202   -0.0006206895
   0.0002815802    0.0002052502   -0.0003815995

24   
  0.0000000000000000  -0.0200000000000000   0.0000000000000000
   0.0023270100    0.0022214698    0.0023011803
  -0.0004491700   -0.0005578902   -0.0007758597
   0.0019500000   -0.0026081102    0.0003289703
   0.0001735000   -0.0002117502    0.0001806203
   0.0009409800    0.0007662798    0.0009673903
   0.0001359800    0.0001599398   -0.0002510797
   0.0008141000    0.0007711998    0.0008703803
   0.0003233200    0.0002533498   -0.0005685597
  -0.0000131900    0.0000523198   -0.0002487397
  -0.0002006800   -0.0008376802    0.0010035503
  -0.0007829500    0.0005809698   -0.0006007997
  -0.0002788800    0.0001704498    0.0003999903
   0.0005201300   -0.0007566902   -0.0005293297
   0.0006142300   -0.0007026802   -0.0006117897
  -0.0002868600   -0.0001550502    0.0000106003
   0.0003157200   -0.0005882102    0.0003080303
   0.0000113800   -0.0001019702   -0.0000299097
   0.0004278300   -0.0001558102    0.0003019703
  -0.0007578300   -0.0005145202    0.0004496303
  -0.0004077300    0.0002773198    0.0002634203
  -0.0001828700    0.0001048698   -0.0002229197
  -0.0002733200    0.0003627298    0.0000927103
   0.0004751800   -0.0005299602   -0.0007652797
   0.0008743800    0.0176879798    0.0007549203
  -0.0010694700   -0.0040827202   -0.0009910197
  -0.0003785300   -0.0008695902   -0.0009626597
   0.0010442700   -0.0015627302   -0.0015916497
   0.0000589500    0.0006162398    0.0003925103
  -0.0004741000    0.0001931298    0.0004295303
  -0.0009557500   -0.0006098402   -0.0003163497
  -0.0006424900    0.0002945898    0.0004005103
  -0.0005688300    0.0003030498    0.0003124203
  -0.0002179100    0.0000493498    0.0000051403
  -0.0002559700   -0.0000929802   -0.0000643697
   0.0000609100   -0.0001408402   -0.0002519397
   0.0003693100    0.0001708498   -0.0003150997
  -0.0005229500   -0.0007376002    0.0005387703
   0.0004089000   -0.0003000202    0.0001296203
  -0.0005317700    0.0005399098   -0.0007245997
  -0.0000061200    0.0001627398    0.0000334403
  -0.0001025300   -0.0000333802   -0.0001346197
  -0.0000043900   -0.0003131502   -0.0000244097
   0.0004239500   -0.0007022302    0.0002518803
  -0.0002143600    0.0000074598   -0.0002460297
  -0.0014811300    0.0009331798   -0.0015285997
  -0.0006095700   -0.0009088802    0.0003685903
  -0.0004997700   -0.0044549002    0.0011371303
   0.0000367700    0.0002038098    0.0002103003
  -0.0001162900   -0.0001535902   -0.0000851497
   0.0000349100   -0.0000090102   -0.0003455897
   0.0004127800    0.0002810098   -0.0006591297
  -0.0003266500    0.0006531498   -0.0006260297
   0.0009913200   -0.0033997702    0.0000774703
  -0.0002650300   -0.0002362202   -0.0000283997
  -0.0016555800   -0.0016075502    0.0009846603
  -0.0000822800   -0.0001228702   -0.0000906197
  -0.0000477100    0.0000920798   -0.0000136397
  -0.0002974100    0.0000591498    0.0000963503
  -0.0003114300    0.0002517698    0.0002033603
   0.0004048100    0.0003254198   -0.0002644497
   0.0002345000   -0.0002464902    0.0002932403
   0.0007068500   -0.0005107402    0.0000560403
   0.0001795300    0.0002696598   -0.0002857097

24   
  0.0200000000000000   0.0000000000000000   0.0000000000000000
   0.0023583798    0.0022381406    0.0022381406
  -0.0006533502    0.0005105906    0.0005105906
   0.0045085898    0.0001808206    0.0001808206
   0.0001968298   -0.0003256294    0.0002968506
   0.0009275498    0.0008136906    0.0009942706
   0.0001968298    0.0002968506   -0.0003256294
   0.0009275498    0.0009942706    0.0008136906
   0.0003569498    0.0003183706   -0.0005462294
  -0.0000371902    0.0000915306   -0.0001927994
  -0.0005012902   -0.0006079194    0.0006815706
  -0.0008866702    0.0004893706   -0.0005754894
  -0.0002823202    0.0001273206    0.0003652806
   0.0004776098   -0.0008465894   -0.0005071894
   0.0005220398   -0.0007408694   -0.0006099294
  -0.0002436902   -0.0001726394   -0.0000270594
   0.0003569498   -0.0005462294    0.0003183706
  -0.0000371902   -0.0001927994    0.0000915306
  -0.0005012902    0.0006815706   -0.0006079194
  -0.0008866702   -0.0005754894    0.0004893706
   0.0005220398   -0.0006099294   -0.0007408694
  -0.0002436902   -0.0000270594   -0.0001726394
  -0.0002823202    0.0003652806    0.0001273206
   0.0004776098   -0.0005071894   -0.0008465894
  -0.0180376602   -0.0007940194   -0.0007940194
   0.0043054598    0.0011926506    0.0011926506
  -0.0006997302   -0.0005824094   -0.0005824094
   0.0010415398   -0.0015917894   -0.0015917894
   0.0003144598    0.0003598106    0.0006887406
  -0.0005149702    0.0002581906    0.0004409506
   0.0003144598    0.0006887406    0.0003598106
  -0.0005149702    0.0004409506    0.0002581906
  -0.0005396902    0.0003316106    0.0003316106
  -0.0001902302    0.0000575606    0.0000575606
  -0.0002973202   -0.0000607194   -0.0000607194
  -0.0000074702   -0.0002653194   -0.0002653194
   0.0004284098    0.0001207006   -0.0003008694
  -0.0006308902   -0.0008167094    0.0005382806
   0.0004284098   -0.0003008694    0.0001207006
  -0.0006308902    0.0005382806   -0.0008167094
   0.0000386098    0.0001714306   -0.0000174694
   0.0000276098    0.0001287406    0.0000799706
  -0.0000305202   -0.0002852294    0.0000313406
   0.0003916598   -0.0006435194    0.0002842006
  -0.0002227902   -0.0000481294   -0.0001900994
  -0.0014110002    0.0009059406   -0.0014968694
   0.0006241598    0.0002847006   -0.0003077494
   0.0041018398    0.0001455606   -0.0002697094
   0.0000386098   -0.0000174694    0.0001714306
   0.0000276098    0.0000799706    0.0001287406
  -0.0000305202    0.0000313406   -0.0002852294
   0.0003916598    0.0002842006   -0.0006435194
   0.0006241598   -0.0003077494    0.0002847006
   0.0041018398   -0.0002697094    0.0001455606
  -0.0002227902   -0.0001900994   -0.0000481294
  -0.0014110002   -0.0014968694    0.0009059406
  -0.0000414602   -0.0000813794   -0.0000813794
  -0.0000113902    0.0000678806    0.0000678806
  -0.0003301702    0.0000568606    0.0000568606
  -0.0003461102    0.0002082606    0.0002082606
   0.0006555598    0.0000482206   -0.0005540894
   0.0001683498   -0.0003356994    0.0002847106
   0.0006555598   -0.0005540894    0.0000482206
   0.0001683498    0.0002847106   -0.0003356994

24   
 -0.0200000000000000   0.0000000000000000   0.0000000000000000
   0.0023064194    0.0024251203    0.0024251203
   0.0001193094   -0.0001035897   -0.0001035897
  -0.0027803306    0.0014806303    0.0014806303
   0.0002059594   -0.0002130097    0.0000979703
   0.0008390994    0.0008176503    0.0007633803
   0.0002059594    0.0000979703   -0.0002130097
   0.0008390994    0.0007633803    0.0008176503
   0.0002855694    0.0003236003   -0.0005750297
   0.0001064894   -0.0000233197   -0.0001787597
   0.0007352994    0.0000374303    0.0000939303
  -0.0006780106    0.0005009803   -0.0005016997
  -0.0002880606    0.0001016903    0.0004168103
   0.0005188894   -0.0007188497   -0.0005697097
  -0.0006654306    0.0005748703    0.0000846103
  -0.0002014406   -0.0002786797    0.0000656803
   0.0002855694   -0.0005750297    0.0003236003
   0.0001064894   -0.0001787597   -0.0000233197
   0.0007352994    0.0000939303    0.0000374303
  -0.0006780106   -0.0005016997    0.0005009803
  -0.0006654306    0.0000846103    0.0005748703
  -0.0002014406    0.0000656803   -0.0002786797
  -0.0002880606    0.0004168103    0.0001016903
   0.0005188894   -0.0005697097   -0.0007188497
   0.0179304294    0.0005270403    0.0005270403
  -0.0041425006   -0.0011213097   -0.0011213097
   0.0006029294    0.0001190003    0.0001190003
   0.0008660594   -0.0015170297   -0.0015170297
  -0.0008872806   -0.0003086597   -0.0006470997
  -0.0006221306    0.0004121403    0.0002664403
  -0.0008872806   -0.0006470997   -0.0003086597
  -0.0006221306    0.0002664403    0.0004121403
  -0.0005774706    0.0003094603    0.0003094603
  -0.0001782506    0.0000099003    0.0000099003
  -0.0002236906   -0.0000940797   -0.0000940797
   0.0000497994   -0.0001855797   -0.0001855797
   0.0003551294    0.0001076803   -0.0002747997
  -0.0004456806   -0.0007498997    0.0004549703
   0.0003551294   -0.0002747997    0.0001076803
  -0.0004456806    0.0004549703   -0.0007498997
  -0.0000193906    0.0002091903    0.0000319903
  -0.0000547506   -0.0000722497   -0.0001108797
   0.0000867594   -0.0002995397   -0.0000006997
   0.0002801294   -0.0005004097    0.0004237003
  -0.0002291206   -0.0000452197   -0.0002646697
  -0.0016971406    0.0009955903   -0.0016124397
  -0.0006009806   -0.0008800197    0.0003631003
  -0.0034940306   -0.0013825797    0.0010250903
  -0.0000193906    0.0000319903    0.0002091903
  -0.0000547506   -0.0001108797   -0.0000722497
   0.0000867594   -0.0000006997   -0.0002995397
   0.0002801294    0.0004237003   -0.0005004097
  -0.0006009806    0.0003631003   -0.0008800197
  -0.0034940306    0.0010250903   -0.0013825797
  -0.0002291206   -0.0002646697   -0.0000452197
  -0.0016971406   -0.0016124397    0.0009955903
  -0.0001187906   -0.0000830097   -0.0000830097
   0.0000371394   -0.0000448097   -0.0000448097
  -0.0002242306    0.0000952903    0.0000952903
  -0.0003138706    0.0002601903    0.0002601903
  -0.0005085906   -0.0006099397    0.0007170903
   0.0003022394   -0.0003274797    0.0001828303
  -0.0005085906    0.0007170903   -0.0006099397
   0.0003022394    0.0001828303   -0.0003274797

25   
  0.0000000000000000   0.0200000000000000   0.0000000000000000
   0.0023478394    0.0024468197    0.0025205498
  -0.0003140706    0.0003107097    0.0002976398
   0.0011581794    0.0014473197    0.0015354398
   0.0001520994   -0.0002328603    0.0000927698
   0.0008481394    0.0008047497    0.0008699598
   0.0002420794    0.0003110197   -0.0003687702
   0.0009121994    0.0009107397    0.0007863798
   0.0003728194    0.0002748997   -0.0005022302
   0.0000277194    0.0000702797   -0.0001881802
   0.0000510994   -0.0003325103    0.0004545998
  -0.0011239406    0.0010805697   -0.0012175402
  -0.0003273006    0.0000655297    0.0003162898
   0.0005120394   -0.0008399303   -0.0005540702
  -0.0000240106   -0.0001263903   -0.0003259702
  -0.0008442706    0.0003353197   -0.0003285402
   0.0003208694   -0.0006524403    0.0003654898
   0.0000270794   -0.0001794503    0.0000275198
   0.0001064794    0.0003048897   -0.0002408902
  -0.0004691306    0.0000382997   -0.0001650202
  -0.0000780606   -0.0003566203   -0.0001421702
  -0.0005694906   -0.0005755703    0.0000916698
  -0.0002771306    0.0002986897    0.0000577398
   0.0004655394   -0.0005171103   -0.0008161902
   0.0012931794    0.0040688997    0.0009771098
  -0.0000094806   -0.0178681903   -0.0003634102
  -0.0011669606    0.0039004997    0.0008155098
   0.0005236494   -0.0010261803   -0.0009544802
  -0.0012791906    0.0038136997   -0.0006829402
  -0.0002278206   -0.0002670103    0.0006853698
   0.0008006294    0.0039655797   -0.0007931502
   0.0000738094    0.0009296597   -0.0000200702
  -0.0005315706    0.0002888697    0.0003484598
  -0.0001864906    0.0000260397    0.0000269398
  -0.0002933306   -0.0001102703   -0.0000516802
   0.0000280094   -0.0002166503   -0.0002596602
   0.0003554594    0.0000771497   -0.0003178502
  -0.0005684006   -0.0008462703    0.0004863998
   0.0004198194   -0.0003217503    0.0000779598
  -0.0005817806    0.0005244297   -0.0007679302
   0.0000885094    0.0002171197    0.0001013598
  -0.0000087706    0.0000006597   -0.0000432702
  -0.0000687706   -0.0002498403    0.0001133098
   0.0003194394   -0.0005636403    0.0003835398
  -0.0003056806   -0.0000252303   -0.0003408602
  -0.0015247806    0.0008911297   -0.0015449502
   0.0000993394   -0.0002626803   -0.0000735102
   0.0009751494   -0.0000033403    0.0006626398
   0.0001166994    0.0001311197    0.0002788898
  -0.0000410906   -0.0002071403    0.0000151498
  -0.0000574006    0.0001271897   -0.0002055302
   0.0003481994    0.0003618697   -0.0005464002
  -0.0000655206    0.0001418797   -0.0003766902
   0.0000046994   -0.0002838703   -0.0008979202
  -0.0001392406   -0.0001061203   -0.0001283902
  -0.0015097406   -0.0015292303    0.0009376898
  -0.0000428806   -0.0001783703   -0.0000764202
   0.0000100994    0.0000301297    0.0000091298
  -0.0003260306   -0.0000199703    0.0000849198
  -0.0003487406    0.0002360197    0.0002010898
   0.0000263894   -0.0003778003    0.0000643698
   0.0005748694   -0.0009421803   -0.0001073102
   0.0001234394   -0.0000188203   -0.0002865002
  -0.0004144906    0.0008056597    0.0000026098

25   
  0.0000000000000000  -0.0200000000000000   0.0000000000000000
   0.0023067402    0.0022142100    0.0021389298
  -0.0002334598    0.0000825000    0.0000910598
   0.0004723102    0.0002986900    0.0002029098
   0.0002401402   -0.0003132400    0.0002959098
   0.0009095302    0.0008241000    0.0008814698
   0.0001500602    0.0000814900   -0.0001789102
   0.0008433702    0.0008430900    0.0008381898
   0.0002612002    0.0003609400   -0.0006264202
   0.0000339902   -0.0000080600   -0.0001908702
   0.0001707402   -0.0002478600    0.0003193398
  -0.0004473698   -0.0001064500    0.0001479598
  -0.0002520198    0.0001581400    0.0004586098
   0.0004752302   -0.0007293700   -0.0005313102
  -0.0001334798   -0.0000338000   -0.0002065102
   0.0004026602   -0.0007993100    0.0003619898
   0.0003143602   -0.0004725400    0.0002677198
   0.0000348002   -0.0001976100    0.0000324598
   0.0001142002    0.0004697900   -0.0003422402
  -0.0011049698   -0.0011104600    0.0011346398
  -0.0000803098   -0.0001719700   -0.0000207802
   0.0001087902    0.0006030400   -0.0005437202
  -0.0003032198    0.0004769600    0.0001622198
   0.0005238002   -0.0005659200   -0.0007577902
  -0.0010179898   -0.0041547100   -0.0010647802
   0.0001031502    0.0178690800    0.0005249398
   0.0009703602   -0.0042619700   -0.0011816102
   0.0013702102   -0.0020807400   -0.0021508802
   0.0007869602   -0.0038680700    0.0008008898
  -0.0009268298    0.0009358700    0.0000060898
  -0.0012937598   -0.0038412500    0.0007432498
  -0.0012091898   -0.0002211600    0.0006801498
  -0.0005938198    0.0003477600    0.0002849898
  -0.0001901798    0.0000360000    0.0000333198
  -0.0002351398   -0.0000490200   -0.0001109502
   0.0000051402   -0.0002385200   -0.0001978902
   0.0004195402    0.0001448500   -0.0002660402
  -0.0005186998   -0.0007270100    0.0004987798
   0.0003557002   -0.0002591000    0.0001421298
  -0.0005044898    0.0004639600   -0.0008074002
  -0.0000737698    0.0001606600   -0.0000941002
  -0.0000248498    0.0000531000    0.0000055998
   0.0001176402   -0.0003421100   -0.0000914402
   0.0003462002   -0.0005857700    0.0003133898
  -0.0001565998   -0.0000721500   -0.0001227902
  -0.0015896698    0.0010044100   -0.0015714102
  -0.0000768298   -0.0003287200    0.0001167498
  -0.0002886998   -0.0011544100   -0.0000022602
  -0.0001046598   -0.0001240600    0.0000941098
   0.0000077502    0.0001732000    0.0000360598
   0.0001060102   -0.0000989400   -0.0003865902
   0.0003184902    0.0003383300   -0.0006061402
   0.0000899802   -0.0000983700   -0.0002148602
   0.0007000002    0.0009539700   -0.0002484202
  -0.0003212898   -0.0003508900    0.0000281498
  -0.0016047198   -0.0015845500    0.0009554698
  -0.0001259698    0.0000097200   -0.0000954802
   0.0000071902   -0.0000130200    0.0000052198
  -0.0002372898    0.0001661800    0.0000595998
  -0.0003193498    0.0002266500    0.0002590898
   0.0001206802   -0.0001849700    0.0000795298
  -0.0001066098    0.0002699200    0.0005610498
   0.0000241802    0.0001647400   -0.0002798202
   0.0008641302   -0.0003352500   -0.0006705502

25   
  0.0200000000000000   0.0000000000000000   0.0000000000000000
   0.0021795703    0.0025690898    0.0025690898
  -0.0003392497    0.0001157898    0.0001157898
   0.0002933403    0.0005499798    0.0005499798
   0.0001936603   -0.0003671102    0.0002801598
   0.0009009103    0.0008193798    0.0008957398
   0.0001936603    0.0002801598   -0.0003671102
   0.0009009103    0.0008957398    0.0008193798
   0.0002479203    0.0003690398   -0.0005608602
   0.0000410203    0.0000270298   -0.0001837102
   0.0000410903   -0.0003348302    0.0003820498
  -0.0013205897    0.0007787698   -0.0008340802
  -0.0003712897    0.0000695798    0.0003921698
   0.0005187303   -0.0008043302   -0.0005721002
  -0.0001558697   -0.0000229002   -0.0002679102
   0.0003312903   -0.0008568702    0.0003514898
   0.0002479203   -0.0005608602    0.0003690398
   0.0000410203   -0.0001837102    0.0000270298
   0.0000410903    0.0003820498   -0.0003348302
  -0.0013205897   -0.0008340802    0.0007787698
  -0.0001558697   -0.0002679102   -0.0000229002
   0.0003312903    0.0003514898   -0.0008568702
  -0.0003712897    0.0003921698    0.0000695798
   0.0005187303   -0.0005721002   -0.0008043302
   0.0043547303    0.0011002998    0.0011002998
  -0.0180738097    0.0000248998    0.0000248998
   0.0041056703   -0.0012421602   -0.0012421602
   0.0003723503   -0.0014067002   -0.0014067002
   0.0038611703   -0.0010394702    0.0011101698
   0.0000048803   -0.0000276702    0.0009635198
   0.0038611703    0.0011101698   -0.0010394702
   0.0000048803    0.0009635198   -0.0000276702
  -0.0006092097    0.0003437598    0.0003437598
  -0.0001816297    0.0000302598    0.0000302598
  -0.0003084397   -0.0001094302   -0.0001094302
  -0.0000431197   -0.0002412702   -0.0002412702
   0.0003366803    0.0000746498   -0.0002615802
  -0.0005387997   -0.0007877602    0.0004768098
   0.0003366803   -0.0002615802    0.0000746498
  -0.0005387997    0.0004768098   -0.0007877602
   0.0000567503    0.0002849598    0.0001104398
  -0.0000437397    0.0000264298   -0.0000288302
   0.0000642003   -0.0003824402   -0.0000876602
   0.0002765303   -0.0005599502    0.0003322898
  -0.0001940397   -0.0001336002   -0.0001260702
  -0.0015229997    0.0008873398   -0.0015124002
   0.0000588703   -0.0002001102   -0.0000844302
   0.0009070103    0.0000393298    0.0006645198
   0.0000567503    0.0001104398    0.0002849598
  -0.0000437397   -0.0000288302    0.0000264298
   0.0000642003   -0.0000876602   -0.0003824402
   0.0002765303    0.0003322898   -0.0005599502
   0.0000588703   -0.0000844302   -0.0002001102
   0.0009070103    0.0006645198    0.0000393298
  -0.0001940397   -0.0001260702   -0.0001336002
  -0.0015229997   -0.0015124002    0.0008873398
  -0.0001193297   -0.0000365902   -0.0000365902
   0.0000317603    0.0000077798    0.0000077798
  -0.0003234497    0.0000300698    0.0000300698
  -0.0003887597    0.0002445598    0.0002445598
   0.0000304803   -0.0003363802    0.0001257098
   0.0008009203   -0.0006723202   -0.0003965402
   0.0000304803    0.0001257098   -0.0003363802
   0.0008009203   -0.0003965402   -0.0006723202

25   
 -0.0200000000000000   0.0000000000000000   0.0000000000000000
   0.0024772402    0.0020857495    0.0020857495
  -0.0002083198    0.0002747295    0.0002747295
   0.0013421002    0.0012072895    0.0012072895
   0.0002012502   -0.0001819005    0.0001090495
   0.0008566302    0.0008063295    0.0008553995
   0.0002012502    0.0001090495   -0.0001819005
   0.0008566302    0.0008553995    0.0008063295
   0.0003881602    0.0002638295   -0.0005673605
   0.0000216902    0.0000327795   -0.0001953405
   0.0001815502   -0.0002486105    0.0003913795
  -0.0002551398    0.0002080495   -0.0002552405
  -0.0002089498    0.0001505195    0.0003822195
   0.0004695902   -0.0007687605   -0.0005132505
  -0.0000027398   -0.0001390605   -0.0002637605
  -0.0007769898    0.0003870395   -0.0003193905
   0.0003881602   -0.0005673605    0.0002638295
   0.0000216902   -0.0001953405    0.0000327795
   0.0001815502    0.0003913795   -0.0002486105
  -0.0002551398   -0.0002552405    0.0002080495
  -0.0000027398   -0.0002637605   -0.0001390605
  -0.0007769898   -0.0003193905    0.0003870395
  -0.0002089498    0.0003822195    0.0001505195
   0.0004695902   -0.0005132505   -0.0007687605
  -0.0040796098   -0.0011884705   -0.0011884705
   0.0181337502    0.0001367495    0.0001367495
  -0.0043089298    0.0008792695    0.0008792695
   0.0015293702   -0.0017171005   -0.0017171005
  -0.0043492998    0.0009868295   -0.0009901005
  -0.0011438198    0.0006873195   -0.0002538105
  -0.0043492998   -0.0009901005    0.0009868295
  -0.0011438198   -0.0002538105    0.0006873195
  -0.0005157898    0.0002895295    0.0002895295
  -0.0001945698    0.0000294595    0.0000294595
  -0.0002198598   -0.0000528605   -0.0000528605
   0.0000769902   -0.0002166005   -0.0002166005
   0.0004389902    0.0001449395   -0.0003217705
  -0.0005477998   -0.0007883905    0.0005094395
   0.0004389902   -0.0003217705    0.0001449395
  -0.0005477998    0.0005094395   -0.0007883905
  -0.0000419598    0.0000894995   -0.0001029805
   0.0000101502    0.0000248295   -0.0000082805
  -0.0000144598   -0.0002112005    0.0001097695
   0.0003893102   -0.0005924905    0.0003651095
  -0.0002681698    0.0000341095   -0.0003366105
  -0.0015913998    0.0010065095   -0.0016051705
  -0.0000365098   -0.0003935405    0.0001277395
  -0.0002158398   -0.0012028605   -0.0000034305
  -0.0000419598   -0.0001029805    0.0000894995
   0.0000101502   -0.0000082805    0.0000248295
  -0.0000144598    0.0001097695   -0.0002112005
   0.0003893102    0.0003651095   -0.0005924905
  -0.0000365098    0.0001277395   -0.0003935405
  -0.0002158398   -0.0000034305   -0.0012028605
  -0.0002681698   -0.0003366105    0.0000341095
  -0.0015913998   -0.0016051705    0.0010065095
  -0.0000487098   -0.0001359305   -0.0001359305
  -0.0000138198    0.0000071695    0.0000071695
  -0.0002386198    0.0001149195    0.0001149195
  -0.0002783698    0.0002157695    0.0002157695
   0.0001165402   -0.0002301705    0.0000187795
  -0.0003472098    0.0000039795    0.0008683595
   0.0001165402    0.0000187795   -0.0002301705
  -0.0003472098    0.0008683595    0.0000039795

26   
  0.0000000000000000   0.0200000000000000   0.0000000000000000
   0.0020808797    0.0031500200    0.0034267802
  -0.0002793603    0.0002694300    0.0002198402
   0.0009125797    0.0009088200    0.0009261802
   0.0001727997   -0.0002336400    0.0001942102
   0.0009060697    0.0007983500    0.0008553102
   0.0001750397    0.0001415000   -0.0002905598
   0.0008584297    0.0008586500    0.0007989502
  -0.0000204703    0.0008869500   -0.0012007198
  -0.0000068903    0.0000046400   -0.0001107798
   0.0001154197   -0.0002288700    0.0004012802
  -0.0007414003    0.0004496600   -0.0004767898
   0.0004228597    0.0007297200    0.0007637902
   0.0005642697   -0.0007259600   -0.0006184498
  -0.0000604003   -0.0001396400   -0.0002741698
  -0.0002907303   -0.0001775800   -0.0000573898
   0.0006541997   -0.0000024700   -0.0002940398
   0.0000111297   -0.0002634200    0.0000952602
   0.0001108897    0.0004190100   -0.0002803498
  -0.0007898203   -0.0006118000    0.0005417002
  -0.0000471503   -0.0002381600   -0.0000599198
  -0.0001337803    0.0001487400   -0.0003094798
  -0.0005959203   -0.0002069100   -0.0002473098
   0.0004167497   -0.0003819600   -0.0008534998
  -0.0001639803    0.0006486200    0.0007412802
  -0.0009798503    0.0040215000    0.0009387202
  -0.0000152803   -0.0186726600   -0.0012154198
   0.0021713597    0.0023082400   -0.0008435398
  -0.0009286303    0.0006736900    0.0003433002
  -0.0005122603    0.0002453700    0.0003475402
   0.0000622397   -0.0006188600   -0.0002862498
  -0.0006135303    0.0002736800    0.0003279502
  -0.0005425403    0.0003345600    0.0003026902
  -0.0002086903    0.0000156100    0.0000641602
  -0.0002609203   -0.0000629600   -0.0000727698
   0.0000467797   -0.0002440000   -0.0001959498
   0.0004066597    0.0001103900   -0.0002924998
  -0.0004477103   -0.0007507300    0.0004453102
   0.0003667897   -0.0003338000    0.0001209302
  -0.0006321303    0.0005391000   -0.0008233798
  -0.0000108003    0.0001908500    0.0000447302
  -0.0000897503    0.0000776700    0.0000828802
   0.0000408097   -0.0002321600    0.0000117502
   0.0004100197   -0.0005041600    0.0004496502
  -0.0008251603    0.0005278100   -0.0005730098
  -0.0014688303    0.0009080500   -0.0015393098
   0.0000326997   -0.0003485600    0.0000361302
   0.0003071597   -0.0006093400    0.0002897602
   0.0000181997    0.0000140700    0.0002296802
  -0.0001221903    0.0001165300    0.0001399602
   0.0000443497   -0.0001853700   -0.0002924398
   0.0004277197    0.0004987700   -0.0004752298
  -0.0000128803    0.0000303500   -0.0003035498
   0.0003679997    0.0002567400   -0.0006295898
  -0.0005737003   -0.0008608200    0.0002760102
  -0.0015103603   -0.0015831900    0.0008637502
  -0.0000985103   -0.0000706000   -0.0000996798
  -0.0000436103   -0.0000724600    0.0000365402
  -0.0002783203    0.0001197000    0.0000831702
  -0.0002770803    0.0001526500    0.0002555002
   0.0007247197    0.0003151700   -0.0002869598
   0.0010079697    0.0035536000   -0.0005049698
   0.0004188197   -0.0005496300    0.0000749002
  -0.0006729703    0.0042115000   -0.0012215898

26   
  0.0000000000000000  -0.0200000000000000   0.0000000000000000
   0.0025729102    0.0015085394    0.0012467897
  -0.0002690098    0.0001129594    0.0001735697
   0.0007186002    0.0008345894    0.0008276997
   0.0002211402   -0.0003175806    0.0001980997
   0.0008522602    0.0008206994    0.0009012997
   0.0002201502    0.0002390394   -0.0002498603
   0.0008988102    0.0008863494    0.0008313297
   0.0006527702   -0.0002513806    0.0000665897
   0.0000708702    0.0000488094   -0.0002637803
   0.0001072802   -0.0003616506    0.0003768697
  -0.0008296498    0.0005283494   -0.0006028603
  -0.0009880098   -0.0005049806    0.0000202197
   0.0004277802   -0.0008506906   -0.0004625803
  -0.0000964798   -0.0000289706   -0.0002526903
  -0.0001596098   -0.0002894506    0.0000934097
  -0.0000196498   -0.0011386306    0.0009428797
   0.0000517502   -0.0001210606   -0.0000304703
   0.0001108002    0.0003475994   -0.0002986103
  -0.0007825698   -0.0004799006    0.0004477697
  -0.0001106998   -0.0003006406   -0.0000983703
  -0.0003195198   -0.0001272106   -0.0001438403
   0.0000103402    0.0009712394    0.0004652797
   0.0005731402   -0.0007059506   -0.0007144503
   0.0005410502   -0.0006529406   -0.0007396703
   0.0011343402   -0.0041654506   -0.0010710603
  -0.0001256998    0.0187532094    0.0006380897
  -0.0001689798   -0.0053161306   -0.0021620803
   0.0003514102   -0.0006455006   -0.0003173303
  -0.0006350798    0.0004119394    0.0003552797
  -0.0006562798    0.0006401594    0.0003406197
  -0.0005330198    0.0004178694    0.0003399297
  -0.0005818498    0.0002932994    0.0003355097
  -0.0001675098    0.0000377594    0.0000011597
  -0.0002668498   -0.0001058106   -0.0000839503
  -0.0000130098   -0.0002208006   -0.0002569403
   0.0003694302    0.0001042694   -0.0002856603
  -0.0006377898   -0.0008274506    0.0005424897
   0.0004091802   -0.0002559806    0.0001045997
  -0.0004529498    0.0004379194   -0.0007433203
   0.0000242802    0.0001770694   -0.0000329303
   0.0000545502   -0.0000304806   -0.0001143303
   0.0000065602   -0.0003665106    0.0000160597
   0.0002542702   -0.0006560106    0.0002519597
   0.0003533702   -0.0006270006    0.0001123597
  -0.0016462598    0.0009805094   -0.0015716203
  -0.0000070298   -0.0002507206    0.0000113097
   0.0003914002   -0.0005494306    0.0003774297
  -0.0000060898   -0.0000132006    0.0001471697
   0.0000910402   -0.0001622906   -0.0000844803
   0.0000040202    0.0002029194   -0.0002944803
   0.0002395502    0.0001958694   -0.0006720903
   0.0000389602    0.0000062294   -0.0002832003
   0.0003311302    0.0004010294   -0.0005174103
   0.0001226202    0.0003992294   -0.0003787503
  -0.0016052898   -0.0015400106    0.0010368697
  -0.0000691898   -0.0001078406   -0.0000667503
   0.0000624102    0.0000816794   -0.0000167003
  -0.0002831598    0.0000190594    0.0000665397
  -0.0003896498    0.0003009794    0.0002097897
  -0.0005897898   -0.0008947506    0.0004387597
  -0.0006349798   -0.0043258406    0.0010578197
  -0.0002637098    0.0006839094   -0.0006279603
   0.0010411902   -0.0036508306    0.0004626797

26   
  0.0200000000000000   0.0000000000000000   0.0000000000000000
   0.0021196510    0.0016163402    0.0016163402
  -0.0003434090    0.0002189602    0.0002189602
   0.0009136110    0.0009835002    0.0009835002
   0.0001884810   -0.0003206898    0.0002116802
   0.0008587610    0.0008485102    0.0008460402
   0.0001884810    0.0002116802   -0.0003206898
   0.0008587610    0.0008460402    0.0008485102
  -0.0002998790    0.0006426802   -0.0008818798
  -0.0000390490   -0.0000137798   -0.0001857698
   0.0001646510   -0.0002948298    0.0003915802
  -0.0008674990    0.0005329702   -0.0005342798
   0.0002434110    0.0007414002    0.0007365102
   0.0005159410   -0.0007320498   -0.0006148598
  -0.0000765590   -0.0001041098   -0.0002427398
  -0.0001746190   -0.0003007898    0.0001065202
  -0.0002998790   -0.0008818798    0.0006426802
  -0.0000390490   -0.0001857698   -0.0000137798
   0.0001646510    0.0003915802   -0.0002948298
  -0.0008674990   -0.0005342798    0.0005329702
  -0.0000765590   -0.0002427398   -0.0001041098
  -0.0001746190    0.0001065202   -0.0003007898
   0.0002434110    0.0007365102    0.0007414002
   0.0005159410   -0.0006148598   -0.0007320498
  -0.0004687590    0.0003346402    0.0003346402
   0.0042905010   -0.0011357398   -0.0011357398
  -0.0185836090    0.0000283302    0.0000283302
   0.0051308710   -0.0002680498   -0.0002680498
   0.0003178310   -0.0006356098   -0.0003396498
  -0.0005993290    0.0003753902    0.0003118302
   0.0003178310   -0.0003396498   -0.0006356098
  -0.0005993290    0.0003118302    0.0003753902
  -0.0006033490    0.0003040402    0.0003040402
  -0.0002073690    0.0000056402    0.0000056402
  -0.0002458090   -0.0000843798   -0.0000843798
   0.0000020510   -0.0002030598   -0.0002030598
   0.0004251910    0.0001423602   -0.0002981098
  -0.0004059890   -0.0007088998    0.0004208202
   0.0004251910   -0.0002981098    0.0001423602
  -0.0004059890    0.0004208202   -0.0007088998
  -0.0000479890    0.0001818602   -0.0000223598
   0.0000175410   -0.0000570598   -0.0000962098
   0.0000886410   -0.0002708498    0.0000047102
   0.0003846910   -0.0005022198    0.0004301202
   0.0003378310   -0.0006469598    0.0000874202
  -0.0016919790    0.0010574502   -0.0016579598
   0.0000208110   -0.0003088798   -0.0000161998
   0.0002767410   -0.0006196598    0.0003378902
  -0.0000479890   -0.0000223598    0.0001818602
   0.0000175410   -0.0000962098   -0.0000570598
   0.0000886410    0.0000047102   -0.0002708498
   0.0003846910    0.0004301202   -0.0005022198
   0.0000208110   -0.0000161998   -0.0003088798
   0.0002767410    0.0003378902   -0.0006196598
   0.0003378310    0.0000874202   -0.0006469598
  -0.0016919790   -0.0016579598    0.0010574502
  -0.0001407690   -0.0000742898   -0.0000742898
  -0.0000183990   -0.0000432698   -0.0000432698
  -0.0002444290    0.0000715102    0.0000715102
  -0.0003625090    0.0002773502    0.0002773502
   0.0006606010    0.0003652502   -0.0002903498
   0.0040826310    0.0004331702   -0.0005409298
   0.0006606010   -0.0002903498    0.0003652502
   0.0040826310   -0.0005409298    0.0004331702

26   
 -0.0200000000000000   0.0000000000000000   0.0000000000000000
   0.0025357298    0.0030353500    0.0030353500
  -0.0002063102    0.0001675400    0.0001675400
   0.0007158898    0.0007657800    0.0007657800
   0.0002019098   -0.0002282800    0.0001729600
   0.0008942298    0.0007742800    0.0009018700
   0.0002019098    0.0001729600   -0.0002282800
   0.0008942298    0.0009018700    0.0007742800
   0.0009354998   -0.0000177700   -0.0002424200
   0.0000966698    0.0000702900   -0.0001963000
   0.0000527798   -0.0002920700    0.0003792200
  -0.0007088802    0.0004478700   -0.0005530800
  -0.0008195302   -0.0005114300    0.0000399000
   0.0004700398   -0.0008405900   -0.0004730900
  -0.0000850402   -0.0000610300   -0.0002919500
  -0.0002807702   -0.0001621900   -0.0000788300
   0.0009354998   -0.0002424200   -0.0000177700
   0.0000966698   -0.0001963000    0.0000702900
   0.0000527798    0.0003792200   -0.0002920700
  -0.0007088802   -0.0005530800    0.0004478700
  -0.0000850402   -0.0002919500   -0.0000610300
  -0.0002807702   -0.0000788300   -0.0001621900
  -0.0008195302    0.0000399000   -0.0005114300
   0.0004700398   -0.0004730900   -0.0008405900
   0.0008339898   -0.0003206700   -0.0003206700
  -0.0041390002    0.0009952600    0.0009952600
   0.0187283298   -0.0001422300   -0.0001422300
  -0.0031447502   -0.0027522500   -0.0027522500
  -0.0009024702    0.0006638300    0.0003586100
  -0.0005519602    0.0002843800    0.0003842800
  -0.0009024702    0.0003586100    0.0006638300
  -0.0005519602    0.0003842800    0.0002843800
  -0.0005264702    0.0003271300    0.0003271300
  -0.0001732602    0.0000515500    0.0000515500
  -0.0002868302   -0.0000806900   -0.0000806900
   0.0000270298   -0.0002575000   -0.0002575000
   0.0003463398    0.0000744400   -0.0002883400
  -0.0006864502   -0.0008688400    0.0005620200
   0.0003463398   -0.0002883400    0.0000744400
  -0.0006864502    0.0005620200   -0.0008688400
   0.0000566898    0.0001880400    0.0000268900
  -0.0000560402    0.0001068100    0.0000572100
  -0.0000456802   -0.0003238000    0.0000162000
   0.0002757098   -0.0006546300    0.0002649000
  -0.0008096802    0.0005533200   -0.0005549600
  -0.0014245302    0.0008319700   -0.0014606400
   0.0000002598   -0.0002857800    0.0000569300
   0.0004193798   -0.0005347400    0.0003228400
   0.0000566898    0.0000268900    0.0001880400
  -0.0000560402    0.0000572100    0.0001068100
  -0.0000456802    0.0000162000   -0.0003238000
   0.0002757098    0.0002649000   -0.0006546300
   0.0000002598    0.0000569300   -0.0002857800
   0.0004193798    0.0003228400   -0.0005347400
  -0.0008096802   -0.0005549600    0.0005533200
  -0.0014245302   -0.0014606400    0.0008319700
  -0.0000315202   -0.0001002500   -0.0001002500
   0.0000320998    0.0000549000    0.0000549000
  -0.0003217302    0.0000704500    0.0000704500
  -0.0003089102    0.0001811100    0.0001811100
  -0.0005246602   -0.0009447500    0.0004347100
  -0.0037209602   -0.0011952400    0.0010915000
  -0.0005246602    0.0004347100   -0.0009447500
  -0.0037209602    0.0010915000   -0.0011952400

27   
  0.0000000000000000   0.0200000000000000   0.0000000000000000
  -0.0000001603    0.0069224095    0.0028546302
  -0.0002923703    0.0002206995    0.0002141402
   0.0008676597    0.0008970295    0.0008501102
   0.0002278497   -0.0003079705    0.0001477802
   0.0008527897    0.0008394395    0.0008715202
   0.0001842697    0.0001648395   -0.0002601798
   0.0009005497    0.0008598195    0.0008149202
   0.0003090897    0.0002513495   -0.0005081298
   0.0003851497    0.0006388795   -0.0008648098
   0.0001461497   -0.0002977305    0.0004180002
  -0.0007859303    0.0005721595   -0.0005575298
   0.0004976697    0.0042063195   -0.0003649198
   0.0011453897   -0.0001809205   -0.0009143498
  -0.0001719203   -0.0000153105   -0.0003242698
  -0.0002437203   -0.0002693705    0.0000395702
   0.0002705097   -0.0005823005    0.0003713702
  -0.0002895803    0.0004157595   -0.0006530798
   0.0001130497    0.0003387795   -0.0002596998
  -0.0007787903   -0.0005136705    0.0005142002
   0.0000059797   -0.0002056205   -0.0001383498
  -0.0001915403    0.0000517095   -0.0002398798
  -0.0007866303    0.0039901795   -0.0006962398
   0.0008186197   -0.0011718005   -0.0004345898
   0.0001476897    0.0000192195    0.0000340102
   0.0001796297    0.0005238495    0.0005755502
   0.0011417297    0.0035269795    0.0003653802
   0.0011502197   -0.0200446605   -0.0008540298
  -0.0002592703    0.0000121395   -0.0000252098
  -0.0011247703    0.0008530395    0.0001163002
  -0.0003101003   -0.0000609805   -0.0000274298
  -0.0009525903   -0.0002575005    0.0006997002
  -0.0006226203    0.0002481295    0.0003304302
  -0.0002089703    0.0000521695   -0.0000071698
  -0.0002420203   -0.0000901205   -0.0000534298
   0.0000130597   -0.0002059105   -0.0002248198
   0.0004434297    0.0002482595   -0.0003547998
  -0.0005168003   -0.0007773105    0.0005208302
   0.0002808197   -0.0001744105    0.0000083602
  -0.0005402803    0.0004734795   -0.0008222398
  -0.0000732203    0.0003380695    0.0001000602
   0.0000160097    0.0000801195    0.0000306902
   0.0000916297   -0.0002414705    0.0000942102
   0.0003485997   -0.0005452505    0.0003719202
  -0.0001426403   -0.0001787705   -0.0001837298
  -0.0021150103    0.0017133795   -0.0010343098
  -0.0000112003   -0.0002914105    0.0000013302
   0.0003228797   -0.0006043005    0.0003246802
  -0.0000267303    0.0000645395    0.0002420902
  -0.0000037103    0.0000292995    0.0000739502
   0.0001175497    0.0001597795   -0.0001978098
   0.0003312797    0.0001587195   -0.0005744398
   0.0000495397    0.0000158595   -0.0003094498
   0.0003005997    0.0003641395   -0.0005491098
  -0.0002204603   -0.0002482505   -0.0001497298
  -0.0010345703   -0.0021226705    0.0008234802
  -0.0001089003   -0.0000930005   -0.0000559798
   0.0000269197    0.0000361895   -0.0000246598
  -0.0002422603   -0.0000166005    0.0000823202
  -0.0003533803    0.0002733295    0.0002261002
   0.0001354197   -0.0002112405    0.0000080802
   0.0009342397    0.0003118395    0.0005392802
  -0.0000220503    0.0002452595   -0.0003701298
  -0.0000837703   -0.0004086105   -0.0006304898

27   
  0.0000000000000000  -0.0200000000000000   0.0000000000000000
   0.0045527897   -0.0021675803    0.0018824597
  -0.0002566803    0.0001696597    0.0001747397
   0.0007631297    0.0008579597    0.0009051697
   0.0001658997   -0.0002345303    0.0002429097
   0.0009050697    0.0007903997    0.0008838597
   0.0002098497    0.0002249697   -0.0002831603
   0.0008563097    0.0008945497    0.0008128397
   0.0003248197    0.0003853797   -0.0006162603
  -0.0003194003   -0.0005679103    0.0004777397
   0.0000756097   -0.0002830003    0.0003577697
  -0.0007843503    0.0004129597   -0.0005228403
  -0.0009824603   -0.0038801803    0.0010510897
  -0.0001459603   -0.0013798903   -0.0001706803
   0.0000134497   -0.0001428903   -0.0002066003
  -0.0002093403   -0.0001871403   -0.0000055703
   0.0003638597   -0.0005443603    0.0002668997
   0.0003542997   -0.0008000203    0.0007271897
   0.0001084597    0.0004379397   -0.0003219303
  -0.0007949503   -0.0005686203    0.0004728497
  -0.0001648003   -0.0003266703   -0.0000200503
  -0.0002624403   -0.0000191303   -0.0002147803
   0.0002919197   -0.0033004703    0.0010018297
   0.0001659997    0.0000930997   -0.0011433203
   0.0002282497   -0.0000117703   -0.0000257203
  -0.0001306503   -0.0005675703   -0.0006207303
  -0.0013398003   -0.0040993903   -0.0009369803
   0.0008001097    0.0169578497   -0.0022063703
  -0.0003285403    0.0000324097    0.0000504497
  -0.0000139503   -0.0001949503    0.0005857397
  -0.0002786203    0.0000877397    0.0000744797
  -0.0001997803    0.0009555297   -0.0000281003
  -0.0005033303    0.0003877297    0.0003058697
  -0.0001671603    0.0000104897    0.0000698797
  -0.0002863303   -0.0000692203   -0.0001054803
   0.0000206997   -0.0002498603   -0.0002299503
   0.0003311297   -0.0000229503   -0.0002250303
  -0.0005696603   -0.0007941503    0.0004677297
   0.0004923597   -0.0004038103    0.0002138097
  -0.0005458203    0.0005142597   -0.0007480903
   0.0000856197    0.0000400897   -0.0000897603
  -0.0000488903   -0.0000259803   -0.0000645903
  -0.0000436003   -0.0003466703   -0.0000668603
   0.0003164797   -0.0006037703    0.0003282297
  -0.0003162303    0.0000785697   -0.0002747203
  -0.0010201403    0.0001938297   -0.0020741803
   0.0000353397   -0.0002979603    0.0000442497
   0.0003752597   -0.0005446303    0.0003415997
   0.0000398097   -0.0000566803    0.0001328397
  -0.0000293303   -0.0000631403   -0.0000196003
  -0.0000705203   -0.0001355703   -0.0003915803
   0.0003353997    0.0005417897   -0.0005749303
  -0.0000249403    0.0000299897   -0.0002793703
   0.0003980197    0.0003014297   -0.0006001903
  -0.0002373303   -0.0002083503    0.0000502997
  -0.0020747703   -0.0009922303    0.0010740097
  -0.0000594403   -0.0000764803   -0.0001123103
  -0.0000095803   -0.0000189103    0.0000428997
  -0.0003208203    0.0001653797    0.0000657597
  -0.0003149703    0.0001902797    0.0002370897
   0.0000084597   -0.0003544303    0.0001407097
  -0.0004843803   -0.0009881803   -0.0000798703
   0.0001682397   -0.0000991503   -0.0001930603
   0.0005523297    0.0008739197   -0.0000303203

27   
  0.0200000000000000   0.0000000000000000   0.0000000000000000
   0.0059392392    0.0012029294    0.0012029294
  -0.0003133708    0.0002152694    0.0002152694
   0.0006688292    0.0008218094    0.0008218094
   0.0001741192   -0.0002726206    0.0001753794
   0.0009106992    0.0007713894    0.0008498094
   0.0001741192    0.0001753794   -0.0002726206
   0.0009106992    0.0008498094    0.0007713894
   0.0002446992    0.0003130894   -0.0006208206
  -0.0006264708   -0.0002768606    0.0001244494
   0.0000027292   -0.0002393006    0.0003984694
  -0.0007640208    0.0004668294   -0.0005280306
   0.0034344392    0.0010646694   -0.0002259406
   0.0010981692   -0.0001389006   -0.0008630306
   0.0000725592   -0.0001924306   -0.0001470606
  -0.0001992308   -0.0002076006    0.0000482594
   0.0002446992   -0.0006208206    0.0003130894
  -0.0006264708    0.0001244494   -0.0002768606
   0.0000027292    0.0003984694   -0.0002393006
  -0.0007640208   -0.0005280306    0.0004668294
   0.0000725592   -0.0001470606   -0.0001924306
  -0.0001992308    0.0000482594   -0.0002076006
   0.0034344392   -0.0002259406    0.0010646694
   0.0010981692   -0.0008630306   -0.0001389006
   0.0002761892   -0.0000933206   -0.0000933206
  -0.0005342708   -0.0004340706   -0.0004340706
   0.0040456392    0.0008943694    0.0008943694
  -0.0173858608   -0.0014039806   -0.0014039806
  -0.0003759408    0.0000720294    0.0000113894
  -0.0000122608   -0.0002254306    0.0005817594
  -0.0003759408    0.0000113894    0.0000720294
  -0.0000122608    0.0005817594   -0.0002254306
  -0.0005586008    0.0002542194    0.0002542194
  -0.0002042408    0.0000447994    0.0000447994
  -0.0002894808   -0.0000551806   -0.0000551806
   0.0000352892   -0.0002312406   -0.0002312406
   0.0003866992    0.0001679394   -0.0003107106
  -0.0005259908   -0.0007811106    0.0004626494
   0.0003866992   -0.0003107106    0.0001679394
  -0.0005259908    0.0004626494   -0.0007811106
   0.0000268592    0.0001396794   -0.0000391506
  -0.0000575008   -0.0000319606   -0.0000253606
   0.0001020392   -0.0002465806    0.0000873194
   0.0003386092   -0.0005484306    0.0003677294
  -0.0002661508    0.0000623094   -0.0003228506
  -0.0008052508    0.0001012994   -0.0016792506
  -0.0000015008   -0.0003079306    0.0000484394
   0.0003883392   -0.0005682506    0.0003018194
   0.0000268592   -0.0000391506    0.0001396794
  -0.0000575008   -0.0000253606   -0.0000319606
   0.0001020392    0.0000873194   -0.0002465806
   0.0003386092    0.0003677294   -0.0005484306
  -0.0000015008    0.0000484394   -0.0003079306
   0.0003883392    0.0003018194   -0.0005682506
  -0.0002661508   -0.0003228506    0.0000623094
  -0.0008052508   -0.0016792506    0.0001012994
  -0.0000947908   -0.0001117106   -0.0001117106
  -0.0000371808   -0.0000134306   -0.0000134306
  -0.0002833908    0.0001351494    0.0001351494
  -0.0002696808    0.0002259694    0.0002259694
   0.0001505092   -0.0002048606   -0.0000240606
   0.0008066892    0.0003376594    0.0006225894
   0.0001505092   -0.0000240606   -0.0002048606
   0.0008066892    0.0006225894    0.0003376594

27   
 -0.0200000000000000   0.0000000000000000   0.0000000000000000
  -0.0014350794    0.0035688795    0.0035688795
  -0.0002320994    0.0001740295    0.0001740295
   0.0009624706    0.0009334695    0.0009334695
   0.0002200806   -0.0002712405    0.0002137895
   0.0008488606    0.0008576795    0.0009038795
   0.0002200806    0.0002137895   -0.0002712405
   0.0008488606    0.0009038795    0.0008576795
   0.0003934206    0.0003244295   -0.0005041105
   0.0006855506    0.0003312395   -0.0004934205
   0.0002222506   -0.0003424805    0.0003780895
  -0.0008062694    0.0005189995   -0.0005535505
  -0.0039050794   -0.0007492805    0.0009165795
  -0.0000999494   -0.0014212005   -0.0002218305
  -0.0002254594    0.0000323195   -0.0003827205
  -0.0002516094   -0.0002478005   -0.0000146405
   0.0003934206   -0.0005041105    0.0003244295
   0.0006855506   -0.0004934205    0.0003312395
   0.0002222506    0.0003780895   -0.0003424805
  -0.0008062694   -0.0005535505    0.0005189995
  -0.0002254594   -0.0003827205    0.0000323195
  -0.0002516094   -0.0000146405   -0.0002478005
  -0.0039050794    0.0009165795   -0.0007492805
  -0.0000999494   -0.0002218305   -0.0014212005
   0.0000965306    0.0001052695    0.0001052695
   0.0005937206    0.0004088595    0.0004088595
  -0.0042348794   -0.0014376905   -0.0014376905
   0.0192109606   -0.0017543905   -0.0017543905
  -0.0002109094   -0.0000257605    0.0000147995
  -0.0011235094    0.0008814095    0.0001213195
  -0.0002109094    0.0000147995   -0.0000257605
  -0.0011235094    0.0001213195    0.0008814095
  -0.0005642194    0.0003834895    0.0003834895
  -0.0001691094    0.0000176695    0.0000176695
  -0.0002367694   -0.0001043905   -0.0001043905
   0.0000001606   -0.0002237505   -0.0002237505
   0.0003881706    0.0000540495   -0.0002668205
  -0.0005587894   -0.0007897605    0.0005253595
   0.0003881706   -0.0002668205    0.0000540495
  -0.0005587894    0.0005253595   -0.0007897605
  -0.0000115094    0.0002353195    0.0000472095
   0.0000252606    0.0000870295   -0.0000083705
  -0.0000491694   -0.0003399705   -0.0000607705
   0.0003293906   -0.0006005405    0.0003330795
  -0.0001906594   -0.0001606505   -0.0001358005
  -0.0023177894    0.0018144395   -0.0014286805
   0.0000281806   -0.0002814005   -0.0000024805
   0.0003119106   -0.0005809005    0.0003647495
  -0.0000115094    0.0000472095    0.0002353195
   0.0000252606   -0.0000083705    0.0000870295
  -0.0000491694   -0.0000607705   -0.0003399705
   0.0003293906    0.0003330795   -0.0006005405
   0.0000281806   -0.0000024805   -0.0002814005
   0.0003119106    0.0003647495   -0.0005809005
  -0.0001906594   -0.0001358005   -0.0001606505
  -0.0023177894   -0.0014286805    0.0018144395
  -0.0000710694   -0.0000572605   -0.0000572605
   0.0000575506    0.0000310895    0.0000310895
  -0.0002768194    0.0000121795    0.0000121795
  -0.0003963194    0.0002376295    0.0002376295
  -0.0000038194   -0.0003603805    0.0001720195
  -0.0003510694   -0.0010167805   -0.0001615305
  -0.0000038194    0.0001720195   -0.0003603805
  -0.0003510694   -0.0001615305   -0.0010167805

28   
  0.0200000000000000   0.0000000000000000   0.0000000000000000
   0.0022964702    0.0023661697    0.0023424698
  -0.0002628898    0.0001349597    0.0001910698
   0.0006971702    0.0008966197    0.0008438798
   0.0000278902   -0.0002218903    0.0001551798
   0.0010031802    0.0008501497    0.0009530398
  -0.0002407198   -0.0000873703   -0.0000438102
   0.0007428302    0.0008426297    0.0007738198
   0.0003109002    0.0002955097   -0.0005991602
  -0.0000470398   -0.0000094603   -0.0001996202
   0.0006688202    0.0003558697    0.0000370098
   0.0026708102    0.0009594397   -0.0010012102
  -0.0002532298    0.0001219897    0.0003947598
   0.0003803702   -0.0007292203   -0.0005152502
  -0.0007252398    0.0002445597    0.0000360198
   0.0037063602   -0.0011400303   -0.0008150702
   0.0008944602   -0.0002086103   -0.0003405502
  -0.0000498698   -0.0001813103    0.0000793098
   0.0001056402    0.0004226497   -0.0002661902
  -0.0006505898   -0.0004263603    0.0003877098
  -0.0000436098   -0.0002662603   -0.0000915302
  -0.0003112198    0.0000266397   -0.0001896702
  -0.0009181198    0.0000684797   -0.0002220002
   0.0006171802   -0.0006009403   -0.0008168202
   0.0007724402   -0.0003502703    0.0006608698
   0.0040777102   -0.0009967003    0.0009784298
   0.0005446602   -0.0008626003    0.0001250298
   0.0008532202   -0.0015196903   -0.0015745402
  -0.0175429998    0.0003073997   -0.0004065302
   0.0033907902    0.0012142297    0.0012871898
  -0.0009152098    0.0002855997   -0.0002587802
  -0.0006592298    0.0003109097    0.0003254698
  -0.0005320598    0.0003187297    0.0002974598
  -0.0002189398    0.0000088097    0.0000530998
  -0.0002375398   -0.0000538403   -0.0000778602
   0.0000620502   -0.0001529603   -0.0003093102
   0.0003926802    0.0001115897   -0.0002886202
  -0.0005640198   -0.0007312503    0.0005216698
   0.0003380202   -0.0003016603    0.0001281298
  -0.0004989998    0.0003787597   -0.0008401902
   0.0000166302    0.0001957897    0.0000491298
   0.0000306602   -0.0000560103    0.0000719398
   0.0006411902   -0.0008972503   -0.0003258602
   0.0002885102   -0.0005261303    0.0003028798
  -0.0001777298   -0.0000207303   -0.0002373102
  -0.0015223398    0.0009966697   -0.0014621502
  -0.0000600998   -0.0002976203    0.0000348798
   0.0003159902   -0.0006174003    0.0002833198
   0.0006117902    0.0003384297    0.0007698898
   0.0000176602   -0.0000939103    0.0001226698
   0.0000379302   -0.0000285503   -0.0003017402
   0.0003022602    0.0003802497   -0.0006029502
   0.0000399502    0.0000270797   -0.0002998102
   0.0003869002    0.0004270197   -0.0005046502
  -0.0002942198   -0.0002435503   -0.0000637502
  -0.0015703198   -0.0015685103    0.0009334598
   0.0004917002   -0.0004073903   -0.0007251702
  -0.0000320098   -0.0000381403    0.0000604598
   0.0003102702    0.0007352597    0.0004090698
  -0.0002917498    0.0003156797    0.0001551398
   0.0000982802   -0.0002787203    0.0000699098
   0.0001958402   -0.0002812303    0.0002732498
   0.0000128702    0.0000949697   -0.0003001502
   0.0002679102    0.0001627297   -0.0004273602

28   
 -0.0200000000000000   0.0000000000000000   0.0000000000000000
   0.0023514600    0.0023034497    0.0023117202
  -0.0002931400    0.0002661997    0.0001961402
   0.0009281500    0.0008695197    0.0009079702
   0.0003577200   -0.0003113103    0.0002315002
   0.0007475600    0.0007840897    0.0007936202
   0.0006233600    0.0004977097   -0.0005153098
   0.0010055300    0.0009205797    0.0008505102
   0.0003162200    0.0003513297   -0.0005316498
   0.0001034300    0.0000829997   -0.0001817898
  -0.0004605000   -0.0009374403    0.0007363902
  -0.0043380600   -0.0000571603    0.0000064702
  -0.0003326300    0.0001123797    0.0003780502
   0.0005998400   -0.0008314103   -0.0005716698
   0.0005570900   -0.0003890103   -0.0005646798
  -0.0040678200    0.0005994697    0.0007539102
  -0.0002729900   -0.0009078303    0.0009832902
   0.0001057900   -0.0001840103   -0.0000215498
   0.0001087100    0.0003643197   -0.0003199098
  -0.0009285200   -0.0006436003    0.0005921502
  -0.0001215900   -0.0002522003   -0.0000731498
  -0.0001512700    0.0000175697   -0.0002698598
   0.0003271900    0.0007142997    0.0004354802
   0.0003648600   -0.0004685103   -0.0007556398
  -0.0004128200    0.0003726897   -0.0006663098
  -0.0041295400    0.0010683797   -0.0011140298
  -0.0006588800    0.0004241497   -0.0005907198
   0.0010381400   -0.0015846803   -0.0015440298
   0.0174163500   -0.0008764303    0.0007527502
  -0.0044501400   -0.0004513503   -0.0004996898
   0.0003246300   -0.0002587503    0.0003079602
  -0.0004959400    0.0004004197    0.0003347702
  -0.0006006300    0.0003279597    0.0003337502
  -0.0001652300    0.0000635997    0.0000051702
  -0.0002980000   -0.0000961903   -0.0000857198
  -0.0000339600   -0.0002917103   -0.0001521698
   0.0003753100    0.0001209297   -0.0002964198
  -0.0005296300   -0.0008313303    0.0004619502
   0.0004306100   -0.0002691703    0.0000900302
  -0.0005957200    0.0006196597   -0.0007351398
  -0.0000118900    0.0001905697   -0.0000438998
  -0.0000706500    0.0001178097   -0.0001103898
  -0.0005920100    0.0003067697    0.0003417902
   0.0003695200   -0.0006131903    0.0003927502
  -0.0002885600   -0.0000675403   -0.0002266698
  -0.0016013400    0.0009078697   -0.0016568598
   0.0000763800   -0.0002816903    0.0000061802
   0.0003750900   -0.0005223103    0.0003766402
  -0.0005980500   -0.0003141903   -0.0003889498
  -0.0000575800    0.0000698897   -0.0000720998
   0.0000016200    0.0000649197   -0.0002918098
   0.0003563500    0.0003314797   -0.0005514198
  -0.0000212900    0.0000287897   -0.0002932398
   0.0003031100    0.0002496597   -0.0006511798
  -0.0001736100   -0.0002051303   -0.0000387798
  -0.0015508400   -0.0015345903    0.0009581002
  -0.0006599400    0.0002452397    0.0005405602
   0.0000421200    0.0000666697   -0.0000480398
  -0.0008721100   -0.0005662503   -0.0002640898
  -0.0003815200    0.0001599797    0.0003028402
   0.0000408300   -0.0002741203    0.0000721502
   0.0002582600   -0.0003753303    0.0001857402
   0.0001267300    0.0000625797   -0.0002673098
   0.0001844400    0.0003125097   -0.0002461598

28   
  0.0000000000000000   0.0200000000000000   0.0000000000000000
   0.0022730198    0.0022509402    0.0023349598
  -0.0003280002    0.0002417502    0.0001990998
   0.0008323398    0.0007998202    0.0008149498
   0.0001930898   -0.0002101098    0.0002042198
   0.0009613098    0.0008748102    0.0009312398
  -0.0000583302    0.0009414602   -0.0012384502
   0.0008896598    0.0008252202    0.0008856798
   0.0003330998    0.0002714202   -0.0005561202
  -0.0000103402    0.0000223702   -0.0002488102
   0.0008075698    0.0003518802    0.0000404798
   0.0001365898    0.0035544002   -0.0006727602
  -0.0002882902    0.0001915502    0.0003901698
   0.0005176598   -0.0008269398   -0.0004826302
  -0.0004161902    0.0004754502    0.0003645998
  -0.0010744002    0.0036631302    0.0008756498
   0.0000087598   -0.0010811798    0.0006468398
   0.0000143198   -0.0002657098   -0.0000289202
   0.0001406098    0.0004241802   -0.0003095702
  -0.0007296402   -0.0005118598    0.0004521598
  -0.0000838002   -0.0002258798   -0.0000891002
  -0.0002195802   -0.0000623698   -0.0001709002
   0.0000176198    0.0009774402    0.0007376098
   0.0004180298   -0.0004978898   -0.0007416102
   0.0005184398   -0.0005821198    0.0003378498
  -0.0010362802    0.0038882202   -0.0008361302
  -0.0007085102    0.0004368302   -0.0005556202
   0.0009945298   -0.0015646198   -0.0016127702
   0.0003545598   -0.0180461498   -0.0001706802
   0.0003104698    0.0043152102    0.0012147598
  -0.0005804002    0.0006896402   -0.0007262502
  -0.0006219402    0.0003210902    0.0003895098
  -0.0005808702    0.0002832502    0.0002906298
  -0.0002138002    0.0000208402    0.0000076598
  -0.0002405202   -0.0000532898   -0.0000679102
   0.0001064598   -0.0000870998   -0.0003132802
   0.0003826598    0.0001389002   -0.0002951002
  -0.0005182702   -0.0007975298    0.0005123398
   0.0003969698   -0.0002724798    0.0001282398
  -0.0006244902    0.0006201602   -0.0007066302
   0.0000278798    0.0001380502   -0.0000147702
  -0.0001109902    0.0000852502   -0.0001029002
  -0.0005733302    0.0003316402    0.0003411098
   0.0003797898   -0.0006474598    0.0003248898
  -0.0002175802    0.0000252302   -0.0002168102
  -0.0014934902    0.0010280402   -0.0014689802
  -0.0000148202   -0.0002610798   -0.0000155302
   0.0002980498   -0.0006372098    0.0003335598
  -0.0003499802   -0.0006204098   -0.0001588302
  -0.0001145102    0.0001257502   -0.0000836302
  -0.0000126902    0.0000470402   -0.0002862902
   0.0003593598    0.0003394302   -0.0005990402
   0.0000223498   -0.0001654198   -0.0002979502
   0.0004503698    0.0004733102   -0.0004888102
  -0.0002273802   -0.0002135098   -0.0000924302
  -0.0015813202   -0.0015613698    0.0009685298
   0.0002370398   -0.0006760298   -0.0004243302
  -0.0000548902   -0.0000669898   -0.0000094202
   0.0003851998    0.0007046502    0.0004115098
  -0.0002553602    0.0003042702    0.0001506898
   0.0000765898   -0.0002330598    0.0000677898
   0.0002739598   -0.0004043598    0.0002426898
   0.0000539898    0.0000990702   -0.0002577402
   0.0001676498    0.0002904302   -0.0002587102

28   
  0.0000000000000000  -0.0200000000000000   0.0000000000000000
   0.0023789603    0.0024316100    0.0023196806
  -0.0002238497    0.0001713800    0.0001867506
   0.0007956603    0.0009782400    0.0009351406
   0.0001989103   -0.0003126600    0.0001819506
   0.0007921803    0.0007712300    0.0008137306
   0.0004438003   -0.0005257100    0.0006868706
   0.0008654303    0.0009508100    0.0007377706
   0.0002984703    0.0003865500   -0.0005752894
   0.0000690103    0.0000618500   -0.0001339994
  -0.0006010297   -0.0009209000    0.0007346306
  -0.0018051097   -0.0026705500   -0.0003112194
  -0.0002936197    0.0000545000    0.0003815806
   0.0004692103   -0.0007227800   -0.0006060394
   0.0002597503   -0.0006229700   -0.0009105394
   0.0007140503   -0.0042059800   -0.0009425694
   0.0006314103   -0.0000202900   -0.0000241094
   0.0000444403   -0.0000906800    0.0000858906
   0.0000781503    0.0003733000   -0.0002777094
  -0.0008475897   -0.0005442900    0.0005237606
  -0.0000778297   -0.0002829700   -0.0000772194
  -0.0002371697    0.0001151900   -0.0002895294
  -0.0005991897   -0.0001724900   -0.0005099594
   0.0005689503   -0.0005609400   -0.0008316994
  -0.0001409697    0.0006082400   -0.0003261594
   0.0009901203   -0.0038036900    0.0007012206
   0.0005953003   -0.0008680500    0.0000886506
   0.0008993503   -0.0015281500   -0.0015072594
  -0.0007247897    0.0168358700    0.0005892606
  -0.0013722397   -0.0035357500   -0.0004301694
  -0.0000112097   -0.0006373800    0.0007559306
  -0.0005273997    0.0004021200    0.0002702206
  -0.0005478197    0.0003742600    0.0003399106
  -0.0001660297    0.0000627000    0.0000497006
  -0.0002907697   -0.0000858800   -0.0000967694
  -0.0000766097   -0.0003498100   -0.0001475394
   0.0003892203    0.0001054300   -0.0002912794
  -0.0005706897   -0.0007541900    0.0004695306
   0.0003754603   -0.0002876500    0.0000888006
  -0.0004646197    0.0003866900   -0.0008710494
  -0.0000187897    0.0002605000    0.0000191306
   0.0000760003   -0.0000134300    0.0000636406
   0.0006298603   -0.0009103100   -0.0003252194
   0.0002819503   -0.0004802400    0.0003689906
  -0.0002460797   -0.0001023800   -0.0002484994
  -0.0016264797    0.0008869600   -0.0016525294
   0.0000356903   -0.0003072000    0.0000549006
   0.0003981003   -0.0004904100    0.0003263506
   0.0003519103    0.0006449200    0.0005226606
   0.0000763903   -0.0001361200    0.0001309906
   0.0000567403    0.0000009700   -0.0003095894
   0.0003037203    0.0003833700   -0.0005562894
  -0.0000003197    0.0002318000   -0.0002965994
   0.0002451903    0.0002159000   -0.0006664994
  -0.0002357797   -0.0002245100   -0.0000120394
  -0.0015362297   -0.0015311400    0.0009216406
  -0.0004163497    0.0005320300    0.0002579306
   0.0000688203    0.0001047800    0.0000211506
  -0.0009390097   -0.0005283800   -0.0002684294
  -0.0004138897    0.0001824200    0.0003059006
   0.0000668803   -0.0003090400    0.0000729506
   0.0001845403   -0.0002430100    0.0002147306
   0.0000893903    0.0000699800   -0.0003107794
   0.0002884403    0.0001963300   -0.0004153694

28   
  0.0000000000000000   0.0000000000000000   0.0200000000000000
   0.0023472497    0.0023470798    0.0023451905
  -0.0002651703    0.0002014798    0.0001283705
   0.0007743397    0.0008529498    0.0008407105
   0.0001889097   -0.0002572502    0.0002304805
   0.0009621697    0.0008608898    0.0009066605
   0.0004192897   -0.0007522102    0.0004797305
   0.0008453297    0.0009509498    0.0007516205
   0.0002865997    0.0003044698   -0.0005484695
   0.0000483897   -0.0000239602   -0.0002866895
   0.0004205397    0.0000472398   -0.0001673595
  -0.0017890603    0.0002728698    0.0026436405
  -0.0002888603    0.0001103598    0.0004059105
   0.0004829897   -0.0007144002   -0.0006066395
  -0.0004060603    0.0005561598    0.0002982905
  -0.0009844403    0.0005431898    0.0038529605
  -0.0003809403   -0.0009047702    0.0009296705
   0.0000743397   -0.0002402902    0.0000021605
   0.0000893797    0.0003929098   -0.0003565295
  -0.0008421203   -0.0005508702    0.0004821605
  -0.0000793503   -0.0002660502   -0.0000219995
  -0.0001812803    0.0000769598   -0.0002741995
   0.0000312297    0.0010184898    0.0006425705
   0.0004152297   -0.0004714102   -0.0007364895
   0.0008457897   -0.0003808802    0.0006178105
   0.0010273297   -0.0007093402    0.0038308005
  -0.0003975403    0.0000909298   -0.0008743695
   0.0009467697   -0.0015945402   -0.0016512195
  -0.0007943003   -0.0005349202   -0.0168240995
   0.0003937897    0.0013215598    0.0043802905
  -0.0000214203   -0.0007376502    0.0006730205
  -0.0005853503    0.0004174198    0.0002368905
  -0.0005893003    0.0003335598    0.0003246405
  -0.0001636703    0.0000114998    0.0000017005
  -0.0002557503   -0.0001069502   -0.0001371895
  -0.0000600803   -0.0002984402   -0.0001746795
   0.0003883897    0.0001110998   -0.0002865895
  -0.0005185603   -0.0007590702    0.0004669605
   0.0003686397   -0.0002666602    0.0001181705
  -0.0006061003    0.0005806198   -0.0007316895
   0.0000371197    0.0002023998    0.0000173205
   0.0000836997   -0.0000700402    0.0000948205
   0.0003561897   -0.0006262602   -0.0006162295
   0.0002867197   -0.0005898702    0.0002553205
  -0.0002396503   -0.0000554802   -0.0004414295
  -0.0014765903    0.0010230898   -0.0014265495
  -0.0000065003   -0.0003383102    0.0000350305
   0.0003035597   -0.0005614702    0.0002365405
   0.0006229297    0.0003453598    0.0007914505
   0.0000717697   -0.0000940602    0.0000755405
  -0.0000005603   -0.0000042602   -0.0003686595
   0.0003035597    0.0003331698   -0.0006094695
   0.0000346197    0.0000356098   -0.0002692395
   0.0004093597    0.0004218998   -0.0005333895
  -0.0002121403   -0.0002563202   -0.0000521495
  -0.0015805303   -0.0015188502    0.0009178105
  -0.0007236903    0.0002452598    0.0004943505
   0.0000681897   -0.0000085802   -0.0000811395
  -0.0006296003   -0.0002830202   -0.0005516495
  -0.0004242703    0.0001492698    0.0003581805
   0.0000697997   -0.0002799902    0.0001013005
   0.0002829397   -0.0003330102    0.0001528405
   0.0000863497    0.0001025698   -0.0002774795
   0.0001293897    0.0003278698   -0.0002153195

28   
  0.0000000000000000   0.0000000000000000  -0.0200000000000000
   0.0023062900    0.0023220598    0.0023016598
  -0.0002868800    0.0001995498    0.0002488698
   0.0008544500    0.0009121698    0.0009012598
   0.0002046100   -0.0002786602    0.0001473798
   0.0007936300    0.0007732098    0.0008318698
  -0.0000321500    0.0011526398   -0.0010398702
   0.0009107700    0.0008126898    0.0008638998
   0.0003462600    0.0003415698   -0.0005906302
   0.0000115800    0.0000961498   -0.0001018102
  -0.0001924700   -0.0006102402    0.0009273798
   0.0001223000    0.0006187898   -0.0036199602
  -0.0002926600    0.0001230598    0.0003584198
   0.0005041200   -0.0008462202   -0.0004900402
   0.0002480100   -0.0007169802   -0.0008472902
   0.0006168300   -0.0010791902   -0.0039252002
   0.0010023900   -0.0002159802   -0.0002976302
  -0.0000151200   -0.0001267302    0.0000475298
   0.0001295000    0.0003921098   -0.0002373302
  -0.0007339900   -0.0005180302    0.0004860398
  -0.0000812900   -0.0002544402   -0.0001511302
  -0.0002740000   -0.0000351402   -0.0001942802
  -0.0006102500   -0.0002215702   -0.0004243502
   0.0005702900   -0.0005988402   -0.0008440302
  -0.0004850000    0.0004025598   -0.0006276402
  -0.0010731500    0.0007791598   -0.0039775202
   0.0003021100   -0.0005476102    0.0004062598
   0.0009487600   -0.0015116302   -0.0014772002
   0.0003653600    0.0000252898    0.0176604598
  -0.0014495600   -0.0005542402   -0.0035897702
  -0.0005697000    0.0007822098   -0.0006461902
  -0.0005638100    0.0002924598    0.0004166498
  -0.0005384000    0.0003122898    0.0002989098
  -0.0002149200    0.0000599598    0.0000482598
  -0.0002747500   -0.0000438302   -0.0000348802
   0.0000929600   -0.0001474502   -0.0002953202
   0.0003847400    0.0001210198   -0.0003071702
  -0.0005697000   -0.0008050302    0.0005080398
   0.0004052000   -0.0003044902    0.0000919398
  -0.0004839700    0.0004177898   -0.0008510402
  -0.0000274300    0.0001834598   -0.0000208902
  -0.0001212600    0.0001334298   -0.0001447902
  -0.0003170900    0.0000511898    0.0006336198
   0.0003759500   -0.0005501102    0.0004306098
  -0.0002222700   -0.0000342602   -0.0000312702
  -0.0016397000    0.0008822298   -0.0016976502
   0.0000285300   -0.0002408802   -0.0000029102
   0.0003932600   -0.0005788602    0.0004166298
  -0.0006007200   -0.0003236902   -0.0004192002
  -0.0001053100    0.0000680698   -0.0000325702
   0.0000460600    0.0000396098   -0.0002344302
   0.0003608700    0.0003769398   -0.0005533902
  -0.0000113600    0.0000187998   -0.0003324702
   0.0002850500    0.0002531598   -0.0006312102
  -0.0002501600   -0.0001934302   -0.0000585402
  -0.0015359600   -0.0015859802    0.0009651598
   0.0005649700   -0.0004072802   -0.0006835702
  -0.0000533200    0.0000352698    0.0000862998
   0.0000570900    0.0004314298    0.0006813298
  -0.0002457700    0.0003228798    0.0000940898
   0.0000749000   -0.0002743402    0.0000319698
   0.0001773600   -0.0003260202    0.0002963098
   0.0000584100    0.0000535898   -0.0002992902
   0.0003295100    0.0001443598   -0.0004683802

29   
  0.0200000000000000   0.0000000000000000   0.0000000000000000
   0.0023658297    0.0022245598    0.0024429903
  -0.0003038503    0.0002059598    0.0001717903
   0.0008240697    0.0008552698    0.0008891803
   0.0003229697   -0.0001835202    0.0002493103
   0.0007185897    0.0008340898    0.0009192603
   0.0001511597    0.0001153098   -0.0002319197
   0.0002889097    0.0011966398    0.0004508303
   0.0002881997    0.0002964098   -0.0005404097
   0.0000380597    0.0000423798   -0.0002184397
   0.0001528997   -0.0002155802    0.0003058703
  -0.0002535403    0.0011612698   -0.0002681297
  -0.0003748103    0.0001406798    0.0004100403
   0.0005104797   -0.0007842402   -0.0005318597
   0.0000455497   -0.0001686002   -0.0003526497
  -0.0008260603   -0.0005682602   -0.0003256697
   0.0002851997   -0.0006212202    0.0003664403
   0.0006038597   -0.0005232402   -0.0006064597
   0.0001569997    0.0004748498   -0.0003804097
  -0.0007895303   -0.0005111902    0.0004802303
  -0.0001777103   -0.0002562502   -0.0000258497
  -0.0002065203    0.0000118498   -0.0002288597
   0.0034430897   -0.0002710002   -0.0005151297
  -0.0001156303   -0.0002274602   -0.0004617697
   0.0002269797   -0.0000998102    0.0000696903
   0.0005970897    0.0003291798    0.0006186203
  -0.0000868103   -0.0001720802   -0.0002728897
   0.0014852397   -0.0021092802   -0.0019334097
   0.0035782097    0.0008161498    0.0008872003
  -0.0178308403   -0.0000734502    0.0004751103
  -0.0003801603   -0.0000011302   -0.0000248297
  -0.0011871603   -0.0000105802    0.0006835403
  -0.0006560803    0.0002655998    0.0003275403
  -0.0001809003    0.0000162798    0.0000063103
  -0.0001537003    0.0000044098   -0.0001701897
   0.0000257297   -0.0002045902   -0.0002137797
   0.0003610597    0.0001342898   -0.0002680097
  -0.0005366203   -0.0007788302    0.0004875203
   0.0004227697   -0.0003580102    0.0000154903
  -0.0005997503    0.0005015298   -0.0008040497
   0.0001255097    0.0001107598    0.0000825203
  -0.0000053003    0.0000413598    0.0000122103
  -0.0000698903   -0.0002509302   -0.0000039697
   0.0008858997   -0.0011920702    0.0006797703
  -0.0001695203    0.0000246498   -0.0001389697
  -0.0015453503    0.0009716998   -0.0015572497
  -0.0000218003   -0.0003234902    0.0000018603
   0.0002874097   -0.0005945802    0.0003189603
   0.0038767097   -0.0007434302    0.0009928703
   0.0005625997   -0.0003455902    0.0006519903
  -0.0000593803    0.0000228798   -0.0003419097
   0.0003402697    0.0003236898   -0.0005939797
   0.0000570597    0.0001117098   -0.0002225697
   0.0003726597    0.0003264998   -0.0005682697
  -0.0002763103   -0.0002950602   -0.0000929797
  -0.0016045703   -0.0015334102    0.0009528303
  -0.0001769603   -0.0000952702   -0.0000373797
   0.0005715897    0.0003376798   -0.0006212597
   0.0037998697    0.0011104598   -0.0009479397
   0.0002495697    0.0008818298   -0.0001264397
   0.0000392597   -0.0002349802    0.0001239103
   0.0002454297   -0.0003358902    0.0002297803
   0.0001138597   -0.0000198102   -0.0003532897
   0.0001681197    0.0002129098   -0.0003227497

29   
 -0.0200000000000000   0.0000000000000000   0.0000000000000000
   0.0022691098    0.0024442603    0.0022189103
  -0.0002618802    0.0001928503    0.0002211503
   0.0007866298    0.0009078403    0.0008678503
   0.0000499998   -0.0003518897    0.0001426703
   0.0010208298    0.0008021803    0.0008371003
   0.0002249798    0.0002821103   -0.0003080197
   0.0014439898    0.0005696303    0.0011724303
   0.0003275798    0.0003478203   -0.0005835397
   0.0000060498    0.0000280303   -0.0001550997
   0.0000489298   -0.0003594197    0.0004732403
  -0.0013424002   -0.0001793997   -0.0008096797
  -0.0002210102    0.0000902803    0.0003704603
   0.0004592198   -0.0007783697   -0.0005470697
  -0.0002243802    0.0000161403   -0.0001743297
   0.0003583098    0.0001263203    0.0003680103
   0.0003304298   -0.0004986997    0.0002747003
  -0.0005669302    0.0001541803    0.0006821303
   0.0000436798    0.0003085803   -0.0001970197
  -0.0008024002   -0.0005644097    0.0005089703
   0.0000020598   -0.0002671597   -0.0001325297
  -0.0002658902    0.0000283703   -0.0002240697
  -0.0041371202    0.0011450703    0.0008297003
   0.0010920298   -0.0008533597   -0.0011123397
   0.0001268698    0.0001173603   -0.0000585097
  -0.0005688902   -0.0003577597   -0.0006588097
  -0.0000319602   -0.0002792997   -0.0001837797
   0.0003848298   -0.0009869297   -0.0011754697
  -0.0042753402   -0.0008559997   -0.0009500497
   0.0178146898    0.0003104003    0.0000863203
  -0.0002253102    0.0000345803    0.0000720703
   0.0000180598    0.0007114803   -0.0000077097
  -0.0004885002    0.0003777403    0.0003118003
  -0.0002141302    0.0000533503    0.0000591803
  -0.0003915302   -0.0001560197    0.0000133203
  -0.0000106202   -0.0002437697   -0.0002390397
   0.0003955998    0.0000958803   -0.0003102597
  -0.0005681302   -0.0007850297    0.0005023203
   0.0003363098   -0.0002173097    0.0002093303
  -0.0005050802    0.0004938503   -0.0007640797
  -0.0001291502    0.0002721103   -0.0000699297
  -0.0000472002    0.0000193803   -0.0000438997
   0.0000973398   -0.0003306597    0.0000326903
  -0.0002297802    0.0000380603    0.0000281003
  -0.0003069402   -0.0001133997   -0.0003164097
  -0.0015867602    0.0009313103   -0.0015529597
   0.0000277998   -0.0002585497    0.0000456803
   0.0003930798   -0.0005474097    0.0003488803
  -0.0037744002    0.0006692203   -0.0005227997
  -0.0006061102    0.0003141703   -0.0005841597
   0.0000872998    0.0000104303   -0.0002463197
   0.0003074498    0.0003844503   -0.0005531897
  -0.0000477902   -0.0000578997   -0.0003622097
   0.0003081598    0.0003457903   -0.0005789797
  -0.0002026602   -0.0001565297   -0.0000008897
  -0.0015278002   -0.0015730197    0.0009451003
  -0.0000107002   -0.0000664197   -0.0001281697
  -0.0005636202   -0.0003091997    0.0006299103
  -0.0042747602   -0.0008602997    0.0010004903
  -0.0009279402   -0.0004001497    0.0005893703
   0.0000880198   -0.0003214497    0.0000253703
   0.0001975398   -0.0003246497    0.0002366203
   0.0000163198    0.0001735103   -0.0002100297
   0.0002739198    0.0002577203   -0.0003425297

29   
  0.0000000000000000   0.0200000000000000   0.0000000000000000
   0.0022421502    0.0024123000    0.0022308600
  -0.0002630998    0.0001918100    0.0001851900
   0.0007825002    0.0009128600    0.0008972100
   0.0002749102   -0.0001777300    0.0002700100
   0.0008732602    0.0008429500    0.0008885000
   0.0001716902    0.0001593800   -0.0002528200
   0.0006404202    0.0015266200    0.0002292200
   0.0002883102    0.0003118500   -0.0005844900
   0.0000073302   -0.0000073600   -0.0002013500
   0.0001754902   -0.0002208200    0.0003145200
  -0.0002162498    0.0011398300   -0.0003174300
  -0.0002454598    0.0001030600    0.0004279500
   0.0004910302   -0.0007450300   -0.0005435000
  -0.0001751698   -0.0000192600   -0.0001877300
   0.0000983802    0.0003544900    0.0006287300
   0.0002607802   -0.0006364000    0.0003174300
   0.0003707402   -0.0007765400   -0.0003062000
   0.0001913802    0.0005299600   -0.0003774900
  -0.0007551898   -0.0005002300    0.0005002000
  -0.0000817098   -0.0003354400   -0.0000284900
  -0.0002314998    0.0000546700   -0.0002250800
  -0.0010283098    0.0041534100    0.0008201400
   0.0001307002    0.0000352300   -0.0001608400
   0.0000992502    0.0001577900   -0.0000645700
  -0.0003335998   -0.0005955700   -0.0003587100
  -0.0000131798   -0.0003078200   -0.0002390500
   0.0003815602   -0.0010258900   -0.0011876900
   0.0004854202    0.0039084700    0.0009094300
  -0.0006360298   -0.0182164600    0.0003073500
  -0.0003074898   -0.0000618900    0.0000883000
  -0.0002331798    0.0009585500   -0.0003305400
  -0.0006139498    0.0003056100    0.0002773800
  -0.0001819598   -0.0000077400    0.0000495000
  -0.0001917298   -0.0000085500   -0.0001476600
   0.0000362602   -0.0002001800   -0.0002375100
   0.0004050902    0.0001061300   -0.0002637100
  -0.0005568298   -0.0007572400    0.0005020400
   0.0003091102   -0.0002258500    0.0002071300
  -0.0005665498    0.0005299200   -0.0007607000
  -0.0000951698    0.0002540900   -0.0000761500
  -0.0000378698   -0.0000069600    0.0000015400
   0.0000660702   -0.0003179600   -0.0000294500
  -0.0002625398   -0.0000091200    0.0000205700
  -0.0001609798    0.0000150600   -0.0001340400
  -0.0015486598    0.0009594600   -0.0015543900
  -0.0000252798   -0.0003044800    0.0000554000
   0.0003531502   -0.0005460400    0.0003108300
  -0.0007195398    0.0037433800   -0.0004146900
   0.0003035002   -0.0006123300    0.0003595300
   0.0000215802   -0.0000614200   -0.0003389100
   0.0002999502    0.0003811700   -0.0005843300
   0.0000930802    0.0001626600   -0.0002003900
   0.0003421002    0.0001685900   -0.0005749900
  -0.0002891898   -0.0002971300   -0.0000390200
  -0.0015731798   -0.0015214300    0.0009196900
  -0.0001018298   -0.0001565800   -0.0001290300
  -0.0003449498   -0.0005766100    0.0003601200
   0.0007368002    0.0041889000   -0.0009320100
   0.0003104602    0.0008363600   -0.0001206500
   0.0001103202   -0.0003524300    0.0000845800
   0.0002253302   -0.0002934600    0.0002336800
  -0.0000219798    0.0002160500   -0.0001898900
   0.0002342502    0.0002613400   -0.0003035300

29   
  0.0000000000000000  -0.0200000000000000   0.0000000000000000
   0.0024057900    0.0022711197    0.0024303595
  -0.0002899400    0.0002209897    0.0002068295
   0.0008431500    0.0008655997    0.0008599495
   0.0001162100   -0.0003420603    0.0001234995
   0.0008798500    0.0008069097    0.0008673195
   0.0002165100    0.0002502797   -0.0002865005
   0.0011133500    0.0002399097    0.0014121995
   0.0003410300    0.0003472297   -0.0005390005
   0.0000503500    0.0000928297   -0.0001724305
   0.0000393900   -0.0003399103    0.0004653195
  -0.0013704300   -0.0001413503   -0.0007624605
  -0.0003381900    0.0001438497    0.0003523895
   0.0004921300   -0.0008023603   -0.0005358505
   0.0000139400   -0.0001199503   -0.0003411005
  -0.0005600000   -0.0007974303   -0.0006045505
   0.0003699700   -0.0004667003    0.0003224995
  -0.0003060500    0.0004164397    0.0003643295
   0.0000247700    0.0002704897   -0.0002019505
  -0.0008224000   -0.0005599703    0.0004886795
  -0.0000815200   -0.0001714803   -0.0001295905
  -0.0002268400   -0.0000000003   -0.0002276605
   0.0003555800   -0.0032581703   -0.0005064105
   0.0008535700   -0.0010885903   -0.0013957605
   0.0002701100   -0.0001271903    0.0000777295
   0.0003886100    0.0005868497    0.0003332795
  -0.0000907800   -0.0001301303   -0.0002174205
   0.0014996300   -0.0020595203   -0.0019216105
  -0.0011710800   -0.0039452803   -0.0009788905
  -0.0002070000    0.0175675497    0.0002706695
  -0.0002860900    0.0001080497   -0.0000402305
  -0.0009176700   -0.0002293303    0.0009888695
  -0.0005152600    0.0003532897    0.0003620595
  -0.0001991700    0.0000929997    0.0000158595
  -0.0003423000   -0.0001308903   -0.0000069605
  -0.0000077900   -0.0002335803   -0.0002148605
   0.0003651200    0.0001385297   -0.0003145705
  -0.0005348100   -0.0007930503    0.0004881695
   0.0004641100   -0.0003344203    0.0000170295
  -0.0005243200    0.0004803597   -0.0008082405
   0.0001036200    0.0001456897    0.0000867695
  -0.0000009500    0.0000824197   -0.0000332105
  -0.0000228900   -0.0002486703    0.0000567295
   0.0009355500   -0.0011276403    0.0006872895
  -0.0003020400   -0.0000894303   -0.0003233505
  -0.0015703900    0.0009582097   -0.0015563105
   0.0000447500   -0.0002627003   -0.0000074305
   0.0003405800   -0.0005811703    0.0003574995
   0.0008220300   -0.0038135803    0.0008814395
  -0.0003480500    0.0006035497   -0.0003101505
   0.0000214100    0.0001088597   -0.0002489205
   0.0003617700    0.0003416597   -0.0005634405
  -0.0000728100   -0.0000962703   -0.0003865005
   0.0003517200    0.0005188697   -0.0005725105
  -0.0001760500   -0.0001413303   -0.0000557805
  -0.0015456200   -0.0015697003    0.0009780995
  -0.0000714800    0.0000099497   -0.0000366705
   0.0003513300    0.0006115297   -0.0003333105
  -0.0012097000   -0.0039278603    0.0009891395
  -0.0009727000   -0.0003445103    0.0005854195
   0.0000305900   -0.0001882003    0.0000653495
   0.0002315000   -0.0003521803    0.0002320995
   0.0001636000   -0.0000435803   -0.0003712505
   0.0002227000    0.0002241797   -0.0003619905

29   
  0.0000000000000000   0.0000000000000000   0.0200000000000000
   0.0024731406    0.0021680598    0.0024480489
  -0.0002926094    0.0001884098    0.0001778589
   0.0007782806    0.0008795998    0.0008324989
   0.0002996806   -0.0001798402    0.0002453289
   0.0008779806    0.0008101898    0.0009213689
   0.0002358906    0.0002841298   -0.0002971111
   0.0011528106    0.0001987598    0.0013655789
   0.0003335006    0.0003012398   -0.0005771911
  -0.0000020594    0.0000524198   -0.0001690511
   0.0000067206   -0.0003781702    0.0005215589
  -0.0011488394    0.0001872998   -0.0011243311
  -0.0002868294    0.0001623998    0.0003063689
   0.0004984006   -0.0007739302   -0.0005091211
  -0.0001783294   -0.0000063002   -0.0002140111
   0.0000991106    0.0004043198    0.0005812089
   0.0003673506   -0.0005681702    0.0002306789
  -0.0006286394    0.0001669098    0.0006278289
   0.0000074706    0.0003050998   -0.0002261511
  -0.0007813094   -0.0005545202    0.0004558189
  -0.0000356994   -0.0001999302   -0.0001017611
  -0.0002326694    0.0000222698   -0.0002005711
  -0.0009950594    0.0011018498    0.0039685889
   0.0001336606    0.0000894598   -0.0001993811
   0.0002635806   -0.0000711202    0.0000642489
   0.0006224906    0.0003280798    0.0005661489
  -0.0000932294   -0.0002332002   -0.0003049811
   0.0011764706   -0.0017879702   -0.0021723411
   0.0005471706    0.0008077598    0.0039537289
  -0.0001444294    0.0000422198   -0.0177424111
  -0.0003439394    0.0000866698   -0.0000155411
  -0.0009329294   -0.0002848102    0.0009245389
  -0.0005561694    0.0002824998    0.0002401389
  -0.0002257394    0.0000257298    0.0000524189
  -0.0003589094   -0.0001539302   -0.0000251111
  -0.0000017194   -0.0002042802   -0.0002788111
   0.0004075606    0.0001419398   -0.0003038011
  -0.0005548194   -0.0007845602    0.0005133089
   0.0003012506   -0.0001963902    0.0002531889
  -0.0005362494    0.0005259298   -0.0007597111
   0.0000921806    0.0001239198    0.0000772489
   0.0000116706    0.0000179598    0.0000075489
  -0.0000022994   -0.0003318702   -0.0000675911
  -0.0000117994   -0.0002358302   -0.0002240511
  -0.0001451094    0.0000396798   -0.0000830811
  -0.0015417094    0.0009730998   -0.0017541311
  -0.0000123194   -0.0002613102    0.0000029189
   0.0003568506   -0.0005913102    0.0003542389
   0.0008435306   -0.0007187202    0.0040312589
   0.0006126606   -0.0003572502    0.0006036389
  -0.0000308094   -0.0000249602   -0.0003166711
   0.0003387506    0.0003717198   -0.0006245511
   0.0000682606    0.0001340198   -0.0002445311
   0.0003495806    0.0003414698   -0.0005395511
  -0.0002802694   -0.0002050002   -0.0001208611
  -0.0015897394   -0.0015981302    0.0009843989
  -0.0000349794   -0.0001256602   -0.0001081611
  -0.0006161594   -0.0003145002    0.0005728089
  -0.0012086194   -0.0008515002    0.0040819089
   0.0000021606    0.0005822998   -0.0003770911
   0.0001125006   -0.0002645102   -0.0000069311
   0.0002248306   -0.0003262602    0.0002667889
  -0.0000000494    0.0001721198   -0.0002266711
   0.0002085406    0.0002643998   -0.0003179511

29   
  0.0000000000000000   0.0000000000000000  -0.0200000000000000
   0.0021749798    0.0025012906    0.0022245900
  -0.0002640102    0.0002130306    0.0002211500
   0.0008433998    0.0008872806    0.0009321300
   0.0000877098   -0.0003519894    0.0001546200
   0.0008728698    0.0008295706    0.0008413700
   0.0001493398    0.0001169706   -0.0002373100
   0.0005968098    0.0015538306    0.0002784600
   0.0002932298    0.0003456106   -0.0005391900
   0.0000569498    0.0000207206   -0.0001972300
   0.0002078198   -0.0001919994    0.0002628600
  -0.0004234402    0.0008136006    0.0000586100
  -0.0002996102    0.0000718206    0.0004825500
   0.0004813598   -0.0007853394   -0.0005627000
   0.0000145298   -0.0001448694   -0.0003076000
  -0.0005629402   -0.0008612994   -0.0005467100
   0.0002607498   -0.0005476894    0.0004146700
   0.0006728498   -0.0005323094   -0.0005486600
   0.0002041098    0.0004813506   -0.0003439400
  -0.0007992502   -0.0005183894    0.0005398100
  -0.0001306602   -0.0003205094   -0.0000487200
  -0.0002286902    0.0000210406   -0.0002447500
   0.0003206598   -0.0002261794   -0.0036393700
   0.0008468698   -0.0011508694   -0.0013535900
   0.0001002998    0.0000928506   -0.0000464100
  -0.0005884402   -0.0003552194   -0.0005986400
  -0.0000135702   -0.0002157994   -0.0001434000
   0.0007203998   -0.0013235494   -0.0009386200
  -0.0012340502   -0.0008463494   -0.0040207700
  -0.0005229802    0.0000135106    0.0178848300
  -0.0002530102   -0.0000506294    0.0000701100
  -0.0002191302    0.0010070906   -0.0002565600
  -0.0005759102    0.0003637606    0.0004046000
  -0.0001586002    0.0000470306    0.0000203100
  -0.0001775902    0.0000035306   -0.0001227300
   0.0000272298   -0.0002405694   -0.0001671400
   0.0003600198    0.0000906406   -0.0002671900
  -0.0005393302   -0.0007765694    0.0004839300
   0.0004670398   -0.0003739094   -0.0000184100
  -0.0005572902    0.0004725206   -0.0008010600
  -0.0000882202    0.0002641006   -0.0000599800
  -0.0000537702    0.0000460306   -0.0000322500
   0.0000420498   -0.0002460694    0.0001037500
   0.0006643298   -0.0008975494    0.0009312500
  -0.0003228602   -0.0001280594   -0.0003690400
  -0.0015801902    0.0009334506   -0.0013492600
   0.0000292698   -0.0003179694    0.0000516600
   0.0003340998   -0.0005470294    0.0003206700
  -0.0007455002    0.0006479206   -0.0035519200
  -0.0006446202    0.0003310906   -0.0005337900
   0.0000718198    0.0000615506   -0.0002632000
   0.0003200898    0.0003392406   -0.0005151800
  -0.0000493002   -0.0000772794   -0.0003334100
   0.0003417998    0.0003344006   -0.0006004200
  -0.0001877802   -0.0002434494    0.0000322600
  -0.0015326402   -0.0015057194    0.0009214300
  -0.0001403102   -0.0000337594   -0.0000508700
   0.0006378798    0.0003458206   -0.0005536300
   0.0007374798    0.0011030806   -0.0040268600
  -0.0006846302   -0.0001162094    0.0008543100
   0.0000252298   -0.0002881394    0.0001642000
   0.0002290398   -0.0003311194    0.0002060900
   0.0001412498   -0.0000155694   -0.0003291300
   0.0002447598    0.0002082206   -0.0003405800

56   
  0.0200000000000000   0.0000000000000000   0.0000000000000000
   0.0023326406    0.0023291602    0.0023291602
  -0.0003393494    0.0002081902    0.0002081902
   0.0007672806    0.0008271302    0.0008271302
   0.0002106106   -0.0002911598    0.0001676202
   0.0007711706    0.0007689202    0.0008837102
   0.0002106106    0.0001676202   -0.0002911598
   0.0007711706    0.0008837102    0.0007689202
   0.0003500906    0.0003145302   -0.0005609098
   0.0000720706    0.0001000402   -0.0000936398
   0.0000451906   -0.0003081398    0.0003982902
  -0.0007378394    0.0003971902   -0.0005899198
  -0.0002872494    0.0001265502    0.0004151402
   0.0005893606   -0.0008623998   -0.0004434598
   0.0005030406    0.0005609302   -0.0005950498
   0.0037168506    0.0006520302   -0.0008577498
   0.0003500906   -0.0005609098    0.0003145302
   0.0000720706   -0.0000936398    0.0001000402
   0.0000451906    0.0003982902   -0.0003081398
  -0.0007378394   -0.0005899198    0.0003971902
   0.0005030406   -0.0005950498    0.0005609302
   0.0037168506   -0.0008577498    0.0006520302
  -0.0002872494    0.0004151402    0.0001265502
   0.0005893606   -0.0004434598   -0.0008623998
   0.0002125006   -0.0000006498   -0.0000006498
  -0.0000085894    0.0000242302    0.0000242302
  -0.0001187694   -0.0002457998   -0.0002457998
   0.0009215306   -0.0015816498   -0.0015816498
   0.0002747406    0.0003509902   -0.0006284698
  -0.0006659494    0.0003232502    0.0004056402
   0.0002747406   -0.0006284698    0.0003509902
  -0.0006659494    0.0004056402    0.0003232502
  -0.0007650094    0.0003221102    0.0003221102
  -0.0000584894    0.0001195202    0.0001195202
  -0.0008877994    0.0002770702    0.0002770702
   0.0040618106   -0.0012001098   -0.0012001098
   0.0003952106    0.0001042402   -0.0002606998
  -0.0005014894   -0.0008525898    0.0005820202
   0.0003952106   -0.0002606998    0.0001042402
  -0.0005014894    0.0005820202   -0.0008525898
   0.0000346206    0.0001856302    0.0000050202
  -0.0001116694    0.0000773402   -0.0000075398
  -0.0005879094   -0.0006162598    0.0003400102
   0.0002381506   -0.0005828798    0.0003017102
  -0.0002284494   -0.0000371098   -0.0002531398
  -0.0015843294    0.0009208402   -0.0015284698
   0.0006000006   -0.0009344298   -0.0003196198
   0.0003122006   -0.0005275898    0.0002845102
   0.0000346206    0.0000050202    0.0001856302
  -0.0001116694   -0.0000075398    0.0000773402
  -0.0005879094    0.0003400102   -0.0006162598
   0.0002381506    0.0003017102   -0.0005828798
   0.0006000006   -0.0003196198   -0.0009344298
   0.0003122006    0.0002845102   -0.0005275898
  -0.0002284494   -0.0002531398   -0.0000371098
  -0.0015843294   -0.0015284698    0.0009208402
  -0.0177485094   -0.0000855098   -0.0000855098
   0.0040767506    0.0009773202    0.0009773202
  -0.0009036394   -0.0002885498   -0.0002885498
  -0.0002014694    0.0001348402    0.0001348402
   0.0006401206    0.0000615602    0.0007133602
   0.0002810106   -0.0004178398    0.0003106902
   0.0006401206    0.0007133602    0.0000615602
   0.0002810106    0.0003106902   -0.0004178398

56   
 -0.0200000000000000   0.0000000000000000   0.0000000000000000
   0.0023228810    0.0023309598    0.0023309598
  -0.0002082890    0.0001819198    0.0001819198
   0.0008632210    0.0009276998    0.0009276998
   0.0001830110   -0.0002510202    0.0002227298
   0.0009866210    0.0008593998    0.0008695998
   0.0001830110    0.0002227298   -0.0002510202
   0.0009866210    0.0008695998    0.0008593998
   0.0002852010    0.0003230098   -0.0005650802
  -0.0000113190   -0.0000388302   -0.0002833802
   0.0001770810   -0.0002728802    0.0003779598
  -0.0008350090    0.0005882298   -0.0004885602
  -0.0002908990    0.0000980498    0.0003626198
   0.0003975110   -0.0007072002   -0.0006381202
  -0.0006681090   -0.0007321002    0.0000670598
  -0.0042671390   -0.0012001302    0.0009841598
   0.0002852010   -0.0005650802    0.0003230098
  -0.0000113190   -0.0002833802   -0.0000388302
   0.0001770810    0.0003779598   -0.0002728802
  -0.0008350090   -0.0004885602    0.0005882298
  -0.0006681090    0.0000670598   -0.0007321002
  -0.0042671390    0.0009841598   -0.0012001302
  -0.0002908990    0.0003626198    0.0000980498
   0.0003975110   -0.0006381202   -0.0007072002
   0.0001615010    0.0000109398    0.0000109398
   0.0000616310   -0.0000583502   -0.0000583502
   0.0000186310   -0.0002131402   -0.0002131402
   0.0009760410   -0.0015323002   -0.0015323002
  -0.0008692290   -0.0003083102    0.0006646498
  -0.0004797390    0.0003426498    0.0002953498
  -0.0008692290    0.0006646498   -0.0003083102
  -0.0004797390    0.0002953498    0.0003426498
  -0.0003598790    0.0003148598    0.0003148598
  -0.0003152990   -0.0000565402   -0.0000565402
   0.0003552210   -0.0004298602   -0.0004298602
  -0.0039320990    0.0006520998    0.0006520998
   0.0003804610    0.0001191498   -0.0003193802
  -0.0005823790   -0.0007202602    0.0004056798
   0.0003804610   -0.0003193802    0.0001191498
  -0.0005823790    0.0004056798   -0.0007202602
  -0.0000224290    0.0001905198    0.0000046698
   0.0000767210   -0.0000228802   -0.0000266002
   0.0006392010    0.0000333998   -0.0003208902
   0.0004268710   -0.0005665202    0.0003987698
  -0.0002315490   -0.0000603302   -0.0002061002
  -0.0015297590    0.0009750898   -0.0015847102
  -0.0005682390    0.0003348298    0.0003625898
   0.0003869510   -0.0006225102    0.0003815898
  -0.0000224290    0.0000046698    0.0001905198
   0.0000767210   -0.0000266002   -0.0000228802
   0.0006392010   -0.0003208902    0.0000333998
   0.0004268710    0.0003987698   -0.0005665202
  -0.0005682390    0.0003625898    0.0003348298
   0.0003869510    0.0003815898   -0.0006225102
  -0.0002315490   -0.0002061002   -0.0000603302
  -0.0015297590   -0.0015847102    0.0009750898
   0.0175837510   -0.0000733402   -0.0000733402
  -0.0039624690   -0.0008670202   -0.0008670202
   0.0003381410    0.0004297198    0.0004297198
  -0.0004641690    0.0003287698    0.0003287698
  -0.0004859390   -0.0006221002   -0.0005545402
   0.0001827010   -0.0002505502    0.0001548098
  -0.0004859390   -0.0005545402   -0.0006221002
   0.0001827010    0.0001548098   -0.0002505502

57   
  0.0200000000000000   0.0000000000000000   0.0000000000000000
   0.0022966795    0.0023509298    0.0023509298
  -0.0003077405    0.0001743298    0.0001743298
   0.0007486095    0.0008528998    0.0008528998
   0.0001675395   -0.0002892902    0.0002171698
   0.0008889195    0.0008324898    0.0008568598
   0.0001675395    0.0002171698   -0.0002892902
   0.0008889195    0.0008568598    0.0008324898
   0.0003649295    0.0004027398   -0.0004642302
   0.0000519195    0.0000317898   -0.0001905102
   0.0001553395   -0.0003728102    0.0003001298
  -0.0008480805    0.0005189998   -0.0005671702
  -0.0002431505    0.0000345898    0.0004815698
   0.0005020895   -0.0008076002   -0.0005150702
  -0.0000277005    0.0000067598   -0.0003545602
   0.0003333595    0.0004010798    0.0003616698
   0.0003649295   -0.0004642302    0.0004027398
   0.0000519195   -0.0001905102    0.0000317898
   0.0001553395    0.0003001298   -0.0003728102
  -0.0008480805   -0.0005671702    0.0005189998
  -0.0000277005   -0.0003545602    0.0000067598
   0.0003333595    0.0003616698    0.0004010798
  -0.0002431505    0.0004815698    0.0000345898
   0.0005020895   -0.0005150702   -0.0008076002
   0.0001490095    0.0000585198    0.0000585198
   0.0000491295   -0.0000149802   -0.0000149802
  -0.0000894105   -0.0002835302   -0.0002835302
   0.0008854895   -0.0015386802   -0.0015386802
  -0.0003374205   -0.0000379902    0.0000735898
  -0.0000188705   -0.0000097502   -0.0002694502
  -0.0003374205    0.0000735898   -0.0000379902
  -0.0000188705   -0.0002694502   -0.0000097502
  -0.0004431905    0.0004051098    0.0004051098
  -0.0003821005    0.0000333398    0.0000333398
  -0.0001474205   -0.0001706702   -0.0001706702
  -0.0006006405   -0.0005616502   -0.0005616502
   0.0005025995    0.0000256898   -0.0001972102
  -0.0005344905   -0.0007634502    0.0005207398
   0.0005025995   -0.0001972102    0.0000256898
  -0.0005344905    0.0005207398   -0.0007634502
  -0.0000870205    0.0002412398    0.0000220398
   0.0000046195    0.0000280398   -0.0000144602
  -0.0000720705   -0.0003446202   -0.0000042902
  -0.0002732805   -0.0002414602    0.0000140998
  -0.0003244505   -0.0000994302   -0.0002104402
  -0.0015485105    0.0009264298   -0.0015902102
  -0.0000781705   -0.0002404702    0.0000106898
   0.0009090395   -0.0012033502    0.0006805898
  -0.0000870205    0.0000220398    0.0002412398
   0.0000046195   -0.0000144602    0.0000280398
  -0.0000720705   -0.0000042902   -0.0003446202
  -0.0002732805    0.0000140998   -0.0002414602
  -0.0000781705    0.0000106898   -0.0002404702
   0.0009090395    0.0006805898   -0.0012033502
  -0.0003244505   -0.0002104402   -0.0000994302
  -0.0015485105   -0.0015902102    0.0009264298
   0.0038864695    0.0007911198    0.0007911198
  -0.0173037705   -0.0001576202   -0.0001576202
   0.0035724295   -0.0006866702   -0.0006866702
  -0.0009499005    0.0005710698    0.0005710698
   0.0040286895   -0.0011334902    0.0009257198
   0.0008023495   -0.0006930602    0.0008761398
   0.0040286895    0.0009257198   -0.0011334902
   0.0008023495    0.0008761398   -0.0006930602

57   
 -0.0200000000000000   0.0000000000000000   0.0000000000000000
   0.0023596997    0.0023104397    0.0023104397
  -0.0002397503    0.0002171997    0.0002171997
   0.0008829897    0.0009042297    0.0009042297
   0.0002272797   -0.0002519503    0.0001737997
   0.0008686897    0.0007966097    0.0008982097
   0.0002272797    0.0001737997   -0.0002519503
   0.0008686897    0.0008982097    0.0007966097
   0.0002723897    0.0002372897   -0.0006600203
   0.0000110397    0.0000322597   -0.0001846403
   0.0000683597   -0.0002091203    0.0004769297
  -0.0007240403    0.0004681097   -0.0005132003
  -0.0003372503    0.0001922797    0.0002971097
   0.0004872497   -0.0007611803   -0.0005656903
  -0.0001313903   -0.0001676403   -0.0001735703
  -0.0007937603   -0.0008660203   -0.0003292503
   0.0002723897   -0.0006600203    0.0002372897
   0.0000110397   -0.0001846403    0.0000322597
   0.0000683597    0.0004769297   -0.0002091203
  -0.0007240403   -0.0005132003    0.0004681097
  -0.0001313903   -0.0001735703   -0.0001676403
  -0.0007937603   -0.0003292503   -0.0008660203
  -0.0003372503    0.0002971097    0.0001922797
   0.0004872497   -0.0005656903   -0.0007611803
   0.0002255397   -0.0000473403   -0.0000473403
   0.0000040197   -0.0000181803   -0.0000181803
  -0.0000096603   -0.0001736103   -0.0001736103
   0.0010127497   -0.0015745703   -0.0015745703
  -0.0002505703    0.0000834197   -0.0000457803
  -0.0011354303    0.0006788097    0.0009824697
  -0.0002505703   -0.0000457803    0.0000834197
  -0.0011354303    0.0009824697    0.0006788097
  -0.0006845003    0.0002323397    0.0002323397
   0.0000060797    0.0000306497    0.0000306497
  -0.0003827003    0.0000125997    0.0000125997
   0.0006383897    0.0001140497    0.0001140497
   0.0002757897    0.0001982697   -0.0003823503
  -0.0005514903   -0.0008072803    0.0004686097
   0.0002757897   -0.0003823503    0.0001982697
  -0.0005514903    0.0004686097   -0.0008072803
   0.0001002997    0.0001354097   -0.0000110703
  -0.0000375803    0.0000271297   -0.0000183203
   0.0001203797   -0.0002432203    0.0000314197
   0.0009356297   -0.0009001003    0.0006809697
  -0.0001358103    0.0000021997   -0.0002477603
  -0.0015650803    0.0009709497   -0.0015223103
   0.0001021297   -0.0003469403    0.0000361497
  -0.0002023303    0.0000446297   -0.0000109903
   0.0001002997   -0.0000110703    0.0001354097
  -0.0000375803   -0.0000183203    0.0000271297
   0.0001203797    0.0000314197   -0.0002432203
   0.0009356297    0.0006809697   -0.0009001003
   0.0001021297    0.0000361497   -0.0003469403
  -0.0002023303   -0.0000109903    0.0000446297
  -0.0001358103   -0.0002477603    0.0000021997
  -0.0015650803   -0.0015223103    0.0009709497
  -0.0041507003   -0.0010519103   -0.0010519103
   0.0173102197    0.0001216897    0.0001216897
  -0.0042308103    0.0009251197    0.0009251197
   0.0002867097   -0.0001134503   -0.0001134503
  -0.0037856303    0.0004815997   -0.0006880303
  -0.0003330103    0.0000235897   -0.0004010403
  -0.0037856303   -0.0006880303    0.0004815997
  -0.0003330103   -0.0004010403    0.0000235897

58   
  0.0000000000000000   0.0200000000000000   0.0000000000000000
   0.0023059797    0.0023328802    0.0023372997
  -0.0002866203    0.0002040802    0.0002013097
   0.0008364897    0.0008560102    0.0008980397
   0.0002224297   -0.0002436898    0.0001877897
   0.0009648097    0.0008732502    0.0008135597
   0.0001710597    0.0001392702   -0.0002596403
   0.0007807697    0.0009201702    0.0007451197
   0.0002961997    0.0003300702   -0.0005308903
  -0.0000459603    0.0000880002   -0.0000965603
   0.0001140197   -0.0002455198    0.0003884097
  -0.0007176603    0.0005289102   -0.0004345103
  -0.0009216903    0.0006879702    0.0000660197
   0.0005373197   -0.0008215698   -0.0005858403
  -0.0000713603   -0.0001372698   -0.0002489503
  -0.0002786503   -0.0002555598   -0.0000276603
   0.0003219797   -0.0005444998    0.0003501597
  -0.0000636703   -0.0000552498    0.0001196497
   0.0001002297    0.0001919502   -0.0002836403
  -0.0007095203   -0.0004179598    0.0005857497
  -0.0001143403   -0.0002465098   -0.0000860903
  -0.0002224703   -0.0000676598   -0.0002744003
  -0.0006534703   -0.0002048998    0.0004568697
   0.0004851897   -0.0006345298   -0.0008349503
   0.0001583197    0.0000198002   -0.0000206603
  -0.0000220703   -0.0001005398   -0.0000014803
  -0.0000568703   -0.0001870098   -0.0002263003
   0.0010039097   -0.0016583798   -0.0015463703
   0.0003467197    0.0006342902   -0.0003368003
   0.0003664297    0.0043383902   -0.0005812903
   0.0000397397   -0.0006033898    0.0003719097
  -0.0015979203    0.0044548402   -0.0006754003
  -0.0002347603    0.0009039702    0.0009586197
  -0.0002781403    0.0000854102    0.0001027497
  -0.0002711203   -0.0000378998   -0.0000789403
   0.0001008697   -0.0001760598   -0.0001529603
   0.0003516797    0.0001206302   -0.0002739803
  -0.0005225303   -0.0008021798    0.0004729097
   0.0003666397   -0.0003493398    0.0000960397
  -0.0005678003    0.0004708302   -0.0008043203
  -0.0003306303    0.0007687202   -0.0006401703
  -0.0000693303   -0.0000061198    0.0000352797
   0.0000232497   -0.0002617498    0.0000118297
   0.0003732297   -0.0005994998    0.0003988597
   0.0004244997    0.0005422402    0.0001123197
  -0.0014986503    0.0010201202   -0.0016490603
   0.0000191497   -0.0003472298    0.0000088597
   0.0002763297   -0.0005275598    0.0002495497
   0.0003267597    0.0005882302   -0.0004433803
  -0.0000300703   -0.0000991498    0.0000828697
   0.0000173997    0.0000508602   -0.0002936703
   0.0003352797    0.0002649802   -0.0005205203
   0.0000344697    0.0000364002   -0.0002740303
   0.0004348897    0.0004603802   -0.0006632503
  -0.0006086603   -0.0008558998   -0.0004133103
  -0.0016298303   -0.0013926698    0.0008525097
  -0.0004458903    0.0004824502    0.0005450497
  -0.0007499503    0.0038642502    0.0007669297
  -0.0001745403   -0.0182360498    0.0000555397
   0.0007336797    0.0043768302    0.0013098597
  -0.0005503903    0.0002801902    0.0004161597
   0.0002751597   -0.0004148198    0.0002263997
   0.0004079697   -0.0005277898   -0.0006234103
   0.0001717197    0.0001418802   -0.0003417803

58   
  0.0000000000000000  -0.0200000000000000   0.0000000000000000
   0.0023423798    0.0023371203    0.0023252097
  -0.0002684702    0.0001975403    0.0001919497
   0.0007859198    0.0009107103    0.0008603897
   0.0001651798   -0.0002885697    0.0002050497
   0.0007845598    0.0007674003    0.0009412697
   0.0002156598    0.0002610703   -0.0002803403
   0.0009680598    0.0008410103    0.0008870597
   0.0003309398    0.0003162103   -0.0005905603
   0.0000996098   -0.0000134397   -0.0002763303
   0.0001014098   -0.0003253697    0.0003913497
  -0.0008620302    0.0004646603   -0.0006428403
   0.0003257398   -0.0004465497    0.0007149897
   0.0004430098   -0.0007373497   -0.0004919003
  -0.0000931502   -0.0000125697   -0.0002770203
  -0.0001820802   -0.0001899797    0.0000633197
   0.0003057798   -0.0005711397    0.0002900897
   0.0001188998   -0.0003141197   -0.0000540003
   0.0001138298    0.0005939203   -0.0002947503
  -0.0008708602   -0.0006514997    0.0004040197
  -0.0000505202   -0.0002733297   -0.0000712603
  -0.0002379702    0.0001112303   -0.0001768903
   0.0000732998    0.0009969203   -0.0002363703
   0.0004969398   -0.0004381297   -0.0007330203
   0.0002082698    0.0000009503    0.0000343697
   0.0000683198    0.0000773803   -0.0000291703
  -0.0000501802   -0.0002621797   -0.0002298703
   0.0008862098   -0.0014468397   -0.0015648003
  -0.0009530102   -0.0005867797    0.0003688197
  -0.0016142002   -0.0037605897    0.0013785697
  -0.0006279202    0.0006344603   -0.0003160903
   0.0003511298   -0.0036477197    0.0012499997
  -0.0008957602   -0.0002504497   -0.0003090003
  -0.0001054302   -0.0000110997   -0.0000349803
  -0.0002637302   -0.0001116897   -0.0000775303
  -0.0000754902   -0.0002710397   -0.0003006103
   0.0004162498    0.0001119403   -0.0003036203
  -0.0005710502   -0.0007597297    0.0005179497
   0.0004021198   -0.0002212397    0.0001301997
  -0.0005248702    0.0005278603   -0.0007638903
   0.0003348798   -0.0003766797    0.0006430097
   0.0000293198    0.0000702603   -0.0000665003
   0.0000166398   -0.0003170397    0.0000169097
   0.0002867698   -0.0005392597    0.0003052697
  -0.0008807902   -0.0006234997   -0.0005668803
  -0.0016205102    0.0008877403   -0.0014610303
  -0.0000019302   -0.0002312697    0.0000402997
   0.0004173698   -0.0006135397    0.0004208297
  -0.0003242902   -0.0005756797    0.0008324497
  -0.0000101902    0.0000763903   -0.0000265803
   0.0000231298   -0.0000148897   -0.0002923803
   0.0003248598    0.0004445503   -0.0006254203
  -0.0000163502    0.0000197703   -0.0003121603
   0.0002567898    0.0002138403   -0.0004830003
   0.0001354498    0.0004027303    0.0003123997
  -0.0014924202   -0.0017081397    0.0010464197
   0.0002750298   -0.0006496097   -0.0007218703
   0.0008558798   -0.0039389297   -0.0008395703
   0.0000582098    0.0177878503   -0.0000880903
  -0.0013122702   -0.0038077297   -0.0007487903
   0.0007016198   -0.0008417897   -0.0002704003
   0.0001784698   -0.0002420497    0.0002394097
  -0.0002744402    0.0006879403    0.0000694697
   0.0002819798    0.0003300503   -0.0003235503

58   
  0.0200000000000000   0.0000000000000000   0.0000000000000000
   0.0022431695    0.0023136102    0.0023136102
  -0.0002692205    0.0001914102    0.0001914102
   0.0007874095    0.0009019702    0.0009019702
   0.0001982495   -0.0002452798    0.0002083802
   0.0009778995    0.0008990802    0.0007800102
   0.0001982495    0.0002083802   -0.0002452798
   0.0009778995    0.0007800102    0.0008990802
   0.0002496595    0.0003345602   -0.0005757498
   0.0000775995   -0.0000356698   -0.0002765498
   0.0001465895   -0.0002855698    0.0003893902
  -0.0007388605    0.0005399602   -0.0004335398
   0.0002719395   -0.0005013598    0.0007114102
   0.0003948695   -0.0007323598   -0.0005469998
  -0.0000778405   -0.0000981098   -0.0002919098
  -0.0003210605   -0.0002765498    0.0000281902
   0.0002496595   -0.0005757498    0.0003345602
   0.0000775995   -0.0002765498   -0.0000356698
   0.0001465895    0.0003893902   -0.0002855698
  -0.0007388605   -0.0004335398    0.0005399602
  -0.0000778405   -0.0002919098   -0.0000981098
  -0.0003210605    0.0000281902   -0.0002765498
   0.0002719395    0.0007114102   -0.0005013598
   0.0003948695   -0.0005469998   -0.0007323598
   0.0001198795    0.0000186802    0.0000186802
  -0.0000166105   -0.0000612098   -0.0000612098
  -0.0000260305   -0.0002284298   -0.0002284298
   0.0009293995   -0.0015170498   -0.0015170498
   0.0002872095    0.0006814102   -0.0003293598
   0.0034043995    0.0012659402   -0.0005729898
   0.0002872095   -0.0003293598    0.0006814102
   0.0034043995   -0.0005729898    0.0012659402
  -0.0012036405   -0.0000280198   -0.0000280198
  -0.0000556905   -0.0000569898   -0.0000569898
  -0.0004629305   -0.0000829898   -0.0000829898
   0.0001400795   -0.0001362098   -0.0001362098
   0.0003922995    0.0000880102   -0.0002809698
  -0.0005732205   -0.0007609098    0.0004722402
   0.0003922995   -0.0002809698    0.0000880102
  -0.0005732205    0.0004722402   -0.0007609098
  -0.0006075305    0.0005113202   -0.0003353698
  -0.0001153205   -0.0000257698   -0.0000199198
   0.0000504295   -0.0002947298    0.0000145802
   0.0002377595   -0.0005246898    0.0003601502
   0.0003602095    0.0006107102    0.0001162202
  -0.0015043805    0.0010270402   -0.0016447298
   0.0000157895   -0.0003116398    0.0000520502
   0.0003921195   -0.0006441698    0.0004216502
  -0.0006075305   -0.0003353698    0.0005113202
  -0.0001153205   -0.0000199198   -0.0000257698
   0.0000504295    0.0000145802   -0.0002947298
   0.0002377595    0.0003601502   -0.0005246898
   0.0000157895    0.0000520502   -0.0003116398
   0.0003921195    0.0004216502   -0.0006441698
   0.0003602095    0.0001162202    0.0006107102
  -0.0015043805   -0.0016447298    0.0010270402
  -0.0007091905    0.0002597802    0.0002597802
   0.0039498895   -0.0008393198   -0.0008393198
  -0.0179326605   -0.0002183798   -0.0002183798
   0.0038197695    0.0012913002    0.0012913002
   0.0006328995   -0.0009057498   -0.0002734798
   0.0001914795   -0.0002803398    0.0001840102
   0.0006328995   -0.0002734798   -0.0009057498
   0.0001914795    0.0001840102   -0.0002803398

58   
 -0.0200000000000000   0.0000000000000000   0.0000000000000000
   0.0023929705    0.0023510805    0.0023510805
  -0.0002974195    0.0002032205    0.0002032205
   0.0008238005    0.0008576305    0.0008576305
   0.0001768405   -0.0002937795    0.0001845605
   0.0007572805    0.0007324405    0.0009775305
   0.0001768405    0.0001845605   -0.0002937795
   0.0007572805    0.0009775305    0.0007324405
   0.0003665005    0.0003067105   -0.0005458895
  -0.0000351095    0.0001042805   -0.0000962895
   0.0000571305   -0.0002916295    0.0003912005
  -0.0008528495    0.0004473405   -0.0006424395
  -0.0008762495    0.0007398505    0.0000702305
   0.0005760805   -0.0008338595   -0.0005306195
  -0.0000988295   -0.0000581495   -0.0002332395
  -0.0001503795   -0.0001744295    0.0000088405
   0.0003665005   -0.0005458895    0.0003067105
  -0.0000351095   -0.0000962895    0.0001042805
   0.0000571305    0.0003912005   -0.0002916295
  -0.0008528495   -0.0006424395    0.0004473405
  -0.0000988295   -0.0002332395   -0.0000581495
  -0.0001503795    0.0000088405   -0.0001744295
  -0.0008762495    0.0000702305    0.0007398505
   0.0005760805   -0.0005306195   -0.0008338595
   0.0002347905   -0.0000041895   -0.0000041895
   0.0000503905    0.0000302605    0.0000302605
  -0.0000929895   -0.0002266695   -0.0002266695
   0.0009490005   -0.0015925595   -0.0015925595
  -0.0009000295   -0.0006422195    0.0003603305
  -0.0046658095   -0.0006909995    0.0013718305
  -0.0009000295    0.0003603305   -0.0006422195
  -0.0046658095    0.0013718305   -0.0006909995
   0.0000545505    0.0006617705    0.0006617705
  -0.0003373095    0.0001234205    0.0001234205
  -0.0000842095   -0.0000729395   -0.0000729395
  -0.0001234595   -0.0003149195   -0.0003149195
   0.0003641305    0.0001390805   -0.0002956895
  -0.0005319295   -0.0008069895    0.0005200505
   0.0003641305   -0.0002956895    0.0001390805
  -0.0005319295    0.0005200505   -0.0008069895
   0.0006052405   -0.0001382495    0.0003567005
   0.0000613405    0.0000827505   -0.0000100395
  -0.0000221295   -0.0002911395    0.0000155705
   0.0004084005   -0.0006199495    0.0003447105
  -0.0008309195   -0.0006932695   -0.0005679995
  -0.0016264795    0.0008750705   -0.0014654595
  -0.0000095895   -0.0002736895   -0.0000027095
   0.0002903205   -0.0005036295    0.0002494105
   0.0006052405    0.0003567005   -0.0001382495
   0.0000613405   -0.0000100395    0.0000827505
  -0.0000221295    0.0000155705   -0.0002911395
   0.0004084005    0.0003447105   -0.0006199495
  -0.0000095895   -0.0000027095   -0.0002736895
   0.0002903205    0.0002494105   -0.0005036295
  -0.0008309195   -0.0005679995   -0.0006932695
  -0.0016264795   -0.0014654595    0.0008750705
   0.0005191705   -0.0004179695   -0.0004179695
  -0.0038436095    0.0007657605    0.0007657605
   0.0185233605    0.0001326305    0.0001326305
  -0.0044035595   -0.0007273895   -0.0007273895
  -0.0004963795    0.0003350205    0.0004200305
   0.0002506805   -0.0003842295    0.0002839105
  -0.0004963795    0.0004200305    0.0003350205
   0.0002506805    0.0002839105   -0.0003842295

59   
  0.0000000000000000   0.0200000000000000   0.0000000000000000
   0.0022165308    0.0023193905    0.0022651502
  -0.0002680392    0.0001778805    0.0002189402
   0.0008180408    0.0008886105    0.0008789502
   0.0002807808   -0.0001491295    0.0001366302
   0.0009092408    0.0008144305    0.0008868302
   0.0001229608    0.0002284705   -0.0003843198
   0.0008912108    0.0008278705    0.0008086902
   0.0002193908    0.0004503705   -0.0004729598
   0.0000378808    0.0000451505   -0.0001618298
   0.0001843508   -0.0002451195    0.0004767102
  -0.0008038092    0.0005279505   -0.0005490598
  -0.0002547992    0.0000306405    0.0003797502
  -0.0001310992   -0.0001963195   -0.0001873798
  -0.0001056392   -0.0001020895   -0.0002901098
  -0.0002475292   -0.0002847895    0.0000001202
   0.0002451908   -0.0005160895    0.0004126802
   0.0000112208   -0.0001732495    0.0000584302
   0.0001978608    0.0005211105   -0.0002027498
  -0.0007746592   -0.0007077295    0.0004491502
  -0.0000593692   -0.0002854395   -0.0001034098
  -0.0002603592    0.0000278605   -0.0002124998
  -0.0003500592    0.0003013205    0.0001031602
   0.0008021008   -0.0011523095   -0.0011066098
   0.0001505708   -0.0000177295    0.0000278502
   0.0000336608   -0.0000056395   -0.0000456898
  -0.0000108292   -0.0003133395   -0.0002140298
   0.0009351808   -0.0015276295   -0.0015628298
  -0.0002222892    0.0000793605   -0.0000701598
   0.0000605008    0.0009152705    0.0006961202
  -0.0003756092    0.0001437305   -0.0000527998
  -0.0009325692   -0.0002641195   -0.0000188398
  -0.0014138792    0.0043351705    0.0011908702
  -0.0005469792    0.0006137705    0.0006611202
  -0.0001737992   -0.0000209895    0.0000138102
   0.0000064808   -0.0002025895   -0.0002363998
   0.0003940608    0.0000160905   -0.0003483898
  -0.0005793692   -0.0007738095    0.0004781302
   0.0003216608   -0.0003224495    0.0000635002
  -0.0005417492    0.0004420205   -0.0007712398
  -0.0000085292    0.0001141705    0.0000521402
   0.0003176708    0.0006104005   -0.0006602898
   0.0000622808   -0.0003235695    0.0000639602
   0.0003283808   -0.0005535895    0.0003502602
   0.0006289408    0.0038924105   -0.0011341298
  -0.0008489492    0.0015221405   -0.0018760498
  -0.0000957292   -0.0002500195   -0.0000377298
   0.0003261308   -0.0006305895    0.0003438702
  -0.0000690792   -0.0000359195    0.0002362002
  -0.0003556692    0.0005556405   -0.0005990798
   0.0000331908   -0.0000577295   -0.0002520698
   0.0003251808    0.0003791505   -0.0005760898
   0.0000997308    0.0000655205   -0.0003665898
   0.0003675708    0.0003474505   -0.0005915098
  -0.0009759592    0.0036368605   -0.0008183098
  -0.0012585392   -0.0022086195    0.0013361202
  -0.0001877092   -0.0000298395   -0.0000082398
   0.0003429508    0.0005784805    0.0006409602
   0.0006778108    0.0041202505    0.0010552102
  -0.0001564092   -0.0177043395    0.0000380502
   0.0001174608   -0.0003125995    0.0000207702
  -0.0003970692    0.0002229305   -0.0001058898
   0.0000592108   -0.0000172595   -0.0003301398
  -0.0001193092   -0.0003672395    0.0000032902

59   
  0.0000000000000000  -0.0200000000000000   0.0000000000000000
   0.0024236302    0.0023390305    0.0023963005
  -0.0002944898    0.0002136405    0.0001699405
   0.0007973002    0.0008672305    0.0008752005
   0.0000991902   -0.0003915595    0.0002524305
   0.0008342802    0.0008145005    0.0008671205
   0.0002549302    0.0001619805   -0.0001588195
   0.0008507302    0.0009251405    0.0008184105
   0.0004001702    0.0001873705   -0.0006527095
   0.0000094502    0.0000171005   -0.0002140995
   0.0000247902   -0.0003339795    0.0003010105
  -0.0007814698    0.0004564905   -0.0005309795
  -0.0003383098    0.0001920305    0.0003981205
   0.0010940402   -0.0013649795   -0.0008928795
  -0.0000662998   -0.0000579795   -0.0002394795
  -0.0002196998   -0.0001706495    0.0000336005
   0.0003770702   -0.0006122795    0.0002238505
   0.0000359202   -0.0002045295    0.0000040205
   0.0000080802    0.0002519205   -0.0003789795
  -0.0008133498   -0.0003751795    0.0005362005
  -0.0001129798   -0.0002450595   -0.0000577495
  -0.0002074598    0.0000043005   -0.0002429395
  -0.0002442898    0.0004756905    0.0001203205
   0.0001794802    0.0000635105   -0.0004704495
   0.0002083202    0.0000279905   -0.0000174295
   0.0000039602   -0.0000297395    0.0000123805
  -0.0001043998   -0.0001457395   -0.0002451695
   0.0009464502   -0.0015872295   -0.0015514495
  -0.0003820198   -0.0000362195    0.0000968005
  -0.0012330798   -0.0002570795    0.0000034705
  -0.0002266498   -0.0001218195    0.0000987105
  -0.0002212898    0.0009694305    0.0006923105
   0.0001865002   -0.0036007995   -0.0004624095
   0.0001544202   -0.0005441695   -0.0005872195
  -0.0003691098   -0.0001373995   -0.0001715895
   0.0000127302   -0.0002532295   -0.0002191995
   0.0003667002    0.0002045105   -0.0002330695
  -0.0005223798   -0.0007981895    0.0005092505
   0.0004405202   -0.0002581595    0.0001608705
  -0.0005584498    0.0005463905   -0.0007996195
   0.0000064702    0.0002602605   -0.0000424295
  -0.0003631198   -0.0005500795    0.0006162705
  -0.0000301498   -0.0002654895   -0.0000392795
   0.0003231402   -0.0005962395    0.0003502905
  -0.0010075298   -0.0038928695    0.0005813205
  -0.0022676498    0.0003813605   -0.0012415895
   0.0001053202   -0.0003371395    0.0000806705
   0.0003578102   -0.0005194395    0.0003216405
   0.0000657802    0.0000448705    0.0001402905
   0.0003102402   -0.0005973995    0.0006633905
   0.0000005002    0.0000842705   -0.0003384895
   0.0003272802    0.0003211305   -0.0005740195
  -0.0000901098   -0.0000223095   -0.0002206795
   0.0003160702    0.0003179605   -0.0005582695
   0.0005976202   -0.0042001195    0.0008151405
  -0.0018771198   -0.0009013895    0.0005514705
   0.0000054302   -0.0001420495   -0.0001625795
  -0.0003420098   -0.0005690895   -0.0006342495
  -0.0013467498   -0.0040715295   -0.0010028695
   0.0003915202    0.0182217005    0.0004497505
   0.0000151302   -0.0002511095    0.0001261405
   0.0008556202   -0.0008992095    0.0005725305
   0.0000732202    0.0001648305   -0.0002330195
   0.0005603502    0.0008267905   -0.0006655095

59   
  0.0200000000000000   0.0000000000000000   0.0000000000000000
   0.0021650398    0.0022858205    0.0022858205
  -0.0002983402    0.0002046305    0.0002046305
   0.0008146598    0.0008721505    0.0008721505
   0.0002595598   -0.0001757895    0.0001161105
   0.0008947798    0.0008487205    0.0008743905
   0.0002595598    0.0001161105   -0.0001757895
   0.0008947798    0.0008743905    0.0008487205
   0.0003569998    0.0002284605   -0.0006344895
  -0.0000318602    0.0000175305   -0.0001744895
   0.0001667798   -0.0002125195    0.0004787505
  -0.0007815802    0.0004948005   -0.0005556795
  -0.0003218802    0.0001614705    0.0003438605
   0.0010390898   -0.0013888095   -0.0009117695
  -0.0001077102   -0.0001052495   -0.0002393895
  -0.0002218002   -0.0002170295   -0.0000097095
   0.0003569998   -0.0006344895    0.0002284605
  -0.0000318602   -0.0001744895    0.0000175305
   0.0001667798    0.0004787505   -0.0002125195
  -0.0007815802   -0.0005556795    0.0004948005
  -0.0001077102   -0.0002393895   -0.0001052495
  -0.0002218002   -0.0000097095   -0.0002170295
  -0.0003218802    0.0003438605    0.0001614705
   0.0010390898   -0.0009117695   -0.0013888095
   0.0001579998   -0.0000213395   -0.0000213395
  -0.0000285502   -0.0000323395   -0.0000323395
  -0.0000905502   -0.0001760595   -0.0001760595
   0.0009963898   -0.0015764995   -0.0015764995
  -0.0002552202    0.0001017505   -0.0000780795
   0.0000023698    0.0009746905    0.0006963705
  -0.0002552202   -0.0000780795    0.0001017505
   0.0000023698    0.0006963705    0.0009746905
   0.0032615198   -0.0004193195   -0.0004193195
  -0.0008004302    0.0003747205    0.0003747205
  -0.0001453102    0.0000015305    0.0000015305
  -0.0001712602   -0.0002277895   -0.0002277895
   0.0002947798    0.0001194505   -0.0003470595
  -0.0005313802   -0.0008047795    0.0004752505
   0.0002947798   -0.0003470595    0.0001194505
  -0.0005313802    0.0004752505   -0.0008047795
  -0.0000908702    0.0001806905   -0.0000493495
  -0.0006253202   -0.0003135995    0.0003208305
  -0.0000669302   -0.0002467595    0.0000127305
   0.0003505198   -0.0005750195    0.0003500105
   0.0037453998    0.0008103605   -0.0011287995
  -0.0009212602    0.0016306005   -0.0018596795
   0.0001328798   -0.0003867595    0.0001029705
   0.0003525598   -0.0005631795    0.0003589205
  -0.0000908702   -0.0000493495    0.0001806905
  -0.0006253202    0.0003208305   -0.0003135995
  -0.0000669302    0.0000127305   -0.0002467595
   0.0003505198    0.0003500105   -0.0005750195
   0.0001328798    0.0001029705   -0.0003867595
   0.0003525598    0.0003589205   -0.0005631795
   0.0037453998   -0.0011287995    0.0008103605
  -0.0009212602   -0.0018596795    0.0016306005
   0.0000459298   -0.0001676795   -0.0001676795
  -0.0006068902   -0.0003444295   -0.0003444295
   0.0037823598    0.0010516105    0.0010516105
  -0.0179064202    0.0000075405    0.0000075405
  -0.0000176302   -0.0002285595    0.0000636805
   0.0007896498   -0.0009569295    0.0005685305
  -0.0000176302    0.0000636805   -0.0002285595
   0.0007896498    0.0005685305   -0.0009569295

59   
 -0.0200000000000000   0.0000000000000000   0.0000000000000000
   0.0024662998    0.0023750298    0.0023750298
  -0.0002762102    0.0001846998    0.0001846998
   0.0007885298    0.0008828798    0.0008828798
   0.0001072298   -0.0003682302    0.0002744698
   0.0008358598    0.0007782098    0.0008786198
   0.0001072298    0.0002744698   -0.0003682302
   0.0008358598    0.0008786198    0.0007782098
   0.0002529898    0.0004068998   -0.0004948802
   0.0000667998    0.0000450498   -0.0002027002
   0.0000307098   -0.0003668502    0.0002986298
  -0.0008163302    0.0004900998   -0.0005259502
  -0.0002837002    0.0000625298    0.0004330598
  -0.0000835402   -0.0001705702   -0.0001703802
  -0.0000762702   -0.0000558202   -0.0002910902
  -0.0002589402   -0.0002393402    0.0000430998
   0.0002529898   -0.0004948802    0.0004068998
   0.0000667998   -0.0002027002    0.0000450498
   0.0000307098    0.0002986298   -0.0003668502
  -0.0008163302   -0.0005259502    0.0004900998
  -0.0000762702   -0.0002910902   -0.0000558202
  -0.0002589402    0.0000430998   -0.0002393402
  -0.0002837002    0.0004330598    0.0000625298
  -0.0000835402   -0.0001703802   -0.0001705702
   0.0001893998    0.0000311198    0.0000311198
   0.0000547098   -0.0000024702   -0.0000024702
  -0.0000364602   -0.0002843402   -0.0002843402
   0.0008737098   -0.0015377402   -0.0015377402
  -0.0003611502   -0.0000591002    0.0001030598
  -0.0011825202   -0.0003195202    0.0000041598
  -0.0003611502    0.0001030598   -0.0000591002
  -0.0011825202    0.0000041598   -0.0003195202
  -0.0045051502    0.0011449798    0.0011449798
   0.0004024998   -0.0003191302   -0.0003191302
  -0.0004129202   -0.0001617102   -0.0001617102
   0.0001786898   -0.0002286102   -0.0002286102
   0.0004528198    0.0001036698   -0.0002346302
  -0.0005819002   -0.0007672202    0.0005122998
   0.0004528198   -0.0002346302    0.0001036698
  -0.0005819002    0.0005122998   -0.0007672202
   0.0000776098    0.0001955798    0.0000591298
   0.0005610998    0.0003594798   -0.0003492402
   0.0000881898   -0.0003440602    0.0000129098
   0.0002882098   -0.0005751302    0.0003505998
  -0.0041242602   -0.0008140902    0.0005709998
  -0.0022102902    0.0002764798   -0.0012582902
  -0.0001333502   -0.0002033802   -0.0000581802
   0.0003198198   -0.0005870902    0.0003058298
   0.0000776098    0.0000591298    0.0001955798
   0.0005610998   -0.0003492402    0.0003594798
   0.0000881898    0.0000129098   -0.0003440602
   0.0002882098    0.0003505998   -0.0005751302
  -0.0001333502   -0.0000581802   -0.0002033802
   0.0003198198    0.0003058298   -0.0005870902
  -0.0041242602    0.0005709998   -0.0008140902
  -0.0022102902   -0.0012582902    0.0002764798
  -0.0002442302   -0.0000015402   -0.0000015402
   0.0006030498    0.0003687498    0.0003687498
  -0.0044646402   -0.0010002802   -0.0010002802
   0.0188627098    0.0005137298    0.0005137298
   0.0001365298   -0.0003344602    0.0000835198
  -0.0003456102    0.0002767998   -0.0001003502
   0.0001365298    0.0000835198   -0.0003344602
  -0.0003456102   -0.0001003502    0.0002767998
