63   
78   

1    
  0.0200000000000000   0.0000000000000000   0.0000000000000000
  -0.0860187390   -0.0736794197   -0.0736794197
  -0.0439085790    0.0736163303    0.0736163303
  -0.0171875390   -0.0290298797   -0.0290298797
   0.0738803110   -0.0440208997    0.0741920903
  -0.0290419490   -0.0169533397   -0.0289637497
   0.0738803110    0.0741920903   -0.0440208997
  -0.0290419490   -0.0289637497   -0.0169533397
  -0.0032764890   -0.0032550497    0.0001838103
  -0.0002024590   -0.0001813997   -0.0026692397
   0.0096771510   -0.0039959297    0.0090229003
   0.0045861410   -0.0320585697    0.0337406103
  -0.0037459990    0.0098931803    0.0086848003
  -0.0321157490    0.0045473603    0.0337980903
   0.0031734010    0.0032030203   -0.0010660597
  -0.0026759390   -0.0026347197    0.0022659603
  -0.0032764890    0.0001838103   -0.0032550497
  -0.0002024590   -0.0026692397   -0.0001813997
   0.0096771510    0.0090229003   -0.0039959297
   0.0045861410    0.0337406103   -0.0320585697
   0.0031734010   -0.0010660597    0.0032030203
  -0.0026759390    0.0022659603   -0.0026347197
  -0.0037459990    0.0086848003    0.0098931803
  -0.0321157490    0.0337980903    0.0045473603
   0.0074231510    0.0078451503    0.0078451503
  -0.0004623490    0.0003044303    0.0003044303
   0.0030843010   -0.0023741397   -0.0023741397
  -0.0369704590    0.0173078303    0.0173078303
   0.0009496110    0.0054471303   -0.0056439697
  -0.0043194090   -0.0029376897   -0.0035520797
   0.0009496110   -0.0056439697    0.0054471303
  -0.0043194090   -0.0035520797   -0.0029376897
   0.0002110610   -0.0032763397   -0.0032763397
  -0.0028149090   -0.0000865097   -0.0000865097
  -0.0010810390    0.0031842503    0.0031842503
   0.0022635910   -0.0026792497   -0.0026792497
   0.0099185410    0.0107179703   -0.0048580697
   0.0337032210    0.0047108103   -0.0319989197
   0.0099185410   -0.0048580697    0.0107179703
   0.0337032210   -0.0319989197    0.0047108103
   0.0079443610    0.0072964203    0.0078460003
   0.0003337610   -0.0001149397    0.0003998403
   0.0054128710    0.0009958803   -0.0056476797
  -0.0028159690   -0.0044458097   -0.0038482797
  -0.0015599490    0.0027440603   -0.0013825297
   0.0216372210   -0.0388412597    0.0179575503
  -0.0056452290    0.0009624103    0.0055196303
  -0.0035891990   -0.0042445197   -0.0029675097
   0.0079443610    0.0078460003    0.0072964203
   0.0003337610    0.0003998403   -0.0001149397
   0.0054128710   -0.0056476797    0.0009958803
  -0.0028159690   -0.0038482797   -0.0044458097
  -0.0056452290    0.0055196303    0.0009624103
  -0.0035891990   -0.0029675097   -0.0042445197
  -0.0015599490   -0.0013825297    0.0027440603
   0.0216372210    0.0179575503   -0.0388412597
  -0.0003730690   -0.0003941197   -0.0003941197
  -0.0010672190   -0.0010262897   -0.0010262897
   0.0004657110    0.0015199503    0.0015199503
   0.0022464610    0.0032465903    0.0032465903
   0.0015439410    0.0005091603    0.0015437803
   0.0033226210    0.0023333703    0.0032877903
   0.0015439410    0.0015437803    0.0005091603
   0.0033226210    0.0032877903    0.0023333703

1    
 -0.0200000000000000   0.0000000000000000   0.0000000000000000
  -0.0644883398   -0.0768800500   -0.0768800500
  -0.0440326998    0.0736325600    0.0736325600
  -0.0168038398   -0.0290567800   -0.0290567800
   0.0733693702   -0.0439272100    0.0730624400
  -0.0290428798   -0.0170287700   -0.0291205200
   0.0733693702    0.0730624400   -0.0439272100
  -0.0290428798   -0.0291205200   -0.0170287700
  -0.0032610298   -0.0032799100    0.0001885300
  -0.0001391698   -0.0001584500   -0.0027586400
   0.0108545602   -0.0044027500    0.0095532400
   0.0047165102   -0.0320254000    0.0337540100
  -0.0046432798    0.0106309900    0.0098740600
  -0.0319688498    0.0047553000    0.0336964500
   0.0032131702    0.0031835300   -0.0010191100
  -0.0026253098   -0.0026673200    0.0023157000
  -0.0032610298    0.0001885300   -0.0032799100
  -0.0001391698   -0.0027586400   -0.0001584500
   0.0108545602    0.0095532400   -0.0044027500
   0.0047165102    0.0337540100   -0.0320254000
   0.0032131702   -0.0010191100    0.0031835300
  -0.0026253098    0.0023157000   -0.0026673200
  -0.0046432798    0.0098740600    0.0106309900
  -0.0319688498    0.0336964500    0.0047553000
   0.0073608002    0.0078406800    0.0078406800
  -0.0002087898    0.0002507500    0.0002507500
   0.0035245102   -0.0021313500   -0.0021313500
  -0.0415387698    0.0195634700    0.0195634700
   0.0009677502    0.0055212100   -0.0056706100
  -0.0043899598   -0.0027791600   -0.0038127700
   0.0009677502   -0.0056706100    0.0055212100
  -0.0043899598   -0.0038127700   -0.0027791600
   0.0001630502   -0.0032598500   -0.0032598500
  -0.0026098998   -0.0002549800   -0.0002549800
  -0.0010025598    0.0032027100    0.0032027100
   0.0023193202   -0.0026231800   -0.0026231800
   0.0086451902    0.0098039700   -0.0035265400
   0.0337934502    0.0045981200   -0.0320884400
   0.0086451902   -0.0035265400    0.0098039700
   0.0337934502   -0.0320884400    0.0045981200
   0.0077409802    0.0074852300    0.0078384000
   0.0002166402   -0.0005572100    0.0001504700
   0.0055562002    0.0009205800   -0.0056671900
  -0.0029013198   -0.0042633500   -0.0035157100
  -0.0029529198    0.0038784300   -0.0031427800
   0.0152225402   -0.0396684000    0.0189501800
  -0.0056695798    0.0009513100    0.0054482700
  -0.0037786298   -0.0044675900   -0.0027481200
   0.0077409802    0.0078384000    0.0074852300
   0.0002166402    0.0001504700   -0.0005572100
   0.0055562002   -0.0056671900    0.0009205800
  -0.0029013198   -0.0035157100   -0.0042633500
  -0.0056695798    0.0054482700    0.0009513100
  -0.0037786298   -0.0027481200   -0.0044675900
  -0.0029529198   -0.0031427800    0.0038784300
   0.0152225402    0.0189501800   -0.0396684000
  -0.0004059098   -0.0003858400   -0.0003858400
  -0.0010139398   -0.0010555900   -0.0010555900
   0.0005850002    0.0015584100    0.0015584100
   0.0025000802    0.0034461800    0.0034461800
   0.0015341702    0.0005410200    0.0015341000
   0.0033683902    0.0024097500    0.0034035200
   0.0015341702    0.0015341000    0.0005410200
   0.0033683902    0.0034035200    0.0024097500

2    
  0.0000000000000000   0.0200000000000000   0.0000000000000000
  -0.0754857502   -0.0752300795   -0.0749199006
  -0.0464300802    0.0610486305    0.0757026894
  -0.0161813202   -0.0253522095   -0.0286270806
   0.0735991998   -0.0440099695    0.0735722794
  -0.0290897902   -0.0169738495   -0.0291303806
   0.0735728798    0.0735223905   -0.0438271006
  -0.0290217202   -0.0290781195   -0.0171560806
  -0.0030171202   -0.0027902095   -0.0004263206
  -0.0001658902   -0.0002332895   -0.0026543906
   0.0102673998   -0.0041812495    0.0093038894
   0.0047673198   -0.0320933295    0.0337536994
  -0.0041753302    0.0102537305    0.0092975694
  -0.0320132302    0.0047574105    0.0337220194
   0.0029268898    0.0026166605   -0.0013020606
  -0.0027496802   -0.0025152695    0.0022029094
  -0.0035563802    0.0008124205   -0.0039188006
  -0.0002431102   -0.0027908295   -0.0001075006
   0.0102614198    0.0093007605   -0.0042026106
   0.0046198898    0.0338108005   -0.0321064306
   0.0038541398   -0.0004588795    0.0034789294
  -0.0025841402    0.0023504005   -0.0027268506
  -0.0041866202    0.0092413705    0.0102565694
  -0.0321134202    0.0338210605    0.0046508594
   0.0076645598    0.0084853505    0.0086568994
  -0.0004137102    0.0003759805    0.0003415494
   0.0033284998   -0.0021930995   -0.0022392106
  -0.0393078602    0.0185625105    0.0185753294
   0.0008919498    0.0055071405   -0.0056484306
  -0.0043326902   -0.0028783195   -0.0036971506
   0.0009748598   -0.0057047295    0.0054807394
  -0.0043761002   -0.0037029695   -0.0028720706
   0.0001864098   -0.0032763995   -0.0032753006
  -0.0027560402   -0.0002250595   -0.0001857406
  -0.0010624602    0.0032227605    0.0031914194
   0.0023103698   -0.0027038595   -0.0026821606
   0.0099203198    0.0107146805   -0.0044773606
   0.0351243998    0.0079056505   -0.0333766706
   0.0095293298   -0.0048032395    0.0105315094
   0.0333626598   -0.0284247395    0.0038848894
   0.0078579598    0.0073506905    0.0078879994
   0.0002302498   -0.0002903595    0.0003206694
   0.0054852098    0.0007857605   -0.0056582006
  -0.0027680602   -0.0042291195   -0.0035714306
  -0.0022761902    0.0032836405   -0.0022720706
   0.0185504098   -0.0393250695    0.0185050794
  -0.0055860602    0.0005211505    0.0053979494
  -0.0036427702   -0.0044017295   -0.0028924706
   0.0078546098    0.0078673005    0.0074937594
   0.0002087398    0.0003762505   -0.0002563506
   0.0054922298   -0.0056115295    0.0009417294
  -0.0027789202   -0.0036374195   -0.0043026706
  -0.0064714502    0.0061326505    0.0006854894
  -0.0035976902   -0.0029301595   -0.0044292206
  -0.0022595202   -0.0023141595    0.0033287994
   0.0184751298    0.0184901005   -0.0393467506
  -0.0003713102   -0.0003759995   -0.0004121606
  -0.0010556602   -0.0010607095   -0.0010201606
   0.0005257298    0.0015423905    0.0015430294
   0.0023892798    0.0033265305    0.0033737394
   0.0015711098    0.0005280505    0.0015214894
   0.0034375698    0.0024298105    0.0032875994
   0.0015340698    0.0014749605    0.0005381094
   0.0032952798    0.0033769605    0.0022918994

2    
  0.0000000000000000  -0.0200000000000000   0.0000000000000000
  -0.0754630600   -0.0757596695   -0.0760648203
  -0.0421859900    0.0876831705    0.0722404097
  -0.0177030500   -0.0326511895   -0.0293757103
   0.0736721700   -0.0439498095    0.0736832897
  -0.0289796300   -0.0170338095   -0.0289636303
   0.0737015900    0.0737179405   -0.0441244903
  -0.0290477100   -0.0290304195   -0.0168284303
  -0.0035041700   -0.0037703295    0.0008003597
  -0.0001553200   -0.0001264295   -0.0027803603
   0.0102761100   -0.0042388495    0.0092576097
   0.0045485300   -0.0320148595    0.0337361297
  -0.0042036200    0.0102517905    0.0092644397
  -0.0320563300    0.0045140005    0.0337670997
   0.0034734200    0.0037451705   -0.0007951103
  -0.0025336700   -0.0028085895    0.0023720897
  -0.0029689400   -0.0004517795   -0.0026327403
  -0.0000796400   -0.0026582995   -0.0002405703
   0.0102827400    0.0092507105   -0.0042033303
   0.0047046800    0.0336618005   -0.0319857003
   0.0025602100   -0.0016377295    0.0029048397
  -0.0026972400    0.0022145405   -0.0025847903
  -0.0041917100    0.0093084805    0.0102623297
  -0.0319559500    0.0336557305    0.0046406997
   0.0071433300    0.0071867305    0.0070352597
  -0.0002464600    0.0001592905    0.0002077597
   0.0033113500   -0.0023376395   -0.0022790503
  -0.0392850800    0.0183828605    0.0183828297
   0.0010454900    0.0054398005   -0.0056744503
  -0.0043601400   -0.0028569195   -0.0036748303
   0.0009598900   -0.0056317095    0.0054784097
  -0.0043170000   -0.0036824295   -0.0028505203
   0.0002070700   -0.0032809595   -0.0032676203
  -0.0026504900   -0.0001357895   -0.0001636503
  -0.0010009700    0.0031426705    0.0031875997
   0.0022923300   -0.0026203895   -0.0026277103
   0.0086594600    0.0097860205   -0.0039253303
   0.0322870800    0.0012988305   -0.0306163103
   0.0090654800   -0.0036183295    0.0099928697
   0.0340628700   -0.0355819695    0.0053209997
   0.0078450500    0.0074109105    0.0077887497
   0.0003400400   -0.0004079795    0.0002243297
   0.0055000300    0.0011149905   -0.0056641003
  -0.0029279500   -0.0045030995   -0.0038003903
  -0.0022173100    0.0033161705   -0.0022479903
   0.0184375100   -0.0393068195    0.0184558497
  -0.0057074300    0.0013817305    0.0055571097
  -0.0037034900   -0.0043314095   -0.0028322003
   0.0078489200    0.0077972205    0.0072787897
   0.0003575900    0.0001597505   -0.0004245203
   0.0054923900   -0.0057220695    0.0009701897
  -0.0029193300   -0.0037492195   -0.0044172603
  -0.0048402400    0.0048192805    0.0012199597
  -0.0037481600   -0.0028063095   -0.0042893403
  -0.0022340900   -0.0022193795    0.0032843897
   0.0185122300    0.0184578205   -0.0392697103
  -0.0003898000   -0.0004235895   -0.0003751903
  -0.0010066800   -0.0010415595   -0.0010678603
   0.0005445200    0.0015146205    0.0015278097
   0.0023732500    0.0033439405    0.0033108897
   0.0015250300    0.0005036505    0.0015494297
   0.0032736600    0.0022951805    0.0033941397
   0.0015623500    0.0015831105    0.0005063997
   0.0034142800    0.0032914205    0.0024446597

2    
  0.0200000000000000   0.0000000000000000   0.0000000000000000
  -0.0753948906   -0.0755339297   -0.0755339297
  -0.0571531006    0.0718415103    0.0718415103
  -0.0138411206   -0.0275529097   -0.0275529097
   0.0736138994   -0.0441798497    0.0737683203
  -0.0289923806   -0.0169005297   -0.0290313797
   0.0736138994    0.0737683203   -0.0441798497
  -0.0289923806   -0.0290313797   -0.0169005297
  -0.0038164306   -0.0035291997    0.0003896703
  -0.0002086306   -0.0001676697   -0.0027709997
   0.0102888294   -0.0041967897    0.0092441003
   0.0045845194   -0.0319433097    0.0336869703
  -0.0041723806    0.0102455203    0.0092669903
  -0.0319780806    0.0045399903    0.0336613403
   0.0036807394    0.0034317403   -0.0004270697
  -0.0025801206   -0.0027135297    0.0023651103
  -0.0038164306    0.0003896703   -0.0035291997
  -0.0002086306   -0.0027709997   -0.0001676697
   0.0102888294    0.0092441003   -0.0041967897
   0.0045845194    0.0336869703   -0.0319433097
   0.0036807394   -0.0004270697    0.0034317403
  -0.0025801206    0.0023651103   -0.0027135297
  -0.0041723806    0.0092669903    0.0102455203
  -0.0319780806    0.0336613403    0.0045399903
   0.0070524694    0.0078838603    0.0078838603
  -0.0003571106    0.0002331103    0.0002331103
   0.0032550394   -0.0022731197   -0.0022731197
  -0.0393726206    0.0184985403    0.0184985403
   0.0010020894    0.0054244403   -0.0056571197
  -0.0043540406   -0.0028447597   -0.0037058397
   0.0010020894   -0.0056571197    0.0054244403
  -0.0043540406   -0.0037058397   -0.0028447597
   0.0001912194   -0.0032680597   -0.0032680597
  -0.0027476906   -0.0002565597   -0.0002565597
  -0.0009625706    0.0031825003    0.0031825003
   0.0022555694   -0.0025702197   -0.0025702197
   0.0099279794    0.0108716803   -0.0044919897
   0.0372063794    0.0054578703   -0.0322801397
   0.0099279794   -0.0044919897    0.0108716803
   0.0372063794   -0.0322801397    0.0054578703
   0.0078159794    0.0073235103    0.0078084003
   0.0003108794   -0.0004358997    0.0002162603
   0.0055583694    0.0009986803   -0.0056517397
  -0.0027655806   -0.0042792897   -0.0036161997
  -0.0021975506    0.0032479603   -0.0022990497
   0.0184753994   -0.0393027397    0.0185083103
  -0.0049773606    0.0011397603    0.0046642303
  -0.0036969306   -0.0043282697   -0.0028380497
   0.0078159794    0.0078084003    0.0073235103
   0.0003108794    0.0002162603   -0.0004358997
   0.0055583694   -0.0056517397    0.0009986803
  -0.0027655806   -0.0036161997   -0.0042792897
  -0.0049773606    0.0046642303    0.0011397603
  -0.0036969306   -0.0028380497   -0.0043282697
  -0.0021975506   -0.0022990497    0.0032479603
   0.0184753994    0.0185083103   -0.0393027397
  -0.0004229406   -0.0004147897   -0.0004147897
  -0.0010406906   -0.0010675697   -0.0010675697
   0.0005656194    0.0015222303    0.0015222303
   0.0023702694    0.0033547603    0.0033547603
   0.0015868994    0.0005337903    0.0015400903
   0.0034887994    0.0024535303    0.0032237903
   0.0015868994    0.0015400903    0.0005337903
   0.0034887994    0.0032237903    0.0024535303

2    
 -0.0200000000000000   0.0000000000000000   0.0000000000000000
  -0.0755374197   -0.0754356095   -0.0754356095
  -0.0322781497    0.0760303005    0.0760303005
  -0.0200390497   -0.0304368295   -0.0304368295
   0.0736727503   -0.0437742095    0.0734873105
  -0.0290593597   -0.0170894995   -0.0290595595
   0.0736727503    0.0734873105   -0.0437742095
  -0.0290593597   -0.0290595595   -0.0170894995
  -0.0026858597   -0.0030056095   -0.0000293595
  -0.0001005397   -0.0001796195   -0.0026636995
   0.0102686503   -0.0042063195    0.0093187805
   0.0047496603   -0.0321486995    0.0338009805
  -0.0041917197    0.0102745305    0.0092957105
  -0.0320765297    0.0047528705    0.0338268105
   0.0027418403    0.0029503405   -0.0016552895
  -0.0026870797   -0.0025953095    0.0022111505
  -0.0026858597   -0.0000293595   -0.0030056095
  -0.0001005397   -0.0026636995   -0.0001796195
   0.0102686503    0.0093187805   -0.0042063195
   0.0047496603    0.0338009805   -0.0321486995
   0.0027418403   -0.0016552895    0.0029503405
  -0.0026870797    0.0022111505   -0.0025953095
  -0.0041917197    0.0092957105    0.0102745305
  -0.0320765297    0.0338268105    0.0047528705
   0.0077545603    0.0077934105    0.0077934105
  -0.0002842697    0.0003136905    0.0003136905
   0.0033979203   -0.0022450395   -0.0022450395
  -0.0392055697    0.0184637405    0.0184637405
   0.0009458603    0.0055364105   -0.0056631295
  -0.0043256897   -0.0028764695   -0.0036649795
   0.0009458603   -0.0056631295    0.0055364105
  -0.0043256897   -0.0036649795   -0.0028764695
   0.0002162103   -0.0032742395   -0.0032742395
  -0.0026464597   -0.0000904995   -0.0000904995
  -0.0010903697    0.0031976905    0.0031976905
   0.0023592103   -0.0027380495   -0.0027380495
   0.0086675103    0.0096386805   -0.0039055295
   0.0302135303    0.0037451005   -0.0317232295
   0.0086675103   -0.0039055295    0.0096386805
   0.0302135303   -0.0317232295    0.0037451005
   0.0079018503    0.0074522105    0.0078700305
   0.0002719103   -0.0002438695    0.0003338505
   0.0054413903    0.0009136305   -0.0056692095
  -0.0029189297   -0.0044405395   -0.0037575695
  -0.0022830597    0.0033672205   -0.0022198695
   0.0185264603   -0.0393122495    0.0184561605
  -0.0063110997    0.0007662205    0.0063098205
  -0.0036359797   -0.0043896595   -0.0028843495
   0.0079018503    0.0078700305    0.0074522105
   0.0002719103    0.0003338505   -0.0002438695
   0.0054413903   -0.0056692095    0.0009136305
  -0.0029189297   -0.0037575695   -0.0044405395
  -0.0063110997    0.0063098205    0.0007662205
  -0.0036359797   -0.0028843495   -0.0043896595
  -0.0022830597   -0.0022198695    0.0033672205
   0.0185264603    0.0184561605   -0.0393122495
  -0.0003248897   -0.0003711795   -0.0003711795
  -0.0010082597   -0.0010214995   -0.0010214995
   0.0005168603    0.0015493505    0.0015493505
   0.0024058203    0.0033308505    0.0033308505
   0.0015229703    0.0005091105    0.0015308805
   0.0032333903    0.0022831405    0.0034607905
   0.0015229703    0.0015308805    0.0005091105
   0.0032333903    0.0034607905    0.0022831405

3    
  0.0000000000000000   0.0200000000000000   0.0000000000000000
  -0.0754703303   -0.0754878206   -0.0754009505
  -0.0425596503    0.0772324294    0.0739716195
  -0.0168266503   -0.0456364706   -0.0277105805
   0.0735786697   -0.0439496906    0.0736461795
  -0.0296321003   -0.0163857506   -0.0293358205
   0.0735417797    0.0735902894   -0.0439491705
  -0.0293376803   -0.0295901006   -0.0166558205
  -0.0033012603   -0.0033112006    0.0002482895
  -0.0005028803    0.0004000694   -0.0033502005
   0.0102643097   -0.0042684806    0.0093220795
   0.0046393997   -0.0320199206    0.0337536895
  -0.0041112003    0.0103109094    0.0092097095
  -0.0320211903    0.0046424494    0.0337471795
   0.0022608497    0.0070944394   -0.0020968905
  -0.0023025003   -0.0032696906    0.0026555295
  -0.0032737603    0.0001072294   -0.0032220605
   0.0001654297   -0.0021400406   -0.0008168705
   0.0102940197    0.0092277194   -0.0041383505
   0.0046344297    0.0337779194   -0.0320469905
   0.0041117897    0.0029074594    0.0022156195
  -0.0019928403    0.0028672594   -0.0030000105
  -0.0042872303    0.0093232894    0.0101913895
  -0.0320651903    0.0336953394    0.0046463995
   0.0065884097    0.0115379494    0.0085260795
  -0.0006865303    0.0008749194    0.0009672195
   0.0034183297   -0.0022207406   -0.0022045905
  -0.0393493203    0.0184935594    0.0184656795
   0.0009749597    0.0053867594   -0.0056922005
  -0.0043781303   -0.0028441906   -0.0036904505
   0.0009188997   -0.0056958606    0.0054267795
  -0.0043431603   -0.0037373006   -0.0028420105
   0.0001694197   -0.0032933906   -0.0032434105
  -0.0027073003   -0.0001667306   -0.0002030905
  -0.0009892003    0.0031060794    0.0032139395
   0.0022891997   -0.0026228406   -0.0026519505
   0.0094056797    0.0103497894   -0.0043042105
   0.0342211297    0.0052489094   -0.0315409805
   0.0092284197   -0.0040930006    0.0101913995
   0.0332968597   -0.0325149606    0.0043108595
   0.0077734197    0.0074218794    0.0079096995
   0.0002498797   -0.0003170006    0.0003091095
   0.0055724597    0.0010930094   -0.0055707805
  -0.0028564103   -0.0045244506   -0.0036783105
  -0.0022303803    0.0032809794   -0.0022807505
   0.0184626097   -0.0392834906    0.0185058795
  -0.0056888803    0.0008280194    0.0054835095
  -0.0033767803   -0.0049674106   -0.0031185905
   0.0077458197    0.0079500494    0.0074995795
   0.0002736897    0.0003040994   -0.0003160905
   0.0055508797   -0.0056127206    0.0010482995
  -0.0028434303   -0.0036432006   -0.0043183205
  -0.0055873703    0.0053974294    0.0009223795
  -0.0043501403   -0.0022418106   -0.0040312205
  -0.0022877403   -0.0022866806    0.0032812095
   0.0184786097    0.0184434194   -0.0393334605
  -0.0004406503   -0.0004925806   -0.0003793305
  -0.0010653203   -0.0010288506   -0.0010609505
   0.0005501697    0.0015109794    0.0015603595
   0.0023674497    0.0033522694    0.0033489895
   0.0016323597    0.0006360694    0.0014446495
   0.0033798697    0.0023874994    0.0033653895
   0.0014723697    0.0015769094    0.0004310495
   0.0033536397    0.0032889994    0.0023646695

3    
  0.0000000000000000  -0.0200000000000000   0.0000000000000000
  -0.0755021598   -0.0754752397   -0.0755638095
  -0.0454577698    0.0699397003    0.0732155505
  -0.0169866198   -0.0124401597   -0.0302540595
   0.0736825502   -0.0439855697    0.0736120005
  -0.0284403598   -0.0176078997   -0.0287473695
   0.0737187802    0.0736690403   -0.0439877895
  -0.0287514898   -0.0284956397   -0.0173189195
  -0.0032334698   -0.0032190997    0.0001267705
   0.0001684202   -0.0007439797   -0.0020639895
   0.0102630102   -0.0041228597    0.0092493105
   0.0046636402   -0.0320605897    0.0337444105
  -0.0042827398    0.0102181303    0.0093633305
  -0.0320616598    0.0046628803    0.0337504805
   0.0042198102   -0.0007999297    0.0001096605
  -0.0030033298   -0.0020236397    0.0019206905
  -0.0032612998    0.0002699203   -0.0033094095
  -0.0005002798   -0.0032756797    0.0004694905
   0.0102340502    0.0093482903   -0.0042557395
   0.0046729402    0.0337247303   -0.0320377595
   0.0023701702   -0.0048887597    0.0040835205
  -0.0032948798    0.0017270803   -0.0023037195
  -0.0041062298    0.0092535603    0.0103364005
  -0.0320189398    0.0338057403    0.0046615905
   0.0081020302    0.0042631003    0.0072609605
   0.0000093302   -0.0003086897   -0.0003989895
   0.0032063202   -0.0022837497   -0.0023024195
  -0.0392575798    0.0184816303    0.0185070805
   0.0009443202    0.0055860503   -0.0056208895
  -0.0043307398   -0.0028653597   -0.0036712095
   0.0010003502   -0.0056152597    0.0055441105
  -0.0043661698   -0.0036217197   -0.0028708695
   0.0002075402   -0.0032391097   -0.0032898795
  -0.0027179998   -0.0001694297   -0.0001335395
  -0.0010936998    0.0032856003    0.0031759905
   0.0022948802   -0.0026750197   -0.0026474395
   0.0091648902    0.0101799103   -0.0040895395
   0.0332650502    0.0040526603   -0.0325456095
   0.0093442002   -0.0043016397    0.0103386805
   0.0342092902   -0.0315647697    0.0050028705
   0.0079158702    0.0073646803    0.0077771905
   0.0003068502   -0.0003524897    0.0002454505
   0.0053988802    0.0008258303   -0.0057422295
  -0.0028556498   -0.0041817397   -0.0036836095
  -0.0022807398    0.0033456103   -0.0022291995
   0.0185097602   -0.0393235197    0.0184660305
  -0.0056246898    0.0010943703    0.0054859305
  -0.0039786798   -0.0037431097   -0.0026023895
   0.0079412602    0.0077427403    0.0072867905
   0.0002823202    0.0002534403   -0.0003552195
   0.0054220102   -0.0056949897    0.0008727405
  -0.0028694298   -0.0037157997   -0.0043909795
  -0.0057236398    0.0055719703    0.0009980405
  -0.0030225298   -0.0034623197   -0.0046732595
  -0.0022235398   -0.0022208197    0.0033441905
   0.0184932102    0.0185311703   -0.0392754395
  -0.0003370198   -0.0002825597   -0.0003981195
  -0.0010138798   -0.0010486397   -0.0010182395
   0.0005029602    0.0015716503    0.0015206005
   0.0023786102    0.0033442403    0.0033458305
   0.0014469302    0.0004209903    0.0016352605
   0.0033132502    0.0023604403    0.0033288505
   0.0016045502    0.0015077503    0.0006211805
   0.0033391802    0.0034068703    0.0023806505

3    
  0.0200000000000000   0.0000000000000000   0.0000000000000000
  -0.0756815597   -0.0754431695   -0.0754431695
  -0.0409198797    0.0743550305    0.0743550305
  -0.0340690897   -0.0288911795   -0.0288911795
   0.0736450203   -0.0438698995    0.0734609805
  -0.0284259897   -0.0177713695   -0.0287087195
   0.0736450203    0.0734609805   -0.0438698995
  -0.0284259897   -0.0287087195   -0.0177713695
  -0.0033420597   -0.0033153295    0.0001671505
  -0.0007945497    0.0001565105   -0.0030434295
   0.0101963103   -0.0041815395    0.0093434105
   0.0046898203   -0.0320453695    0.0337525605
  -0.0040612397    0.0103741105    0.0091800405
  -0.0320178597    0.0047926505    0.0337664405
   0.0071950303    0.0022586205   -0.0000825195
  -0.0020594597   -0.0030089495    0.0029248805
  -0.0033420597    0.0001671505   -0.0033153295
  -0.0007945497   -0.0030434295    0.0001565105
   0.0101963103    0.0093434105   -0.0041815395
   0.0046898203    0.0337525605   -0.0320453695
   0.0071950303   -0.0000825195    0.0022586205
  -0.0020594597    0.0029248805   -0.0030089495
  -0.0040612397    0.0091800405    0.0103741105
  -0.0320178597    0.0337664405    0.0047926505
   0.0111606503    0.0067226005    0.0067226005
  -0.0008745797    0.0005944105    0.0005944105
   0.0033999803   -0.0021645595   -0.0021645595
  -0.0394418097    0.0185224305    0.0185224305
   0.0008448803    0.0055052205   -0.0056981195
  -0.0043451797   -0.0028816195   -0.0037093095
   0.0008448803   -0.0056981195    0.0055052205
  -0.0043451797   -0.0037093095   -0.0028816195
   0.0001475303   -0.0032990595   -0.0032990595
  -0.0027784797   -0.0001753195   -0.0001753195
  -0.0010686697    0.0032422305    0.0032422305
   0.0023098003   -0.0026504095   -0.0026504095
   0.0093004803    0.0103434805   -0.0043025395
   0.0342914003    0.0052713905   -0.0317288795
   0.0093004803   -0.0043025395    0.0103434805
   0.0342914003   -0.0317288795    0.0052713905
   0.0078836503    0.0073788605    0.0077827505
   0.0002599903   -0.0003330495    0.0002484705
   0.0055401903    0.0009963205   -0.0056064095
  -0.0028362797   -0.0043364695   -0.0036844595
  -0.0022833897    0.0033517805   -0.0022822395
   0.0184812903   -0.0393547995    0.0184708405
  -0.0057093997    0.0009166605    0.0055602605
  -0.0031417897   -0.0047062295   -0.0034519295
   0.0078836503    0.0077827505    0.0073788605
   0.0002599903    0.0002484705   -0.0003330495
   0.0055401903   -0.0056064095    0.0009963205
  -0.0028362797   -0.0036844595   -0.0043364695
  -0.0057093997    0.0055602605    0.0009166605
  -0.0031417897   -0.0034519295   -0.0047062295
  -0.0022833897   -0.0022822395    0.0033517805
   0.0184812903    0.0184708405   -0.0393547995
  -0.0004303597   -0.0004365995   -0.0004365995
  -0.0011039297   -0.0010251795   -0.0010251795
   0.0005020303    0.0015667405    0.0015667405
   0.0023799703    0.0033541205    0.0033541205
   0.0015841503    0.0006115005    0.0014705605
   0.0033391803    0.0024075005    0.0033381405
   0.0015841503    0.0014705605    0.0006115005
   0.0033391803    0.0033381405    0.0024075005

3    
 -0.0200000000000000   0.0000000000000000   0.0000000000000000
  -0.0752842700   -0.0755218700   -0.0755218700
  -0.0470967300    0.0728249400    0.0728249400
   0.0000912200   -0.0290494000   -0.0290494000
   0.0736159100   -0.0440677700    0.0737970400
  -0.0296488500   -0.0162211300   -0.0293732500
   0.0736159100    0.0737970400   -0.0440677700
  -0.0296488500   -0.0293732500   -0.0162211300
  -0.0031898000   -0.0032169800    0.0002090800
   0.0004554600   -0.0004865200   -0.0023892500
   0.0103350500   -0.0042120200    0.0092282900
   0.0046179900   -0.0320384300    0.0337473500
  -0.0043272000    0.0101553300    0.0093922800
  -0.0320635600    0.0045141100    0.0337330300
  -0.0007026500    0.0040391300   -0.0019030000
  -0.0032287700   -0.0022948000    0.0016712500
  -0.0031898000    0.0002090800   -0.0032169800
   0.0004554600   -0.0023892500   -0.0004865200
   0.0103350500    0.0092282900   -0.0042120200
   0.0046179900    0.0337473500   -0.0320384300
  -0.0007026500   -0.0019030000    0.0040391300
  -0.0032287700    0.0016712500   -0.0022948000
  -0.0043272000    0.0093922800    0.0101553300
  -0.0320635600    0.0337330300    0.0045141100
   0.0035350000    0.0090562900    0.0090562900
   0.0002103400   -0.0000465500   -0.0000465500
   0.0032235400   -0.0023459200   -0.0023459200
  -0.0391641900    0.0184498800    0.0184498800
   0.0010755800    0.0054657900   -0.0056150300
  -0.0043616400   -0.0028305400   -0.0036518900
   0.0010755800   -0.0056150300    0.0054657900
  -0.0043616400   -0.0036518900   -0.0028305400
   0.0002321400   -0.0032343300   -0.0032343300
  -0.0026431500   -0.0001622800   -0.0001622800
  -0.0010102000    0.0031463400    0.0031463400
   0.0022769100   -0.0026488800   -0.0026488800
   0.0092736600    0.0101848500   -0.0040911100
   0.0332015200    0.0040264000   -0.0323545200
   0.0092736600   -0.0040911100    0.0101848500
   0.0332015200   -0.0323545200    0.0040264000
   0.0078084800    0.0074048200    0.0079055000
   0.0002972500   -0.0003378700    0.0003075400
   0.0054355200    0.0009240700   -0.0057042800
  -0.0028732200   -0.0043724300   -0.0036767100
  -0.0022250000    0.0032726300   -0.0022271000
   0.0184921600   -0.0392529400    0.0185022900
  -0.0056003600    0.0010007300    0.0054099400
  -0.0042271200   -0.0040001400   -0.0022490000
   0.0078084800    0.0079055000    0.0074048200
   0.0002972500    0.0003075400   -0.0003378700
   0.0054355200   -0.0057042800    0.0009240700
  -0.0028732200   -0.0036767100   -0.0043724300
  -0.0056003600    0.0054099400    0.0010007300
  -0.0042271200   -0.0022490000   -0.0040001400
  -0.0022250000   -0.0022271000    0.0032726300
   0.0184921600    0.0185022900   -0.0392529400
  -0.0003445100   -0.0003400000   -0.0003400000
  -0.0009727100   -0.0010541900   -0.0010541900
   0.0005535000    0.0015139200    0.0015139200
   0.0023687500    0.0033406700    0.0033406700
   0.0014958600    0.0004407100    0.0016114700
   0.0033559100    0.0023384100    0.0033560500
   0.0014958600    0.0016114700    0.0004407100
   0.0033559100    0.0033560500    0.0023384100

8    
  0.0200000000000000   0.0000000000000000   0.0000000000000000
  -0.0754984903   -0.0754663298   -0.0754892298
  -0.0445463603    0.0738760602    0.0733451702
  -0.0170694203   -0.0290731898   -0.0290471498
   0.0741085897   -0.0442249398    0.0729782502
  -0.0290856503   -0.0170393898   -0.0289979298
   0.0736172097    0.0736226302   -0.0439600798
  -0.0290661403   -0.0290156698   -0.0170219298
  -0.0208544203   -0.0032405398    0.0002104102
   0.0038627297    0.0007916802   -0.0017430598
   0.0096335897   -0.0045484798    0.0089444302
   0.0047947197   -0.0321220598    0.0336646002
  -0.0036020503    0.0106182502    0.0099468402
  -0.0319958903    0.0045552102    0.0338170502
   0.0037708797    0.0038255702   -0.0007087298
  -0.0026015703   -0.0025619598    0.0022057702
  -0.0034623203    0.0001792802   -0.0032711098
  -0.0000421403   -0.0026191698   -0.0000761098
   0.0096546497    0.0096378402   -0.0038558698
   0.0086468197    0.0327559902   -0.0329651898
   0.0031957897   -0.0010559298    0.0032211402
  -0.0026040503    0.0022168302   -0.0025484198
  -0.0041947103    0.0093165502    0.0102472402
  -0.0319463903    0.0338181302    0.0046009502
   0.0074154197    0.0078395302    0.0078423502
  -0.0004109803    0.0003362802    0.0002847602
   0.0026801697   -0.0025960498   -0.0019108998
  -0.0393910203    0.0184782802    0.0184442802
   0.0009575297    0.0055048702   -0.0056854198
  -0.0043815303   -0.0028764798   -0.0036576298
   0.0015475897   -0.0063354498    0.0051315002
  -0.0043892003   -0.0036260498   -0.0029091998
   0.0002067597   -0.0032698698   -0.0032629498
  -0.0026583103   -0.0000797998   -0.0000883998
  -0.0011009903    0.0032141602    0.0031819502
   0.0023408497   -0.0027244098   -0.0027356898
   0.0098213397    0.0099362002   -0.0035842498
   0.0376532497    0.0038001702   -0.0311506398
   0.0092976397   -0.0041720498    0.0102796402
   0.0338412597   -0.0319371898    0.0045395002
   0.0078900697    0.0073895502    0.0078472202
   0.0002367897   -0.0002843198    0.0003275002
   0.0054209397    0.0009410202   -0.0056716198
  -0.0028828603   -0.0043731898   -0.0037063798
  -0.0016924503    0.0036586502   -0.0028908698
   0.0183912297   -0.0393167898    0.0185299602
  -0.0050809803    0.0003316302    0.0058227502
  -0.0037764303   -0.0043020298   -0.0028631898
   0.0078510297    0.0078468602    0.0073971202
   0.0002476497    0.0003119802   -0.0003100998
   0.0054269697   -0.0056373798    0.0009607402
  -0.0028919303   -0.0037286698   -0.0044059298
  -0.0056456303    0.0054651302    0.0009404402
  -0.0037731903   -0.0029021098   -0.0043447798
  -0.0022492703   -0.0022793398    0.0032984202
   0.0183972497    0.0185002802   -0.0393627898
  -0.0003578703   -0.0003900998   -0.0003883498
  -0.0009930103   -0.0009583098   -0.0009543298
   0.0004631597    0.0015282902    0.0015528502
   0.0024165297    0.0032594802    0.0032757602
   0.0015449997    0.0005438402    0.0015681102
   0.0034770797    0.0022844502    0.0034423102
   0.0021092897    0.0021714302    0.0001843802
   0.0073254897    0.0042011402    0.0015348302

8    
 -0.0200000000000000   0.0000000000000000   0.0000000000000000
  -0.0754692908   -0.0754971895   -0.0754782898
  -0.0433858908    0.0733790305    0.0739221602
  -0.0169169408   -0.0290085495   -0.0290378398
   0.0731572492   -0.0437095095    0.0742741002
  -0.0289930308   -0.0169433395   -0.0290854598
   0.0736443092    0.0736384505   -0.0439764898
  -0.0290125308   -0.0290638695   -0.0169599898
   0.0143156992   -0.0033149795    0.0003404102
  -0.0041009708   -0.0010345595   -0.0035893598
   0.0108930992   -0.0038490295    0.0096204702
   0.0045135392   -0.0319582495    0.0338336902
  -0.0047808508    0.0099165905    0.0086354302
  -0.0320816208    0.0047506905    0.0336828302
   0.0026290992    0.0025766305   -0.0013725898
  -0.0026922208   -0.0027321995    0.0023772402
  -0.0030702608    0.0001989505   -0.0032607098
  -0.0002903708   -0.0028027895   -0.0002612898
   0.0108728792    0.0089444605   -0.0045314998
   0.0007616992    0.0346537905   -0.0312134198
   0.0031958292   -0.0010233395    0.0031683902
  -0.0026905408    0.0023687305   -0.0027507298
  -0.0041952808    0.0092589905    0.0102820002
  -0.0321334308    0.0336842405    0.0047028702
   0.0073730392    0.0078512905    0.0078452102
  -0.0002584908    0.0002235205    0.0002704202
   0.0039497592   -0.0019033295   -0.0026068598
  -0.0392150608    0.0184969705    0.0185267402
   0.0009651192    0.0054694505   -0.0056276598
  -0.0043243708   -0.0028323095   -0.0037043298
   0.0003804092   -0.0049836395    0.0058367302
  -0.0043171208   -0.0037327995   -0.0028027998
   0.0001740492   -0.0032611795   -0.0032707998
  -0.0027650308   -0.0002555695   -0.0002510298
  -0.0009766308    0.0031777205    0.0032076402
   0.0022453392   -0.0025703895   -0.0025639298
   0.0087465392    0.0105990205   -0.0048212098
   0.0297542892    0.0056036205   -0.0330270398
   0.0092780292   -0.0042191795    0.0102502502
   0.0336583892   -0.0321464795    0.0047693802
   0.0078010692    0.0074002705    0.0078400602
   0.0003227292   -0.0003837995    0.0002284302
   0.0055525792    0.0009813905   -0.0056420798
  -0.0028260308   -0.0043323295   -0.0036558598
  -0.0028229008    0.0029654305   -0.0016080398
   0.0185851592   -0.0392897195    0.0184419402
  -0.0062349408    0.0016006305    0.0051447602
  -0.0035827608   -0.0044044595   -0.0028496198
   0.0078401292    0.0078447905    0.0073883302
   0.0003112392    0.0002472005   -0.0003613498
   0.0055463992   -0.0056716095    0.0009582002
  -0.0028173308   -0.0036306595   -0.0043039798
  -0.0056639408    0.0055078005    0.0009787302
  -0.0035856408   -0.0028065595   -0.0043643998
  -0.0022585008   -0.0022265995    0.0033265402
   0.0185786992    0.0184761905   -0.0392458698
  -0.0004157808   -0.0003835695   -0.0003892298
  -0.0010853208   -0.0011201195   -0.0011259198
   0.0005934992    0.0015552705    0.0015273402
   0.0023307692    0.0034391705    0.0034212102
   0.0015375592    0.0005120305    0.0015114602
   0.0032166392    0.0024648405    0.0032518702
   0.0009659192    0.0009007905    0.0008715602
  -0.0007276708    0.0024039505    0.0033032802

8    
  0.0000000000000000   0.0000000000000000   0.0200000000000000
  -0.0754814405   -0.0754814405   -0.0754654300
  -0.0437518905    0.0730166195    0.0742467800
  -0.0170120505   -0.0289794705   -0.0291218300
   0.0730166195   -0.0437518905    0.0742467800
  -0.0289794705   -0.0170120505   -0.0291218300
   0.0736254195    0.0736254195   -0.0439969900
  -0.0290573005   -0.0290573005   -0.0170315200
  -0.0033414405   -0.0033414405   -0.0173172400
   0.0007577595    0.0007577595    0.0013084300
   0.0106081595   -0.0035308905    0.0098809300
   0.0045512895   -0.0319656905    0.0337873800
  -0.0035308905    0.0106081595    0.0098809300
  -0.0319656905    0.0045512895    0.0337873800
   0.0028652995    0.0028652995   -0.0016817400
  -0.0027395905   -0.0027395905    0.0024128700
  -0.0032762705    0.0001886295   -0.0032491800
  -0.0000841605   -0.0026277205   -0.0001145300
   0.0099335795    0.0098684195   -0.0036577700
   0.0038595795    0.0347893195   -0.0282214500
   0.0032233395   -0.0010282505    0.0032046400
  -0.0025606605    0.0022143095   -0.0025380600
  -0.0041783205    0.0092727995    0.0102026000
  -0.0321668405    0.0337049495    0.0046660000
   0.0074043095    0.0078427395    0.0078633600
  -0.0003261405    0.0003409795    0.0001817300
   0.0029784895   -0.0029123205   -0.0016850900
  -0.0393574405    0.0185501495    0.0184537000
   0.0009261195    0.0054973995   -0.0056412100
  -0.0043280005   -0.0028794705   -0.0037088900
   0.0013035195   -0.0059925605    0.0049352100
  -0.0044087705   -0.0036925605   -0.0029519100
   0.0001886295   -0.0032762705   -0.0032491800
  -0.0026277205   -0.0000841605   -0.0001145300
  -0.0010282505    0.0032233395    0.0032046400
   0.0022143095   -0.0025606605   -0.0025380600
   0.0098684195    0.0099335795   -0.0036577700
   0.0347893195    0.0038595795   -0.0282214500
   0.0092727995   -0.0041783205    0.0102026000
   0.0337049495   -0.0321668405    0.0046660000
   0.0078427395    0.0074043095    0.0078633600
   0.0003409795   -0.0003261405    0.0001817300
   0.0054973995    0.0009261195   -0.0056412100
  -0.0028794705   -0.0043280005   -0.0037088900
  -0.0029123205    0.0029784895   -0.0016850900
   0.0185501495   -0.0393574405    0.0184537000
  -0.0059925605    0.0013035195    0.0049352100
  -0.0036925605   -0.0044087705   -0.0029519100
   0.0078474395    0.0078474395    0.0074025500
   0.0003100595    0.0003100595   -0.0003754900
   0.0054720495   -0.0056847205    0.0009813600
  -0.0028992805   -0.0036705005   -0.0044465100
  -0.0056847205    0.0054720495    0.0009813600
  -0.0036705005   -0.0028992805   -0.0044465100
  -0.0022378305   -0.0022378305    0.0032587400
   0.0184354295    0.0184354295   -0.0393199000
  -0.0003864405   -0.0003864405   -0.0005889200
  -0.0009392005   -0.0009392005   -0.0009122200
   0.0005123695    0.0015708595    0.0015488800
   0.0022995495    0.0034369895    0.0033950700
   0.0015708595    0.0005123695    0.0015488800
   0.0034369895    0.0022995495    0.0033950700
   0.0018767195    0.0018767195   -0.0001090200
   0.0024125795    0.0024125795    0.0063934600

8    
  0.0000000000000000   0.0000000000000000  -0.0200000000000000
  -0.0754830706   -0.0754830706   -0.0754995400
  -0.0441814606    0.0742529994    0.0730087800
  -0.0169719506   -0.0291020706   -0.0289588300
   0.0742529994   -0.0441814606    0.0730087800
  -0.0291020706   -0.0169719506   -0.0289588300
   0.0736357494    0.0736357494   -0.0439345100
  -0.0290220406   -0.0290220406   -0.0169500600
  -0.0032106606   -0.0032106606    0.0177291800
  -0.0010011806   -0.0010011806   -0.0066340300
   0.0099267094   -0.0048502606    0.0087006100
   0.0047563794   -0.0321139706    0.0337163100
  -0.0048502606    0.0099267094    0.0087006100
  -0.0321139706    0.0047563794    0.0337163100
   0.0035197294    0.0035197294   -0.0004031600
  -0.0025568606   -0.0025568606    0.0021768100
  -0.0032552006    0.0001912094   -0.0032818400
  -0.0002519506   -0.0027947506   -0.0002235000
   0.0106010494    0.0086969794   -0.0047431400
   0.0055464194    0.0326174194   -0.0359598300
   0.0031682394   -0.0010506606    0.0031863800
  -0.0027366806    0.0023750094   -0.0027623000
  -0.0042131006    0.0093033194    0.0103288400
  -0.0319155406    0.0337985494    0.0046399700
   0.0073841794    0.0078490594    0.0078270300
  -0.0003431106    0.0002184394    0.0003752700
   0.0036453694   -0.0016059906   -0.0028146200
  -0.0392470706    0.0184248094    0.0185199400
   0.0009965694    0.0054766794   -0.0056700000
  -0.0043778506   -0.0028295806   -0.0036506500
   0.0006113394   -0.0053092806    0.0060412800
  -0.0042980406   -0.0036660806   -0.0027596900
   0.0001912094   -0.0032552006   -0.0032818400
  -0.0027947506   -0.0002519506   -0.0002235000
  -0.0010506606    0.0031682394    0.0031863800
   0.0023750094   -0.0027366806   -0.0027623000
   0.0086969794    0.0106010494   -0.0047431400
   0.0326174194    0.0055464194   -0.0359598300
   0.0093033194   -0.0042131006    0.0103288400
   0.0337985494   -0.0319155406    0.0046399700
   0.0078490594    0.0073841794    0.0078270300
   0.0002184394   -0.0003431106    0.0003752700
   0.0054766794    0.0009965694   -0.0056700000
  -0.0028295806   -0.0043778506   -0.0036506500
  -0.0016059906    0.0036453694   -0.0028146200
   0.0184248094   -0.0392470706    0.0185199400
  -0.0053092806    0.0006113394    0.0060412800
  -0.0036660806   -0.0042980406   -0.0027596900
   0.0078435394    0.0078435394    0.0073851700
   0.0002492194    0.0002492194   -0.0002954400
   0.0055010494   -0.0056247106    0.0009405700
  -0.0028090506   -0.0036880206   -0.0042590300
  -0.0056247106    0.0055010494    0.0009405700
  -0.0036880206   -0.0028090506   -0.0042590300
  -0.0022690906   -0.0022690906    0.0033671200
   0.0185389694    0.0185389694   -0.0392870900
  -0.0003871606   -0.0003871606   -0.0001856300
  -0.0011358206   -0.0011358206   -0.0011620900
   0.0005453594    0.0015127394    0.0015341000
   0.0024480694    0.0032610994    0.0033036100
   0.0015127394    0.0005453594    0.0015341000
   0.0032610994    0.0024480694    0.0033036100
   0.0012136894    0.0012136894    0.0011628200
   0.0041923294    0.0041923294   -0.0015480700

9    
  0.0200000000000000   0.0000000000000000   0.0000000000000000
  -0.0755228300   -0.0754906590   -0.0753960900
  -0.0440371000    0.0736292210    0.0735549000
  -0.0176194500   -0.0293770290   -0.0287054700
   0.0735613900   -0.0439539690    0.0736938100
  -0.0284638700   -0.0166674090   -0.0296895500
   0.0735703400    0.0736134410   -0.0440448800
  -0.0290377600   -0.0290746290   -0.0169948200
   0.0006680000   -0.0023983190    0.0010223300
  -0.0178260800   -0.0001627090   -0.0026744300
   0.0142122700   -0.0050377690    0.0084304300
   0.0040180600   -0.0317144590    0.0340699900
  -0.0001675100    0.0093211110    0.0102219600
  -0.0314692000    0.0043394910    0.0344127700
   0.0072222400    0.0041399510   -0.0019680600
  -0.0020754800   -0.0020189590    0.0019510400
  -0.0031430300    0.0002719810   -0.0031784100
  -0.0003646200   -0.0027151590   -0.0001661100
   0.0103862800    0.0092046810   -0.0042826100
   0.0040230200    0.0334244410   -0.0323657600
   0.0033222900   -0.0011198190    0.0032752200
  -0.0026431900    0.0023061210   -0.0026239900
  -0.0040726400    0.0093745510    0.0101778200
  -0.0320337700    0.0337830210    0.0046654900
   0.0073075900    0.0078892410    0.0078602700
  -0.0003234600    0.0002776210    0.0002754300
   0.0032284600   -0.0022997390   -0.0022739200
  -0.0399650600    0.0188250710    0.0181593400
   0.0008729200    0.0054427610   -0.0056403400
  -0.0043464600   -0.0028710390   -0.0037053000
   0.0008713800   -0.0056067090    0.0054731600
  -0.0037851000   -0.0043117690   -0.0025084900
   0.0002451000   -0.0031723090   -0.0031833300
  -0.0026925900   -0.0001661490   -0.0001696000
  -0.0009837600    0.0031040610    0.0031134800
   0.0022294700   -0.0026650290   -0.0026351600
   0.0093429700    0.0101801310   -0.0041156500
   0.0343105100    0.0049706510   -0.0314002600
   0.0093378200   -0.0041100190    0.0101947500
   0.0337538400   -0.0320058490    0.0046457400
   0.0078148700    0.0074486410    0.0078986600
   0.0003115200   -0.0003360490    0.0002773900
   0.0054565200    0.0009110110   -0.0057132400
  -0.0029166300   -0.0043396990   -0.0036676700
  -0.0022900700    0.0032672410   -0.0021998600
   0.0190661600   -0.0396393490    0.0178228700
  -0.0056852100    0.0010106010    0.0054302900
  -0.0031182900   -0.0049780290   -0.0031942800
   0.0078178200    0.0078676510    0.0074155100
   0.0002780200    0.0002772610   -0.0003340000
   0.0054562300   -0.0056768890    0.0009348100
  -0.0029176800   -0.0036937290   -0.0043669900
  -0.0056844500    0.0054659110    0.0009839300
  -0.0036727300   -0.0028409790   -0.0043771300
  -0.0022809300   -0.0022285890    0.0032878900
   0.0184890600    0.0184478910   -0.0392862500
  -0.0003417000   -0.0003142090   -0.0002997900
  -0.0010172800   -0.0010380390   -0.0010372000
   0.0005747200    0.0014688210    0.0014523800
   0.0023102700    0.0033622310    0.0033354800
   0.0015846400    0.0004585010    0.0016274100
   0.0033532700    0.0023590410    0.0033743100
   0.0015856600    0.0016130910    0.0004385500
   0.0039152200    0.0039696210    0.0027212300

9    
 -0.0200000000000000   0.0000000000000000   0.0000000000000000
  -0.0754451300   -0.0754732898   -0.0755706403
  -0.0438976700    0.0736300702    0.0737081297
  -0.0163691000   -0.0287110498   -0.0293701703
   0.0736999800   -0.0439773398    0.0735691797
  -0.0296086100   -0.0173161798   -0.0284041203
   0.0736913400    0.0736458502   -0.0438906103
  -0.0290405700   -0.0290054098   -0.0169841903
  -0.0072957100   -0.0042244298   -0.0007370203
   0.0174891400   -0.0001838098   -0.0026933403
   0.0062207400   -0.0032615698    0.0102351497
   0.0052923400   -0.0323724298    0.0334234897
  -0.0081258100    0.0111168302    0.0084438397
  -0.0326024200    0.0049652902    0.0330978397
  -0.0007333800    0.0023429502   -0.0002053803
  -0.0032123300   -0.0032666998    0.0026316497
  -0.0033914100    0.0001067602   -0.0033523503
   0.0000297800   -0.0027066598   -0.0001694203
   0.0101428400    0.0093714502   -0.0041095403
   0.0052923400    0.0340864802   -0.0317110703
   0.0030722400   -0.0009594098    0.0031164297
  -0.0026534400    0.0022818602   -0.0026734703
  -0.0043151000    0.0092014202    0.0103539297
  -0.0320488700    0.0337210302    0.0046446697
   0.0074812800    0.0078012502    0.0078291997
  -0.0003444800    0.0002816002    0.0002812197
   0.0033991500   -0.0022066198   -0.0022347503
  -0.0386435500    0.0181577102    0.0188068897
   0.0010485200    0.0055304502   -0.0056707403
  -0.0043592500   -0.0028376298   -0.0036549903
   0.0010489300   -0.0057020698    0.0054984197
  -0.0049140300   -0.0030571798   -0.0031995703
   0.0001368700   -0.0033585698   -0.0033463903
  -0.0027291300   -0.0001691798   -0.0001660903
  -0.0010933000    0.0032865202    0.0032770897
   0.0023574300   -0.0026322998   -0.0026626503
   0.0092306700    0.0103530202   -0.0042786603
   0.0331838100    0.0043383002   -0.0326941003
   0.0092359200   -0.0042820098    0.0103388197
   0.0337477900   -0.0320772998    0.0046643397
   0.0078761200    0.0073403202    0.0077900897
   0.0002469000   -0.0003322198    0.0002798897
   0.0055175200    0.0010105402   -0.0055975603
  -0.0027921800   -0.0043664798   -0.0036930503
  -0.0022177000    0.0033597402   -0.0023077703
   0.0179011800   -0.0389643698    0.0191634497
  -0.0056249600    0.0009106002    0.0055404797
  -0.0042490000   -0.0037176098   -0.0025136803
   0.0078730100    0.0078236402    0.0073720497
   0.0002805200    0.0002820702   -0.0003355003
   0.0055171200   -0.0056328798    0.0009860397
  -0.0027915700   -0.0036647098   -0.0043405703
  -0.0056256200    0.0055070702    0.0009372597
  -0.0036870100   -0.0028684098   -0.0043298903
  -0.0022270000   -0.0022778898    0.0033389097
   0.0184857800    0.0185284002   -0.0393214903
  -0.0004304200   -0.0004580498   -0.0004755303
  -0.0010590700   -0.0010387498   -0.0010399303
   0.0004833300    0.0016128002    0.0016294197
   0.0024385400    0.0033349402    0.0033608397
   0.0014960600    0.0005989402    0.0014539697
   0.0033424300    0.0023900902    0.0033215397
   0.0014951500    0.0014683602    0.0006167997
   0.0027730500    0.0027161502    0.0020232197

9    
  0.0000000000000000   0.0000000000000000   0.0200000000000000
  -0.0754348608   -0.0754348608   -0.0755928598
  -0.0440144508    0.0736897092    0.0735492002
  -0.0173193008   -0.0296783608   -0.0284772498
   0.0736897092   -0.0440144508    0.0735492002
  -0.0296783608   -0.0173193008   -0.0284772498
   0.0735840492    0.0735840492   -0.0440339498
  -0.0290331108   -0.0290331108   -0.0170570198
  -0.0023883408   -0.0023883408    0.0041129402
  -0.0001633108   -0.0001633108   -0.0201596398
   0.0092944692   -0.0032448308    0.0133086702
   0.0043390492   -0.0313969208    0.0343309002
  -0.0032448308    0.0092944692    0.0133086702
  -0.0313969208    0.0043390492    0.0343309002
   0.0023378492    0.0023378492    0.0028795402
  -0.0023010108   -0.0023010108    0.0016718802
  -0.0031734008    0.0002748392   -0.0032106998
  -0.0001716208   -0.0027125808   -0.0001491998
   0.0101835892    0.0093737092   -0.0041435998
   0.0049690692    0.0343757892   -0.0314745298
   0.0032876292   -0.0011235008    0.0032551902
  -0.0026208508    0.0022786692   -0.0026405298
  -0.0042824308    0.0092055992    0.0103211402
  -0.0320403108    0.0337503492    0.0046054402
   0.0073891792    0.0078965292    0.0077454502
  -0.0003282808    0.0002796692    0.0002906502
   0.0033104992   -0.0021899008   -0.0023452598
  -0.0389613908    0.0178133592    0.0190780502
   0.0009557792    0.0054341692   -0.0057562498
  -0.0043817008   -0.0028702308   -0.0036739898
   0.0009605592   -0.0057052108    0.0053857102
  -0.0046941708   -0.0033278708   -0.0034687198
   0.0002748392   -0.0031734008   -0.0032106998
  -0.0027125808   -0.0001716208   -0.0001491998
  -0.0011235008    0.0032876292    0.0032551902
   0.0022786692   -0.0026208508   -0.0026405298
   0.0093737092    0.0101835892   -0.0041435998
   0.0343757892    0.0049690692   -0.0314745298
   0.0092055992   -0.0042824308    0.0103211402
   0.0337503492   -0.0320403108    0.0046054402
   0.0078965292    0.0073891792    0.0077454502
   0.0002796692   -0.0003282808    0.0002906502
   0.0054341692    0.0009557792   -0.0057562498
  -0.0028702308   -0.0043817008   -0.0036739898
  -0.0021899008    0.0033104992   -0.0023452598
   0.0178133592   -0.0389613908    0.0190780502
  -0.0057052108    0.0009605592    0.0053857102
  -0.0033278708   -0.0046941708   -0.0034687198
   0.0078714492    0.0078714492    0.0073724202
   0.0002806492    0.0002806492   -0.0003257898
   0.0054641492   -0.0056307508    0.0009295102
  -0.0028405508   -0.0037105108   -0.0043478098
  -0.0056307508    0.0054641492    0.0009295102
  -0.0037105108   -0.0028405508   -0.0043478098
  -0.0022761108   -0.0022761108    0.0032833402
   0.0184678592    0.0184678592   -0.0393480698
  -0.0002939908   -0.0002939908   -0.0002600098
  -0.0010410208   -0.0010410208   -0.0012359898
   0.0004391492    0.0016306492    0.0016674302
   0.0023878092    0.0033751692    0.0033563302
   0.0016306492    0.0004391492    0.0016674302
   0.0033751692    0.0023878092    0.0033563302
   0.0014566392    0.0014566392    0.0006593802
   0.0029932492    0.0029932492    0.0017621602

9    
  0.0000000000000000   0.0000000000000000  -0.0200000000000000
  -0.0755303205   -0.0755303205   -0.0753734298
  -0.0439196605    0.0735712995    0.0737138002
  -0.0166632305   -0.0283923805   -0.0296125298
   0.0735712995   -0.0439196605    0.0737138002
  -0.0283923805   -0.0166632305   -0.0296125298
   0.0736771795    0.0736771795   -0.0439002398
  -0.0290457405   -0.0290457405   -0.0169209998
  -0.0042352705   -0.0042352705   -0.0038314998
  -0.0001825105   -0.0001825105    0.0147503902
   0.0111428095   -0.0050537505    0.0053621402
   0.0049645995   -0.0326723905    0.0331771602
  -0.0050537505    0.0111428095    0.0053621402
  -0.0326723905    0.0049645995    0.0331771602
   0.0041466095    0.0041466095   -0.0050568898
  -0.0030017005   -0.0030017005    0.0029179902
  -0.0033575305    0.0001067095   -0.0033175298
  -0.0001636305   -0.0027092705   -0.0001855898
   0.0103492295    0.0092001295   -0.0042500098
   0.0043395595    0.0331163695   -0.0326155498
   0.0031033295   -0.0009533905    0.0031353702
  -0.0026759605    0.0023092495   -0.0026566698
  -0.0041090805    0.0093680095    0.0102135802
  -0.0320417505    0.0337522495    0.0047042802
   0.0073992395    0.0077940995    0.0079456802
  -0.0003402805    0.0002794595    0.0002671202
   0.0033167595   -0.0023167205   -0.0021633998
  -0.0396405405    0.0191506095    0.0179039202
   0.0009659095    0.0055394295   -0.0055553298
  -0.0043246105   -0.0028387305   -0.0036852998
   0.0009606595   -0.0056038205    0.0055878402
  -0.0040190705   -0.0040243205   -0.0022456098
   0.0001067095   -0.0033575305   -0.0033175298
  -0.0027092705   -0.0001636305   -0.0001855898
  -0.0009533905    0.0031033295    0.0031353702
   0.0023092495   -0.0026759605   -0.0026566698
   0.0092001295    0.0103492295   -0.0042500098
   0.0331163695    0.0043395595   -0.0326155498
   0.0093680095   -0.0041090805    0.0102135802
   0.0337522495   -0.0320417505    0.0047042802
   0.0077940995    0.0073992395    0.0079456802
   0.0002794595   -0.0003402805    0.0002671202
   0.0055394295    0.0009659095   -0.0055553298
  -0.0028387305   -0.0043246105   -0.0036852998
  -0.0023167205    0.0033167595   -0.0021633998
   0.0191506095   -0.0396405405    0.0179039202
  -0.0056038205    0.0009606595    0.0055878402
  -0.0040243205   -0.0040190705   -0.0022456098
   0.0078197895    0.0078197895    0.0074159702
   0.0002784695    0.0002784695   -0.0003431898
   0.0055092995   -0.0056788305    0.0009921902
  -0.0028689205   -0.0036483705   -0.0043591398
  -0.0056788305    0.0055092995    0.0009921902
  -0.0036483705   -0.0028689205   -0.0043591398
  -0.0022311405   -0.0022311405    0.0033444002
   0.0185074895    0.0185074895   -0.0392577998
  -0.0004797305   -0.0004797305   -0.0005174898
  -0.0010354405   -0.0010354405   -0.0008406298
   0.0006166495    0.0014525895    0.0014177802
   0.0023615495    0.0033219695    0.0033407302
   0.0014525895    0.0006166495    0.0014177802
   0.0033219695    0.0023615495    0.0033407302
   0.0016265095    0.0016265095    0.0003936602
   0.0037102795    0.0037102795    0.0029898902

10   
  0.0200000000000000   0.0000000000000000   0.0000000000000000
  -0.0760780102   -0.0758447903   -0.0750255010
  -0.0439735902    0.0736314797    0.0736264090
  -0.0170620602   -0.0290387503   -0.0290094210
   0.0736155798   -0.0439746503    0.0736241890
  -0.0289925602   -0.0168804003   -0.0291136510
   0.0740835198    0.0738971397   -0.0433393610
  -0.0289534902   -0.0291131103   -0.0169078910
  -0.0038973602   -0.0029125603    0.0005323590
   0.0038769498   -0.0011119603   -0.0036812210
  -0.0075135702   -0.0043244203    0.0093498390
   0.0086823098   -0.0310284203    0.0346533190
  -0.0036340302    0.0096550497    0.0089566190
  -0.0320873102    0.0046981897    0.0336955390
   0.0037797698    0.0028467597   -0.0017068610
  -0.0026846202   -0.0026985303    0.0023469290
  -0.0038772702   -0.0001453703   -0.0035980610
  -0.0000444402   -0.0027927203   -0.0002526410
   0.0100672798    0.0092842197   -0.0041862210
   0.0047939698    0.0338384897   -0.0319685510
   0.0031949398   -0.0010667703    0.0032159490
  -0.0026756602    0.0023203097   -0.0026725710
  -0.0041993802    0.0093037097    0.0102390190
  -0.0320698702    0.0337289497    0.0046869690
   0.0067584198    0.0081669497    0.0075115790
  -0.0004112802    0.0002213797    0.0002710890
   0.0033562698   -0.0022505503   -0.0022546010
  -0.0394137102    0.0185119897    0.0184816690
   0.0015463898    0.0061840697   -0.0053040410
  -0.0043062702   -0.0027743303   -0.0037850110
   0.0009567398   -0.0056729603    0.0055175290
  -0.0043079002   -0.0037692303   -0.0027664310
   0.0001267698   -0.0032827403   -0.0032501710
  -0.0026579202   -0.0002558303   -0.0002383210
  -0.0010219702    0.0031971897    0.0031957690
   0.0023414598   -0.0025566203   -0.0025741710
   0.0092885998    0.0102396097   -0.0042038410
   0.0336724698    0.0046619297   -0.0320940410
   0.0098037398   -0.0038730603    0.0096765690
   0.0336664898   -0.0320564803    0.0047050690
   0.0077769498    0.0074041097    0.0078599090
   0.0002336998   -0.0003767903    0.0002273690
   0.0055325298    0.0009682797   -0.0056551310
  -0.0028907702   -0.0043145103   -0.0036408310
  -0.0016859702    0.0039316397   -0.0026138110
   0.0226060998   -0.0382767403    0.0174557890
  -0.0051049202    0.0006203797    0.0061268990
   0.0002921998   -0.0052197903   -0.0020002110
   0.0077734798    0.0078227097    0.0073924690
   0.0002450598    0.0002482697   -0.0003676810
   0.0054936698   -0.0056575103    0.0009600190
  -0.0028822202   -0.0036528303   -0.0043274810
  -0.0056490302    0.0055110797    0.0009804290
  -0.0035466602   -0.0027601503   -0.0044513310
  -0.0022620702   -0.0022507903    0.0033459790
   0.0186157998    0.0184042397   -0.0392264410
  -0.0004523502   -0.0003735303   -0.0003973610
  -0.0009934502   -0.0011165303   -0.0011249410
   0.0005620498    0.0015498597    0.0015428590
   0.0024283298    0.0034243797    0.0034414890
   0.0021109898   -0.0000986703    0.0018878090
   0.0032554998    0.0024275597    0.0033404290
   0.0015426198    0.0015242097    0.0005043390
   0.0032490698    0.0032979697    0.0023855990

10   
 -0.0200000000000000   0.0000000000000000   0.0000000000000000
  -0.0748857698   -0.0751138000   -0.0759438406
  -0.0439620098    0.0736303100    0.0736371294
  -0.0169236298   -0.0290419200   -0.0290718806
   0.0736458302   -0.0439562400    0.0736396594
  -0.0290851998   -0.0171019300   -0.0289685306
   0.0731835502    0.0733657200   -0.0445845706
  -0.0291234998   -0.0289647300   -0.0170674906
  -0.0026379698   -0.0036096600   -0.0001461706
  -0.0041144598    0.0006830700   -0.0018334406
   0.0280147402   -0.0041441800    0.0091705594
   0.0007229102   -0.0329572900    0.0329432094
  -0.0047483198    0.0108666500    0.0096156894
  -0.0319913298    0.0046088400    0.0338054994
   0.0026200502    0.0035435200   -0.0003836406
  -0.0026099898   -0.0025961700    0.0022397794
  -0.0026589498    0.0005189000   -0.0029373306
  -0.0002876998   -0.0026284100   -0.0000814206
   0.0104640402    0.0092924200   -0.0042044806
   0.0045189202    0.0336662100   -0.0321128906
   0.0031969502   -0.0010113600    0.0031773894
  -0.0026204798    0.0022682600   -0.0026232606
  -0.0041902798    0.0092726700    0.0102939294
  -0.0320110798    0.0337746900    0.0046237994
   0.0080328202    0.0075189500    0.0081861394
  -0.0002577798    0.0003382800    0.0002878594
   0.0032708302   -0.0022547600   -0.0022524006
  -0.0391919098    0.0184655100    0.0184933094
   0.0003824002    0.0048012300   -0.0060038906
  -0.0043975498   -0.0029315600   -0.0035733006
   0.0009653502   -0.0056358900    0.0054568694
  -0.0043964498   -0.0035896900   -0.0029416306
   0.0002543102   -0.0032482100   -0.0032795906
  -0.0027649898   -0.0000776200   -0.0000937406
  -0.0010563098    0.0031952200    0.0031983694
   0.0022447502   -0.0027402800   -0.0027241106
   0.0092875402    0.0102944900   -0.0041870006
   0.0338312202    0.0046510000   -0.0319878606
   0.0087653502   -0.0045207100    0.0108673994
   0.0338368102   -0.0320250400    0.0046075094
   0.0079142702    0.0073860000    0.0078314294
   0.0003253002   -0.0002910900    0.0003320194
   0.0054412302    0.0009541400   -0.0056543906
  -0.0028177398   -0.0043894700   -0.0037171706
  -0.0028278598    0.0026858700   -0.0018894306
   0.0142757002   -0.0404197400    0.0196121494
  -0.0062116798    0.0013055000    0.0048350394
  -0.0077471298   -0.0033929900   -0.0038017206
   0.0079174002    0.0078693500    0.0073966894
   0.0003141302    0.0003118200   -0.0003000006
   0.0054803702   -0.0056513600    0.0009627694
  -0.0028266998   -0.0037048300   -0.0043784906
  -0.0056600398    0.0054624800    0.0009424294
  -0.0038148198   -0.0029485500   -0.0042541906
  -0.0022456398   -0.0022547900    0.0032822594
   0.0183565602    0.0185721600   -0.0393787706
  -0.0003206298   -0.0003997500   -0.0003764006
  -0.0010844798   -0.0009570700   -0.0009496806
   0.0004941402    0.0015345600    0.0015412994
   0.0023193302    0.0032720900    0.0032563194
   0.0009648202    0.0011663600    0.0011926694
   0.0034419602    0.0023216900    0.0033574294
   0.0015407402    0.0015600300    0.0005526094
   0.0034480502    0.0034011000    0.0023635094

10   
  0.0000000000000000   0.0200000000000000   0.0000000000000000
  -0.0752768806   -0.0750420700   -0.0761409998
  -0.0439568906    0.0736428500    0.0736269802
  -0.0169763106   -0.0291146300   -0.0289819798
   0.0736486194   -0.0439724300    0.0736382402
  -0.0289529806   -0.0168598800   -0.0291287898
   0.0733474094    0.0730207300   -0.0442583598
  -0.0291455306   -0.0289341300   -0.0170936498
  -0.0036156506   -0.0026792100    0.0008430102
  -0.0010086306    0.0037632300   -0.0018533898
   0.0101239994   -0.0216982000    0.0091788202
   0.0056194194   -0.0280144400    0.0347133202
  -0.0048183206    0.0108194800    0.0096236602
  -0.0320006706    0.0045710100    0.0337553002
   0.0035345394    0.0025621900   -0.0013638298
  -0.0026969206   -0.0027420200    0.0022869902
  -0.0029244906    0.0007355700   -0.0026404498
  -0.0002544706   -0.0026568700   -0.0000849798
   0.0102755594    0.0093026900   -0.0041901098
   0.0047568394    0.0337981300   -0.0319746298
   0.0031745294   -0.0010324300    0.0032092202
  -0.0026270606    0.0022667900   -0.0026747898
  -0.0042189306    0.0092305700    0.0102579502
  -0.0320629006    0.0337208100    0.0046299502
   0.0070450394    0.0084032600    0.0072063602
  -0.0003754206    0.0002396000    0.0003307602
   0.0033122294   -0.0022162800   -0.0022543598
  -0.0392587306    0.0184871400    0.0185426902
   0.0016045394    0.0060829400   -0.0053145298
  -0.0042754906   -0.0028049900   -0.0037741598
   0.0009815194   -0.0057207400    0.0054736802
  -0.0044337406   -0.0036362000   -0.0029405798
   0.0002079994   -0.0032652800   -0.0032425998
  -0.0027958406   -0.0000471500   -0.0000816798
  -0.0010312706    0.0029978000    0.0031867702
   0.0023845994   -0.0025206300   -0.0025503298
   0.0092610894    0.0102619800   -0.0042201598
   0.0337451194    0.0045660600   -0.0320690598
   0.0089551794   -0.0048006700    0.0105860002
   0.0337343394   -0.0321277200    0.0045949802
   0.0078304194    0.0073870300    0.0078248502
   0.0002407994   -0.0004203800    0.0002936402
   0.0054874894    0.0009916100   -0.0056523098
  -0.0027963106   -0.0044455000   -0.0036729598
  -0.0015674506    0.0038435800   -0.0025930298
   0.0194180394   -0.0354623900    0.0177838702
  -0.0053128906    0.0003233900    0.0058159702
  -0.0046067006   -0.0002955700   -0.0038348498
   0.0078628094    0.0078509600    0.0073775402
   0.0002526994    0.0002454400   -0.0003084498
   0.0054871994   -0.0056506800    0.0009632302
  -0.0028292706   -0.0037056900   -0.0043276698
  -0.0056282306    0.0054842800    0.0009466802
  -0.0035902606   -0.0028029700   -0.0044292998
  -0.0022681206   -0.0023167900    0.0033187802
   0.0184080594    0.0185622100   -0.0393694498
  -0.0004034506   -0.0003851900   -0.0003584598
  -0.0011213806   -0.0009868300   -0.0009429198
   0.0005324794    0.0015742000    0.0015416502
   0.0024561294    0.0033926500    0.0034444802
   0.0009001294    0.0011078000    0.0011752502
   0.0033957094    0.0023405000    0.0032963102
   0.0015550194    0.0014731700    0.0005396502
   0.0032916494    0.0033083100    0.0023162302

10   
  0.0000000000000000  -0.0200000000000000   0.0000000000000000
  -0.0756920003   -0.0759289395   -0.0748110797
  -0.0439774103    0.0736185605    0.0736360903
  -0.0170079203   -0.0289692195   -0.0290997897
   0.0736127797   -0.0439596895    0.0736246203
  -0.0291252603   -0.0171255495   -0.0289508297
   0.0739088997    0.0742368105   -0.0436823097
  -0.0289328803   -0.0291424595   -0.0168848997
  -0.0029116603   -0.0038579095   -0.0004749497
   0.0007674897   -0.0041946995   -0.0036609797
   0.0103039897    0.0132860905    0.0093405703
   0.0037799897   -0.0359702295    0.0328822203
  -0.0035602403    0.0097056805    0.0089491003
  -0.0320780603    0.0047373405    0.0337462903
   0.0028527197    0.0038333505   -0.0007101097
  -0.0025978503   -0.0025553095    0.0023003003
  -0.0036038503   -0.0003494895   -0.0038769197
  -0.0000794203   -0.0027633595   -0.0002469697
   0.0102574197    0.0092726305   -0.0042000397
   0.0045527697    0.0337028905   -0.0321078797
   0.0032186297   -0.0010472195    0.0031837003
  -0.0026678703    0.0023209505   -0.0026209297
  -0.0041692703    0.0093441105    0.0102750503
  -0.0320160503    0.0337813405    0.0046798303
   0.0077418897    0.0072956105    0.0084750203
  -0.0002905603    0.0003196705    0.0002276203
   0.0033157797   -0.0022901695   -0.0022526497
  -0.0393445403    0.0184878905    0.0184328003
   0.0003299697    0.0048976605   -0.0059934797
  -0.0044268803   -0.0029024895   -0.0035839597
   0.0009419997   -0.0055884395    0.0055004603
  -0.0042690603   -0.0037240695   -0.0027679797
   0.0001740397   -0.0032662195   -0.0032878597
  -0.0026238903   -0.0002899595   -0.0002519197
  -0.0010452903    0.0033937305    0.0032069903
   0.0022051897   -0.0027735695   -0.0027459497
   0.0093166697    0.0102711005   -0.0041702397
   0.0337588297    0.0047470605   -0.0320130497
   0.0096292797   -0.0035863995    0.0099418603
   0.0337696997   -0.0319567495    0.0047180203
   0.0078624897    0.0074024305    0.0078668203
   0.0003196597   -0.0002474695    0.0002658003
   0.0054878797    0.0009300005   -0.0056575897
  -0.0029105103   -0.0042611295   -0.0036854597
  -0.0029495203    0.0027777005   -0.0019110397
   0.0174682797   -0.0432394195    0.0192818303
  -0.0059875603    0.0015935905    0.0051646503
  -0.0028445403   -0.0083126595   -0.0019658797
   0.0078297897    0.0078404605    0.0074109903
   0.0003079297    0.0003134605   -0.0003593497
   0.0054885197   -0.0056589195    0.0009597403
  -0.0028784503   -0.0036526395   -0.0043777997
  -0.0056793003    0.0054884205    0.0009761403
  -0.0037675703   -0.0029049395   -0.0042782197
  -0.0022380903   -0.0021886795    0.0033095703
   0.0185694297    0.0184111805   -0.0392328497
  -0.0003685503   -0.0003886695   -0.0004150397
  -0.0009551303   -0.0010875095   -0.0011320397
   0.0005252797    0.0015090205    0.0015425803
   0.0022924397    0.0033029605    0.0032533403
   0.0021726897   -0.0000443595    0.0019059403
   0.0033014997    0.0024082505    0.0034020003
   0.0015295897    0.0016096105    0.0005170503
   0.0034056797    0.0033889705    0.0024330403

10   
  0.0000000000000000   0.0000000000000000   0.0200000000000000
  -0.0757478700   -0.0760820200   -0.0748464798
  -0.0439985800    0.0736490500    0.0736406702
  -0.0169332900   -0.0290038500   -0.0291016598
   0.0736428100   -0.0439751800    0.0735830202
  -0.0291150500   -0.0170977500   -0.0290067598
   0.0742723400    0.0738704300   -0.0433504598
  -0.0289169500   -0.0290973100   -0.0169749998
  -0.0036034100   -0.0026146600    0.0007762402
  -0.0010233400    0.0006751400    0.0012134502
   0.0103062100   -0.0043161200   -0.0081063998
   0.0055360000   -0.0309116300    0.0376829402
  -0.0038619400    0.0099417600    0.0086536702
  -0.0321052700    0.0046391000    0.0336664602
   0.0025483300    0.0035284500   -0.0004550998
  -0.0025931400   -0.0026598800    0.0022032502
  -0.0029160500    0.0007809900   -0.0027234898
  -0.0002512600   -0.0026227800   -0.0001103798
   0.0102621000    0.0092852300   -0.0041804498
   0.0047564300    0.0338275200   -0.0320056398
   0.0031781100   -0.0010519300    0.0031314602
  -0.0026715400    0.0022692200   -0.0026764398
  -0.0042227600    0.0092957000    0.0102664402
  -0.0320187400    0.0337303900    0.0046210402
   0.0077157500    0.0072122900    0.0084107402
  -0.0003417800    0.0003444100    0.0001886902
   0.0033178200   -0.0022481700   -0.0022310198
  -0.0392829100    0.0185013500    0.0183980902
   0.0006067700    0.0051399900   -0.0062187898
  -0.0044369500   -0.0029354400   -0.0035609298
   0.0009919900   -0.0056488300    0.0054996302
  -0.0042664600   -0.0037669500   -0.0027374598
   0.0001758600   -0.0032372400   -0.0032554298
  -0.0027923800   -0.0000797200   -0.0001153998
  -0.0010355300    0.0031890100    0.0032126302
   0.0023699400   -0.0025543100   -0.0026087198
   0.0092970000    0.0102818500   -0.0042523398
   0.0337147300    0.0046065200   -0.0320995798
   0.0086353500   -0.0045354900    0.0107891902
   0.0338089800   -0.0320973100    0.0046297502
   0.0078315300    0.0073674400    0.0078604402
   0.0002115100   -0.0003286900    0.0001859802
   0.0054960300    0.0009680200   -0.0056375398
  -0.0028179100   -0.0043335300   -0.0037736898
  -0.0018862300    0.0036679800   -0.0028625398
   0.0174342600   -0.0401213000    0.0223725202
  -0.0050136300    0.0006299700    0.0060654002
  -0.0028400700   -0.0052610400    0.0010622702
   0.0078610100    0.0078172700    0.0074101202
   0.0002492000    0.0003099600   -0.0003782798
   0.0054863900   -0.0056554000    0.0009637702
  -0.0028299200   -0.0036524900   -0.0043832898
  -0.0056709800    0.0054990700    0.0009061102
  -0.0037632700   -0.0029351600   -0.0043117698
  -0.0022319400   -0.0022738700    0.0033299602
   0.0185671600    0.0183980500   -0.0392811398
  -0.0003740100   -0.0003594900   -0.0003807798
  -0.0011277900   -0.0009460000   -0.0009211098
   0.0005280800    0.0015402800    0.0013387002
   0.0024610400    0.0034356700    0.0034760702
   0.0012121700    0.0008560600    0.0009387702
   0.0033429800    0.0023285800    0.0032538402
   0.0015137000    0.0015259500    0.0005326302
   0.0033593700    0.0032908400    0.0022841202

10   
  0.0000000000000000   0.0000000000000000  -0.0200000000000000
  -0.0752208498   -0.0748946206   -0.0761079600
  -0.0439352898    0.0736122994    0.0736224700
  -0.0170483598   -0.0290760906   -0.0289801500
   0.0736193702   -0.0439566606    0.0736807400
  -0.0289620198   -0.0168855306   -0.0290769500
   0.0729991802    0.0733930794   -0.0445794900
  -0.0291595098   -0.0289814906   -0.0170007700
  -0.0029232798   -0.0039255706   -0.0004049600
   0.0007818202   -0.0011023506   -0.0067328600
   0.0101268002   -0.0041540306    0.0266725200
   0.0038665202   -0.0330708306    0.0299147700
  -0.0045333198    0.0105977794    0.0099249400
  -0.0319732598    0.0046684994    0.0338329300
   0.0038556102    0.0028611194   -0.0016329500
  -0.0027009298   -0.0026349306    0.0023840400
  -0.0036117798   -0.0003902306   -0.0037985000
  -0.0000829198   -0.0027959206   -0.0002221600
   0.0102708102    0.0092913394   -0.0042107000
   0.0045548402    0.0336746594   -0.0320787700
   0.0032153402   -0.0010256906    0.0032606100
  -0.0026229998    0.0023196294   -0.0026203800
  -0.0041662798    0.0092806894    0.0102657700
  -0.0320614898    0.0337738294    0.0046898100
   0.0070707902    0.0084907294    0.0072730700
  -0.0003250398    0.0002151894    0.0003703100
   0.0033101302   -0.0022576906   -0.0022763100
  -0.0393210598    0.0184752094    0.0185756000
   0.0013096402    0.0058272294   -0.0050956200
  -0.0042673798   -0.0027725506   -0.0037948800
   0.0009305002   -0.0056594106    0.0054728900
  -0.0044384798   -0.0035901006   -0.0029744800
   0.0002058202   -0.0032927506   -0.0032746900
  -0.0026297298   -0.0002540606   -0.0002169800
  -0.0010415598    0.0032030494    0.0031802100
   0.0022169202   -0.0027424506   -0.0026904700
   0.0092802202    0.0102515594   -0.0041393400
   0.0337888702    0.0047044994   -0.0319831800
   0.0099316402   -0.0038568706    0.0097513500
   0.0336933602   -0.0319831006    0.0046822300
   0.0078611602    0.0074223694    0.0078298900
   0.0003499502   -0.0003389206    0.0003736100
   0.0054798602    0.0009547494   -0.0056730100
  -0.0028892098   -0.0043710406   -0.0035863800
  -0.0026122598    0.0029676394   -0.0016475300
   0.0194477102   -0.0385742006    0.0146958900
  -0.0063058798    0.0012957394    0.0049002200
  -0.0046115398   -0.0033530106   -0.0068691500
   0.0078318302    0.0078747094    0.0073779700
   0.0003114402    0.0002499794   -0.0002897700
   0.0054888102   -0.0056531906    0.0009583100
  -0.0028780298   -0.0037049606   -0.0043232900
  -0.0056371698    0.0054751894    0.0010163100
  -0.0035941198   -0.0027713206   -0.0043964600
  -0.0022738598   -0.0022315106    0.0032983400
   0.0184101002    0.0185765494   -0.0393229800
  -0.0003979798   -0.0004138006   -0.0003940600
  -0.0009467498   -0.0011300006   -0.0011577600
   0.0005294102    0.0015440394    0.0017447000
   0.0022900602    0.0032627294    0.0032239600
   0.0018798502    0.0001934294    0.0021484900
   0.0033546002    0.0024210794    0.0034423300
   0.0015708402    0.0015583194    0.0005229900
   0.0033385302    0.0034079794    0.0024656700

11   
  0.0200000000000000   0.0000000000000000   0.0000000000000000
  -0.0755541197   -0.0755824997   -0.0754224292
  -0.0440650797    0.0737456303    0.0735940408
  -0.0169558297   -0.0290516197   -0.0290592192
   0.0737358603   -0.0440670097    0.0736313908
  -0.0290496197   -0.0168500397   -0.0290471492
   0.0769653803    0.0728676703   -0.0430634492
  -0.0284366997   -0.0293863097   -0.0163602992
  -0.0031258697   -0.0033618997    0.0000888208
  -0.0008029397   -0.0004748197   -0.0030183892
   0.0141950103   -0.0033211197    0.0100746108
  -0.0126139897   -0.0321312397    0.0337967108
  -0.0042787497    0.0103110103    0.0092726808
  -0.0314700297    0.0039934703    0.0340728408
   0.0031057003    0.0031800303   -0.0009793092
  -0.0020959497   -0.0023021397    0.0016894608
   0.0006259603   -0.0006069897   -0.0041207792
  -0.0008000397   -0.0024021797    0.0001438108
   0.0104020903    0.0093881703   -0.0040935792
   0.0043471703    0.0337217703   -0.0320192892
   0.0030997103   -0.0010211897    0.0031562208
  -0.0026472997    0.0022561303   -0.0026590592
  -0.0042861197    0.0092378103    0.0102720708
  -0.0320289597    0.0337283703    0.0045600808
   0.0072886503    0.0078384603    0.0078141508
  -0.0008956997   -0.0000469497    0.0005900308
   0.0032290703   -0.0022146397   -0.0022553192
  -0.0393002797    0.0184843203    0.0184925908
   0.0048727903    0.0067425003   -0.0068989792
  -0.0037969697   -0.0022471697   -0.0040252092
   0.0010981503   -0.0057159297    0.0055482408
  -0.0043563497   -0.0036667797   -0.0028165892
   0.0002035703   -0.0033172297   -0.0033805392
  -0.0027597497   -0.0001572497   -0.0001761292
  -0.0010092597    0.0033163303    0.0032591908
   0.0023064903   -0.0026747497   -0.0026438392
   0.0092549503    0.0102980403   -0.0042196592
   0.0337531803    0.0045609503   -0.0320284392
   0.0092623503   -0.0042567297    0.0103162308
   0.0343426003   -0.0323695097    0.0039895208
   0.0078093503    0.0073238203    0.0078167508
   0.0002257003   -0.0003472197    0.0002537508
   0.0054320003    0.0010162903   -0.0055829592
  -0.0028356897   -0.0043490497   -0.0036784792
  -0.0022085897    0.0033644303   -0.0023333492
   0.0191018803   -0.0386265197    0.0188616808
  -0.0056051297    0.0009224803    0.0055364308
  -0.0031025897   -0.0040321497   -0.0022210792
   0.0077965803    0.0077777803    0.0073536608
   0.0002209603    0.0003012603   -0.0003336192
   0.0054581203   -0.0056270797    0.0010164608
  -0.0028479597   -0.0036837397   -0.0043465392
  -0.0056059197    0.0055707603    0.0009091508
  -0.0036665497   -0.0028318097   -0.0043687992
  -0.0022267297   -0.0023084697    0.0033891608
   0.0184756703    0.0184503703   -0.0392932492
  -0.0003386197   -0.0004669597   -0.0004544792
  -0.0011002697   -0.0010585797   -0.0010186592
   0.0005762903    0.0016145603    0.0016239908
   0.0023873603    0.0033359103    0.0033699508
   0.0015020003    0.0005796203    0.0014900308
   0.0039225903    0.0017478003    0.0030307808
   0.0015149403    0.0015194203    0.0005517108
   0.0033555203    0.0033624003    0.0023526608

11   
 -0.0200000000000000   0.0000000000000000   0.0000000000000000
  -0.0754113998   -0.0753832597   -0.0755381894
  -0.0438702498    0.0735146103    0.0736691706
  -0.0170281198   -0.0290318597   -0.0290211594
   0.0735262302   -0.0438692697    0.0736328206
  -0.0290293498   -0.0171327597   -0.0290312994
   0.0703785702    0.0743123703   -0.0447867994
  -0.0296327998   -0.0286937597   -0.0176053294
  -0.0034074498   -0.0031696197    0.0002913706
   0.0004718602    0.0001453203   -0.0023947494
   0.0062354902   -0.0051636997    0.0084058506
   0.0219064002   -0.0318644797    0.0335755506
  -0.0041123298    0.0102189703    0.0093030006
  -0.0326013498    0.0052999203    0.0334283206
   0.0032855602    0.0032098303   -0.0010989394
  -0.0031905898   -0.0029932997    0.0028883206
  -0.0072586098    0.0010798703   -0.0023142694
   0.0004691502   -0.0030293897   -0.0004834494
   0.0101275202    0.0091855503   -0.0042952694
   0.0049630902    0.0337797403   -0.0320603694
   0.0032912102   -0.0010592897    0.0032384806
  -0.0026480598    0.0023293003   -0.0026351794
  -0.0041047898    0.0093345703    0.0102624006
  -0.0320514698    0.0337719003    0.0047510206
   0.0075002202    0.0078512003    0.0078796306
   0.0002237602    0.0005960103   -0.0000218494
   0.0033990102   -0.0022947497   -0.0022506094
  -0.0393046198    0.0184895003    0.0184840506
  -0.0028602398    0.0043208703   -0.0045000594
  -0.0049001098   -0.0034527797   -0.0033339194
   0.0008257402   -0.0055954597    0.0054269306
  -0.0043495798   -0.0036934097   -0.0028905894
   0.0001784702   -0.0032169897   -0.0031482994
  -0.0026614798   -0.0001798497   -0.0001565194
  -0.0010675998    0.0030736803    0.0031375006
   0.0022814502   -0.0026240297   -0.0026513594
   0.0093215502    0.0102329403   -0.0041697494
   0.0337497602    0.0047485903   -0.0320523694
   0.0093143402   -0.0041368397    0.0102197706
   0.0331540202   -0.0317130897    0.0053354106
   0.0078825802    0.0074627603    0.0078764006
   0.0003348902   -0.0003233897    0.0003066906
   0.0055418502    0.0009026403   -0.0057257294
  -0.0028724698   -0.0043581497   -0.0036790894
  -0.0023006498    0.0032598003   -0.0021711394
   0.0178666502   -0.0399930297    0.0181138806
  -0.0057057098    0.0009992303    0.0054362406
  -0.0042657098   -0.0046806397   -0.0034984394
   0.0078949402    0.0079124703    0.0074382406
   0.0003396602    0.0002559703   -0.0003325694
   0.0055170502   -0.0056844897    0.0009076306
  -0.0028605298   -0.0036768897   -0.0043576994
  -0.0057046298    0.0054003903    0.0010162906
  -0.0036923798   -0.0028797597   -0.0043354394
  -0.0022827198   -0.0021970497    0.0032400806
   0.0184997502    0.0185237803   -0.0393120394
  -0.0004326298   -0.0003093197   -0.0003196494
  -0.0009754998   -0.0010201697   -0.0010556294
   0.0004821702    0.0014688403    0.0014619906
   0.0023623502    0.0033598603    0.0033294706
   0.0015817102    0.0004745903    0.0015939606
   0.0027662502    0.0030108703    0.0036725706
   0.0015686702    0.0015619403    0.0005062206
   0.0033412002    0.0033328803    0.0023984806

11   
  0.0000000000000000   0.0200000000000000   0.0000000000000000
  -0.0754955298   -0.0755630195   -0.0754315098
  -0.0438582798    0.0735752305    0.0735676802
  -0.0169923598   -0.0290208295   -0.0290441198
   0.0736597202   -0.0439330195    0.0735571002
  -0.0290161298   -0.0169690595   -0.0290607898
   0.0722835602    0.0771606305   -0.0442079998
  -0.0285394598   -0.0295134595   -0.0166784598
  -0.0033457998   -0.0032230995    0.0002623602
   0.0001641202    0.0003947905   -0.0020778898
   0.0111866202   -0.0002657295    0.0103205402
   0.0044176502   -0.0484649395    0.0322867002
  -0.0041537598    0.0102182705    0.0092228102
  -0.0325350198    0.0052144905    0.0332649202
   0.0032024602    0.0031171805   -0.0010853498
  -0.0029504998   -0.0032515995    0.0025616902
  -0.0041855898    0.0041067705   -0.0022798098
  -0.0004959598   -0.0021374295    0.0004863502
   0.0103423302    0.0093249805   -0.0041263298
   0.0046776102    0.0337726405   -0.0320273598
   0.0031924002   -0.0011305395    0.0031488802
  -0.0026729998    0.0023119005   -0.0026668098
  -0.0042195298    0.0092296305    0.0102149602
  -0.0320382198    0.0337046605    0.0046685402
   0.0073872902    0.0077447205    0.0078930102
  -0.0000214698    0.0009121405   -0.0004178298
   0.0033600402   -0.0023121195   -0.0022095098
  -0.0393261698    0.0185381405    0.0185066902
   0.0018209102    0.0090631305   -0.0062319598
  -0.0036790898   -0.0022465395   -0.0039970798
   0.0008670802   -0.0056464395    0.0054450802
  -0.0043621698   -0.0037312895   -0.0028473298
   0.0000679902   -0.0031732295   -0.0031590798
  -0.0027070798   -0.0001602795   -0.0001301598
  -0.0009728298    0.0032982905    0.0032690502
   0.0022955202   -0.0028216495   -0.0026549798
   0.0093119802    0.0102371605   -0.0042177198
   0.0337197902    0.0046669105   -0.0320410798
   0.0092345602   -0.0042809895    0.0102524202
   0.0340443102   -0.0325647295    0.0043265902
   0.0078201102    0.0073614005    0.0078660902
   0.0002961102   -0.0003131695    0.0002521602
   0.0055169102    0.0008485705   -0.0056514998
  -0.0028485498   -0.0043333895   -0.0036702298
  -0.0021797498    0.0033237905   -0.0023321098
   0.0191627602   -0.0386961995    0.0188117802
  -0.0057342898    0.0010843305    0.0054097202
  -0.0040295898   -0.0049758895   -0.0032043798
   0.0077976402    0.0077718205    0.0074328302
   0.0002714102    0.0003042505   -0.0003542598
   0.0055152702   -0.0056848895    0.0009902002
  -0.0028495098   -0.0036731695   -0.0043565598
  -0.0055683798    0.0055989105    0.0008512602
  -0.0036493798   -0.0028431995   -0.0043392598
  -0.0023183898   -0.0022149495    0.0032396202
   0.0185085402    0.0184346605   -0.0393312798
  -0.0004791798   -0.0002793395   -0.0002960398
  -0.0010126998   -0.0010310795   -0.0010096098
   0.0005842602    0.0015735105    0.0016316002
   0.0023758602    0.0033811005    0.0033149802
   0.0015956402    0.0004281905    0.0015367002
   0.0027011502    0.0029551505    0.0036814202
   0.0015209102    0.0015097905    0.0005067202
   0.0033351502    0.0032881205    0.0023579302

11   
  0.0000000000000000  -0.0200000000000000   0.0000000000000000
  -0.0754701400   -0.0754018003   -0.0755283898
  -0.0440758100    0.0736861097    0.0736976402
  -0.0169895400   -0.0290619703   -0.0290360698
   0.0736054800   -0.0440002903    0.0737062202
  -0.0290600000   -0.0170139703   -0.0290171398
   0.0750565200    0.0700129297   -0.0436499598
  -0.0295427900   -0.0285631203   -0.0173031298
  -0.0031816200   -0.0033098303    0.0001157002
  -0.0004992300   -0.0007384303   -0.0033533998
   0.0092558700   -0.0082219003    0.0081607602
   0.0046854900   -0.0156226803    0.0351111402
  -0.0042329200    0.0103135897    0.0093534302
  -0.0315287700    0.0040830197    0.0342382202
   0.0031922800    0.0032746397   -0.0009927198
  -0.0023497400   -0.0020487103    0.0020353402
  -0.0024352900   -0.0036311203   -0.0041573398
   0.0001608000   -0.0032785403   -0.0008081498
   0.0101930400    0.0092521197   -0.0042599398
   0.0046331400    0.0337304397   -0.0320525998
   0.0032026900   -0.0009508003    0.0032450202
  -0.0026203600    0.0022743797   -0.0026275598
  -0.0041667700    0.0093448297    0.0103200802
  -0.0320385400    0.0337957597    0.0046428402
   0.0074037100    0.0079453797    0.0078005902
  -0.0006387500   -0.0003460403    0.0009660902
   0.0032695700   -0.0021955803   -0.0022962298
  -0.0392758500    0.0184361097    0.0184702702
   0.0001984900    0.0020218297   -0.0051751698
  -0.0050135400   -0.0034567803   -0.0033641798
   0.0010569900   -0.0056609603    0.0055276702
  -0.0043405500   -0.0036283303   -0.0028596698
   0.0003179900   -0.0033606703   -0.0033695998
  -0.0027107700   -0.0001755603   -0.0002024998
  -0.0011014000    0.0030903397    0.0031261702
   0.0022958300   -0.0024758003   -0.0026394898
   0.0092674800    0.0102949897   -0.0041712798
   0.0337868300    0.0046446597   -0.0320399298
   0.0093461400   -0.0041099103    0.0102829502
   0.0334687600   -0.0315239903    0.0049819902
   0.0078746700    0.0074269697    0.0078267402
   0.0002660000   -0.0003558803    0.0003088402
   0.0054616900    0.0010743297   -0.0056564798
  -0.0028567600   -0.0043725003   -0.0036871898
  -0.0023252900    0.0033015797   -0.0021714198
   0.0178046700   -0.0399185603    0.0181637102
  -0.0055716600    0.0008342697    0.0055648002
  -0.0033197700   -0.0037267203   -0.0024956798
   0.0078954600    0.0079164897    0.0073567402
   0.0002909300    0.0002539497   -0.0003120798
   0.0054623600   -0.0056256503    0.0009340802
  -0.0028560700   -0.0036863303   -0.0043476298
  -0.0057364900    0.0053752097    0.0010725202
  -0.0037069100   -0.0028673503   -0.0043647098
  -0.0021889500   -0.0022904003    0.0033891102
   0.0184694400    0.0185393397   -0.0392730798
  -0.0002911000   -0.0004932803   -0.0004760198
  -0.0010601100   -0.0010462003   -0.0010647498
   0.0004782200    0.0015119897    0.0014552002
   0.0023767300    0.0033160097    0.0033849602
   0.0014917000    0.0006264997    0.0015482302
   0.0039864600    0.0018009197    0.0030218602
   0.0015655500    0.0015724897    0.0005513802
   0.0033645100    0.0034084897    0.0023931902

11   
  0.0000000000000000   0.0000000000000000   0.0200000000000000
  -0.0754862803   -0.0754280603   -0.0755333703
  -0.0440206203    0.0736340797    0.0736912897
  -0.0169876903   -0.0290366503   -0.0290141003
   0.0736050697   -0.0440435103    0.0736981397
  -0.0290401703   -0.0169746403   -0.0290955003
   0.0750975397    0.0732403597   -0.0404321903
  -0.0285528703   -0.0294971903   -0.0164396003
  -0.0033490303   -0.0031995003    0.0002245497
   0.0001562897    0.0004836097   -0.0021377803
   0.0110747397   -0.0033256303    0.0131226497
   0.0046629497   -0.0334230503    0.0173419397
  -0.0041897103    0.0102099397    0.0092048197
  -0.0325275003    0.0049761497    0.0333132397
   0.0032307797    0.0031427497   -0.0010916103
  -0.0033129803   -0.0029763603    0.0028909797
  -0.0042600203    0.0013239697    0.0007327997
  -0.0005005003   -0.0020768503    0.0004002297
   0.0103536997    0.0093653497   -0.0041459803
   0.0046248397    0.0337560797   -0.0320204103
   0.0031718697   -0.0010974503    0.0031483597
  -0.0026401703    0.0022955597   -0.0027009603
  -0.0042011103    0.0092494897    0.0101873197
  -0.0320741203    0.0337311497    0.0046572697
   0.0073520997    0.0079020897    0.0078045397
  -0.0006401503   -0.0004301503    0.0008865397
   0.0033201497   -0.0021920603   -0.0023402703
  -0.0392895003    0.0184734997    0.0184931997
   0.0002048497    0.0050089397   -0.0021734903
  -0.0040498303   -0.0025938803   -0.0042916403
   0.0010635497   -0.0056816703    0.0055028097
  -0.0043238203   -0.0036997603   -0.0028387003
   0.0001455697   -0.0032008503   -0.0031719503
  -0.0027105803   -0.0001369203   -0.0001634703
  -0.0009185603    0.0032949897    0.0032872697
   0.0022939297   -0.0026856003   -0.0026209103
   0.0092680897    0.0102426997   -0.0042251003
   0.0337326597    0.0046318897   -0.0320861403
   0.0093474997   -0.0042134503    0.0101817797
   0.0331081397   -0.0317533903    0.0052545197
   0.0078257097    0.0074208497    0.0078206197
   0.0002753397   -0.0003595603    0.0003033197
   0.0055480897    0.0009877997   -0.0057359203
  -0.0028580503   -0.0043457103   -0.0036582403
  -0.0023370303    0.0032361397   -0.0021134903
   0.0181269597   -0.0396464703    0.0178583897
  -0.0055843803    0.0008838497    0.0055149597
  -0.0030322403   -0.0040233003   -0.0022815103
   0.0078205397    0.0078422397    0.0072874297
   0.0002608497    0.0002470897   -0.0003253203
   0.0055132197   -0.0056286703    0.0009407897
  -0.0028571003   -0.0036837803   -0.0043475303
  -0.0057196003    0.0054078697    0.0009975097
  -0.0036662603   -0.0028706803   -0.0044109903
  -0.0021586503   -0.0023439403    0.0034384797
   0.0185270397    0.0185026697   -0.0392998603
  -0.0004418903   -0.0002925003   -0.0003455703
  -0.0010613403   -0.0010111103   -0.0010294803
   0.0006346897    0.0016437797    0.0016596897
   0.0023655097    0.0033370397    0.0031699097
   0.0014937397    0.0005182897    0.0014407297
   0.0036985697    0.0020054997    0.0027308797
   0.0015674697    0.0015191697    0.0004985197
   0.0033197197    0.0033574697    0.0023856197

11   
  0.0000000000000000   0.0000000000000000  -0.0200000000000000
  -0.0754779402   -0.0755374405   -0.0754286806
  -0.0439156102    0.0736250795    0.0735729794
  -0.0169937702   -0.0290478905   -0.0290679906
   0.0736602498   -0.0438900305    0.0735629394
  -0.0290357702   -0.0170101305   -0.0289850606
   0.0722441798    0.0739445795   -0.0474133306
  -0.0295096502   -0.0285840805   -0.0175303906
  -0.0031783002   -0.0033346205    0.0001512494
  -0.0004915702   -0.0008313705   -0.0032914106
   0.0093657398   -0.0051590305    0.0053543194
   0.0044414198   -0.0305984005    0.0501575594
  -0.0041975602    0.0103203295    0.0093707394
  -0.0315560102    0.0043328995    0.0341839894
   0.0031655198    0.0032460295   -0.0009894406
  -0.0019693802   -0.0023177305    0.0016896894
  -0.0023605002   -0.0008504205   -0.0071664306
   0.0001654798   -0.0033362705   -0.0007263606
   0.0101818698    0.0092103395   -0.0042422806
   0.0046864798    0.0337461495   -0.0320623806
   0.0032240598   -0.0009837705    0.0032438494
  -0.0026528902    0.0022899595   -0.0025945906
  -0.0041859402    0.0093234295    0.0103448994
  -0.0320033202    0.0337685095    0.0046536094
   0.0074388298    0.0077875895    0.0078870194
  -0.0000200102    0.0009997195   -0.0003361906
   0.0033100698   -0.0023172805   -0.0021663906
  -0.0393119502    0.0184996495    0.0184816694
   0.0018146098    0.0060626295   -0.0092468406
  -0.0046604702   -0.0031251205   -0.0030637406
   0.0008605698   -0.0056266305    0.0054679994
  -0.0043796602   -0.0036608605   -0.0028704706
   0.0002385598   -0.0033325605   -0.0033555106
  -0.0027073002   -0.0001997605   -0.0001704506
  -0.0011546602    0.0030950095    0.0031083494
   0.0022975298   -0.0026134205   -0.0026760806
   0.0093114898    0.0102881695   -0.0041653806
   0.0337726298    0.0046774195   -0.0319953506
   0.0092329598   -0.0041792605    0.0103508194
   0.0343865798   -0.0323302305    0.0040664394
   0.0078693898    0.0073662495    0.0078703794
   0.0002868798   -0.0003108405    0.0002558094
   0.0054277898    0.0009335795   -0.0055717606
  -0.0028475802   -0.0043615505   -0.0037005006
  -0.0021665702    0.0033898795   -0.0023945706
   0.0188588898   -0.0389546505    0.0191210094
  -0.0057240302    0.0010375595    0.0054555394
  -0.0043359502   -0.0046893905   -0.0034352306
   0.0078746898    0.0078466095    0.0074999494
   0.0003008798    0.0003096095   -0.0003426606
   0.0054641498   -0.0056830905    0.0009815494
  -0.0028486102   -0.0036768605   -0.0043586206
  -0.0055874002    0.0055622395    0.0009265494
  -0.0036903002   -0.0028408805   -0.0042955006
  -0.0023458502   -0.0021643105    0.0031929394
   0.0184516998    0.0184710795   -0.0393064306
  -0.0003256802   -0.0004841205   -0.0004309506
  -0.0010113402   -0.0010675005   -0.0010468706
   0.0004252098    0.0014376395    0.0014218994
   0.0023869898    0.0033587095    0.0035275994
   0.0015929398    0.0005353295    0.0016427594
   0.0030083798    0.0027340995    0.0039626194
   0.0015187998    0.0015619895    0.0005577994
   0.0033800598    0.0033374395    0.0023633294

14   
  0.0200000000000000   0.0000000000000000   0.0000000000000000
  -0.0755102394   -0.0754683497   -0.0754894202
  -0.0435151094    0.0733621003    0.0742775798
  -0.0130937994   -0.0299737697   -0.0282178102
   0.0730496106   -0.0437175397    0.0739167998
  -0.0250453294   -0.0179247897   -0.0300213702
   0.0736550406    0.0736291803   -0.0439700302
  -0.0291303794   -0.0290202197   -0.0169428302
  -0.0026991794   -0.0026455197   -0.0001399702
   0.0037618906    0.0006851103   -0.0035706702
   0.0108414706   -0.0038539497    0.0086386998
   0.0045638106   -0.0320359797    0.0337830498
  -0.0048289194    0.0099235903    0.0096143198
  -0.0321196894    0.0046384403    0.0336965498
  -0.0143784794    0.0032568803   -0.0009003202
   0.0014291106   -0.0016913897    0.0032132098
  -0.0032661194    0.0002171303   -0.0032478702
  -0.0000435694   -0.0026199297   -0.0002589602
   0.0102643306    0.0092694403   -0.0042186402
   0.0045587406    0.0337261703   -0.0320479702
   0.0025940806   -0.0007032097    0.0028626798
  -0.0027408494    0.0022443703   -0.0026616802
  -0.0043927194    0.0092810103    0.0102658598
  -0.0319347194    0.0338505803    0.0047723098
   0.0079765806    0.0071774803    0.0081985998
  -0.0004142194    0.0003357603    0.0002732298
   0.0033044306   -0.0022385697   -0.0022245302
  -0.0391614294    0.0184018903    0.0185690098
   0.0003109406    0.0051396803   -0.0059946002
  -0.0042222694   -0.0029453897   -0.0037759602
   0.0009926106   -0.0056546997    0.0054824998
  -0.0044481694   -0.0036273097   -0.0028498202
   0.0001991606   -0.0032388697   -0.0032801402
  -0.0026498194   -0.0000869397   -0.0002518002
  -0.0005105794    0.0028588603    0.0025873198
   0.0022582506   -0.0026938497   -0.0025977202
   0.0092231106    0.0102861403   -0.0041843002
   0.0337028606    0.0046162703   -0.0320910702
   0.0093041206   -0.0042048897    0.0102641298
   0.0338397106   -0.0319693897    0.0047151098
   0.0084303306    0.0067445103    0.0074941798
   0.0002366506   -0.0002762497    0.0002188998
   0.0060411606    0.0012940103   -0.0050037902
  -0.0028122094   -0.0044399297   -0.0036087702
  -0.0023259294    0.0032940803   -0.0022417802
   0.0185355706   -0.0394115397    0.0184243498
  -0.0056098994    0.0009509203    0.0054819698
  -0.0037167194   -0.0042992997   -0.0028036302
   0.0078491506    0.0078221103    0.0074102098
   0.0002488706    0.0003116103   -0.0003622302
   0.0054954506   -0.0056812697    0.0009842298
  -0.0028033994   -0.0037582197   -0.0042692302
  -0.0057171894    0.0055041903    0.0009560198
  -0.0036377494   -0.0029322397   -0.0044525802
  -0.0022497894   -0.0022543897    0.0033105498
   0.0184614406    0.0185161903   -0.0392817302
   0.0001948806    0.0002606003   -0.0000361802
  -0.0009875194   -0.0009533397   -0.0011299402
   0.0005297906    0.0015564003    0.0015131898
   0.0023464506    0.0033283403    0.0033736398
   0.0014756806    0.0005108003    0.0015283998
   0.0033198506    0.0023487403    0.0033237798
   0.0015709206    0.0015396103    0.0005240598
   0.0033999306    0.0034388303    0.0024529098

14   
 -0.0200000000000000   0.0000000000000000   0.0000000000000000
  -0.0754551500   -0.0754954498   -0.0754784300
  -0.0444218900    0.0739019102    0.0729709400
  -0.0209902800   -0.0280158598   -0.0299605500
   0.0742096000   -0.0442060898    0.0733482300
  -0.0329407900   -0.0161503598   -0.0281546100
   0.0736069100    0.0736323802   -0.0439622700
  -0.0289522800   -0.0290611098   -0.0170442400
  -0.0038400800   -0.0038951098    0.0005186900
  -0.0041955000   -0.0011128798   -0.0017607000
   0.0096828800   -0.0045415098    0.0099455100
   0.0047461800   -0.0320473898    0.0337174900
  -0.0035594300    0.0106147402    0.0089513700
  -0.0319647000    0.0046714302    0.0338025000
   0.0207713300    0.0031370302   -0.0010034800
  -0.0066281100   -0.0035142098    0.0014650600
  -0.0032651000    0.0001615402   -0.0032855000
  -0.0002944300   -0.0028022098   -0.0000788600
   0.0102670100    0.0093053802   -0.0041758500
   0.0047505000    0.0337765002   -0.0320375100
   0.0038022200   -0.0013827698    0.0035314000
  -0.0025572000    0.0023430102   -0.0026383300
  -0.0039994300    0.0092946502    0.0102620200
  -0.0321442200    0.0336522902    0.0045327700
   0.0068048100    0.0085228402    0.0074866900
  -0.0002537800    0.0002214802    0.0002815400
   0.0033223300   -0.0022683398   -0.0022855900
  -0.0394467800    0.0185736602    0.0184031300
   0.0016075700    0.0058261002   -0.0053256800
  -0.0044815200   -0.0027640198   -0.0035857100
   0.0009286200   -0.0056555398    0.0054880900
  -0.0042585400   -0.0037311998   -0.0028624400
   0.0001809600   -0.0032928998   -0.0032541900
  -0.0027685100   -0.0002483998   -0.0000887700
  -0.0015612800    0.0035306602    0.0037907300
   0.0023305800   -0.0026026798   -0.0027026400
   0.0093523900    0.0102454202   -0.0042111300
   0.0337997000    0.0046934302   -0.0319952500
   0.0092711100   -0.0041877398    0.0102646200
   0.0336613500   -0.0321140298    0.0045889400
   0.0072669700    0.0080332702    0.0081924500
   0.0003210500   -0.0003933498    0.0003372400
   0.0049388200    0.0006319802   -0.0062981600
  -0.0028950500   -0.0042677398   -0.0037506800
  -0.0021806400    0.0033330802   -0.0022686600
   0.0184376600   -0.0391934198    0.0185499200
  -0.0057005100    0.0009714302    0.0054868200
  -0.0036423400   -0.0044064798   -0.0029086300
   0.0078404900    0.0078678302    0.0073750900
   0.0003100100    0.0002469002   -0.0003101700
   0.0054776000   -0.0056293598    0.0009353100
  -0.0029042000   -0.0036026298   -0.0044397600
  -0.0055919300    0.0054677402    0.0009639500
  -0.0037231200   -0.0027755598   -0.0042560600
  -0.0022580200   -0.0022532598    0.0033134200
   0.0185135900    0.0184585502   -0.0393259500
  -0.0009606800   -0.0010238098   -0.0007379400
  -0.0010860900   -0.0011203698   -0.0009493400
   0.0005270100    0.0015265602    0.0015670300
   0.0024024500    0.0033680102    0.0033203400
   0.0016064700    0.0005460402    0.0015522000
   0.0033762000    0.0024001402    0.0033707500
   0.0015126000    0.0015435302    0.0005302800
   0.0032946100    0.0032562602    0.0022925600

14   
  0.0000000000000000   0.0000000000000000   0.0200000000000000
  -0.0755026195   -0.0755026195   -0.0755292710
  -0.0433503495    0.0733728905    0.0742040290
  -0.0161298595   -0.0300946695   -0.0251918210
   0.0733728905   -0.0433503495    0.0742040290
  -0.0300946695   -0.0161298595   -0.0251918210
   0.0736053805    0.0736053805   -0.0439201910
  -0.0289861995   -0.0289861995   -0.0170192810
  -0.0029323395   -0.0029323395   -0.0004523510
  -0.0010951995   -0.0010951995    0.0013046790
   0.0095987105   -0.0045253595    0.0098792290
   0.0047129205   -0.0320859595    0.0336986190
  -0.0045253595    0.0095987105    0.0098792290
  -0.0320859595    0.0047129205    0.0336986190
   0.0032486405    0.0032486405   -0.0184990910
  -0.0016955995   -0.0016955995    0.0063192790
  -0.0032831895    0.0002011805   -0.0033273610
  -0.0002483695   -0.0027949795   -0.0001137410
   0.0102382805    0.0092754905   -0.0041884810
   0.0046735005    0.0336940305   -0.0321307010
   0.0035361205   -0.0016217995    0.0037173490
  -0.0026614695    0.0023423805   -0.0027413910
  -0.0041884195    0.0092904205    0.0102833590
  -0.0319772895    0.0338698505    0.0046828490
   0.0070420205    0.0081881305    0.0072888590
  -0.0003389895    0.0002241705    0.0001791190
   0.0033379905   -0.0022691495   -0.0022424210
  -0.0391962995    0.0184229005    0.0185356090
   0.0012799505    0.0061377905   -0.0050826610
  -0.0044408695   -0.0027774695   -0.0036361810
   0.0009563505   -0.0056566095    0.0055071890
  -0.0043435695   -0.0036227595   -0.0029492710
   0.0002011805   -0.0032831895   -0.0033273610
  -0.0027949795   -0.0002483695   -0.0001137410
  -0.0016217995    0.0035361205    0.0037173490
   0.0023423805   -0.0026614695   -0.0027413910
   0.0092754905    0.0102382805   -0.0041884810
   0.0336940305    0.0046735005   -0.0321307010
   0.0092904205   -0.0041884195    0.0102833590
   0.0338698505   -0.0319772895    0.0046828490
   0.0081881305    0.0070420205    0.0072888590
   0.0002241705   -0.0003389895    0.0001791190
   0.0061377905    0.0012799505   -0.0050826610
  -0.0027774695   -0.0044408695   -0.0036361810
  -0.0022691495    0.0033379905   -0.0022424210
   0.0184229005   -0.0391962995    0.0185356090
  -0.0056566095    0.0009563505    0.0055071890
  -0.0036227595   -0.0043435695   -0.0029492710
   0.0078342405    0.0078342405    0.0073437390
   0.0002524705    0.0002524705   -0.0003749810
   0.0055166805   -0.0056466795    0.0009773790
  -0.0027747895   -0.0037694895   -0.0042436910
  -0.0056466795    0.0055166805    0.0009773790
  -0.0037694895   -0.0027747895   -0.0042436910
  -0.0022532695   -0.0022532695    0.0033215690
   0.0185072305    0.0185072305   -0.0393412510
  -0.0007267895   -0.0007267895   -0.0010109710
  -0.0011311895   -0.0011311895   -0.0009143910
   0.0004998305    0.0015563205    0.0015484690
   0.0024008605    0.0033212805    0.0033196190
   0.0015563205    0.0004998305    0.0015484690
   0.0033212805    0.0024008605    0.0033196190
   0.0015404005    0.0015404005    0.0003288290
   0.0034431805    0.0034431805    0.0024957690

14   
  0.0000000000000000   0.0000000000000000  -0.0200000000000000
  -0.0754622103   -0.0754622103   -0.0754365594
  -0.0445929303    0.0738902097    0.0730541606
  -0.0179512003   -0.0278888303   -0.0329867494
   0.0738902097   -0.0445929303    0.0730541606
  -0.0278888303   -0.0179512003   -0.0329867494
   0.0736554497    0.0736554497   -0.0440155294
  -0.0290924103   -0.0290924103   -0.0169607494
  -0.0035923703   -0.0035923703    0.0008254106
   0.0006675097    0.0006675097   -0.0066311594
   0.0109211697   -0.0038687103    0.0087014106
   0.0045922797   -0.0319939403    0.0338012506
  -0.0038687103    0.0109211697    0.0087014106
  -0.0319939403    0.0045922797    0.0338012506
   0.0031431497    0.0031431497    0.0164515606
  -0.0035080503   -0.0035080503   -0.0016363594
  -0.0032488403    0.0001782297   -0.0032032194
  -0.0000867303   -0.0026248103   -0.0002235794
   0.0102936297    0.0093004097   -0.0042034194
   0.0046368597    0.0338087397   -0.0319506094
   0.0028519297   -0.0004465903    0.0026673406
  -0.0026350003    0.0022442497   -0.0025547894
  -0.0042026503    0.0092846197    0.0102483706
  -0.0321049803    0.0336312697    0.0046242206
   0.0077537597    0.0074949997    0.0084056306
  -0.0003299103    0.0003342197    0.0003777506
   0.0032893197   -0.0022385703   -0.0022660494
  -0.0394090203    0.0185495697    0.0184404106
   0.0006453297    0.0048474897   -0.0062205994
  -0.0042665203   -0.0029292803   -0.0037216794
   0.0009641497   -0.0056531403    0.0054655106
  -0.0043630003   -0.0037360703   -0.0027618994
   0.0001782297   -0.0032488403   -0.0032032194
  -0.0026248103   -0.0000867303   -0.0002235794
  -0.0004465903    0.0028519297    0.0026673406
   0.0022442497   -0.0026350003   -0.0025547894
   0.0093004097    0.0102936297   -0.0042034194
   0.0338087397    0.0046368597   -0.0319506094
   0.0092846197   -0.0042026503    0.0102483706
   0.0336312697   -0.0321049803    0.0046242206
   0.0074949997    0.0077537597    0.0084056306
   0.0003342197   -0.0003299103    0.0003777506
   0.0048474897    0.0006453297   -0.0062205994
  -0.0029292803   -0.0042665203   -0.0037216794
  -0.0022385703    0.0032893197   -0.0022660494
   0.0185495697   -0.0394090203    0.0184404106
  -0.0056531403    0.0009641497    0.0054655106
  -0.0037360703   -0.0043630003   -0.0027618994
   0.0078568397    0.0078568397    0.0074434306
   0.0003064597    0.0003064597   -0.0002944094
   0.0054562397   -0.0056630503    0.0009436606
  -0.0029347903   -0.0035897703   -0.0044661894
  -0.0056630503    0.0054562397    0.0009436606
  -0.0035897703   -0.0029347903   -0.0044661894
  -0.0022540303   -0.0022540303    0.0033057406
   0.0184676297    0.0184676297   -0.0392654294
  -0.0000544403   -0.0000544403    0.0002323306
  -0.0009457403   -0.0009457403   -0.0011611994
   0.0005554197    0.0015268297    0.0015337506
   0.0023481697    0.0033752897    0.0033765306
   0.0015268297    0.0005554197    0.0015337506
   0.0033752897    0.0023481697    0.0033765306
   0.0015426297    0.0015426297    0.0007264006
   0.0032535397    0.0032535397    0.0022540906

15   
  0.0200000000000000   0.0000000000000000   0.0000000000000000
  -0.0755154303   -0.0754633398   -0.0755078102
  -0.0439282703    0.0735254102    0.0736897298
  -0.0164143003   -0.0286903798   -0.0283957002
   0.0737584497   -0.0440160198    0.0735545098
  -0.0296609903   -0.0173427098   -0.0293828802
   0.0735726497    0.0735985102   -0.0438738502
  -0.0290151003   -0.0290424698   -0.0169926602
  -0.0032211403   -0.0031817698    0.0000968798
   0.0003967397    0.0004505002   -0.0023596302
   0.0102286497   -0.0042466898    0.0093419498
   0.0051992097   -0.0323444198    0.0330858698
  -0.0042894403    0.0102142002    0.0092755398
  -0.0326464803    0.0050005802    0.0334204698
   0.0071743997    0.0040583402   -0.0001800102
  -0.0203211303   -0.0026437098    0.0023168598
  -0.0032235003    0.0002777702   -0.0033426102
  -0.0001629403   -0.0026835198   -0.0001842502
   0.0102384497    0.0092628302   -0.0041760502
   0.0046536297    0.0337577302   -0.0320691802
   0.0031038797   -0.0010537398    0.0031485998
  -0.0032729903    0.0019448102   -0.0022989202
  -0.0040714303    0.0093810602    0.0103556298
  -0.0322137603    0.0337143302    0.0046261198
   0.0073596597    0.0079023802    0.0077968898
   0.0002246297   -0.0003498198   -0.0000592802
   0.0033522197   -0.0023263698   -0.0021624302
  -0.0392928103    0.0184686402    0.0185230298
   0.0048692697    0.0045952202   -0.0065026402
  -0.0049681103   -0.0025172698   -0.0033427702
   0.0008748297   -0.0056062698    0.0054950198
  -0.0043315303   -0.0036798898   -0.0028537302
   0.0003032397   -0.0031660998   -0.0033512502
  -0.0027015303   -0.0001436198   -0.0001551402
  -0.0011329403    0.0031840602    0.0032485398
   0.0028650397   -0.0022991298   -0.0032846402
   0.0092601597    0.0102404702   -0.0042233002
   0.0336991497    0.0046451002   -0.0320634202
   0.0093298897   -0.0040981398    0.0103412198
   0.0337798697   -0.0320522398    0.0046601598
   0.0077595497    0.0074442102    0.0078316398
   0.0008498097   -0.0009671098    0.0006055898
   0.0095338797    0.0000043302   -0.0047132402
  -0.0022803403   -0.0047053998   -0.0030308102
  -0.0022102803    0.0032377102   -0.0023435802
   0.0184290097   -0.0392876398    0.0184745198
  -0.0056972803    0.0010056202    0.0055417498
  -0.0036612703   -0.0043527898   -0.0028564302
   0.0077482597    0.0078615302    0.0073469598
   0.0002888697    0.0002484402   -0.0003499802
   0.0056104897   -0.0057307098    0.0010390998
  -0.0028506803   -0.0036659998   -0.0043262702
  -0.0056079803    0.0054018602    0.0008855898
  -0.0037444003   -0.0028711198   -0.0043402002
  -0.0022820903   -0.0022298598    0.0033393098
   0.0184915497    0.0184886302   -0.0393049602
   0.0036644097    0.0005833802   -0.0013509202
  -0.0004644003   -0.0003945098   -0.0013851002
   0.0004361297    0.0014922902    0.0015502998
   0.0023773897    0.0033333202    0.0033222798
   0.0015028397    0.0004794602    0.0014916798
   0.0032837797    0.0023873202    0.0033617798
   0.0015894697    0.0016172602    0.0006216698
   0.0033730997    0.0033454502    0.0023744598

15   
 -0.0200000000000000   0.0000000000000000   0.0000000000000000
  -0.0754518702   -0.0755017798   -0.0754572298
  -0.0440064302    0.0737342802    0.0735680902
  -0.0175817202   -0.0293951398   -0.0296989598
   0.0734991098   -0.0439130598    0.0737065102
  -0.0284146102   -0.0166339098   -0.0286910598
   0.0736882798    0.0736616502   -0.0440570898
  -0.0290651602   -0.0290379898   -0.0169897998
  -0.0033124202   -0.0033507198    0.0002815002
  -0.0007398802   -0.0007972898   -0.0030646398
   0.0103020498   -0.0041469398    0.0092337602
   0.0041016598   -0.0317365298    0.0344272802
  -0.0041012702    0.0103170302    0.0092991802
  -0.0314411102    0.0043135302    0.0340752102
  -0.0008805802    0.0022384802   -0.0019925798
   0.0150391998   -0.0025989198    0.0022944602
  -0.0033106902    0.0000998102   -0.0031862798
  -0.0001732202   -0.0027395198   -0.0001510798
   0.0102930198    0.0093116602   -0.0042158998
   0.0046542098    0.0337434402   -0.0320131998
   0.0032881798   -0.0010270398    0.0032427302
  -0.0020286802    0.0026359602   -0.0029920798
  -0.0043230502    0.0091930302    0.0101750702
  -0.0318672602    0.0337863902    0.0046809702
   0.0074277398    0.0077879502    0.0078924902
  -0.0009009502    0.0009173302    0.0006199502
   0.0032721998   -0.0021792498   -0.0023450798
  -0.0393131402    0.0185055302    0.0184507502
  -0.0030441202    0.0064701102   -0.0047153898
  -0.0037346802   -0.0032001698   -0.0040240498
   0.0010481198   -0.0057056598    0.0054773002
  -0.0043750102   -0.0036801398   -0.0028562698
   0.0000793598   -0.0033664098   -0.0031804698
  -0.0027190002   -0.0001926398   -0.0001806198
  -0.0009465602    0.0032069002    0.0031438102
   0.0017307698   -0.0029965898   -0.0020244798
   0.0093157698    0.0102903302   -0.0041692898
   0.0338049098    0.0046672102   -0.0320217898
   0.0092478998   -0.0042946898    0.0101924002
   0.0337243798   -0.0320345598    0.0046522302
   0.0079303198    0.0073443202    0.0078591202
  -0.0002835302    0.0002858302   -0.0000454998
   0.0015352998    0.0018265202   -0.0065062298
  -0.0034220302   -0.0040045398   -0.0043169898
  -0.0022955502    0.0033866002   -0.0021643398
   0.0185452798   -0.0393195998    0.0185000402
  -0.0056125702    0.0009145502    0.0054287702
  -0.0036980302   -0.0043548598   -0.0028542498
   0.0079410598    0.0078281102    0.0074408602
   0.0002701798    0.0003090102   -0.0003201198
   0.0053646098   -0.0055809898    0.0008827802
  -0.0028590002   -0.0036934498   -0.0043799498
  -0.0057007602    0.0055683402    0.0010347702
  -0.0036148802   -0.0028399798   -0.0043665598
  -0.0022259802   -0.0022786898    0.0032872402
   0.0184831398    0.0184854802   -0.0393013398
  -0.0043420402   -0.0012656398    0.0004839302
  -0.0016034902   -0.0016703898   -0.0006936298
   0.0006200098    0.0015892402    0.0015328302
   0.0023715598    0.0033625002    0.0033747102
   0.0015795398    0.0005773802    0.0015920102
   0.0034126298    0.0023607002    0.0033350602
   0.0014955698    0.0014671902    0.0004360402
   0.0033232198    0.0033506902    0.0023743902

15   
  0.0000000000000000   0.0000000000000000   0.0200000000000000
  -0.0755049992   -0.0755049992   -0.0755167408
  -0.0438852992    0.0735415508    0.0736832292
  -0.0163712392   -0.0286724192   -0.0284747408
   0.0735415508   -0.0438852992    0.0736832292
  -0.0286724192   -0.0163712392   -0.0284747408
   0.0736440608    0.0736440608   -0.0440349208
  -0.0290420792   -0.0290420792   -0.0169736708
  -0.0033509092   -0.0033509092    0.0003064192
  -0.0005033592   -0.0005033592   -0.0033322808
   0.0103189908   -0.0042023892    0.0091964192
   0.0040484708   -0.0317753392    0.0343550092
  -0.0042023892    0.0103189908    0.0091964192
  -0.0317753392    0.0040484708    0.0343550092
   0.0040244108    0.0040244108    0.0028889192
  -0.0026116192   -0.0026116192   -0.0154022308
  -0.0033441392    0.0001081708   -0.0032164108
  -0.0001560092   -0.0027270792   -0.0002316708
   0.0102913408    0.0092624508   -0.0042226108
   0.0046173908    0.0337529708   -0.0320229808
   0.0031459708   -0.0009914292    0.0031605392
  -0.0029956892    0.0016575808   -0.0020854708
  -0.0041051192    0.0093644408    0.0103156792
  -0.0320430692    0.0337500208    0.0046680292
   0.0073417008    0.0078425208    0.0077503892
  -0.0000006192   -0.0000713892   -0.0003170808
   0.0034040108   -0.0023424392   -0.0021349408
  -0.0392685992    0.0185078008    0.0185017692
   0.0000419308    0.0065012708   -0.0016399208
  -0.0047049092   -0.0022174592   -0.0031109208
   0.0009661108   -0.0055978392    0.0053902292
  -0.0043540192   -0.0036826492   -0.0028349908
   0.0001081708   -0.0033441392   -0.0032164108
  -0.0027270792   -0.0001560092   -0.0002316708
  -0.0009914292    0.0031459708    0.0031605392
   0.0016575808   -0.0029956892   -0.0020854708
   0.0092624508    0.0102913408   -0.0042226108
   0.0337529708    0.0046173908   -0.0320229808
   0.0093644408   -0.0041051192    0.0103156792
   0.0337500208   -0.0320430692    0.0046680292
   0.0078425208    0.0073417008    0.0077503892
  -0.0000713892   -0.0000006192   -0.0003170808
   0.0065012708    0.0000419308   -0.0016399208
  -0.0022174592   -0.0047049092   -0.0031109208
  -0.0023424392    0.0034040108   -0.0021349408
   0.0185078008   -0.0392685992    0.0185017692
  -0.0055978392    0.0009661108    0.0053902292
  -0.0036826492   -0.0043540192   -0.0028349908
   0.0077954408    0.0077954408    0.0073516392
   0.0002903108    0.0002903108   -0.0003961008
   0.0055802708   -0.0057309892    0.0010044992
  -0.0028284392   -0.0036946792   -0.0043478108
  -0.0057309892    0.0055802708    0.0010044992
  -0.0036946792   -0.0028284392   -0.0043478108
  -0.0022267792   -0.0022267792    0.0032876192
   0.0184826308    0.0184826308   -0.0392992808
  -0.0012643592   -0.0012643592    0.0035689192
  -0.0006981292   -0.0006981292   -0.0016619908
   0.0005391608    0.0014909908    0.0014478692
   0.0023484208    0.0033295008    0.0033529492
   0.0014909908    0.0005391608    0.0014478692
   0.0033295008    0.0023484208    0.0033529492
   0.0016317508    0.0016317508    0.0006542692
   0.0033438408    0.0033438408    0.0021853092

15   
  0.0000000000000000   0.0000000000000000  -0.0200000000000000
  -0.0754614805   -0.0754614805   -0.0754472803
  -0.0440515005    0.0737192995    0.0735770997
  -0.0176258705   -0.0294112805   -0.0296149303
   0.0737192995   -0.0440515005    0.0735770997
  -0.0294112805   -0.0176258705   -0.0296149303
   0.0736152395    0.0736152395   -0.0438981303
  -0.0290381205   -0.0290381205   -0.0170060103
  -0.0031807905   -0.0031807905    0.0000686697
   0.0001739095    0.0001739095   -0.0020859903
   0.0102115995   -0.0041892805    0.0093769097
   0.0052465495   -0.0323038405    0.0331537097
  -0.0041892805    0.0102115995    0.0093769097
  -0.0323038405    0.0052465495    0.0331537097
   0.0022745595    0.0022745595   -0.0050660103
  -0.0026322705   -0.0026322705    0.0199937597
  -0.0031906205    0.0002697095   -0.0033120003
  -0.0001802405   -0.0026960505   -0.0001036603
   0.0102398195    0.0093125195   -0.0041686103
   0.0046929195    0.0337485195   -0.0320599903
   0.0032442995   -0.0010881105    0.0032320797
  -0.0022992705    0.0029400295   -0.0032190503
  -0.0042857905    0.0092116995    0.0102186597
  -0.0320405405    0.0337519795    0.0046435097
   0.0074463095    0.0078470395    0.0079405297
  -0.0006621805    0.0006222595    0.0008710897
   0.0032219395   -0.0021661305   -0.0023701903
  -0.0393380605    0.0184665495    0.0184733397
   0.0017876695    0.0045655995   -0.0095747303
  -0.0040047405   -0.0034814205   -0.0042404403
   0.0009544795   -0.0057136305    0.0055829097
  -0.0043531205   -0.0036775705   -0.0028752303
   0.0002697095   -0.0031906205   -0.0033120003
  -0.0026960505   -0.0001802405   -0.0001036603
  -0.0010881105    0.0032442995    0.0032320797
   0.0029400295   -0.0022992705   -0.0032190503
   0.0093125195    0.0102398195   -0.0041686103
   0.0337485195    0.0046929195   -0.0320599903
   0.0092116995   -0.0042857905    0.0102186597
   0.0337519795   -0.0320405405    0.0046435097
   0.0078470395    0.0074463095    0.0079405297
   0.0006222595   -0.0006621805    0.0008710897
   0.0045655995    0.0017876695   -0.0095747303
  -0.0034814205   -0.0040047405   -0.0042404403
  -0.0021661305    0.0032219395   -0.0023701903
   0.0184665495   -0.0393380605    0.0184733397
  -0.0057136305    0.0009544795    0.0055829097
  -0.0036775705   -0.0043531205   -0.0028752303
   0.0078952895    0.0078952895    0.0074368697
   0.0002675195    0.0002675195   -0.0002720803
   0.0053911595   -0.0055779205    0.0009152497
  -0.0028825005   -0.0036655305   -0.0043590603
  -0.0055779205    0.0053911595    0.0009152497
  -0.0036655305   -0.0028825005   -0.0043590603
  -0.0022816705   -0.0022816705    0.0033403997
   0.0184918295    0.0184918295   -0.0393074603
   0.0005826595    0.0005826595   -0.0044404403
  -0.0013862105   -0.0013862105   -0.0004105203
   0.0005157495    0.0015902595    0.0016342997
   0.0023993595    0.0033660795    0.0033444797
   0.0015902595    0.0005157495    0.0016342997
   0.0033660795    0.0023993595    0.0033444797
   0.0014497395    0.0014497395    0.0003989897
   0.0033515995    0.0033515995    0.0025632897

24   
  0.0000000000000000   0.0200000000000000   0.0000000000000000
  -0.0754773805   -0.0753858503   -0.0754765000
  -0.0439129105    0.0742670897    0.0744375800
  -0.0181129705   -0.0254569103   -0.0284584900
   0.0736429995   -0.0440262703    0.0736387600
  -0.0291079505   -0.0169545403   -0.0291385800
   0.0736764895    0.0736506397   -0.0439944300
  -0.0289723305   -0.0289377803   -0.0170501200
  -0.0032707305   -0.0032203603    0.0001847600
  -0.0001218105   -0.0001985303   -0.0026611300
   0.0105906695   -0.0036457203    0.0086517300
   0.0046475395   -0.0321396303    0.0338057000
  -0.0042097205    0.0101967397    0.0092708000
  -0.0320670005    0.0046160397    0.0337279200
   0.0025295695    0.0037730297   -0.0006942700
  -0.0025893505   -0.0027329203    0.0022898600
  -0.0032655905    0.0002075397   -0.0032627200
  -0.0001506805   -0.0028116703   -0.0001144100
   0.0099266195    0.0098600997   -0.0048364700
   0.0046241495    0.0337091797   -0.0319957500
   0.0035470595   -0.0015958603    0.0028517000
  -0.0026950605    0.0021978497   -0.0026634200
  -0.0042145605    0.0093023497    0.0102790700
  -0.0320192405    0.0337255497    0.0046235500
   0.0072541495   -0.0094468003    0.0082531200
   0.0005929895    0.0042297697    0.0011285800
   0.0036476295   -0.0016577203   -0.0015647900
  -0.0393958605    0.0184979097    0.0185223400
   0.0006064195    0.0048847097   -0.0060258200
  -0.0044521805   -0.0027249103   -0.0037667700
   0.0016029395   -0.0050626503    0.0058139900
  -0.0042787905   -0.0036324803   -0.0029359200
   0.0001936195   -0.0032605003   -0.0032663600
  -0.0026834305   -0.0001953403   -0.0001466300
  -0.0010490405    0.0031995097    0.0031719700
   0.0022459495   -0.0027443903   -0.0026328400
   0.0093042895    0.0101943097   -0.0041801800
   0.0337263195    0.0046059997   -0.0320918800
   0.0092612695   -0.0041905503    0.0102413700
   0.0337504095   -0.0321137903    0.0045865100
   0.0078570295    0.0074081297    0.0078178900
   0.0003575395   -0.0002863503    0.0003884700
   0.0055100295    0.0009680497   -0.0056261100
  -0.0029445605   -0.0042337103   -0.0035904200
  -0.0022707905    0.0032491197   -0.0022446300
   0.0184096295   -0.0392919303    0.0184432000
  -0.0050145805    0.0015680897    0.0051287500
  -0.0027731205   -0.0003929603   -0.0037686200
   0.0078213795    0.0076363397    0.0073726000
   0.0003800895    0.0004101397   -0.0002329400
   0.0054740795   -0.0056443703    0.0010022900
  -0.0029378905   -0.0036237803   -0.0042731400
  -0.0053048305    0.0048414197    0.0012967300
  -0.0046171305    0.0011506197   -0.0052938100
  -0.0022218205   -0.0022556203    0.0032876100
   0.0185849595    0.0185334697   -0.0393561300
  -0.0003907605   -0.0003589403   -0.0003886200
  -0.0009822905   -0.0011328803   -0.0010280400
   0.0005425495    0.0015465697    0.0015124500
   0.0023499095    0.0033191097    0.0033700600
   0.0012070195   -0.0000930703    0.0018750200
   0.0033401595    0.0022789397    0.0032831500
   0.0008998795    0.0021185297    0.0001827600
   0.0033990295    0.0033019497    0.0023196500

24   
  0.0000000000000000  -0.0200000000000000   0.0000000000000000
  -0.0754889097   -0.0755774400   -0.0754891108
  -0.0440160497    0.0729935200    0.0728210192
  -0.0157762297   -0.0327289700   -0.0297214508
   0.0736208803   -0.0439077600    0.0736218392
  -0.0289685697   -0.0170316000   -0.0289446708
   0.0735864903    0.0736101300   -0.0439425508
  -0.0291039997   -0.0291456100   -0.0169301808
  -0.0032581297   -0.0033105600    0.0001913392
  -0.0002104797   -0.0001378000   -0.0027628008
   0.0099383803   -0.0047536800    0.0099307692
   0.0046613603   -0.0319393700    0.0336921692
  -0.0041781497    0.0103334300    0.0093010892
  -0.0320105397    0.0046892600    0.0337706792
   0.0038760903    0.0026101400   -0.0013906208
  -0.0027042297   -0.0025630200    0.0022942992
  -0.0032636797    0.0001707000   -0.0032695708
  -0.0001819497   -0.0026118000   -0.0002221508
   0.0106040503    0.0087226300   -0.0035674308
   0.0046887103    0.0337923900   -0.0320880308
   0.0028395903   -0.0004794500    0.0035456292
  -0.0025996997    0.0023880800   -0.0026352608
  -0.0041733397    0.0092721400    0.0102513592
  -0.0320594597    0.0337762200    0.0046841092
   0.0073755503    0.0251669000    0.0075535592
  -0.0011677697   -0.0035729600   -0.0004797808
   0.0029848803   -0.0028419100   -0.0029329608
  -0.0392070197    0.0184786200    0.0184520092
   0.0013125103    0.0060851000   -0.0052923408
  -0.0042510097   -0.0029828000   -0.0035944508
   0.0003314903   -0.0062394400    0.0051594092
  -0.0044229797   -0.0037247500   -0.0027764708
   0.0001890403   -0.0032717200   -0.0032663708
  -0.0027357297   -0.0001407500   -0.0001902408
  -0.0010269997    0.0031911100    0.0032192292
   0.0023452103   -0.0025522900   -0.0026662808
   0.0092738803    0.0103369100   -0.0042134408
   0.0337772603    0.0047034300   -0.0319926708
   0.0093172803   -0.0042015100    0.0102893092
   0.0337536903   -0.0319688200    0.0047227092
   0.0078364303    0.0073798600    0.0078702692
   0.0002020003   -0.0003853700    0.0001670592
   0.0054667603    0.0009530500   -0.0056864508
  -0.0027617497   -0.0044752400   -0.0037711708
  -0.0022342297    0.0033784400   -0.0022647308
   0.0185686303   -0.0393179000    0.0185315192
  -0.0063038897    0.0003450000    0.0058442692
  -0.0046772297   -0.0084113000   -0.0018497708
   0.0078725303    0.0080549500    0.0074133792
   0.0001828603    0.0001499700   -0.0004376808
   0.0055023003   -0.0056660000    0.0009180292
  -0.0027709397   -0.0037335300   -0.0044347008
  -0.0059953697    0.0061265600    0.0006299392
  -0.0028329397   -0.0067645400   -0.0035045108
  -0.0022834497   -0.0022519100    0.0033383992
   0.0183930703    0.0184424900   -0.0392542308
  -0.0003804797   -0.0004156600   -0.0003880108
  -0.0010908097   -0.0009455400   -0.0010506508
   0.0005161003    0.0015362300    0.0015686892
   0.0024021603    0.0033775000    0.0033255792
   0.0018854003    0.0011517800    0.0011980892
   0.0033583803    0.0024684700    0.0034108292
   0.0021737103    0.0009716900    0.0008672792
   0.0032993303    0.0033943000    0.0024268892

24   
  0.0200000000000000   0.0000000000000000   0.0000000000000000
  -0.0754586597   -0.0755737910   -0.0755737910
  -0.0443343597    0.0739005390    0.0739005390
  -0.0131324997   -0.0298439010   -0.0298439010
   0.0735852203   -0.0440262610    0.0737324790
  -0.0290099797   -0.0170041610   -0.0289335410
   0.0735852203    0.0737324790   -0.0440262610
  -0.0290099797   -0.0289335410   -0.0170041610
  -0.0032447197   -0.0032715010    0.0001983290
  -0.0002545997   -0.0001132810   -0.0027171010
   0.0096304303   -0.0045396510    0.0096044390
   0.0045477403   -0.0320503710    0.0337071090
  -0.0042021697    0.0102742490    0.0092589590
  -0.0320729897    0.0045828390    0.0337765990
   0.0037856503    0.0025450090   -0.0013995110
  -0.0026817697   -0.0025995210    0.0022411690
  -0.0032447197    0.0001983290   -0.0032715010
  -0.0002545997   -0.0027171010   -0.0001132810
   0.0096304303    0.0096044390   -0.0045396510
   0.0045477403    0.0337071090   -0.0320503710
   0.0037856503   -0.0013995110    0.0025450090
  -0.0026817697    0.0022411690   -0.0025995210
  -0.0042021697    0.0092589590    0.0102742490
  -0.0320729897    0.0337765990    0.0045828390
  -0.0100953397    0.0078472090    0.0078472090
   0.0036772703    0.0012335290    0.0012335290
   0.0026824503   -0.0026109510   -0.0026109510
  -0.0392328697    0.0184332490    0.0184332490
   0.0015274303    0.0058187090   -0.0050127410
  -0.0043128197   -0.0029388510   -0.0035965310
   0.0015274303   -0.0050127410    0.0058187090
  -0.0043128197   -0.0035965310   -0.0029388510
   0.0001994303   -0.0032620510   -0.0032620510
  -0.0027319097   -0.0001465710   -0.0001465710
  -0.0010887597    0.0032123890    0.0032123890
   0.0022520803   -0.0026961510   -0.0026961510
   0.0093049303    0.0102639690   -0.0042125410
   0.0336457703    0.0046139490   -0.0320047610
   0.0093049303   -0.0042125410    0.0102639690
   0.0336457703   -0.0320047610    0.0046139490
   0.0078596903    0.0073783490    0.0078245990
   0.0003111003   -0.0002435610    0.0003707590
   0.0054174103    0.0009631190   -0.0056417810
  -0.0028114997   -0.0044329010   -0.0037495910
  -0.0022616797    0.0033070290   -0.0022224910
   0.0186242703   -0.0393494810    0.0185528790
  -0.0050446197    0.0015695790    0.0051417990
   0.0002360803   -0.0034879710   -0.0036700610
   0.0078596903    0.0078245990    0.0073783490
   0.0003111003    0.0003707590   -0.0002435610
   0.0054174103   -0.0056417810    0.0009631190
  -0.0028114997   -0.0037495910   -0.0044329010
  -0.0050446197    0.0051417990    0.0015695790
   0.0002360803   -0.0036700610   -0.0034879710
  -0.0022616797   -0.0022224910    0.0033070290
   0.0186242703    0.0185528790   -0.0393494810
  -0.0003619097   -0.0003908110   -0.0003908110
  -0.0010779297   -0.0009840110   -0.0009840110
   0.0004626903    0.0015208990    0.0015208990
   0.0023449003    0.0033204990    0.0033204990
   0.0021045703    0.0008518990    0.0009118490
   0.0032642603    0.0023673690    0.0034010490
   0.0021045703    0.0009118490    0.0008518990
   0.0032642603    0.0034010490    0.0023673690

24   
 -0.0200000000000000   0.0000000000000000   0.0000000000000000
  -0.0755071398   -0.0753920097   -0.0753920097
  -0.0435985398    0.0733653603    0.0733653603
  -0.0207584898   -0.0283358597   -0.0283358597
   0.0736772902   -0.0439089197    0.0735273803
  -0.0290671498   -0.0169803197   -0.0291492897
   0.0736772902    0.0735273803   -0.0439089197
  -0.0290671498   -0.0291492897   -0.0169803197
  -0.0032869298   -0.0032599797    0.0001774403
  -0.0000809298   -0.0002228197   -0.0027072997
   0.0109051202   -0.0038469797    0.0089625603
   0.0047593802   -0.0320325697    0.0337922503
  -0.0041870598    0.0102557603    0.0093133103
  -0.0320067098    0.0047230703    0.0337225403
   0.0026140402    0.0038334303   -0.0006840697
  -0.0026138998   -0.0026996197    0.0023445903
  -0.0032869298    0.0001774403   -0.0032599797
  -0.0000809298   -0.0027072997   -0.0002228197
   0.0109051202    0.0089625603   -0.0038469797
   0.0047593802    0.0337922503   -0.0320325697
   0.0026140402   -0.0006840697    0.0038334303
  -0.0026138998    0.0023445903   -0.0026996197
  -0.0041870598    0.0093133103    0.0102557603
  -0.0320067098    0.0337225403    0.0047230703
   0.0248442802    0.0079689903    0.0079689903
  -0.0042477098   -0.0005855997   -0.0005855997
   0.0039400402   -0.0019062597   -0.0019062597
  -0.0393691898    0.0185392903    0.0185392903
   0.0004029602    0.0051549803   -0.0062883497
  -0.0043907298   -0.0027733997   -0.0037625697
   0.0004029602   -0.0062883497    0.0051549803
  -0.0043907298   -0.0037625697   -0.0027733997
   0.0001812502   -0.0032715697   -0.0032715697
  -0.0026890898   -0.0001903997   -0.0001903997
  -0.0009898498    0.0031777303    0.0031777303
   0.0023364502   -0.0026036097   -0.0026036097
   0.0092715502    0.0102672203   -0.0041803497
   0.0338582502    0.0046966603   -0.0320804397
   0.0092715502   -0.0041803497    0.0102672203
   0.0338582502   -0.0320804397    0.0046966603
   0.0078315202    0.0074081503    0.0078639003
   0.0002469502   -0.0004287297    0.0001846603
   0.0055576802    0.0009571503   -0.0056707197
  -0.0028997398   -0.0042747497   -0.0036093897
  -0.0022457298    0.0033184203   -0.0022866497
   0.0183491102   -0.0392585197    0.0184202303
  -0.0062730798    0.0003397703    0.0058320403
  -0.0076914098   -0.0053112297   -0.0019506697
   0.0078315202    0.0078639003    0.0074081503
   0.0002469502    0.0001846603   -0.0004287297
   0.0055576802   -0.0056707197    0.0009571503
  -0.0028997398   -0.0036093897   -0.0042747497
  -0.0062730798    0.0058320403    0.0003397703
  -0.0076914098   -0.0019506697   -0.0053112297
  -0.0022457298   -0.0022866497    0.0033184203
   0.0183491102    0.0184202303   -0.0392585197
  -0.0004116698   -0.0003856997   -0.0003856997
  -0.0009976298   -0.0010941397   -0.0010941397
   0.0005931802    0.0015602203    0.0015602203
   0.0024045602    0.0033747503    0.0033747503
   0.0009708602    0.0001988103    0.0021801103
   0.0034334302    0.0023791603    0.0032928403
   0.0009708602    0.0021801103    0.0001988103
   0.0034334302    0.0032928403    0.0023791603

25   
  0.0000000000000000   0.0200000000000000   0.0000000000000000
  -0.0754538890   -0.0754286797   -0.0753523298
  -0.0440025290    0.0737242403    0.0736946302
  -0.0166693590   -0.0284533897   -0.0283637798
   0.0735797610   -0.0439633697    0.0735608502
  -0.0290672090   -0.0170104997   -0.0290442298
   0.0736743310    0.0737244103   -0.0440216498
  -0.0290067990   -0.0290146297   -0.0170187098
  -0.0032099790   -0.0033079197    0.0002494102
  -0.0001690390   -0.0001351597   -0.0027115698
   0.0102070310   -0.0042355597    0.0093520202
   0.0043295710   -0.0314154797    0.0330406202
  -0.0042338390    0.0102200603    0.0092177202
  -0.0320253090    0.0045982703    0.0337443502
   0.0032527710    0.0031533203   -0.0010965098
  -0.0032750490   -0.0020854997    0.0019454302
  -0.0032588090    0.0000926903   -0.0032159998
  -0.0001702490   -0.0026994397   -0.0001693898
   0.0102577210    0.0091963103   -0.0041437598
   0.0049630110    0.0343668203   -0.0327394798
   0.0031917410   -0.0011387097    0.0031365102
  -0.0029893090    0.0016973603   -0.0023216098
  -0.0041806990    0.0091933603    0.0102132102
  -0.0320689890    0.0337743903    0.0046284002
   0.0082582810    0.0116975303    0.0086028302
  -0.0003709890   -0.0169673497    0.0001682102
   0.0023735610    0.0016973503   -0.0013747498
  -0.0396734090    0.0190495803    0.0191260502
   0.0000815810    0.0092062403   -0.0062973798
  -0.0040114590   -0.0034585597   -0.0033431798
   0.0019436810   -0.0017824797    0.0047361102
  -0.0037003290   -0.0031028497   -0.0032129598
   0.0002209110   -0.0032979197   -0.0032341098
  -0.0027093790   -0.0001689797   -0.0001700498
  -0.0010660390    0.0031647803    0.0032278002
   0.0023058110   -0.0026396297   -0.0026789698
   0.0092571610    0.0102319303   -0.0042239898
   0.0337321710    0.0045959803   -0.0320524498
   0.0093186910   -0.0042297097    0.0102342302
   0.0337202910   -0.0320166997    0.0046770802
   0.0079252010    0.0074272903    0.0079443502
   0.0002925010   -0.0003429097    0.0002596102
   0.0053995010    0.0010048403   -0.0055532698
  -0.0028689690   -0.0043436497   -0.0036457898
  -0.0023305490    0.0033386703   -0.0023626698
   0.0185148410   -0.0393587297    0.0184953302
  -0.0055705790    0.0009920103    0.0053882302
  -0.0030404390   -0.0037801297   -0.0025179098
   0.0079559210    0.0079741003    0.0074859002
   0.0002611510    0.0000879403   -0.0003455398
   0.0054010210   -0.0055400197    0.0010527702
  -0.0028397090   -0.0036700497   -0.0043225698
  -0.0057384190    0.0056029903    0.0008749602
  -0.0040210490   -0.0034697997   -0.0046808998
  -0.0021607390   -0.0021322397    0.0032321302
   0.0185327410    0.0185048503   -0.0393072298
  -0.0003438590   -0.0004791597   -0.0003783298
  -0.0010368490   -0.0010157197   -0.0010371198
   0.0004811810    0.0014484703    0.0015538602
   0.0023593610    0.0033526303    0.0033195202
   0.0014946310    0.0004324503    0.0015300002
   0.0036873410    0.0017631203    0.0030100502
   0.0015915610    0.0014478203    0.0005199102
   0.0026987910    0.0039231103    0.0027161002

25   
  0.0000000000000000  -0.0200000000000000   0.0000000000000000
  -0.0755144795   -0.0755330305   -0.0756100511
  -0.0439325695    0.0735367195    0.0735674789
  -0.0173141895   -0.0296373505   -0.0297312911
   0.0736810105   -0.0439705505    0.0737006689
  -0.0290121295   -0.0169741605   -0.0290380911
   0.0735876005    0.0735368395   -0.0439135711
  -0.0290709195   -0.0290652105   -0.0169612911
  -0.0033208995   -0.0032227405    0.0001270089
  -0.0001652195   -0.0002005605   -0.0027121711
   0.0103233905   -0.0041558805    0.0092218689
   0.0049777505   -0.0326741605    0.0344719689
  -0.0041552995    0.0103108395    0.0093556689
  -0.0320528495    0.0047085395    0.0337547289
   0.0031406505    0.0032374595   -0.0009862311
  -0.0020083195   -0.0032194705    0.0026426789
  -0.0032730695    0.0002862895   -0.0033148411
  -0.0001641195   -0.0027232705   -0.0001662011
   0.0102747005    0.0093780295   -0.0042474711
   0.0043478305    0.0331443895   -0.0313551011
   0.0032007205   -0.0009399805    0.0032551589
  -0.0023138595    0.0028853595   -0.0029696111
  -0.0042086795    0.0093808095    0.0103177289
  -0.0320112595    0.0337275395    0.0046809089
   0.0064375405    0.0038955195    0.0069951689
  -0.0003441595    0.0175414795    0.0004435889
   0.0041617705   -0.0061060705   -0.0030408411
  -0.0389331995    0.0179320695    0.0178584389
   0.0019342905    0.0016686995   -0.0049215411
  -0.0047001395   -0.0022469705   -0.0040233911
   0.0000707205   -0.0094295405    0.0061448689
  -0.0049936795   -0.0042482005   -0.0025006611
   0.0001599705   -0.0032340305   -0.0032973711
  -0.0027118795   -0.0001667005   -0.0001654611
  -0.0010121095    0.0032260995    0.0031639489
   0.0022825905   -0.0026581305   -0.0026185811
   0.0093189705    0.0103001795   -0.0041687911
   0.0337705605    0.0047147695   -0.0320311211
   0.0092578505   -0.0041619705    0.0102976189
   0.0337827205   -0.0320663805    0.0046327689
   0.0077694305    0.0073637695    0.0077457089
   0.0002672505   -0.0003260905    0.0002973389
   0.0055774305    0.0009142495   -0.0057589711
  -0.0028394695   -0.0043625705   -0.0037147511
  -0.0021787895    0.0032900395   -0.0021461111
   0.0184609305   -0.0392485105    0.0184795889
  -0.0057402395    0.0009270595    0.0055834189
  -0.0043306295   -0.0049344705   -0.0031960311
   0.0077365105    0.0077142895    0.0073017589
   0.0002988905    0.0004708595   -0.0003241811
   0.0055740605   -0.0057672105    0.0008682189
  -0.0028690695   -0.0036889805   -0.0043846611
  -0.0055704695    0.0053664995    0.0010462489
  -0.0033311395   -0.0022363705   -0.0040198511
  -0.0023470295   -0.0023721505    0.0033948289
   0.0184431105    0.0184706295   -0.0393001511
  -0.0004298195   -0.0002944905   -0.0003970911
  -0.0010386195   -0.0010611705   -0.0010401011
   0.0005749805    0.0016335495    0.0015285089
   0.0023905105    0.0033441495    0.0033770489
   0.0015890605    0.0006235295    0.0015517789
   0.0030163305    0.0029809895    0.0036792789
   0.0014924305    0.0016336595    0.0005353789
   0.0039867405    0.0027814695    0.0020342089

25   
  0.0200000000000000   0.0000000000000000   0.0000000000000000
  -0.0756170894   -0.0752595108   -0.0752595108
  -0.0440203094    0.0735514792    0.0735514792
  -0.0175332194   -0.0293838408   -0.0293838408
   0.0736727306   -0.0440588508    0.0737104292
  -0.0290220694   -0.0169876608   -0.0290205508
   0.0736727306    0.0737104292   -0.0440588508
  -0.0290220694   -0.0290205508   -0.0169876608
  -0.0033417594   -0.0032166608    0.0001966692
  -0.0001569494   -0.0001699108   -0.0027058808
   0.0101892106   -0.0042383108    0.0092784892
   0.0040922406   -0.0317317608    0.0334391692
  -0.0042823394    0.0102217692    0.0092915792
  -0.0320190294    0.0046403492    0.0337247992
   0.0031147206    0.0032541392   -0.0010450008
  -0.0020810694   -0.0032801908    0.0026269292
  -0.0033417594    0.0001966692   -0.0032166608
  -0.0001569494   -0.0027058808   -0.0001699108
   0.0101892106    0.0092784892   -0.0042383108
   0.0040922406    0.0334391692   -0.0317317608
   0.0031147206   -0.0010450008    0.0032541392
  -0.0020810694    0.0026269292   -0.0032801908
  -0.0042823394    0.0092915792    0.0102217692
  -0.0320190294    0.0337247992    0.0046403492
   0.0113078206    0.0086784792    0.0086784792
  -0.0177900294    0.0002947892    0.0002947892
   0.0072310506   -0.0030395208   -0.0030395208
  -0.0398930594    0.0186821592    0.0186821592
   0.0049765806    0.0045598992   -0.0046891008
  -0.0037662094   -0.0032162008   -0.0030591708
   0.0049765806   -0.0046891008    0.0045598992
  -0.0037662094   -0.0030591708   -0.0032162008
   0.0001497306   -0.0032404108   -0.0032404108
  -0.0027018594   -0.0001675108   -0.0001675108
  -0.0010794494    0.0031688892    0.0031688892
   0.0022321806   -0.0026631308   -0.0026631308
   0.0092440606    0.0102320492   -0.0041700308
   0.0337596806    0.0046551792   -0.0320628608
   0.0092440606   -0.0041700308    0.0102320492
   0.0337596806   -0.0320628608    0.0046551792
   0.0078962806    0.0074866092    0.0079485692
   0.0002710906   -0.0003353008    0.0002684292
   0.0055259106    0.0008792192   -0.0057503608
  -0.0029135294   -0.0043377108   -0.0036972408
  -0.0022173994    0.0032359892   -0.0021555208
   0.0185236306   -0.0393652708    0.0185331992
  -0.0056117794    0.0010504092    0.0053848392
  -0.0031087794   -0.0037263108   -0.0025217808
   0.0078962806    0.0079485692    0.0074866092
   0.0002710906    0.0002684292   -0.0003353008
   0.0055259106   -0.0057503608    0.0008792192
  -0.0029135294   -0.0036972408   -0.0043377108
  -0.0056117794    0.0053848392    0.0010504092
  -0.0031087794   -0.0025217808   -0.0037263108
  -0.0022173994   -0.0021555208    0.0032359892
   0.0185236306    0.0185331992   -0.0393652708
  -0.0004196194   -0.0003374708   -0.0003374708
  -0.0010149794   -0.0010386608   -0.0010386608
   0.0004874706    0.0014973192    0.0014973192
   0.0023175506    0.0033634092    0.0033634092
   0.0015036906    0.0004750992    0.0015925692
   0.0039229906    0.0020294992    0.0027192892
   0.0015036906    0.0015925692    0.0004750992
   0.0039229906    0.0027192892    0.0020294992

25   
 -0.0200000000000000   0.0000000000000000   0.0000000000000000
  -0.0753501495   -0.0757062997   -0.0757062997
  -0.0439155495    0.0737104303    0.0737104303
  -0.0164484195   -0.0286937597   -0.0286937597
   0.0735890905   -0.0438768897    0.0735517503
  -0.0290572895   -0.0169945197   -0.0290603997
   0.0735890905    0.0735517503   -0.0438768897
  -0.0290572895   -0.0290603997   -0.0169945197
  -0.0031891195   -0.0033151497    0.0001807303
  -0.0001778095   -0.0001660797   -0.0027175897
   0.0103428605   -0.0041528497    0.0092954703
   0.0052117305   -0.0323438397    0.0340550803
  -0.0041090495    0.0103083403    0.0092815603
  -0.0320611595    0.0046663503    0.0337746503
   0.0032761905    0.0031375003   -0.0010360197
  -0.0032074095   -0.0020284597    0.0019608703
  -0.0031891195    0.0001807303   -0.0033151497
  -0.0001778095   -0.0027175897   -0.0001660797
   0.0103428605    0.0092954703   -0.0041528497
   0.0052117305    0.0340550803   -0.0323438397
   0.0032761905   -0.0010360197    0.0031375003
  -0.0032074095    0.0019608703   -0.0020284597
  -0.0041090495    0.0092815603    0.0103083403
  -0.0320611595    0.0337746503    0.0046663503
   0.0033825205    0.0069196703    0.0069196703
   0.0171089105    0.0003209703    0.0003209703
  -0.0007014795   -0.0013763497   -0.0013763497
  -0.0387083395    0.0182835303    0.0182835303
  -0.0029573595    0.0063208103   -0.0065287097
  -0.0049315895   -0.0024969997   -0.0042890397
  -0.0029573595   -0.0065287097    0.0063208103
  -0.0049315895   -0.0042890397   -0.0024969997
   0.0002307605   -0.0032917797   -0.0032917797
  -0.0027194295   -0.0001685297   -0.0001685297
  -0.0009990195    0.0032225403    0.0032225403
   0.0023562605   -0.0026348197   -0.0026348197
   0.0093321205    0.0102996303   -0.0042217997
   0.0337426605    0.0046554803   -0.0320203997
   0.0093321205   -0.0042217997    0.0102996303
   0.0337426605   -0.0320203997    0.0046554803
   0.0077977505    0.0073028403    0.0077418903
   0.0002880405   -0.0003340597    0.0002892303
   0.0054504705    0.0010399403   -0.0055613097
  -0.0027959995   -0.0043695997   -0.0036629597
  -0.0022927395    0.0033922603   -0.0023526797
   0.0184512405   -0.0392417497    0.0184407303
  -0.0056995595    0.0008680603    0.0055871903
  -0.0042587895   -0.0049922397   -0.0031914797
   0.0077977505    0.0077418903    0.0073028403
   0.0002880405    0.0002892303   -0.0003340597
   0.0054504705   -0.0055613097    0.0010399403
  -0.0027959995   -0.0036629597   -0.0043695997
  -0.0056995595    0.0055871903    0.0008680603
  -0.0042587895   -0.0031914797   -0.0049922397
  -0.0022927395   -0.0023526797    0.0033922603
   0.0184512405    0.0184407303   -0.0392417497
  -0.0003537895   -0.0004384297   -0.0004384297
  -0.0010610695   -0.0010389297   -0.0010389297
   0.0005686805    0.0015855103    0.0015855103
   0.0024322505    0.0033330703    0.0033330703
   0.0015793705    0.0005789803    0.0014896603
   0.0027652805    0.0027209603    0.0039880303
   0.0015793705    0.0014896603    0.0005789803
   0.0027652805    0.0039880303    0.0027209603

26   
  0.0000000000000000   0.0200000000000000   0.0000000000000000
  -0.0756023300   -0.0747879302   -0.0745924497
  -0.0439765300    0.0736877698    0.0736485303
  -0.0168983200   -0.0290109402   -0.0289927097
   0.0736070400   -0.0439395302    0.0736236103
  -0.0290134800   -0.0170219402   -0.0290716497
   0.0736158900    0.0735657098   -0.0439998297
  -0.0290637300   -0.0290728302   -0.0170156297
  -0.0036148000   -0.0026962202   -0.0004688497
  -0.0002125300   -0.0002036702   -0.0026477497
   0.0102682000   -0.0041583602    0.0092928403
   0.0046932700   -0.0320988302    0.0338134603
  -0.0034973900    0.0108403898    0.0096539603
  -0.0319663600    0.0047002098    0.0336653503
   0.0032114400    0.0031232798   -0.0010552797
  -0.0027196200   -0.0026065702    0.0022052803
  -0.0029168100    0.0007510598   -0.0039006197
  -0.0001865200   -0.0028013302   -0.0001131297
   0.0102657500    0.0093108398   -0.0041953797
   0.0046543900    0.0336642898   -0.0319972297
   0.0032274700   -0.0010277202    0.0032094603
  -0.0025576300    0.0024103198   -0.0027364497
  -0.0045363700    0.0086783098    0.0099032603
  -0.0321201400    0.0338935498    0.0045765803
   0.0070411300    0.0084339998    0.0085247503
  -0.0011195600    0.0041314398    0.0010661503
   0.0032887200   -0.0196535702   -0.0019836597
  -0.0381868200    0.0222536998    0.0190570303
   0.0003430800    0.0061060298   -0.0053278297
  -0.0042921500   -0.0029511702   -0.0036900797
   0.0013051100   -0.0062790902    0.0051815503
  -0.0043953500   -0.0037726002   -0.0028712797
   0.0002063300   -0.0032609102   -0.0032919697
  -0.0027328900   -0.0001946802   -0.0001419197
  -0.0010387900    0.0032001298    0.0031954303
   0.0023219500   -0.0026767402   -0.0026231097
   0.0093094300    0.0102580098   -0.0042101697
   0.0338464800    0.0046839898   -0.0321074997
   0.0092676000   -0.0042593502    0.0102687203
   0.0336601100   -0.0320045402    0.0046002803
   0.0078275100    0.0073864498    0.0078760703
   0.0002037200   -0.0002955902    0.0003738403
   0.0055026400    0.0010059198   -0.0056572997
  -0.0027825900   -0.0043033102   -0.0035894397
  -0.0028858700    0.0038955898   -0.0026145197
   0.0185584300   -0.0393498202    0.0184844503
  -0.0056362000    0.0008975298    0.0054895103
  -0.0037290000   -0.0043963702   -0.0029043997
   0.0078566100    0.0078436798    0.0074264303
   0.0001733800    0.0003981298   -0.0002359597
   0.0054973600   -0.0058654402    0.0009572903
  -0.0027624100   -0.0035416002   -0.0042635797
  -0.0056794700    0.0054817198    0.0009446103
  -0.0036649700   -0.0029413602   -0.0044098197
  -0.0026076200   -0.0028937702    0.0036371103
   0.0185147200    0.0184269798   -0.0393978197
  -0.0004021500   -0.0003845002   -0.0004105397
  -0.0010925800   -0.0011309702   -0.0010225497
   0.0005292600    0.0015736498    0.0015434603
   0.0024321700    0.0032554298    0.0033646003
   0.0021774200    0.0010953098    0.0011842903
   0.0042261800    0.0063278198    0.0025062403
   0.0018902400    0.0009051498    0.0008759803
   0.0023679500    0.0073948698    0.0013902703

26   
  0.0000000000000000  -0.0200000000000000   0.0000000000000000
  -0.0753632002   -0.0761730006   -0.0763645800
  -0.0439585902    0.0735743994    0.0736142400
  -0.0170821702   -0.0290720806   -0.0290896600
   0.0736556898   -0.0439945506    0.0736389500
  -0.0290647302   -0.0169610606   -0.0290081600
   0.0736478698    0.0736949894   -0.0439334500
  -0.0290139302   -0.0290070006   -0.0169650800
  -0.0029175202   -0.0038275606    0.0008387400
  -0.0001200702   -0.0001315606   -0.0027735500
   0.0102647598   -0.0042320406    0.0092832000
   0.0046174098   -0.0319821606    0.0336900900
  -0.0048796002    0.0096991394    0.0089237800
  -0.0321114302    0.0046110894    0.0338365800
   0.0031825298    0.0032691294   -0.0010232100
  -0.0025726702   -0.0026913306    0.0023835600
  -0.0036151402   -0.0003792906   -0.0026182900
  -0.0001469902   -0.0026198406   -0.0002211500
   0.0102677098    0.0092643494   -0.0041941300
   0.0046567198    0.0338372594   -0.0320824800
   0.0031654998   -0.0010511406    0.0031837000
  -0.0027374202    0.0021745894   -0.0025589900
  -0.0038597602    0.0098921594    0.0106224700
  -0.0319594502    0.0336116494    0.0047343200
   0.0077505998    0.0072506794    0.0071567600
   0.0005448798   -0.0036713006   -0.0005985000
   0.0032329398    0.0151294494   -0.0025917000
  -0.0403233202    0.0148194894    0.0180083000
   0.0015901298    0.0048604194   -0.0059830400
  -0.0044131702   -0.0027571706   -0.0036676200
   0.0006111098   -0.0050256006    0.0057998400
  -0.0043100502   -0.0035867706   -0.0028368500
   0.0001747598   -0.0032696206   -0.0032384200
  -0.0026874202   -0.0001405306   -0.0001917000
  -0.0010391402    0.0031913694    0.0031979800
   0.0022671098   -0.0026197406   -0.0026722000
   0.0092675698    0.0102742694   -0.0041795600
   0.0336564598    0.0046274494   -0.0319747900
   0.0093099798   -0.0041307106    0.0102648800
   0.0338434098   -0.0320784706    0.0047129900
   0.0078658098    0.0074026594    0.0078162000
   0.0003558998   -0.0003702106    0.0001868100
   0.0054728098    0.0009152194   -0.0056516300
  -0.0029265302   -0.0044045306   -0.0037699500
  -0.0016315602    0.0027395994   -0.0018939100
   0.0184168598   -0.0392548206    0.0184924400
  -0.0056714802    0.0010235994    0.0054856000
  -0.0036299002   -0.0043099406   -0.0028034400
   0.0078363698    0.0078480194    0.0073627400
   0.0003891898    0.0001584994   -0.0004312400
   0.0054780298   -0.0054443406    0.0009653200
  -0.0029447102   -0.0038148106   -0.0044420000
  -0.0056281002    0.0054916594    0.0009777000
  -0.0036933802   -0.0027668006   -0.0042951700
  -0.0018905102   -0.0016080006    0.0029848000
   0.0184602198    0.0185477794   -0.0392056200
  -0.0003701602   -0.0003895506   -0.0003622400
  -0.0009815802   -0.0009451306   -0.0010530000
   0.0005280998    0.0015095994    0.0015411600
   0.0023197798    0.0034410794    0.0033337100
   0.0008954498   -0.0000476406    0.0019027300
   0.0023794198   -0.0016755206    0.0042816800
   0.0012016198    0.0021745394    0.0001878800
   0.0042369898   -0.0006003006    0.0032661600

26   
  0.0200000000000000   0.0000000000000000   0.0000000000000000
  -0.0757108406   -0.0760454697   -0.0760454697
  -0.0440531806    0.0736448103    0.0736448103
  -0.0169024306   -0.0289340297   -0.0289340297
   0.0735985194   -0.0440199597    0.0736484103
  -0.0290717706   -0.0169499397   -0.0290712797
   0.0735985194    0.0736484103   -0.0440199597
  -0.0290717706   -0.0290712797   -0.0169499397
  -0.0038985806   -0.0029233897   -0.0001387297
  -0.0002529306   -0.0002138097   -0.0027138797
   0.0103084094   -0.0041971797    0.0092918703
   0.0045687994   -0.0319952397    0.0337570303
  -0.0036588606    0.0108945703    0.0096415403
  -0.0320285006    0.0047072703    0.0336732203
   0.0031879194    0.0031761203   -0.0010151697
  -0.0026071106   -0.0027232997    0.0023863303
  -0.0038985806   -0.0001387297   -0.0029233897
  -0.0002529306   -0.0027138797   -0.0002138097
   0.0103084094    0.0092918703   -0.0041971797
   0.0045687994    0.0337570303   -0.0319952397
   0.0031879194   -0.0010151697    0.0031761203
  -0.0026071106    0.0023863303   -0.0027232997
  -0.0036588606    0.0096415403    0.0108945703
  -0.0320285006    0.0336732203    0.0047072703
   0.0067635094    0.0081784203    0.0081784203
   0.0036792894   -0.0006604597   -0.0006604597
  -0.0143886306   -0.0022661897   -0.0022661897
  -0.0351402406    0.0195622003    0.0195622003
   0.0015331794    0.0048559503   -0.0060112697
  -0.0043931606   -0.0028097097   -0.0037206297
   0.0015331794   -0.0060112697    0.0048559503
  -0.0043931606   -0.0037206297   -0.0028097097
   0.0001351394   -0.0032791097   -0.0032791097
  -0.0027410906   -0.0001928197   -0.0001928197
  -0.0010317606    0.0031946803    0.0031946803
   0.0022673494   -0.0026212697   -0.0026212697
   0.0093035794    0.0102987003   -0.0041904397
   0.0338720994    0.0047304003   -0.0321150497
   0.0093035794   -0.0041904397    0.0102987003
   0.0338720994   -0.0321150497    0.0047304003
   0.0077806994    0.0073889103    0.0078209203
   0.0003031594   -0.0004114597    0.0001978603
   0.0055367094    0.0009836903   -0.0056612697
  -0.0028138106   -0.0042826097   -0.0035933597
  -0.0016793606    0.0026839403   -0.0019266097
   0.0183333694   -0.0391793697    0.0183991803
  -0.0056593006    0.0009477503    0.0054524203
  -0.0037716506   -0.0044025597   -0.0028451297
   0.0077806994    0.0078209203    0.0073889103
   0.0003031594    0.0001978603   -0.0004114597
   0.0055367094   -0.0056612697    0.0009836903
  -0.0028138106   -0.0035933597   -0.0042826097
  -0.0056593006    0.0054524203    0.0009477503
  -0.0037716506   -0.0028451297   -0.0044025597
  -0.0016793606   -0.0019266097    0.0026839403
   0.0183333694    0.0183991803   -0.0391793697
  -0.0004541206   -0.0003748397   -0.0003748397
  -0.0010811206   -0.0010900497   -0.0010900497
   0.0005537294    0.0015426403    0.0015426403
   0.0023355294    0.0033994003    0.0033994003
   0.0021146694    0.0011676603    0.0011838503
   0.0072783594    0.0032520503    0.0025137803
   0.0021146694    0.0011838503    0.0011676603
   0.0072783594    0.0025137803    0.0032520503

26   
 -0.0200000000000000   0.0000000000000000   0.0000000000000000
  -0.0752533206   -0.0749201798   -0.0749201798
  -0.0438800206    0.0736175202    0.0736175202
  -0.0170789506   -0.0291462898   -0.0291462898
   0.0736634794   -0.0439123998    0.0736141902
  -0.0290068806   -0.0170304598   -0.0290078898
   0.0736634794    0.0736141902   -0.0439123998
  -0.0290068806   -0.0290078898   -0.0170304598
  -0.0026290606   -0.0036119198    0.0005252302
  -0.0000824706   -0.0001206898   -0.0027074298
   0.0102228594   -0.0041931098    0.0092842402
   0.0047394094   -0.0320842098    0.0337457802
  -0.0047247406    0.0096489502    0.0089364302
  -0.0320498606    0.0046046202    0.0338293402
   0.0032048994    0.0032169202   -0.0010633598
  -0.0026866606   -0.0025741798    0.0022025002
  -0.0026290606    0.0005252302   -0.0036119198
  -0.0000824706   -0.0027074298   -0.0001206898
   0.0102228594    0.0092842402   -0.0041931098
   0.0047394094    0.0337457802   -0.0320842098
   0.0032048994   -0.0010633598    0.0032169202
  -0.0026866606    0.0022025002   -0.0025741798
  -0.0047247406    0.0089364302    0.0096489502
  -0.0320498606    0.0338293402    0.0046046202
   0.0080215794    0.0075206702    0.0075206702
  -0.0042524706    0.0011273502    0.0011273502
   0.0209904594   -0.0023226598   -0.0023226598
  -0.0433709006    0.0175079902    0.0175079902
   0.0003966294    0.0061070202   -0.0052997198
  -0.0043127206   -0.0028989798   -0.0036364198
   0.0003966294   -0.0052997198    0.0061070202
  -0.0043127206   -0.0036364198   -0.0028989798
   0.0002453794   -0.0032508898   -0.0032508898
  -0.0026800906   -0.0001411798   -0.0001411798
  -0.0010468106    0.0031988802    0.0031988802
   0.0023204194   -0.0026747898   -0.0026747898
   0.0092717894    0.0102346302   -0.0042002198
   0.0336271894    0.0045818902   -0.0319656698
   0.0092717894   -0.0042002198    0.0102346302
   0.0336271894   -0.0319656698    0.0045818902
   0.0079111894    0.0074010702    0.0078713302
   0.0002549794   -0.0002545098    0.0003624302
   0.0054362294    0.0009387802   -0.0056469798
  -0.0028974806   -0.0044245698   -0.0037648898
  -0.0028356506    0.0039541702   -0.0025815998
   0.0186427094   -0.0394258898    0.0185778802
  -0.0056498606    0.0009749602    0.0055211302
  -0.0035867506   -0.0043023798   -0.0028634498
   0.0079111894    0.0078713302    0.0074010702
   0.0002549794    0.0003624302   -0.0002545098
   0.0054362294   -0.0056469798    0.0009387802
  -0.0028974806   -0.0037648898   -0.0044245698
  -0.0056498606    0.0055211302    0.0009749602
  -0.0035867506   -0.0028634498   -0.0043023798
  -0.0028356506   -0.0025815998    0.0039541702
   0.0186427094    0.0185778802   -0.0394258898
  -0.0003197206   -0.0003983398   -0.0003983398
  -0.0009947106   -0.0009857998   -0.0009857998
   0.0005026494    0.0015416702    0.0015416702
   0.0024139794    0.0032999502    0.0032999502
   0.0009606994   -0.0001218398    0.0019033902
  -0.0006786606    0.0014057602    0.0042762202
   0.0009606994    0.0019033902   -0.0001218398
  -0.0006786606    0.0042762202    0.0014057602

27   
  0.0000000000000000   0.0200000000000000   0.0000000000000000
  -0.0766454895   -0.0722208900   -0.0759405095
  -0.0439469495    0.0737051000    0.0737225705
  -0.0169529995   -0.0290325000   -0.0290597895
   0.0736919905   -0.0440058200    0.0736187205
  -0.0290638095   -0.0169960900   -0.0290465995
   0.0736523005    0.0736322100   -0.0439344995
  -0.0290192295   -0.0290813300   -0.0170033795
  -0.0032758495   -0.0033606100    0.0002533205
   0.0001683305    0.0004204400   -0.0033844095
   0.0102884405   -0.0041931900    0.0093010105
   0.0046496805   -0.0319870800    0.0337382605
  -0.0031735595    0.0144769800    0.0082331505
  -0.0313568695    0.0052764300    0.0333837505
   0.0031093105    0.0032476200   -0.0011035995
  -0.0026667295   -0.0027040200    0.0023152905
  -0.0033079395    0.0001596400   -0.0032197895
  -0.0004905395   -0.0021257600   -0.0008310095
   0.0102608105    0.0092016500   -0.0041395595
   0.0046603605    0.0337602400   -0.0320228195
   0.0032785105   -0.0009901000    0.0031353005
  -0.0026128095    0.0023107800   -0.0026597595
  -0.0048981895    0.0130784200    0.0092348105
  -0.0317224395    0.0331238300    0.0050263705
   0.0073410005    0.0078559700    0.0078806505
  -0.0001366395    0.0008360000    0.0009076505
   0.0042953505    0.0014126400   -0.0017764195
  -0.0404357895    0.0020469100    0.0207498405
   0.0010003605    0.0054530100   -0.0056981895
  -0.0049434295   -0.0023086800   -0.0039159495
   0.0009451505   -0.0057472800    0.0054273705
  -0.0047271395   -0.0043044300   -0.0024768595
   0.0001368105   -0.0033550300   -0.0032523195
  -0.0027314795   -0.0001637100   -0.0002069195
  -0.0010208195    0.0031717900    0.0032252505
   0.0022888205   -0.0026419000   -0.0026455295
   0.0093648105    0.0103998500   -0.0042748995
   0.0337882205    0.0046446100   -0.0320204995
   0.0091971805   -0.0041168700    0.0101820105
   0.0337651605   -0.0320904900    0.0046176205
   0.0077660105    0.0075353000    0.0079409005
   0.0003064705   -0.0002954500    0.0003250105
   0.0055567405    0.0009970800   -0.0055747995
  -0.0028348295   -0.0043417300   -0.0036653695
  -0.0021823895    0.0031597900   -0.0022253395
   0.0182139505   -0.0387148400    0.0190140705
  -0.0056779295    0.0009491800    0.0054557005
  -0.0036964795   -0.0043971100   -0.0028668695
   0.0078018605    0.0078923800    0.0074609005
   0.0002866305    0.0002996700   -0.0002866395
   0.0055687305   -0.0055247200    0.0010515705
  -0.0028531195   -0.0038912200   -0.0043509895
  -0.0056171495    0.0054540100    0.0009466905
  -0.0037167095   -0.0028402500   -0.0043290495
  -0.0022577695   -0.0023107300    0.0032241005
   0.0190120305    0.0179527600   -0.0395570595
  -0.0004120395   -0.0004121000   -0.0003585595
  -0.0010204495   -0.0010244800   -0.0010700095
   0.0005609605    0.0014340100    0.0015522105
   0.0023564205    0.0033791100    0.0033447505
   0.0016000805    0.0005731400    0.0014720005
   0.0040155005    0.0029498000    0.0036632105
   0.0014444205    0.0016913200    0.0004370105
   0.0030251605    0.0026967400    0.0020569205

27   
  0.0000000000000000  -0.0200000000000000   0.0000000000000000
  -0.0743966000   -0.0786276203   -0.0749556306
  -0.0439850200    0.0735543897    0.0735304294
  -0.0170246500   -0.0290478203   -0.0290250406
   0.0735733800   -0.0439228903    0.0736364894
  -0.0290137800   -0.0169865403   -0.0290382306
   0.0736147800    0.0736292597   -0.0439990806
  -0.0290572600   -0.0289980503   -0.0169832406
  -0.0032517900   -0.0031696203    0.0001228194
  -0.0004984000   -0.0007467903   -0.0020515006
   0.0102463200   -0.0041979203    0.0092705194
   0.0046643300   -0.0320952103    0.0337623194
  -0.0051233700    0.0061516397    0.0102438894
  -0.0327108800    0.0040420597    0.0341129994
   0.0032856300    0.0031462397   -0.0009804606
  -0.0026264700   -0.0025923603    0.0022697594
  -0.0032208200    0.0002221697   -0.0033139606
   0.0001611000   -0.0033008303    0.0005034994
   0.0102753300    0.0093760497   -0.0042571606
   0.0046532000    0.0337456897   -0.0320652306
   0.0031163800   -0.0010886903    0.0032547594
  -0.0026812800    0.0022797897   -0.0026409206
  -0.0034032900    0.0054070997    0.0113828894
  -0.0323617300    0.0343839797    0.0042729394
   0.0074519900    0.0078337797    0.0078039794
  -0.0005318100   -0.0002849303   -0.0003649606
   0.0022440100   -0.0060182603   -0.0028276406
  -0.0383947700    0.0348169197    0.0164837094
   0.0009264800    0.0055216397   -0.0056164806
  -0.0037495400   -0.0034064603   -0.0034460806
   0.0009794300   -0.0055603503    0.0055430794
  -0.0039830100   -0.0030572603   -0.0032291906
   0.0002451800   -0.0031763603   -0.0032819006
  -0.0026854000   -0.0001704203   -0.0001326606
  -0.0010552600    0.0032214697    0.0031636094
   0.0023030100   -0.0026537603   -0.0026554806
   0.0092135600    0.0101347997   -0.0041210706
   0.0337174900    0.0046662897   -0.0320660606
   0.0093787400   -0.0042719203    0.0103432994
   0.0337396100   -0.0319913503    0.0046877994
   0.0079283500    0.0072572397    0.0077465794
   0.0002572300   -0.0003725303    0.0002294494
   0.0054215400    0.0009284197   -0.0057383406
  -0.0028717600   -0.0043634803   -0.0036968006
  -0.0023194600    0.0034668497   -0.0022847606
   0.0187476200   -0.0398770103    0.0179643294
  -0.0056289500    0.0009745797    0.0055124094
  -0.0036587000   -0.0043078703   -0.0028465106
   0.0078942400    0.0077985697    0.0073229394
   0.0002755900    0.0002620397   -0.0003860106
   0.0054072000   -0.0057851603    0.0008660394
  -0.0028524600   -0.0034666003   -0.0043592406
  -0.0056899600    0.0055200597    0.0009725994
  -0.0036384800   -0.0028673403   -0.0043809406
  -0.0022435000   -0.0021925403    0.0033979094
   0.0179707100    0.0190220197   -0.0390514606
  -0.0003584000   -0.0003605103   -0.0004197406
  -0.0010517100   -0.0010496203   -0.0010090006
   0.0004986500    0.0016517497    0.0015275994
   0.0023965600    0.0033195497    0.0033491194
   0.0014840800    0.0004833797    0.0016097494
   0.0026736900    0.0017934797    0.0030262194
   0.0016419300    0.0013928497    0.0006165494
   0.0036811700    0.0040040297    0.0026945094

27   
  0.0200000000000000   0.0000000000000000   0.0000000000000000
  -0.0732583906   -0.0750304902   -0.0750304902
  -0.0440671706    0.0736186798    0.0736186798
  -0.0171298906   -0.0290890602   -0.0290890602
   0.0736064994   -0.0439612602    0.0735830598
  -0.0290191706   -0.0170452202   -0.0290736402
   0.0736064994    0.0735830598   -0.0439612602
  -0.0290191706   -0.0290736402   -0.0170452202
  -0.0033526106   -0.0032833402    0.0001304698
  -0.0008302206   -0.0005102002   -0.0023739802
   0.0101554194   -0.0041573902    0.0093034698
   0.0046571894   -0.0320716202    0.0337592598
  -0.0002625506    0.0113785398    0.0084678998
  -0.0314255906    0.0053381798    0.0333992998
   0.0033412694    0.0030835698   -0.0009384602
  -0.0026368506   -0.0026367102    0.0023248198
  -0.0033526106    0.0001304698   -0.0032833402
  -0.0008302206   -0.0023739802   -0.0005102002
   0.0101554194    0.0093034698   -0.0041573902
   0.0046571894    0.0337592598   -0.0320716202
   0.0033412694   -0.0009384602    0.0030835698
  -0.0026368506    0.0023248198   -0.0026367102
  -0.0002625506    0.0084678998    0.0113785398
  -0.0314255906    0.0333992998    0.0053381798
   0.0074603994    0.0077479798    0.0077479798
  -0.0009227806   -0.0000875502   -0.0000875502
   0.0073745894   -0.0012341702   -0.0012341702
  -0.0556705206    0.0175782798    0.0175782798
   0.0008689694    0.0055322098   -0.0056626602
  -0.0037898506   -0.0034491302   -0.0034484102
   0.0008689694   -0.0056626602    0.0055322098
  -0.0037898506   -0.0034484102   -0.0034491302
   0.0001748394   -0.0033273602   -0.0033273602
  -0.0027540906   -0.0001540302   -0.0001540302
  -0.0010761806    0.0032147798    0.0032147798
   0.0022983894   -0.0026545602   -0.0026545602
   0.0093079794    0.0103374198   -0.0042667402
   0.0337535494    0.0046611798   -0.0320746202
   0.0093079794   -0.0042667402    0.0103374198
   0.0337535494   -0.0320746202    0.0046611798
   0.0078597894    0.0073443498    0.0077901098
   0.0002249594   -0.0003999102    0.0002721598
   0.0055573394    0.0010112198   -0.0055817702
  -0.0028560906   -0.0043380702   -0.0036793502
  -0.0022996406    0.0034340298   -0.0023524602
   0.0190626094   -0.0400887202    0.0182314398
  -0.0056808106    0.0009398498    0.0055073998
  -0.0036588306   -0.0043508602   -0.0028892502
   0.0078597894    0.0077901098    0.0073443498
   0.0002249594    0.0002721598   -0.0003999102
   0.0055573394   -0.0055817702    0.0010112198
  -0.0028560906   -0.0036793502   -0.0043380702
  -0.0056808106    0.0055073998    0.0009398498
  -0.0036588306   -0.0028892502   -0.0043508602
  -0.0022996406   -0.0023524602    0.0034340298
   0.0190626094    0.0182314398   -0.0400887202
  -0.0004160606   -0.0004177202   -0.0004177202
  -0.0011005106   -0.0010635702   -0.0010635702
   0.0005160494    0.0015964598    0.0015964598
   0.0024213394    0.0033399998    0.0033399998
   0.0015951194    0.0005957598    0.0014426098
   0.0038965194    0.0030186398    0.0037091598
   0.0015951194    0.0014426098    0.0005957598
   0.0038965194    0.0037091598    0.0030186398

27   
 -0.0200000000000000   0.0000000000000000   0.0000000000000000
  -0.0778151297   -0.0758617402   -0.0758617402
  -0.0438712797    0.0736359098    0.0736359098
  -0.0168551197   -0.0289956202   -0.0289956202
   0.0736515603   -0.0439777702    0.0736726798
  -0.0290618997   -0.0169400902   -0.0290110002
   0.0736515603    0.0736726798   -0.0439777702
  -0.0290618997   -0.0290110002   -0.0169400902
  -0.0031795197   -0.0032506102    0.0002453098
   0.0004898803    0.0001640198   -0.0030450602
   0.0103751503   -0.0042386602    0.0092680498
   0.0046497103   -0.0320142502    0.0337394098
  -0.0080343097    0.0092403698    0.0100146898
  -0.0326496397    0.0039774698    0.0340962698
   0.0030516103    0.0033047298   -0.0011450702
  -0.0026607297   -0.0026637102    0.0022590198
  -0.0031795197    0.0002453098   -0.0032506102
   0.0004898803   -0.0030450602    0.0001640198
   0.0103751503    0.0092680498   -0.0042386602
   0.0046497103    0.0337394098   -0.0320142502
   0.0030516103   -0.0011450702    0.0033047298
  -0.0026607297    0.0022590198   -0.0026637102
  -0.0080343097    0.0100146898    0.0092403698
  -0.0326496397    0.0340962698    0.0039774698
   0.0073220503    0.0079396998    0.0079396998
   0.0002576903    0.0006517498    0.0006517498
  -0.0008485697   -0.0033659302   -0.0033659302
  -0.0228157197    0.0196191898    0.0196191898
   0.0010501803    0.0054388498   -0.0056508302
  -0.0049094297   -0.0022734502   -0.0039128702
   0.0010501803   -0.0056508302    0.0054388498
  -0.0049094297   -0.0039128702   -0.0022734502
   0.0002037403   -0.0032067402   -0.0032067402
  -0.0026679997   -0.0001852802   -0.0001852802
  -0.0010037197    0.0031737198    0.0031737198
   0.0022873603   -0.0026459702   -0.0026459702
   0.0092632003    0.0101899398   -0.0041261602
   0.0337454903    0.0046460898   -0.0320113402
   0.0092632003   -0.0041261602    0.0101899398
   0.0337454903   -0.0320113402    0.0046460898
   0.0078311203    0.0074399398    0.0078954698
   0.0003316003   -0.0002715702    0.0002830298
   0.0054182803    0.0009089098   -0.0057317602
  -0.0028549797   -0.0043719302   -0.0036834202
  -0.0022090897    0.0031906898   -0.0021579902
   0.0178998403   -0.0385055602    0.0187437998
  -0.0056308197    0.0009777698    0.0054618198
  -0.0037027897   -0.0043595802   -0.0028235002
   0.0078311203    0.0078954698    0.0074399398
   0.0003316003    0.0002830298   -0.0002715702
   0.0054182803   -0.0057317602    0.0009089098
  -0.0028549797   -0.0036834202   -0.0043719302
  -0.0056308197    0.0054618198    0.0009777698
  -0.0037027897   -0.0028235002   -0.0043595802
  -0.0022090897   -0.0021579902    0.0031906898
   0.0178998403    0.0187437998   -0.0385055602
  -0.0003595397   -0.0003605502   -0.0003605502
  -0.0009768197   -0.0010166402   -0.0010166402
   0.0005387503    0.0014824898    0.0014824898
   0.0023263503    0.0033535698    0.0033535698
   0.0014842503    0.0004543898    0.0016369498
   0.0027903103    0.0017163798    0.0029822798
   0.0014842503    0.0016369498    0.0004543898
   0.0027903103    0.0029822798    0.0017163798

28   
  0.0200000000000000   0.0000000000000000   0.0000000000000000
  -0.0755002597   -0.0754428005   -0.0754724803
  -0.0439562497    0.0735583695    0.0736448097
  -0.0171072897   -0.0290253205   -0.0290794503
   0.0734508003   -0.0439208405    0.0736149297
  -0.0289062697   -0.0169567405   -0.0289525903
   0.0731827603    0.0733614695   -0.0437775303
  -0.0291737297   -0.0290782305   -0.0170297303
  -0.0032699497   -0.0032870105    0.0001552497
  -0.0002550697   -0.0002183005   -0.0027157703
   0.0108429703   -0.0035647905    0.0089353897
   0.0084739103   -0.0312804305    0.0329969097
  -0.0041647297    0.0102714895    0.0092944897
  -0.0321540597    0.0047084295    0.0337779397
   0.0025458603    0.0035266295   -0.0007210003
   0.0013565603   -0.0036061605    0.0013754297
  -0.0026860797    0.0005363595   -0.0038930603
  -0.0002562697   -0.0027122005   -0.0001162103
   0.0102605903    0.0093176895   -0.0041743903
   0.0047902203    0.0338524995   -0.0321359203
   0.0032274003   -0.0010448505    0.0031868897
  -0.0027359697    0.0022988595   -0.0026014303
  -0.0048325097    0.0089528995    0.0099231297
  -0.0319151197    0.0336737295    0.0046173597
   0.0079516003    0.0074905295    0.0084761397
   0.0035842103   -0.0005996805    0.0011688597
   0.0038774903   -0.0028730505   -0.0019056303
  -0.0393945697    0.0185252595    0.0184733497
  -0.0165253097    0.0055999595   -0.0057383703
  -0.0003361397   -0.0019295605   -0.0027230403
   0.0003485103   -0.0053626405    0.0051862097
  -0.0044438797   -0.0037299405   -0.0028602103
   0.0002106503   -0.0032652305   -0.0032836203
  -0.0027422297   -0.0001944505   -0.0001431303
  -0.0010227997    0.0032192795    0.0031939697
   0.0023393703   -0.0025699105   -0.0027232403
   0.0092907203    0.0102638395   -0.0041927803
   0.0337304903    0.0047092995   -0.0320124303
   0.0092329303   -0.0042109405    0.0102861397
   0.0337850403   -0.0321537305    0.0046046597
   0.0078522503    0.0073957395    0.0078886397
   0.0003253603   -0.0004164405    0.0003728497
   0.0061085303    0.0003269995   -0.0059977603
  -0.0028994497   -0.0043044905   -0.0037274403
  -0.0022082197    0.0033352795   -0.0022569303
   0.0185196103   -0.0392513205    0.0185793497
  -0.0057262997    0.0009546795    0.0055024997
  -0.0037189997   -0.0044018905   -0.0029050203
   0.0084609403    0.0081814895    0.0080148297
   0.0003122903    0.0001919295   -0.0002408403
   0.0054963903   -0.0056962905    0.0009574397
  -0.0028861697   -0.0036549805   -0.0043785003
  -0.0056301897    0.0054837095    0.0009572097
  -0.0036401797   -0.0027661905   -0.0042768103
  -0.0023173597   -0.0022714205    0.0033013197
   0.0184731503    0.0184713395   -0.0393193703
   0.0001867803   -0.0007219005   -0.0010259903
  -0.0010817197   -0.0010908105   -0.0009840503
   0.0011139903    0.0021914095    0.0018797497
   0.0024175903    0.0034213395    0.0032686097
   0.0015653703    0.0005278795    0.0015394497
   0.0033115103    0.0024243895    0.0033936497
   0.0014789803    0.0015564995    0.0005120897
   0.0033822403    0.0032732695    0.0022851897

28   
 -0.0200000000000000   0.0000000000000000   0.0000000000000000
  -0.0754684702   -0.0755235903   -0.0754902802
  -0.0439808402    0.0736996997    0.0736189898
  -0.0168757102   -0.0290574003   -0.0289994202
   0.0738086398   -0.0440147303    0.0736492998
  -0.0291728702   -0.0170304903   -0.0291283602
   0.0740759998    0.0739034197   -0.0441622002
  -0.0289067002   -0.0290037303   -0.0169477302
  -0.0032623202   -0.0032454303    0.0002241298
  -0.0000792802   -0.0001185203   -0.0027058002
   0.0096796698   -0.0048393503    0.0096417398
   0.0007387798   -0.0328969803    0.0346006798
  -0.0042261902    0.0102577297    0.0092807498
  -0.0319277602    0.0045965897    0.0337241498
   0.0038422398    0.0028687497   -0.0013523302
  -0.0065565302   -0.0017829003    0.0031205298
  -0.0038540002   -0.0001603303   -0.0026248102
  -0.0000788402   -0.0027113303   -0.0002176002
   0.0102701498    0.0092561497   -0.0042153402
   0.0045182898    0.0336495297   -0.0319459802
   0.0031637598   -0.0010359003    0.0032067598
  -0.0025621902    0.0022872597   -0.0026933602
  -0.0035621602    0.0096147597    0.0106044598
  -0.0321656102    0.0338272097    0.0046949698
   0.0068271498    0.0082008097    0.0072043198
  -0.0043498402    0.0012491397   -0.0007016602
   0.0027407398   -0.0016246003   -0.0026030302
  -0.0392102002    0.0184473297    0.0185024198
   0.0184856898    0.0054864997   -0.0056528602
  -0.0082743102   -0.0036897903   -0.0045438402
   0.0015756498   -0.0059565503    0.0057958098
  -0.0042642302   -0.0036312903   -0.0028486802
   0.0001688098   -0.0032682503   -0.0032458002
  -0.0026797102   -0.0001430503   -0.0001905402
  -0.0010567602    0.0031706097    0.0031999398
   0.0022494698   -0.0027285203   -0.0025744002
   0.0092844498    0.0102663797   -0.0041973102
   0.0337707498    0.0045988797   -0.0320683802
   0.0093424398   -0.0041822903    0.0102476498
   0.0337139498   -0.0319302603    0.0047096298
   0.0078377598    0.0073906597    0.0078034398
   0.0002343898   -0.0002555603    0.0001867498
   0.0048730798    0.0015822697   -0.0053145002
  -0.0028104702   -0.0044038803   -0.0036301702
  -0.0022992502    0.0032903797   -0.0022485902
   0.0184529498   -0.0393587403    0.0183969598
  -0.0055845502    0.0009643797    0.0054716298
  -0.0036416402   -0.0043068103   -0.0028043302
   0.0072378798    0.0075113097    0.0067849298
   0.0002470198    0.0003647397   -0.0004248302
   0.0054766398   -0.0056156403    0.0009657798
  -0.0028238102   -0.0037058303   -0.0043269702
  -0.0056797502    0.0054872397    0.0009661098
  -0.0037221302   -0.0029457503   -0.0044302902
  -0.0021915802   -0.0022374703    0.0033277698
   0.0185009298    0.0185022097   -0.0392862202
  -0.0009535802   -0.0000570303    0.0002411598
  -0.0009950802   -0.0009875303   -0.0010918202
  -0.0000507202    0.0009014697    0.0012079998
   0.0023333098    0.0032761197    0.0034294498
   0.0015173498    0.0005258697    0.0015444598
   0.0033840098    0.0023236197    0.0033048498
   0.0016036298    0.0015246997    0.0005447098
   0.0033115098    0.0034238197    0.0024652098

28   
  0.0000000000000000   0.0200000000000000   0.0000000000000000
  -0.0755192802   -0.0755604703   -0.0754413400
  -0.0440205002    0.0736486397    0.0736285500
  -0.0169729802   -0.0291398303   -0.0290989500
   0.0736262898   -0.0439249503    0.0736366100
  -0.0289531302   -0.0169403103   -0.0289756800
   0.0735426498    0.0742737497   -0.0447844500
  -0.0290410602   -0.0291264603   -0.0169123200
  -0.0032499202   -0.0033312603    0.0001996800
  -0.0002128402   -0.0001981803   -0.0027635500
   0.0109492598   -0.0036071103    0.0089433800
   0.0058173598   -0.0285733203    0.0332728400
  -0.0041967702    0.0103112897    0.0092955400
  -0.0320141302    0.0045975397    0.0338111000
   0.0028505598    0.0037426697   -0.0003998200
  -0.0035400402    0.0013028997    0.0032150200
  -0.0036140802   -0.0003616703   -0.0029308900
  -0.0001817002   -0.0028124003   -0.0002225000
   0.0102952698    0.0093008897   -0.0042083300
   0.0047151798    0.0337706497   -0.0320839000
   0.0031913798   -0.0010185603    0.0031939900
  -0.0026401602    0.0021968297   -0.0025901700
  -0.0038675302    0.0098736697    0.0109182600
  -0.0321207402    0.0337814697    0.0047076100
   0.0077251498    0.0072433297    0.0081748000
  -0.0012630502    0.0040982097   -0.0004714900
   0.0026813998   -0.0016270203   -0.0025654100
  -0.0392551102    0.0184505197    0.0184272800
   0.0010942998   -0.0116614803   -0.0061870700
  -0.0034227402    0.0011616497   -0.0027675400
   0.0006511198   -0.0050312503    0.0047768800
  -0.0044040302   -0.0037273803   -0.0027932900
   0.0001740498   -0.0033257403   -0.0032868500
  -0.0027345002   -0.0001980703   -0.0001872700
  -0.0010103202    0.0032037897    0.0032152300
   0.0023863198   -0.0025262803   -0.0027297600
   0.0092852398    0.0102729597   -0.0041958400
   0.0337752098    0.0046253297   -0.0320155100
   0.0092990598   -0.0041975103    0.0102911700
   0.0336730698   -0.0319310503    0.0047396400
   0.0078654198    0.0073239597    0.0078315600
   0.0001905898   -0.0002980303    0.0001923300
   0.0048616898    0.0015745597   -0.0053117400
  -0.0028039902   -0.0044476303   -0.0036982200
  -0.0022401602    0.0033642197   -0.0022433600
   0.0185546998   -0.0392360003    0.0185711800
  -0.0056792802    0.0009704297    0.0054566800
  -0.0037348302   -0.0044391403   -0.0028471200
   0.0074850498    0.0072005597    0.0070472600
   0.0001805498    0.0003992397   -0.0004346800
   0.0054554598   -0.0056441203    0.0009766400
  -0.0028279702   -0.0037107303   -0.0043741500
  -0.0056534602    0.0052790297    0.0009600900
  -0.0035795902   -0.0027326203   -0.0042652900
  -0.0022526502   -0.0022581303    0.0032802500
   0.0184541598    0.0184527797   -0.0392778700
  -0.0000554302   -0.0010041903   -0.0007283500
  -0.0010987302   -0.0011341003   -0.0010484300
   0.0011850998    0.0021363697    0.0018845900
   0.0024523998    0.0033914897    0.0032708900
   0.0015456398    0.0005560397    0.0015419900
   0.0033928998    0.0022857797    0.0033635200
   0.0015235598    0.0015444097    0.0005576300
   0.0032806198    0.0033900497    0.0024589500

28   
  0.0000000000000000  -0.0200000000000000   0.0000000000000000
  -0.0754509397   -0.0754037098   -0.0755199297
  -0.0439184897    0.0736127202    0.0736349603
  -0.0170141997   -0.0289414998   -0.0289820697
   0.0736323403   -0.0440107598    0.0736281503
  -0.0291294597   -0.0170450798   -0.0291062497
   0.0737114803    0.0729885402   -0.0431467597
  -0.0290386997   -0.0289523298   -0.0170654697
  -0.0032840597   -0.0031999898    0.0001795403
  -0.0001256297   -0.0001376598   -0.0026583597
   0.0095669703   -0.0047923198    0.0096345003
   0.0033931003   -0.0356121398    0.0343250003
  -0.0041963197    0.0102199102    0.0092795703
  -0.0320665197    0.0047074402    0.0336897503
   0.0035421803    0.0026406802   -0.0016905997
  -0.0016654897   -0.0066969898    0.0012792903
  -0.0029132197    0.0007438702   -0.0036045097
  -0.0001560697   -0.0026113898   -0.0001111097
   0.0102339803    0.0092740902   -0.0041813997
   0.0045906903    0.0337352902   -0.0319999897
   0.0031976203   -0.0010612698    0.0031996803
  -0.0026586297    0.0023891302   -0.0027045097
  -0.0045227997    0.0087080202    0.0096258703
  -0.0319627297    0.0337217502    0.0046059603
   0.0070659903    0.0084428602    0.0075233803
   0.0005003503   -0.0034403698    0.0009383903
   0.0039317803   -0.0028727598   -0.0019442197
  -0.0393529497    0.0185240902    0.0185486103
   0.0009811003    0.0226570502   -0.0051887397
  -0.0051939397   -0.0067746098   -0.0045004697
   0.0012660003   -0.0062722498    0.0061869203
  -0.0043043097   -0.0036317098   -0.0029155697
   0.0002041303   -0.0032066598   -0.0032428697
  -0.0026895397   -0.0001377798   -0.0001462797
  -0.0010705997    0.0031868502    0.0031793703
   0.0021989403   -0.0027736998   -0.0025658197
   0.0092877303    0.0102589402   -0.0041944097
   0.0337243503    0.0046850702   -0.0320664497
   0.0092744903   -0.0041943798    0.0102425503
   0.0338272303   -0.0321553898    0.0045733703
   0.0078232003    0.0074649802    0.0078601003
   0.0003678003   -0.0003734798    0.0003674903
   0.0061215503    0.0003388802   -0.0059998097
  -0.0029084497   -0.0042575998   -0.0036600097
  -0.0022700697    0.0032632802   -0.0022625897
   0.0184158203   -0.0393725398    0.0184045403
  -0.0056326997    0.0009506902    0.0055169903
  -0.0036271097   -0.0042668598   -0.0028616297
   0.0081968203    0.0084851502    0.0077359003
   0.0003747103    0.0001616502   -0.0002331597
   0.0055160103   -0.0056661298    0.0009463803
  -0.0028838997   -0.0036486798   -0.0043311597
  -0.0056584597    0.0056932702    0.0009631603
  -0.0037826597   -0.0029754498   -0.0044396597
  -0.0022577297   -0.0022491398    0.0033488303
   0.0185179803    0.0185218602   -0.0393272997
  -0.0007280497    0.0002334902   -0.0000376797
  -0.0009806897   -0.0009440298   -0.0010268897
  -0.0001194497    0.0009545702    0.0012033003
   0.0022964603    0.0033073402    0.0034268703
   0.0015345403    0.0004992902    0.0015418503
   0.0033010703    0.0024615402    0.0033341503
   0.0015568803    0.0015381102    0.0004997103
   0.0034105603    0.0033082502    0.0022915303

28   
  0.0000000000000000   0.0000000000000000   0.0200000000000000
  -0.0754680900   -0.0754703100   -0.0754763606
  -0.0439614100    0.0736383500    0.0735787594
  -0.0170343000   -0.0290773700   -0.0290815206
   0.0736285600   -0.0439545100    0.0736733194
  -0.0289539100   -0.0169433100   -0.0289998806
   0.0736929000    0.0728174300   -0.0433146906
  -0.0290702500   -0.0289713200   -0.0170436806
  -0.0032954100   -0.0032806400    0.0002038894
  -0.0001535900   -0.0002266300   -0.0028108606
   0.0106163300   -0.0038550500    0.0087241194
   0.0034045300   -0.0326164300    0.0373384194
  -0.0041936600    0.0102645400    0.0093052094
  -0.0320379000    0.0047246500    0.0336674494
   0.0028592200    0.0038371000   -0.0004745206
  -0.0034963200   -0.0017975100    0.0062127594
  -0.0039490700   -0.0001569500   -0.0026835606
  -0.0001214800   -0.0027626900   -0.0001969806
   0.0102460600    0.0092922000   -0.0042610406
   0.0045906900    0.0337239600   -0.0320346806
   0.0031941700   -0.0010427600    0.0032413794
  -0.0025992800    0.0023504800   -0.0026900306
  -0.0038555900    0.0099380100    0.0108239594
  -0.0321245800    0.0338211600    0.0047058394
   0.0080249600    0.0074774900    0.0084302594
   0.0005397600   -0.0003634700    0.0040536694
   0.0029617200   -0.0019312300   -0.0028780906
  -0.0393072900    0.0184426500    0.0183920194
   0.0009938600    0.0050347900   -0.0228339006
  -0.0033856900   -0.0018590300    0.0003847694
   0.0012576400   -0.0063678400    0.0061040294
  -0.0043660200   -0.0036183900   -0.0029491306
   0.0001589900   -0.0032502400   -0.0032555906
  -0.0026878100   -0.0001903800   -0.0001962606
  -0.0010320500    0.0031682800    0.0031340994
   0.0022174600   -0.0027245900   -0.0026026406
   0.0092862100    0.0102622700   -0.0041911806
   0.0337774200    0.0046825300   -0.0320713606
   0.0092700900   -0.0041708300    0.0102728194
   0.0336844100   -0.0319586600    0.0047067594
   0.0078748700    0.0074080400    0.0078562294
   0.0003802400   -0.0004288100    0.0003921994
   0.0058250000    0.0006228700   -0.0062832806
  -0.0029045100   -0.0043683200   -0.0037754706
  -0.0022572700    0.0033055600   -0.0024638006
   0.0185656700   -0.0392272200    0.0186175694
  -0.0056716000    0.0009197300    0.0054971394
  -0.0037289800   -0.0043440300   -0.0029474706
   0.0084951400    0.0081927300    0.0080129094
   0.0003640500    0.0001934000   -0.0002891906
   0.0054629300   -0.0056722600    0.0008898294
  -0.0028848000   -0.0037009000   -0.0043861006
  -0.0056392300    0.0054876800    0.0009853894
  -0.0036131900   -0.0027709000   -0.0043041006
  -0.0022371100   -0.0022796000    0.0033099794
   0.0184641900    0.0185253200   -0.0393292806
  -0.0010210800   -0.0000547200    0.0001856594
  -0.0009798300   -0.0010544900   -0.0011290406
   0.0001771700    0.0011845800    0.0009130794
   0.0022794800    0.0032631600    0.0034764294
   0.0015366200    0.0005271600    0.0015697894
   0.0034007000    0.0023759400    0.0032674594
   0.0015525400    0.0015700500    0.0005320894
   0.0032477200    0.0034392800    0.0024944194

28   
  0.0000000000000000   0.0000000000000000  -0.0200000000000000
  -0.0755017495   -0.0754959000   -0.0754861894
  -0.0439791995    0.0736216200    0.0736836406
  -0.0169530595   -0.0290067200   -0.0290007594
   0.0736309105   -0.0439829600    0.0735916506
  -0.0291292295   -0.0170443700   -0.0290831094
   0.0735615105    0.0744412600   -0.0446200194
  -0.0290090295   -0.0291092300   -0.0169344194
  -0.0032382895   -0.0032514000    0.0001741206
  -0.0001841195   -0.0001100500   -0.0026107094
   0.0099192105   -0.0045302400    0.0098460906
   0.0058063205   -0.0315609900    0.0302665406
  -0.0041996495    0.0102648300    0.0092686606
  -0.0320433995    0.0045799200    0.0338317806
   0.0035321705    0.0025423900   -0.0016130594
  -0.0017096295   -0.0035904500   -0.0017223894
  -0.0025971695    0.0005316700   -0.0038378594
  -0.0002171095   -0.0026611800   -0.0001374394
   0.0102825605    0.0092812300   -0.0041290694
   0.0047151205    0.0337803500   -0.0320504494
   0.0031949005   -0.0010384600    0.0031510806
  -0.0026991895    0.0022354500   -0.0026062294
  -0.0045343395    0.0086457300    0.0097161306
  -0.0319593995    0.0336809100    0.0046065606
   0.0067488805    0.0082144400    0.0072532906
  -0.0013025495    0.0010132400   -0.0035948094
   0.0036685905   -0.0025836100   -0.0016255594
  -0.0393001795    0.0185296200    0.0185815906
   0.0010796805    0.0060330800    0.0115095906
  -0.0052296395   -0.0037582600   -0.0076463794
   0.0006592205   -0.0049328600    0.0048626206
  -0.0043428595   -0.0037428800   -0.0027596394
   0.0002189005   -0.0032830700   -0.0032749094
  -0.0027365195   -0.0001468600   -0.0001380994
  -0.0010487395    0.0032212200    0.0032597006
   0.0023698305   -0.0025732900   -0.0026961494
   0.0092868705    0.0102682500   -0.0042000694
   0.0337226605    0.0046262500   -0.0320115494
   0.0093032905   -0.0042217900    0.0102605706
   0.0338135605   -0.0321253100    0.0046073506
   0.0078137805    0.0073788000    0.0078347006
   0.0001753705   -0.0002414000    0.0001641106
   0.0051399205    0.0013036600   -0.0050228894
  -0.0028079895   -0.0043389300   -0.0035848694
  -0.0022524895    0.0033195800   -0.0020432494
   0.0184074605   -0.0393804900    0.0183610606
  -0.0056396195    0.0010003700    0.0054751106
  -0.0036331395   -0.0043640100   -0.0027616094
   0.0072057705    0.0074994900    0.0067845706
   0.0001944105    0.0003632100   -0.0003771294
   0.0055085005   -0.0056395200    0.0010318206
  -0.0028269095   -0.0036598500   -0.0043201694
  -0.0056723295    0.0054829300    0.0009365806
  -0.0037514595   -0.0029416400   -0.0044039994
  -0.0022735195   -0.0022287900    0.0033184506
   0.0185081105    0.0184482000   -0.0392770194
   0.0002567305   -0.0007241000   -0.0009677694
  -0.0010994695   -0.0010242500   -0.0009468794
   0.0008692905    0.0018894000    0.0021665206
   0.0024673005    0.0034321600    0.0032237306
   0.0015437105    0.0005264400    0.0015125306
   0.0032935705    0.0023706200    0.0034285906
   0.0015279705    0.0015108200    0.0005237606
   0.0034458905    0.0032557200    0.0022519406

29   
  0.0200000000000000   0.0000000000000000   0.0000000000000000
  -0.0754560500   -0.0755700298   -0.0753672102
  -0.0439977200    0.0736490002    0.0736069798
  -0.0169848900   -0.0290638598   -0.0290283602
   0.0737491700   -0.0438810298    0.0736849898
  -0.0292115100   -0.0169729098   -0.0290039402
   0.0735800500    0.0735566402   -0.0439306902
  -0.0296542600   -0.0287175798   -0.0173430702
  -0.0032946200   -0.0032861998    0.0002136898
  -0.0001614900   -0.0001547298   -0.0027402402
   0.0103095000   -0.0041207098    0.0092017098
   0.0052008600   -0.0313794498    0.0340570098
  -0.0042871700    0.0103028202    0.0093058098
  -0.0320205400    0.0046563502    0.0337574298
   0.0033237400    0.0031092902   -0.0011272102
  -0.0032621800   -0.0029932798    0.0019484098
  -0.0033021500    0.0001334702   -0.0032139202
   0.0003929900   -0.0030501598   -0.0007922702
   0.0103089200    0.0093741102   -0.0042767802
   0.0046511300    0.0337794802   -0.0320521502
   0.0031009100   -0.0010306298    0.0032493398
  -0.0026266000    0.0022927902   -0.0026468202
  -0.0002353200    0.0083798402    0.0093991198
  -0.0326628500    0.0340785102    0.0049737198
   0.0074316100    0.0077440002    0.0079165698
   0.0002448100    0.0006242802    0.0009211998
   0.0032731900   -0.0021938398   -0.0022968802
  -0.0387480400    0.0178968802    0.0181161098
   0.0048815500    0.0063261202   -0.0047795002
  -0.0219840800   -0.0028339898   -0.0036429602
   0.0008709500   -0.0056671198    0.0054370398
  -0.0049734500   -0.0040358098   -0.0025061102
   0.0000962000   -0.0033172498   -0.0032555102
  -0.0027051100   -0.0001813998   -0.0001910402
  -0.0009268300    0.0032795802    0.0030993098
   0.0022996400   -0.0026220098   -0.0026347302
   0.0092579800    0.0102912002   -0.0041700502
   0.0337567200    0.0046619302   -0.0320460602
   0.0093311400   -0.0042717098    0.0101668098
   0.0336928100   -0.0320289898    0.0046399098
   0.0079675000    0.0073152102    0.0079254098
   0.0002891000   -0.0003184898    0.0003104298
   0.0053913600    0.0010105502   -0.0056698602
  -0.0022857700   -0.0049915198   -0.0033338902
  -0.0022023200    0.0033854002   -0.0021631202
   0.0184969700   -0.0392846898    0.0184890398
  -0.0056876600    0.0009339202    0.0054651298
  -0.0037441900   -0.0043707298   -0.0028702802
   0.0119029100    0.0069057502    0.0083506798
   0.0008605500   -0.0000544698    0.0003042198
   0.0054003200   -0.0056452798    0.0009128498
  -0.0028483200   -0.0037046698   -0.0043708602
  -0.0056038200    0.0055744502    0.0010380798
  -0.0036539000   -0.0028593298   -0.0043483102
  -0.0022968300   -0.0023105698    0.0032645998
   0.0184410600    0.0185104402   -0.0392967102
  -0.0004796900   -0.0003970798   -0.0003375202
  -0.0004664200   -0.0006965598   -0.0016770702
   0.0045699700    0.0025159902    0.0005790798
   0.0029489900    0.0039907402    0.0029981198
   0.0015067200    0.0005758302    0.0015926498
   0.0033656100    0.0023735302    0.0033472498
   0.0015843600    0.0014474602    0.0004536198
   0.0032844900    0.0033305102    0.0023868098

29   
 -0.0200000000000000   0.0000000000000000   0.0000000000000000
  -0.0755140197   -0.0753919802   -0.0755968210
  -0.0439373097    0.0736110698    0.0736557390
  -0.0170009597   -0.0290187802   -0.0290533110
   0.0735084903   -0.0440529402    0.0735779290
  -0.0288687697   -0.0170110202   -0.0290767110
   0.0736813403    0.0737043998   -0.0440025810
  -0.0284300397   -0.0293572102   -0.0166426510
  -0.0032371997   -0.0032449002    0.0001642890
  -0.0001738497   -0.0001818602   -0.0026820610
   0.0102187003   -0.0042728702    0.0093730490
   0.0040977703   -0.0327124402    0.0334423290
  -0.0041025697    0.0102269398    0.0092682490
  -0.0320593197    0.0046490298    0.0337427690
   0.0030656203    0.0032809998   -0.0009535510
  -0.0020295597   -0.0022972502    0.0026452690
  -0.0032301497    0.0002433198   -0.0033147910
  -0.0007357697   -0.0023712702    0.0004681990
   0.0102208903    0.0091999898   -0.0041119210
   0.0046578603    0.0337217698   -0.0320283510
   0.0032911603   -0.0010499102    0.0031425290
  -0.0026702797    0.0022937698   -0.0026492610
  -0.0082526797    0.0102875098    0.0112245090
  -0.0314140297    0.0334162898    0.0043299990
   0.0073539403    0.0079468198    0.0077726890
  -0.0009209797   -0.0000685302   -0.0003729410
   0.0033533603   -0.0023140302   -0.0022115310
  -0.0398645297    0.0190871998    0.0188623090
  -0.0030563097    0.0045543198   -0.0066227610
   0.0132813803   -0.0028247202   -0.0037313710
   0.0010507403   -0.0056435902    0.0055367590
  -0.0037369897   -0.0033306702   -0.0031969710
   0.0002828903   -0.0032152802   -0.0032749610
  -0.0027163897   -0.0001549102   -0.0001438410
  -0.0011490197    0.0031108298    0.0032938390
   0.0022884203   -0.0026758102   -0.0026616610
   0.0093178603    0.0102400198   -0.0042208110
   0.0337456503    0.0046489698   -0.0320366310
   0.0092464103   -0.0041216702    0.0103655190
   0.0338089003   -0.0320545702    0.0046723790
   0.0077262103    0.0074721598    0.0077656890
   0.0002703103   -0.0003511102    0.0002485090
   0.0055816703    0.0009108698   -0.0056405310
  -0.0034157497   -0.0037262002   -0.0040231210
  -0.0023036097    0.0032431398   -0.0023428810
   0.0184783803   -0.0393232102    0.0184862990
  -0.0056215097    0.0009860498    0.0055076490
  -0.0036154497   -0.0043364302   -0.0028392510
   0.0038845903    0.0086946398    0.0065286090
  -0.0002938397    0.0006098498   -0.0009619310
   0.0055724903   -0.0056655002    0.0010083690
  -0.0028608397   -0.0036556002   -0.0043356210
  -0.0057036197    0.0053975298    0.0008856890
  -0.0037056897   -0.0028512702   -0.0043581510
  -0.0022111597   -0.0021967602    0.0033644290
   0.0185340903    0.0184641798   -0.0393099110
  -0.0002951997   -0.0003778802   -0.0004360610
  -0.0016018297   -0.0013787802   -0.0004105510
  -0.0034167497    0.0006590298    0.0024120690
   0.0018081803    0.0027164998    0.0036965690
   0.0015761403    0.0004782598    0.0014894590
   0.0033303403    0.0023743998    0.0033494290
   0.0015006603    0.0016337198    0.0006003690
   0.0034115203    0.0033653798    0.0023620090

29   
  0.0000000000000000   0.0200000000000000   0.0000000000000000
  -0.0755622505   -0.0754443595   -0.0755891297
  -0.0439460205    0.0736032405    0.0736157103
  -0.0170168005   -0.0290308195   -0.0290261697
   0.0737167895   -0.0439047995    0.0737077303
  -0.0290394905   -0.0169743795   -0.0290268397
   0.0735957895    0.0735520805   -0.0439374097
  -0.0292978505   -0.0284335995   -0.0175848697
  -0.0032884805   -0.0032937095    0.0001637403
  -0.0001840405   -0.0002303195   -0.0027269297
   0.0103431995   -0.0041477595    0.0092056903
   0.0052497095   -0.0314392695    0.0340167703
  -0.0041381905    0.0102292105    0.0093224103
  -0.0320368905    0.0046709605    0.0337459703
   0.0031046195    0.0032358805   -0.0009654497
  -0.0023056305   -0.0020812495    0.0029201903
  -0.0033192505    0.0000932405   -0.0032712997
   0.0001793395   -0.0033248195   -0.0005090797
   0.0103527695    0.0094075005   -0.0042805997
   0.0046929295    0.0337673305   -0.0320352797
   0.0032022495   -0.0011331595    0.0032484503
  -0.0026469705    0.0023140405   -0.0026492997
  -0.0051766405    0.0133013905    0.0112126403
  -0.0323980805    0.0343318605    0.0053007203
   0.0073118295    0.0079724805    0.0077667603
  -0.0006882205   -0.0003246695   -0.0000721397
   0.0033584895   -0.0023514695   -0.0022707197
  -0.0398936005    0.0190385305    0.0188656803
   0.0017952195    0.0094065105   -0.0047519897
  -0.0043552705   -0.0205054295   -0.0037080297
   0.0009548995   -0.0057505595    0.0055482103
  -0.0040046205   -0.0031043395   -0.0035087397
   0.0001454895   -0.0033034995   -0.0033130597
  -0.0026967205   -0.0002306695   -0.0001532997
  -0.0009587805    0.0032449205    0.0031189703
   0.0023209195   -0.0026445595   -0.0026638497
   0.0093120195    0.0102386705   -0.0041707597
   0.0337474795    0.0046612005   -0.0320390097
   0.0092071895   -0.0041455095    0.0103612403
   0.0337357895   -0.0320296895    0.0046787403
   0.0077527195    0.0074391005    0.0077604103
   0.0002648695   -0.0003935795    0.0002939103
   0.0055394895    0.0009157805   -0.0057040797
  -0.0034696605   -0.0037919995   -0.0040279997
  -0.0021806405    0.0033565005   -0.0021605297
   0.0185082495   -0.0393053395    0.0184901103
  -0.0056841205    0.0009290005    0.0055143603
  -0.0036662305   -0.0043474195   -0.0028800497
   0.0069334695    0.0117556105    0.0065806003
   0.0006132495   -0.0003355895   -0.0000049997
   0.0054938495   -0.0057484095    0.0009099803
  -0.0028801705   -0.0036715995   -0.0043688797
  -0.0055703005    0.0056059005    0.0010500503
  -0.0036817905   -0.0030426595   -0.0043574497
  -0.0023048005   -0.0023411695    0.0033234503
   0.0184743195    0.0184994905   -0.0393343097
  -0.0003976505   -0.0004808995   -0.0004376797
  -0.0013862405   -0.0016536195   -0.0006895597
   0.0014963495    0.0055989005    0.0005790603
   0.0030200095    0.0039237605    0.0029984803
   0.0015894595    0.0004337305    0.0015494203
   0.0033497895    0.0023965805    0.0033486603
   0.0014515095    0.0016635005    0.0006188403
   0.0033613495    0.0033540205    0.0024025303

29   
  0.0000000000000000  -0.0200000000000000   0.0000000000000000
  -0.0754085702   -0.0755168808   -0.0753751700
  -0.0439890802    0.0736565792    0.0736460700
  -0.0169680302   -0.0290512508   -0.0290557600
   0.0735441298   -0.0440264108    0.0735565700
  -0.0290408202   -0.0170102708   -0.0290546600
   0.0736647898    0.0737084992   -0.0439955000
  -0.0287796602   -0.0296539808   -0.0163840200
  -0.0032434602   -0.0032366608    0.0002141800
  -0.0001511402   -0.0001055008   -0.0026953700
   0.0101855298   -0.0042454708    0.0093693400
   0.0040458698   -0.0326494908    0.0334836100
  -0.0042522302    0.0103022692    0.0092514700
  -0.0320433802    0.0046351392    0.0337548700
   0.0032879398    0.0031534592   -0.0011172100
  -0.0029923602   -0.0032236708    0.0016557900
  -0.0032126102    0.0002857392   -0.0032575100
  -0.0005079502   -0.0021021108    0.0001681700
   0.0101787198    0.0091703192   -0.0041103700
   0.0046172398    0.0337360992   -0.0320464400
   0.0031892598   -0.0009456808    0.0031434100
  -0.0026495502    0.0022735092   -0.0026473200
  -0.0033065802    0.0053695192    0.0094112300
  -0.0316851502    0.0331776392    0.0040213500
   0.0074759098    0.0077152092    0.0079240500
   0.0000265998    0.0008869392    0.0006365800
   0.0032682698   -0.0021567708   -0.0022366300
  -0.0387220402    0.0179436492    0.0181129000
   0.0000345798    0.0014711292   -0.0066511800
  -0.0043459402    0.0148078292   -0.0036645800
   0.0009666198   -0.0055606308    0.0054255900
  -0.0046990902   -0.0042468808   -0.0022118800
   0.0002352898   -0.0032286508   -0.0032167300
  -0.0027252302   -0.0001046708   -0.0001808000
  -0.0011203102    0.0031444792    0.0032760900
   0.0022663798   -0.0026530808   -0.0026327200
   0.0092636298    0.0102936692   -0.0042202300
   0.0337544798    0.0046501092   -0.0320437600
   0.0093701098   -0.0042476808    0.0101712600
   0.0337667498   -0.0320539208    0.0046334300
   0.0079374998    0.0073513792    0.0079282500
   0.0002940098   -0.0002755708    0.0002646200
   0.0054349398    0.0010056392   -0.0056073500
  -0.0022287202   -0.0049215908   -0.0033286900
  -0.0023254002    0.0032727792   -0.0023455900
   0.0184667998   -0.0393017708    0.0184857000
  -0.0056255702    0.0009919992    0.0054580700
  -0.0036943602   -0.0043594008   -0.0028298100
   0.0088513098    0.0038403292    0.0083001300
  -0.0000613202    0.0008980592   -0.0006702300
   0.0054792398   -0.0055623308    0.0010115100
  -0.0028297302   -0.0036875008   -0.0043377600
  -0.0057395902    0.0053640992    0.0008718600
  -0.0036783302   -0.0026670908   -0.0043490100
  -0.0022041002   -0.0021664908    0.0033049100
   0.0185003398    0.0184760092   -0.0392727100
  -0.0003762702   -0.0002925908   -0.0003361300
  -0.0006967002   -0.0004275908   -0.0013799200
  -0.0003474802   -0.0024192308    0.0024118300
   0.0017401898    0.0027805192    0.0036965900
   0.0014922998    0.0006222592    0.0015333400
   0.0033462798    0.0023518092    0.0033486000
   0.0016310398    0.0014214392    0.0004372900
   0.0033347098    0.0033427192    0.0023463800

29   
  0.0000000000000000   0.0000000000000000   0.0200000000000000
  -0.0753501998   -0.0756454605   -0.0753931103
  -0.0439827698    0.0736143295    0.0736047097
  -0.0170203398   -0.0290498005   -0.0290983003
   0.0737415402   -0.0438905005    0.0736729597
  -0.0290375898   -0.0169951805   -0.0290046603
   0.0736660202    0.0737117895   -0.0440140003
  -0.0287359798   -0.0297084005   -0.0164438803
  -0.0032425798   -0.0032911105    0.0001599097
  -0.0001930398   -0.0001556905   -0.0027054703
   0.0101602902   -0.0042894005    0.0094026297
   0.0043134002   -0.0323531805    0.0331393397
  -0.0041886598    0.0103033395    0.0091939397
  -0.0320320898    0.0046542195    0.0337709297
   0.0030998002    0.0032659695   -0.0009985303
  -0.0023062598   -0.0020109605    0.0028545097
  -0.0032129998    0.0001761395   -0.0033623203
  -0.0008006498   -0.0023605405    0.0004018197
   0.0101749202    0.0091978995   -0.0041505503
   0.0046669102    0.0337308395   -0.0320925803
   0.0032460402   -0.0009840105    0.0031596697
  -0.0026481098    0.0022909795   -0.0026304703
  -0.0051235998    0.0102193195    0.0143334397
  -0.0323998598    0.0344088595    0.0052407097
   0.0074750502    0.0077584595    0.0078904297
   0.0002747602    0.0006197195    0.0008479097
   0.0032712402   -0.0022650205   -0.0023462503
  -0.0390641698    0.0182449695    0.0178596297
   0.0018253402    0.0063081195   -0.0016880103
  -0.0043075098   -0.0028498805   -0.0213476203
   0.0009107702   -0.0055926605    0.0054383597
  -0.0047065398   -0.0043070805   -0.0022874803
   0.0001992202   -0.0033163505   -0.0033598403
  -0.0027421098   -0.0001824505   -0.0001599503
  -0.0011302598    0.0031161895    0.0032405997
   0.0022794702   -0.0026353605   -0.0027140003
   0.0093142602    0.0102914095   -0.0042220703
   0.0337471602    0.0046506095   -0.0320344103
   0.0092041902   -0.0041079005    0.0104015597
   0.0337634102   -0.0320137405    0.0046684397
   0.0079366902    0.0073243995    0.0078992997
   0.0003136002   -0.0003515605    0.0002888597
   0.0054681202    0.0009115895   -0.0057504103
  -0.0032057498   -0.0040067305   -0.0042873203
  -0.0021648398    0.0033982195   -0.0021183703
   0.0185008202   -0.0392996905    0.0182743497
  -0.0056749798    0.0009855695    0.0054555397
  -0.0036676898   -0.0043780505   -0.0028469203
   0.0088437502    0.0069060995    0.0114058097
   0.0009299102   -0.0000687205    0.0002443197
   0.0054335402   -0.0057033205    0.0009222497
  -0.0028406798   -0.0036675005   -0.0044175403
  -0.0055847798    0.0055885995    0.0010023297
  -0.0036778798   -0.0028571605   -0.0043273803
  -0.0023039298   -0.0022392305    0.0032211597
   0.0184711502    0.0184510095   -0.0392828603
  -0.0003331798   -0.0004374205   -0.0004247403
  -0.0016690298   -0.0013822505   -0.0004764503
  -0.0003384398    0.0006623095    0.0054948797
   0.0027154502    0.0036868895    0.0027248497
   0.0015880902    0.0005368995    0.0014489897
   0.0033478202    0.0023729495    0.0033726897
   0.0014705302    0.0016340695    0.0005719397
   0.0033332302    0.0033745495    0.0023767397

29   
  0.0000000000000000   0.0000000000000000  -0.0200000000000000
  -0.0756167802   -0.0753193698   -0.0755683302
  -0.0439528602    0.0736459402    0.0736577198
  -0.0169650502   -0.0290318498   -0.0289828502
   0.0735188898   -0.0440436798    0.0735920798
  -0.0290429002   -0.0169882698   -0.0290767302
   0.0735933198    0.0735495802   -0.0439217302
  -0.0293417202   -0.0283820998   -0.0175282902
  -0.0032891802   -0.0032404398    0.0002181398
  -0.0001422902   -0.0001809798   -0.0027170702
   0.0103701298   -0.0041019798    0.0091688498
   0.0049998598   -0.0317226498    0.0343671498
  -0.0042020902    0.0102264302    0.0093811098
  -0.0320481802    0.0046517702    0.0337290798
   0.0032923798    0.0031234602   -0.0010838802
  -0.0029916902   -0.0032971398    0.0017247198
  -0.0033183902    0.0002014702   -0.0031686102
   0.0004540498   -0.0030606398   -0.0007290702
   0.0103545798    0.0093758802   -0.0042382902
   0.0046420898    0.0337701902   -0.0319892302
   0.0031440398   -0.0010972798    0.0032327998
  -0.0026483802    0.0022954202   -0.0026658502
  -0.0033601702    0.0084474902    0.0062945898
  -0.0316834602    0.0331027202    0.0040768098
   0.0073099098    0.0079317102    0.0077983598
  -0.0009548602   -0.0000640898   -0.0002973602
   0.0033562398   -0.0022429198   -0.0021600402
  -0.0395329602    0.0187205102    0.0191104598
   0.0000049098    0.0045746302   -0.0097181802
  -0.0043959302   -0.0028067298    0.0139846498
   0.0010093298   -0.0057173298    0.0055350398
  -0.0039973602   -0.0030414298   -0.0034297502
   0.0001815098   -0.0032167198   -0.0031719202
  -0.0026795202   -0.0001536398   -0.0001746102
  -0.0009484302    0.0032721802    0.0031540998
   0.0023082198   -0.0026624598   -0.0025832602
   0.0092613398    0.0102395702   -0.0041690502
   0.0337556598    0.0046599502   -0.0320477502
   0.0093718798   -0.0042837698    0.0101337798
   0.0337389298   -0.0320697698    0.0046439498
   0.0077536698    0.0074647602    0.0077895598
   0.0002451898   -0.0003178098    0.0002696698
   0.0055061398    0.0010099302   -0.0055590502
  -0.0025100102   -0.0046932998   -0.0030763302
  -0.0023433302    0.0032281202   -0.0023911502
   0.0184738398   -0.0393072598    0.0187012498
  -0.0056337802    0.0009343502    0.0055177798
  -0.0036923602   -0.0043291698   -0.0028627402
   0.0069402798    0.0086914402    0.0034783398
  -0.0003604902    0.0006248602   -0.0009058602
   0.0055411898   -0.0056074498    0.0009997898
  -0.0028679702   -0.0036925198   -0.0042887202
  -0.0057222802    0.0053835502    0.0009204598
  -0.0036819102   -0.0028536098   -0.0043790402
  -0.0022042902   -0.0022683598    0.0034060398
   0.0185029198    0.0185231302   -0.0393231602
  -0.0004402402   -0.0003381698   -0.0003498602
  -0.0003964302   -0.0006933298   -0.0016080702
   0.0014868998    0.0025128902   -0.0025083202
   0.0020271198    0.0030028102    0.0039765198
   0.0014946098    0.0005177702    0.0016339698
   0.0033481298    0.0023749502    0.0033238698
   0.0016147798    0.0014473202    0.0004816498
   0.0033632598    0.0033214302    0.0023718698

56   
  0.0200000000000000   0.0000000000000000   0.0000000000000000
  -0.0754747797   -0.0754837794   -0.0754837794
  -0.0440334697    0.0736444206    0.0736444206
  -0.0170347297   -0.0290919494   -0.0290919494
   0.0736386903   -0.0439826894    0.0736080106
  -0.0291443497   -0.0170386894   -0.0290310694
   0.0736386903    0.0736080106   -0.0439826894
  -0.0291443497   -0.0290310694   -0.0170386894
  -0.0032368897   -0.0032690494    0.0001893206
  -0.0001241597   -0.0000965594   -0.0026180494
   0.0102000203   -0.0042130594    0.0092995106
   0.0047000203   -0.0321372694    0.0336949906
  -0.0041931597    0.0102789306    0.0093147606
  -0.0319352197    0.0045751506    0.0338454206
   0.0037703103    0.0038319706   -0.0013773294
   0.0013066103   -0.0017705794    0.0014163006
  -0.0032368897    0.0001893206   -0.0032690494
  -0.0001241597   -0.0026180494   -0.0000965594
   0.0102000203    0.0092995106   -0.0042130594
   0.0047000203    0.0336949906   -0.0321372694
   0.0037703103   -0.0013773294    0.0038319706
   0.0013066103    0.0014163006   -0.0017705794
  -0.0041931597    0.0093147606    0.0102789306
  -0.0319352197    0.0338454206    0.0045751506
   0.0074181603    0.0078397606    0.0078397606
  -0.0003671797    0.0003217406    0.0003217406
   0.0032458103   -0.0022697994   -0.0022697994
  -0.0393325497    0.0184629106    0.0184629106
   0.0015279203    0.0058233906   -0.0062894194
  -0.0044448697   -0.0028656394   -0.0036258294
   0.0015279203   -0.0062894194    0.0058233906
  -0.0044448697   -0.0036258294   -0.0028656394
  -0.0000118197   -0.0032651994   -0.0032651994
  -0.0025809997   -0.0000805894   -0.0000805894
  -0.0016637497    0.0035481006    0.0035481006
   0.0063463003   -0.0036120394   -0.0036120394
   0.0092944103    0.0102556706   -0.0041672294
   0.0337942003    0.0045875706   -0.0319508394
   0.0092944103   -0.0041672294    0.0102556706
   0.0337942003   -0.0319508394    0.0045875706
   0.0078735803    0.0073912506    0.0078450506
   0.0001865103   -0.0002833794    0.0002882906
   0.0048695003    0.0006333806   -0.0053260394
  -0.0029495097   -0.0043630194   -0.0037298294
  -0.0022515097    0.0033256406   -0.0022776294
   0.0184600503   -0.0393300794    0.0185154506
  -0.0050751497    0.0003216706    0.0051377806
  -0.0037175997   -0.0043046394   -0.0029054794
   0.0078735803    0.0078450506    0.0073912506
   0.0001865103    0.0002882906   -0.0002833794
   0.0048695003   -0.0053260394    0.0006333806
  -0.0029495097   -0.0037298294   -0.0043630194
  -0.0050751497    0.0051377806    0.0003216706
  -0.0037175997   -0.0029054794   -0.0043046394
  -0.0022515097   -0.0022776294    0.0033256406
   0.0184600503    0.0185154506   -0.0393300794
  -0.0180605897   -0.0003658194   -0.0003658194
   0.0030268903   -0.0000821594   -0.0000821594
  -0.0000976897    0.0011864806    0.0011864806
   0.0025033403    0.0032508506    0.0032508506
   0.0021121303    0.0008736606    0.0021862906
   0.0033969903    0.0022850206    0.0034259806
   0.0021121303    0.0021862906    0.0008736606
   0.0033969903    0.0034259806    0.0022850206

56   
 -0.0200000000000000   0.0000000000000000   0.0000000000000000
  -0.0754933900   -0.0754815100   -0.0754815100
  -0.0439028000    0.0736157900    0.0736157900
  -0.0169498500   -0.0289913900   -0.0289913900
   0.0736219600   -0.0439506100    0.0736529600
  -0.0289340700   -0.0169428500   -0.0290500900
   0.0736219600    0.0736529600   -0.0439506100
  -0.0289340700   -0.0290500900   -0.0169428500
  -0.0032950500   -0.0032613500    0.0001880400
  -0.0002129000   -0.0002411100   -0.0028058800
   0.0103314700   -0.0041786600    0.0092747600
   0.0046056000   -0.0319449600    0.0338087700
  -0.0041971900    0.0102521000    0.0092588300
  -0.0321479100    0.0047325400    0.0336550600
   0.0026142700    0.0025479000   -0.0007021300
  -0.0066994500   -0.0036191400    0.0032628000
  -0.0032950500    0.0001880400   -0.0032613500
  -0.0002129000   -0.0028058800   -0.0002411100
   0.0103314700    0.0092747600   -0.0041786600
   0.0046056000    0.0338087700   -0.0319449600
   0.0026142700   -0.0007021300    0.0025479000
  -0.0066994500    0.0032628000   -0.0036191400
  -0.0041971900    0.0092588300    0.0102521000
  -0.0321479100    0.0336550600    0.0047325400
   0.0073694300    0.0078503400    0.0078503400
  -0.0003016000    0.0002361400    0.0002361400
   0.0033799300   -0.0022385000   -0.0022385000
  -0.0392729100    0.0185114000    0.0185114000
   0.0003870100    0.0051468100   -0.0050112600
  -0.0042602600   -0.0028445100   -0.0037344500
   0.0003870100   -0.0050112600    0.0051468100
  -0.0042602600   -0.0037344500   -0.0028445100
   0.0003913800   -0.0032667200   -0.0032667200
  -0.0028385500   -0.0002548800   -0.0002548800
  -0.0004201200    0.0028499500    0.0028499500
  -0.0016626900   -0.0017779800   -0.0017779800
   0.0092811400    0.0102763100   -0.0042242600
   0.0337099200    0.0047219600   -0.0321329300
   0.0092811400   -0.0042242600    0.0102763100
   0.0337099200   -0.0321329300    0.0047219600
   0.0078173200    0.0073964800    0.0078447400
   0.0003710800   -0.0003854000    0.0002692500
   0.0061080800    0.0012943400   -0.0059918900
  -0.0027612300   -0.0043439900   -0.0036307500
  -0.0022566000    0.0033014300   -0.0022303000
   0.0185148900   -0.0392775300    0.0184591500
  -0.0062277100    0.0015889900    0.0058314500
  -0.0036427700   -0.0044031800   -0.0028049100
   0.0078173200    0.0078447400    0.0073964800
   0.0003710800    0.0002692500   -0.0003854000
   0.0061080800   -0.0059918900    0.0012943400
  -0.0027612300   -0.0036307500   -0.0043439900
  -0.0062277100    0.0058314500    0.0015889900
  -0.0036427700   -0.0028049100   -0.0044031800
  -0.0022566000   -0.0022303000    0.0033014300
   0.0185148900    0.0184591500   -0.0392775300
   0.0172977400   -0.0003620800   -0.0003620800
  -0.0050063700   -0.0019025200   -0.0019025200
   0.0011498600    0.0018891500    0.0018891500
   0.0022478200    0.0034452800    0.0034452800
   0.0009777400    0.0001841200    0.0009067300
   0.0033007200    0.0024619700    0.0032721800
   0.0009777400    0.0009067300    0.0001841200
   0.0033007200    0.0032721800    0.0024619700

57   
  0.0200000000000000   0.0000000000000000   0.0000000000000000
  -0.0755171503   -0.0754648495   -0.0754648495
  -0.0439999203    0.0736115705    0.0736115705
  -0.0170579803   -0.0290656395   -0.0290656395
   0.0736056297   -0.0439843595    0.0736508905
  -0.0290297303   -0.0169755295   -0.0290613495
   0.0736056297    0.0736508905   -0.0439843595
  -0.0290297303   -0.0290613495   -0.0169755295
  -0.0032191803   -0.0031837895    0.0002889505
  -0.0001467003   -0.0001670195   -0.0027142895
   0.0103116497   -0.0042795595    0.0091959305
   0.0045906297   -0.0320178795    0.0337262705
  -0.0041458903    0.0101867705    0.0093800405
  -0.0320325803    0.0046339305    0.0337780005
   0.0032446997    0.0032783705   -0.0011339895
  -0.0020824103   -0.0020165395    0.0026383905
  -0.0032191803    0.0002889505   -0.0031837895
  -0.0001467003   -0.0027142895   -0.0001670195
   0.0103116497    0.0091959305   -0.0042795595
   0.0045906297    0.0337262705   -0.0320178795
   0.0032446997   -0.0011339895    0.0032783705
  -0.0020824103    0.0026383905   -0.0020165395
  -0.0041458903    0.0093800405    0.0101867705
  -0.0320325803    0.0337780005    0.0046339305
   0.0073533297    0.0078989505    0.0078989505
  -0.0003112903    0.0002798805    0.0002798805
   0.0032701697   -0.0023087395   -0.0023087395
  -0.0393661503    0.0185054305    0.0185054305
   0.0009171397    0.0054275405   -0.0055954295
  -0.0037893503   -0.0032004295   -0.0043102595
   0.0009171397   -0.0055954295    0.0054275405
  -0.0037893503   -0.0043102595   -0.0032004295
   0.0003144997   -0.0031808195   -0.0031808195
  -0.0029086803   -0.0001664995   -0.0001664995
  -0.0009171903    0.0031068605    0.0031068605
   0.0016704897   -0.0029895495   -0.0029895495
   0.0094075797    0.0101788905   -0.0041015995
   0.0337593697    0.0046746805   -0.0320140695
   0.0094075797   -0.0041015995    0.0101788905
   0.0337593697   -0.0320140695    0.0046746805
   0.0077523297    0.0074491105    0.0078566605
   0.0003025097   -0.0003339895    0.0002806605
   0.0053921797    0.0009093205   -0.0056701995
  -0.0034695103   -0.0040105495   -0.0040258195
  -0.0023474303    0.0032612005   -0.0022384795
   0.0184989697   -0.0393248295    0.0184547605
  -0.0057465503    0.0010148305    0.0054756205
  -0.0031107103   -0.0049917895   -0.0025068395
   0.0077523297    0.0078566605    0.0074491105
   0.0003025097    0.0002806605   -0.0003339895
   0.0053921797   -0.0056701995    0.0009093205
  -0.0034695103   -0.0040258195   -0.0040105495
  -0.0057465503    0.0054756205    0.0010148305
  -0.0031107103   -0.0025068395   -0.0049917895
  -0.0023474303   -0.0022384795    0.0032612005
   0.0184989697    0.0184547605   -0.0393248295
   0.0035813097    0.0004765105    0.0004765105
  -0.0187127003   -0.0010325795   -0.0010325795
   0.0044802597    0.0006685105    0.0006685105
   0.0017527797    0.0036935705    0.0036935705
   0.0055966797   -0.0004366695    0.0025085105
   0.0039247897    0.0020177005    0.0039956205
   0.0055966797    0.0025085105   -0.0004366695
   0.0039247897    0.0039956205    0.0020177005

57   
 -0.0200000000000000   0.0000000000000000   0.0000000000000000
  -0.0754500187   -0.0754997006   -0.0754997006
  -0.0439356587    0.0736497494    0.0736497494
  -0.0169272287   -0.0290162706   -0.0290162706
   0.0736546813   -0.0439496506    0.0736111494
  -0.0290495387   -0.0170055806   -0.0290185806
   0.0736546813    0.0736111494   -0.0439496506
  -0.0290495387   -0.0290185806   -0.0170055806
  -0.0033111687   -0.0033446206    0.0000893694
  -0.0001885487   -0.0001682506   -0.0027085106
   0.0102208113   -0.0041134506    0.0093782394
   0.0047161713   -0.0320631306    0.0337749394
  -0.0042466987    0.0103462694    0.0091936294
  -0.0320479287    0.0046738494    0.0337223694
   0.0031450213    0.0031115194   -0.0009462706
  -0.0032212487   -0.0032908406    0.0019461194
  -0.0033111687    0.0000893694   -0.0033446206
  -0.0001885487   -0.0027085106   -0.0001682506
   0.0102208113    0.0093782394   -0.0041134506
   0.0047161713    0.0337749394   -0.0320631306
   0.0031450213   -0.0009462706    0.0031115194
  -0.0032212487    0.0019461194   -0.0032908406
  -0.0042466987    0.0091936294    0.0103462694
  -0.0320479287    0.0337223694    0.0046738494
   0.0074340013    0.0077911994    0.0077911994
  -0.0003575887    0.0002783694    0.0002783694
   0.0033565513   -0.0021984506   -0.0021984506
  -0.0392388787    0.0184688894    0.0184688894
   0.0010042313    0.0055451494   -0.0057141606
  -0.0049247187   -0.0025069006   -0.0030382206
   0.0010042313   -0.0057141606    0.0055451494
  -0.0049247187   -0.0030382206   -0.0025069006
   0.0000633113   -0.0033509706   -0.0033509706
  -0.0025127987   -0.0001688406   -0.0001688406
  -0.0011635787    0.0032852294    0.0032852294
   0.0029215213   -0.0023011306   -0.0023011306
   0.0091707613    0.0103528194   -0.0042896906
   0.0337430313    0.0046367194   -0.0320688806
   0.0091707613   -0.0042896906    0.0103528194
   0.0337430313   -0.0320688806    0.0046367194
   0.0079399713    0.0073386494    0.0078341194
   0.0002568613   -0.0003350006    0.0002778094
   0.0055827213    0.0010126694   -0.0056404406
  -0.0022435287   -0.0046892406   -0.0033405206
  -0.0021613187    0.0033657894   -0.0022686806
   0.0184757413   -0.0392820206    0.0185202594
  -0.0055636387    0.0009066694    0.0054969294
  -0.0042418987   -0.0037257306   -0.0032009806
   0.0079399713    0.0078341194    0.0073386494
   0.0002568613    0.0002778094   -0.0003350006
   0.0055827213   -0.0056404406    0.0010126694
  -0.0022435287   -0.0033405206   -0.0046892406
  -0.0055636387    0.0054969294    0.0009066694
  -0.0042418987   -0.0032009806   -0.0037257306
  -0.0021613187   -0.0022686806    0.0033657894
   0.0184757413    0.0185202594   -0.0392820206
  -0.0044520487   -0.0013435606   -0.0013435606
   0.0166400913   -0.0010300306   -0.0010300306
  -0.0035210887    0.0025070394    0.0025070394
   0.0030002913    0.0029967994    0.0029967994
  -0.0024169287    0.0013995094    0.0006663794
   0.0027787213    0.0027283394    0.0027117694
  -0.0024169287    0.0006663794    0.0013995094
   0.0027787213    0.0027117694    0.0027283394

58   
  0.0000000000000000   0.0200000000000000   0.0000000000000000
  -0.0755002802   -0.0754839792   -0.0754738205
  -0.0439761702    0.0736281808    0.0736346795
  -0.0169659602   -0.0290716392   -0.0290208905
   0.0736586098   -0.0439500892    0.0736227095
  -0.0289457702   -0.0169462392   -0.0291063705
   0.0736119398    0.0735608908   -0.0439562805
  -0.0291356202   -0.0290064892   -0.0170583705
  -0.0032804402   -0.0032610992    0.0002182895
  -0.0002405302   -0.0001223992   -0.0026210905
   0.0102723998   -0.0041630692    0.0092857595
   0.0047241498   -0.0320106992    0.0338544895
  -0.0048368902    0.0108429108    0.0089509595
  -0.0319896302    0.0046131708    0.0337018895
   0.0032104498    0.0031301908   -0.0010256705
  -0.0026965902   -0.0026867792    0.0022442395
  -0.0032537602    0.0001968508   -0.0032360505
  -0.0002557902   -0.0025882692   -0.0000811305
   0.0102662898    0.0090847708   -0.0041952405
   0.0047354798    0.0338709208   -0.0319528005
   0.0031685498   -0.0010324492    0.0031849095
  -0.0026398702    0.0022011908   -0.0026986005
  -0.0045552202    0.0086848908    0.0106090295
  -0.0320466002    0.0336494908    0.0046033295
   0.0073738098    0.0078503808    0.0078177395
  -0.0003782302    0.0001874208    0.0002920695
   0.0033135498   -0.0022215592   -0.0022523605
  -0.0392434702    0.0183768808    0.0184968895
   0.0016007698    0.0060740208   -0.0060077305
  -0.0034709502    0.0011061008   -0.0045584905
   0.0012978098   -0.0062837692    0.0058288095
  -0.0053155102    0.0003703108   -0.0038173505
   0.0005245298   -0.0026902692   -0.0026250205
  -0.0027971602   -0.0001213092   -0.0000934505
  -0.0010405202    0.0032252008    0.0031946795
   0.0023856398   -0.0026030192   -0.0025745505
   0.0092589398    0.0102677008   -0.0041825505
   0.0337758998    0.0046290608   -0.0320646005
   0.0092715398   -0.0042640992    0.0102489095
   0.0337294898   -0.0320732592    0.0046345695
   0.0075026198    0.0079647308    0.0072028595
   0.0002323498   -0.0003724392    0.0003284895
   0.0054922798    0.0009847808   -0.0056587205
  -0.0028062802   -0.0043879592   -0.0036324705
  -0.0016073302    0.0038947808   -0.0019053405
   0.0185488698   -0.0392484292    0.0183907695
  -0.0056430302    0.0008982508    0.0054698595
  -0.0037513802   -0.0043127492   -0.0029451705
   0.0081848498    0.0084154108    0.0067651095
   0.0002682798    0.0001870608   -0.0002824205
   0.0054866498   -0.0056264992    0.0009587895
  -0.0028469202   -0.0037722692   -0.0043004505
  -0.0056252402    0.0054890408    0.0009773795
  -0.0035879002   -0.0027350592   -0.0044453805
  -0.0026151502   -0.0028899592    0.0029531295
   0.0184159398    0.0186364908   -0.0393977405
  -0.0007393502    0.0001763708    0.0002471995
  -0.0019112602    0.0029201808   -0.0001631005
   0.0005573298   -0.0161441392    0.0015313495
   0.0033429498    0.0074003908    0.0043107495
   0.0009081698    0.0010918208    0.0018878095
   0.0033988398    0.0022822508    0.0033400095
   0.0018832298    0.0009256308    0.0001835995
   0.0032965998    0.0032522608    0.0023621595

58   
  0.0000000000000000  -0.0200000000000000   0.0000000000000000
  -0.0754674900   -0.0754797503   -0.0754902697
  -0.0439601700    0.0736322497    0.0736278403
  -0.0170207100   -0.0290100803   -0.0290608597
   0.0736013300   -0.0439829103    0.0736404603
  -0.0291351500   -0.0170351203   -0.0289762097
   0.0736476100    0.0737002897   -0.0439774297
  -0.0289434000   -0.0290752403   -0.0169188297
  -0.0032521600   -0.0032688403    0.0001600303
  -0.0000972400   -0.0002111003   -0.0028009497
   0.0102569400   -0.0042280103    0.0092885603
   0.0045798100   -0.0320716103    0.0336469503
  -0.0035645300    0.0096961097    0.0096215903
  -0.0320915400    0.0046936797    0.0337995003
   0.0031810300    0.0032610197   -0.0010548297
  -0.0026002600   -0.0026096603    0.0023423003
  -0.0032791300    0.0001817997   -0.0032933697
  -0.0000797900   -0.0028371703   -0.0002533097
   0.0102644000    0.0094903597   -0.0041953197
   0.0045733700    0.0336342697   -0.0321279697
   0.0032226500   -0.0010468003    0.0032074703
  -0.0026574500    0.0023872697   -0.0025972197
  -0.0038288500    0.0098941397    0.0099170903
  -0.0320349600    0.0338516797    0.0047059703
   0.0074133300    0.0078404897    0.0078735903
  -0.0002901500    0.0003726097    0.0002663303
   0.0033122700   -0.0022857903   -0.0022550797
  -0.0393618800    0.0185973597    0.0184777103
   0.0003103400    0.0048926197   -0.0052995097
  -0.0053280400   -0.0069115203   -0.0027079097
   0.0006297200   -0.0050297903    0.0051512803
  -0.0034834500   -0.0076324703   -0.0019848397
  -0.0001423300   -0.0038337703   -0.0038948597
  -0.0026252300   -0.0002118503   -0.0002387897
  -0.0010381800    0.0031661797    0.0031984303
   0.0022013100   -0.0026962403   -0.0027241997
   0.0093161300    0.0102650797   -0.0042083397
   0.0337261600    0.0046828197   -0.0320177597
   0.0093034200   -0.0041276003    0.0102842403
   0.0337725600   -0.0320102603    0.0046782703
   0.0081856700    0.0068310497    0.0084778903
   0.0003268200   -0.0002962803    0.0002296203
   0.0054813300    0.0009370297   -0.0056516897
  -0.0029026000   -0.0043180303   -0.0037262497
  -0.0028902900    0.0027402597   -0.0025990897
   0.0184276900   -0.0393562703    0.0185845603
  -0.0056666900    0.0010232797    0.0055031603
  -0.0036072800   -0.0043957903   -0.0027640597
   0.0075038800    0.0072688197    0.0080336703
   0.0002906900    0.0003728297   -0.0003864097
   0.0054869200   -0.0056834403    0.0009636303
  -0.0028625300   -0.0035877403   -0.0044051797
  -0.0056843800    0.0054834397    0.0009443503
  -0.0037728000   -0.0029773003   -0.0042606197
  -0.0019000400   -0.0016206603    0.0036683203
   0.0185577900    0.0183415597   -0.0392085797
  -0.0000325500   -0.0009580503   -0.0010321397
  -0.0000727600   -0.0050936703   -0.0020056997
   0.0005305400    0.0192222697    0.0015306403
   0.0014987900   -0.0006066903    0.0024791403
   0.0021851200   -0.0000440203    0.0011923503
   0.0032958800    0.0024678997    0.0033568503
   0.0011922100    0.0021611897    0.0008792203
   0.0033983000    0.0034438797    0.0023865503

58   
  0.0200000000000000   0.0000000000000000   0.0000000000000000
  -0.0755507892   -0.0754949602   -0.0754949602
  -0.0439596592    0.0736269698    0.0736269698
  -0.0170185792   -0.0290160902   -0.0290160902
   0.0736273908   -0.0439491302    0.0736435998
  -0.0289337992   -0.0169050902   -0.0291337602
   0.0736273908    0.0736435998   -0.0439491302
  -0.0289337992   -0.0291337602   -0.0169050902
  -0.0033306592   -0.0032496502    0.0001739598
  -0.0001227192   -0.0002365902   -0.0028007402
   0.0102997608   -0.0041918502    0.0092870998
   0.0046998808   -0.0319893502    0.0338576598
  -0.0036228392    0.0096388098    0.0096196798
  -0.0321393092    0.0047060198    0.0337419598
   0.0031971108    0.0031786698   -0.0010678402
  -0.0027401292   -0.0026980202    0.0023056598
  -0.0033306592    0.0001739598   -0.0032496502
  -0.0001227192   -0.0028007402   -0.0002365902
   0.0102997608    0.0092870998   -0.0041918502
   0.0046998808    0.0338576598   -0.0319893502
   0.0031971108   -0.0010678402    0.0031786698
  -0.0027401292    0.0023056598   -0.0026980202
  -0.0036228392    0.0096196798    0.0096388098
  -0.0321393092    0.0337419598    0.0047060198
   0.0073282108    0.0078584298    0.0078584298
  -0.0003745792    0.0002328898    0.0002328898
   0.0033388108   -0.0022532602   -0.0022532602
  -0.0393162492    0.0185217098    0.0185217098
   0.0015395808    0.0061343398   -0.0060018902
  -0.0004085792   -0.0019791102   -0.0045457002
   0.0015395808   -0.0060018902    0.0061343398
  -0.0004085792   -0.0045457002   -0.0019791102
  -0.0004470292   -0.0036106102   -0.0036106102
  -0.0025767892   -0.0002558802   -0.0002558802
  -0.0012382492    0.0031935098    0.0031935098
   0.0024230808   -0.0025568502   -0.0025568502
   0.0092929108    0.0102423098   -0.0041836102
   0.0337210308    0.0046795198   -0.0320638302
   0.0092929108   -0.0041836102    0.0102423098
   0.0337210308   -0.0320638302    0.0046795198
   0.0072249708    0.0077155098    0.0075089498
   0.0001831908   -0.0003865402    0.0002716398
   0.0055151308    0.0009622098   -0.0056547602
  -0.0029493992   -0.0043036602   -0.0036698902
  -0.0016785592    0.0039643098   -0.0019061902
   0.0185323508   -0.0392292602    0.0183947398
  -0.0056508392    0.0009442198    0.0055156898
  -0.0036338292   -0.0044272002   -0.0027630102
   0.0072249708    0.0075089498    0.0077155098
   0.0001831908    0.0002716398   -0.0003865402
   0.0055151308   -0.0056547602    0.0009622098
  -0.0029493992   -0.0036698902   -0.0043036602
  -0.0056508392    0.0055156898    0.0009442198
  -0.0036338292   -0.0027630102   -0.0044272002
  -0.0016785592   -0.0019061902    0.0039643098
   0.0185323508    0.0183947398   -0.0392292602
  -0.0010127592   -0.0000409302   -0.0000409302
   0.0030108608   -0.0020023402   -0.0020023402
  -0.0171389692    0.0015440098    0.0015440098
   0.0064421308    0.0042980998    0.0042980998
   0.0021130908   -0.0001128302    0.0011902898
   0.0033095408    0.0024292198    0.0032987398
   0.0021130908    0.0011902898   -0.0001128302
   0.0033095408    0.0032987398    0.0024292198

58   
 -0.0200000000000000   0.0000000000000000   0.0000000000000000
  -0.0754171895   -0.0754692200   -0.0754692200
  -0.0439764495    0.0736348500    0.0736348500
  -0.0169658695   -0.0290646400   -0.0290646400
   0.0736333705   -0.0439847500    0.0736185200
  -0.0291484195   -0.0170766100   -0.0289457800
   0.0736333705    0.0736185200   -0.0439847500
  -0.0291484195   -0.0289457800   -0.0170766100
  -0.0032006895   -0.0032805800    0.0002050600
  -0.0002145295   -0.0000963700   -0.0026209500
   0.0102311305   -0.0041990400    0.0092879100
   0.0046064005   -0.0320935900    0.0336447100
  -0.0047754795    0.0109039700    0.0089527900
  -0.0319408795    0.0046026900    0.0337597700
   0.0031942805    0.0032134900   -0.0010113100
  -0.0025553195   -0.0025976000    0.0022818300
  -0.0032006895    0.0002050600   -0.0032805800
  -0.0002145295   -0.0026209500   -0.0000963700
   0.0102311305    0.0092879100   -0.0041990400
   0.0046064005    0.0336447100   -0.0320935900
   0.0031942805   -0.0010113100    0.0032134900
  -0.0025553195    0.0022818300   -0.0025976000
  -0.0047754795    0.0089527900    0.0109039700
  -0.0319408795    0.0337597700    0.0046026900
   0.0074586705    0.0078329200    0.0078329200
  -0.0002941895    0.0003256800    0.0003256800
   0.0032876605   -0.0022539700   -0.0022539700
  -0.0392894295    0.0184540700    0.0184540700
   0.0003745105    0.0048289900   -0.0053052900
  -0.0083948795   -0.0038226100   -0.0027207400
   0.0003745105   -0.0053052900    0.0048289900
  -0.0083948795   -0.0027207400   -0.0038226100
   0.0008222405   -0.0029268000   -0.0029268000
  -0.0028421495   -0.0000789500   -0.0000789500
  -0.0008410295    0.0031984900    0.0031984900
   0.0021673805   -0.0027393700   -0.0027393700
   0.0092827105    0.0102902000   -0.0042071400
   0.0337804305    0.0046318800   -0.0320180000
   0.0092827105   -0.0042071400    0.0102902000
   0.0337804305   -0.0320180000    0.0046318800
   0.0084703605    0.0070664400    0.0081891800
   0.0003746405   -0.0002826300    0.0002872400
   0.0054588105    0.0009597800   -0.0056552100
  -0.0027607695   -0.0044018000   -0.0036891200
  -0.0028217195    0.0026742900   -0.0025978700
   0.0184441405   -0.0393752300    0.0185804400
  -0.0056587295    0.0009771300    0.0054578800
  -0.0037242995   -0.0042808900   -0.0029458000
   0.0084703605    0.0081891800    0.0070664400
   0.0003746405    0.0002872400   -0.0002826300
   0.0054588105   -0.0056552100    0.0009597800
  -0.0027607695   -0.0036891200   -0.0044018000
  -0.0056587295    0.0054578800    0.0009771300
  -0.0037242995   -0.0029458000   -0.0042808900
  -0.0028217195   -0.0025978700    0.0026742900
   0.0184441405    0.0185804400   -0.0393752300
   0.0002346705   -0.0007264100   -0.0007264100
  -0.0049906895   -0.0001667300   -0.0001667300
   0.0182038505    0.0015175700    0.0015175700
  -0.0015962995    0.0024912100    0.0024912100
   0.0009774805    0.0011576800    0.0018901200
   0.0033868605    0.0023192600    0.0033989600
   0.0009774805    0.0018901200    0.0011576800
   0.0033868605    0.0033989600    0.0023192600

59   
  0.0000000000000000   0.0200000000000000   0.0000000000000000
  -0.0755810603   -0.0755123902   -0.0755360298
  -0.0439505703    0.0736055198    0.0736584402
  -0.0169852303   -0.0290365702   -0.0290388198
   0.0737175497   -0.0438540202    0.0735775902
  -0.0290059703   -0.0170005402   -0.0290321298
   0.0735716397    0.0736580398   -0.0440801598
  -0.0290208203   -0.0290990002   -0.0169969398
  -0.0033555603   -0.0031343002    0.0002767002
  -0.0001540603   -0.0001621602   -0.0026843698
   0.0103419897   -0.0041498002    0.0093753202
   0.0046398197   -0.0320079802    0.0337396302
  -0.0041478203    0.0101720098    0.0092813102
  -0.0326893203    0.0052351598    0.0340991902
   0.0031751797    0.0031676498   -0.0010672098
  -0.0026623403   -0.0027124202    0.0022756202
  -0.0033382103    0.0002345398   -0.0031684898
  -0.0001804203   -0.0027034302   -0.0001405998
   0.0103571397    0.0094126998   -0.0041001998
   0.0046755997    0.0335724098   -0.0320757498
   0.0032218897   -0.0010675602    0.0031734002
  -0.0026744903    0.0022982298   -0.0026346098
  -0.0042477603    0.0091937698    0.0102580102
  -0.0317101603    0.0331330298    0.0043338902
   0.0073661697    0.0078162198    0.0078682302
  -0.0003190503    0.0002836498    0.0002508102
   0.0033629197   -0.0023456702   -0.0022380298
  -0.0393073803    0.0185152498    0.0184824702
   0.0010327197    0.0055281898   -0.0057397498
  -0.0037215003   -0.0022862402   -0.0033366198
   0.0008808097   -0.0055300302    0.0054101202
  -0.0046972403   -0.0043029302   -0.0031984398
  -0.0007452503    0.0008089298   -0.0023205398
  -0.0030724103    0.0004072298    0.0004652702
  -0.0009431703    0.0032493698    0.0032885102
   0.0022900797   -0.0026240602   -0.0026507798
   0.0092978897    0.0101661898   -0.0042529298
   0.0337210897    0.0046626598   -0.0320567198
   0.0092300297   -0.0042360702    0.0102157902
   0.0337602797   -0.0321016702    0.0046699802
   0.0078359697    0.0073091498    0.0078952202
   0.0006177797    0.0002478698   -0.0003697098
   0.0055327397    0.0009244698   -0.0056023398
  -0.0028529303   -0.0043353002   -0.0036791498
  -0.0012835303    0.0073412798   -0.0032328398
   0.0191663997   -0.0387469102    0.0181584602
  -0.0057552703    0.0009967098    0.0054207102
  -0.0036950703   -0.0044170002   -0.0028413498
   0.0077822097    0.0077993598    0.0074485302
  -0.0000557103    0.0008469798   -0.0009627798
   0.0055017297   -0.0057349202    0.0010051702
  -0.0028546303   -0.0036550102   -0.0043539298
  -0.0055622103    0.0055261898    0.0008870602
  -0.0036534703   -0.0028488602   -0.0043704198
  -0.0030961703    0.0016961798    0.0024790102
   0.0187994997    0.0178359898   -0.0389421998
  -0.0004848703   -0.0003398602   -0.0003114498
  -0.0006895503   -0.0004692702   -0.0004018198
   0.0013855297    0.0054968898    0.0024113102
   0.0023937597   -0.0143262002    0.0033214002
   0.0015929697    0.0004893398    0.0014910702
   0.0027133997    0.0029355898    0.0029992002
   0.0015327497    0.0014461798    0.0004781702
   0.0029956797    0.0027272498    0.0027215102

59   
  0.0000000000000000  -0.0200000000000000   0.0000000000000000
  -0.0753875100   -0.0754524202   -0.0754267700
  -0.0439855600    0.0736548998    0.0736046600
  -0.0169997000   -0.0290435802   -0.0290413600
   0.0735423900   -0.0440770602    0.0736856200
  -0.0290751000   -0.0169844802   -0.0290482100
   0.0736873100    0.0736033798   -0.0438535100
  -0.0290584200   -0.0289806602   -0.0169810600
  -0.0031768000   -0.0033942602    0.0001028000
  -0.0001820200   -0.0001733502   -0.0027369800
   0.0101894500   -0.0042391102    0.0092003400
   0.0046653600   -0.0320724002    0.0337617000
  -0.0042434000    0.0103583098    0.0092932500
  -0.0314022200    0.0040791398    0.0334034100
   0.0032161400    0.0032240398   -0.0010122400
  -0.0026341000   -0.0025832302    0.0023120100
  -0.0031931100    0.0001433698   -0.0033611000
  -0.0001552200   -0.0027185902   -0.0001934700
   0.0101730400    0.0091604398   -0.0042901500
   0.0046336000    0.0339308298   -0.0320054700
   0.0031690100   -0.0010105102    0.0032202100
  -0.0026227700    0.0022895098   -0.0026610900
  -0.0041433200    0.0093823098    0.0102752600
  -0.0323667200    0.0343650698    0.0049727000
   0.0074204100    0.0078751598    0.0078238100
  -0.0003506300    0.0002756898    0.0003085600
   0.0032624800   -0.0021604302   -0.0022686000
  -0.0392986000    0.0184595198    0.0184927400
   0.0008865800    0.0054442598   -0.0055685300
  -0.0049966000   -0.0034297602   -0.0040239300
   0.0010395300   -0.0057818602    0.0055644200
  -0.0040037300   -0.0030513802   -0.0025035300
   0.0010327200   -0.0072432402   -0.0041167500
  -0.0023518500   -0.0007349102   -0.0007881100
  -0.0011357500    0.0031439098    0.0031069400
   0.0022967600   -0.0026730002   -0.0026450300
   0.0092766000    0.0103644198   -0.0041380900
   0.0337794600    0.0046478498   -0.0320243000
   0.0093453300   -0.0041551202    0.0103180300
   0.0337403500   -0.0319795302    0.0046416800
   0.0078544200    0.0074787998    0.0077966000
  -0.0000569600   -0.0009093402    0.0009186800
   0.0054404900    0.0009970398   -0.0057079900
  -0.0028564700   -0.0043707302   -0.0036794600
  -0.0031318900   -0.0006163702   -0.0013655900
   0.0178186200   -0.0398513902    0.0188142700
  -0.0055552100    0.0009260198    0.0055510300
  -0.0036657700   -0.0042895502   -0.0028671600
   0.0079081600    0.0078922298    0.0073416000
   0.0006164100   -0.0002950502    0.0003059300
   0.0054712900   -0.0055733602    0.0009161000
  -0.0028549200   -0.0037037102   -0.0043521300
  -0.0057482900    0.0054450498    0.0010374800
  -0.0037070900   -0.0028601602   -0.0043349500
  -0.0013203800   -0.0062992502    0.0042419200
   0.0181673900    0.0191441898   -0.0396705300
  -0.0002891200   -0.0004362802   -0.0004646200
  -0.0013905100   -0.0016155302   -0.0016854700
  -0.0004218400   -0.0025101902    0.0005801200
   0.0024014500    0.0210074998    0.0033174000
   0.0014900200    0.0005664798    0.0015919800
   0.0039933000    0.0018064098    0.0037012300
   0.0015498300    0.0016377598    0.0005789100
   0.0036936800    0.0039662098    0.0020347900

59   
  0.0200000000000000   0.0000000000000000   0.0000000000000000
  -0.0756184297   -0.0755163100   -0.0755163100
  -0.0440017797    0.0736445900    0.0736445900
  -0.0169865497   -0.0290445300   -0.0290445300
   0.0736819603   -0.0438746100    0.0735512400
  -0.0290265997   -0.0169551100   -0.0290473700
   0.0736819603    0.0735512400   -0.0438746100
  -0.0290265997   -0.0290473700   -0.0169551100
  -0.0032223597   -0.0033562700    0.0001149200
  -0.0002319997   -0.0001820900   -0.0026972600
   0.0103210803   -0.0041117600    0.0093749000
   0.0046664203   -0.0320418800    0.0337418700
  -0.0042289697    0.0103195800    0.0092421600
  -0.0314671397    0.0040284900    0.0333858500
   0.0031678403    0.0031708100   -0.0010132700
  -0.0026452197   -0.0026343100    0.0022692300
  -0.0032223597    0.0001149200   -0.0033562700
  -0.0002319997   -0.0026972600   -0.0001820900
   0.0103210803    0.0093749000   -0.0041117600
   0.0046664203    0.0337418700   -0.0320418800
   0.0031678403   -0.0010132700    0.0031708100
  -0.0026452197    0.0022692300   -0.0026343100
  -0.0042289697    0.0092421600    0.0103195800
  -0.0314671397    0.0333858500    0.0040284900
   0.0073631403    0.0078199200    0.0078199200
  -0.0003919897    0.0002647500    0.0002647500
   0.0032737903   -0.0021970200   -0.0021970200
  -0.0392572297    0.0184708600    0.0184708600
   0.0010016803    0.0055644500   -0.0057489300
  -0.0037868097   -0.0022194600   -0.0033337100
   0.0010016803   -0.0057489300    0.0055644500
  -0.0037868097   -0.0033337100   -0.0022194600
   0.0041130003   -0.0041034100   -0.0041034100
  -0.0033226697    0.0001769400    0.0001769400
  -0.0009203797    0.0032760900    0.0032760900
   0.0021049903   -0.0026477600   -0.0026477600
   0.0091964903    0.0102782600   -0.0042532500
   0.0337617203    0.0046342300   -0.0320582800
   0.0091964903   -0.0042532500    0.0102782600
   0.0337617203   -0.0320582800    0.0046342300
   0.0077509503    0.0073891500    0.0077929400
  -0.0003314297   -0.0006809900    0.0006222400
   0.0053989603    0.0010117400   -0.0056513500
  -0.0028322797   -0.0043530400   -0.0036798500
   0.0017959003    0.0042843200   -0.0032370800
   0.0190683803   -0.0386437700    0.0181644300
  -0.0055327597    0.0008718300    0.0055702800
  -0.0036776597   -0.0043397800   -0.0028258200
   0.0077509503    0.0077929400    0.0073891500
  -0.0003314297    0.0006222400   -0.0006809900
   0.0053989603   -0.0056513500    0.0010117400
  -0.0028322797   -0.0036798500   -0.0043530400
  -0.0055327597    0.0055702800    0.0008718300
  -0.0036776597   -0.0028258200   -0.0043397800
   0.0017959003   -0.0032370800    0.0042843200
   0.0190683803    0.0181644300   -0.0386437700
  -0.0002606097   -0.0004744400   -0.0004744400
  -0.0016598397   -0.0013876300   -0.0013876300
   0.0044987403    0.0024179300    0.0024179300
  -0.0153192397    0.0033161300    0.0033161300
   0.0014481103    0.0005842000    0.0015297300
   0.0039162603    0.0017304100    0.0036958700
   0.0014481103    0.0015297300    0.0005842000
   0.0039162603    0.0036958700    0.0017304100

59   
 -0.0200000000000000   0.0000000000000000   0.0000000000000000
  -0.0753513998   -0.0754469905   -0.0754469905
  -0.0439337898    0.0736171195    0.0736171195
  -0.0169982898   -0.0290360405   -0.0290360405
   0.0735773202   -0.0440583105    0.0737134895
  -0.0290529798   -0.0170258305   -0.0290321105
   0.0735773202    0.0737134895   -0.0440583105
  -0.0290529798   -0.0290321105   -0.0170258305
  -0.0033080498   -0.0031736205    0.0002624995
  -0.0001038598   -0.0001521505   -0.0027241105
   0.0102116502   -0.0042766105    0.0092017095
   0.0046418002   -0.0320387405    0.0337609995
  -0.0041614198    0.0102136595    0.0093327095
  -0.0326213498    0.0052924395    0.0341178895
   0.0032236602    0.0032218595   -0.0010660605
  -0.0026512998   -0.0026614005    0.0023190195
  -0.0033080498    0.0002624995   -0.0031736205
  -0.0001038598   -0.0027241105   -0.0001521505
   0.0102116502    0.0092017095   -0.0042766105
   0.0046418002    0.0337609995   -0.0320387405
   0.0032236602   -0.0010660605    0.0032218595
  -0.0026512998    0.0023190195   -0.0026614005
  -0.0041614198    0.0093327095    0.0102136595
  -0.0326213498    0.0341178895    0.0052924395
   0.0074242502    0.0078720795    0.0078720795
  -0.0002763898    0.0002948895    0.0002948895
   0.0033525102   -0.0023100705   -0.0023100705
  -0.0393479398    0.0185050095    0.0185050095
   0.0009179702    0.0054082395   -0.0055596805
  -0.0049272598   -0.0034998605   -0.0040267105
   0.0009179702   -0.0055596805    0.0054082395
  -0.0049272598   -0.0040267105   -0.0034998605
  -0.0038285198   -0.0023352205   -0.0023352205
  -0.0020950698   -0.0005178005   -0.0005178005
  -0.0011614698    0.0031167895    0.0031167895
   0.0024829502   -0.0026483505   -0.0026483505
   0.0093780402    0.0102554695   -0.0041375305
   0.0337403502    0.0046780695   -0.0320235605
   0.0093780402   -0.0041375305    0.0102554695
   0.0337403502   -0.0320235605    0.0046780695
   0.0079408402    0.0074006995    0.0078993795
   0.0008865602    0.0000063795   -0.0000563105
   0.0055753402    0.0009103695   -0.0056576405
  -0.0028771898   -0.0043524005   -0.0036781405
  -0.0062074198    0.0024365595   -0.0013626105
   0.0179138902   -0.0399511805    0.0188097195
  -0.0057745198    0.0010501795    0.0054033695
  -0.0036824198   -0.0043657205   -0.0028827605
   0.0079408402    0.0078993795    0.0074006995
   0.0008865602   -0.0000563105    0.0000063795
   0.0055753402   -0.0056576405    0.0009103695
  -0.0028771898   -0.0036781405   -0.0043524005
  -0.0057745198    0.0054033695    0.0010501795
  -0.0036824198   -0.0028827605   -0.0043657205
  -0.0062074198   -0.0013626105    0.0024365595
   0.0179138902    0.0188097195   -0.0399511805
  -0.0005161398   -0.0002990805   -0.0002990805
  -0.0004125698   -0.0006811805   -0.0006811805
  -0.0035396698    0.0005733295    0.0005733295
   0.0200808502    0.0033239495    0.0033239495
   0.0016336102    0.0004730295    0.0015538395
   0.0027870802    0.0030082295    0.0030048095
   0.0016336102    0.0015538395    0.0004730295
   0.0027870802    0.0030048095    0.0030082295
