  63   63
1 1
     0.761197162635424    -0.162932796548249    -0.155286753905266
    -0.162932796548249     0.760646307193247    -0.160464706506677
    -0.155286753905266    -0.160464706506677     0.761903382842026
1 2
     0.000005747952885     0.001790876070799     0.001278775856639
     0.001647641943815    -0.014136676933736    -0.021783639046359
     0.002213607205845    -0.022030055713026    -0.015146898904006
1 3
     0.005987861048123    -0.001714784643487    -0.001458180492567
    -0.001214645754598     0.000533817113883    -0.001999881109851
    -0.001303988032250    -0.001866990236835     0.000709724111867
1 4
    -0.014406827443941     0.001385401864450    -0.022321995968758
     0.001286399880323     0.000570332986898     0.001037787540942
    -0.022413676524313     0.001604575239355    -0.014839765967498
1 5
     0.000735057476694    -0.000933869960947    -0.002246392794155
    -0.001261290595868     0.006194334971025    -0.001232305713026
    -0.002180922556059    -0.000977168808264     0.000892156651549
1 6
    -0.014790781809020    -0.021611127897455     0.002428065539179
    -0.021468919564122    -0.014377353521038     0.002095194286974
     0.001601950459814     0.001883847064752    -0.000301299697657
1 7
     0.000681646762409    -0.001708052500630    -0.001325791603679
    -0.001773963214916     0.000620086955152    -0.001220537855883
    -0.001565591206853    -0.001686827538423     0.006078069349962
1 8
     0.000303896762409    -0.000282350119677    -0.000774759857647
    -0.000342971151424     0.000160850844041    -0.000635436665407
     0.000047837364575     0.000198531588561    -0.001940210411943
1 9
     0.001388722159234     0.002074941546989    -0.002985277714790
     0.002086501070799     0.001446983780549    -0.003043037855883
    -0.004515918587805    -0.004465085474931     0.005465114984883
1 10
     0.030890827317964    -0.011444026706979     0.014705506015369
     0.019111782816830    -0.025608234473419     0.031714269683799
    -0.024486493984631     0.034566753810784    -0.032367833427816
1 11
     0.001470178508440     0.001080580435878    -0.001200013825901
     0.002645967340640     0.003363664336105    -0.003372607300328
    -0.003106160651298    -0.001548236268582     0.000101372921391
1 12
    -0.025259230221718     0.019124306626354     0.031338492126480
    -0.011180215199043     0.031019394494835     0.014513803413958
     0.034138146888385    -0.024647371189216    -0.031857035808768
1 13
     0.003501462238599     0.002702350277148    -0.003596551524313
     0.001167054642227     0.001198452034518    -0.001313168808264
    -0.001678537635425    -0.003090051744772     0.000196198318216
1 14
     0.000107422556059    -0.001513117976820     0.001010013951877
    -0.001516115992693     0.000341985764676     0.001009892699672
     0.000158571491560     0.000187499842530     0.001983964191232
1 15
     0.001086281683044    -0.000846899722852     0.000912988158226
    -0.000895929484757     0.001077273463089     0.000864168493323
     0.000882004031242     0.000862156588561     0.000975315381708
1 16
    -0.000402218316956    -0.000530070357773    -0.000433878905266
     0.000253524880322    -0.002250827727387     0.000191307382212
    -0.000385884857647    -0.000607184681280    -0.000331936602419
1 17
     0.001414234063996    -0.002997104087931     0.002003007999496
    -0.004442568373646     0.005199206002771    -0.004483240236835
     0.001986073475687    -0.002975067617788     0.001385359032502
1 18
     0.031056618984631     0.014725965356513    -0.011485021762409
    -0.024507727103804    -0.032019139235324     0.034325555398085
     0.019007632999496     0.031377962144117    -0.025697809618292
1 19
     0.001615795571932    -0.001529614008566     0.001208172682036
    -0.003265248929201     0.000218495685311    -0.001613214443185
     0.003146575459814    -0.003420803728899     0.003689446334089
1 20
    -0.000194496094734     0.000812788769211    -0.001581851127488
    -0.000044637818090     0.001379237748803    -0.000090061665407
    -0.001580499937012     0.000788180398085    -0.000280781840514
1 21
     0.000721920571932     0.000665213372386    -0.001044073349710
     0.000680318531116     0.000760938145629     0.000678916509196
    -0.001004861048123     0.000696972064752     0.000736870937264
1 22
    -0.025862478237591     0.031592225277148     0.018998710380448
     0.034554076467624    -0.032246176933736    -0.024448865236835
    -0.011603365016377     0.014781698255228     0.030956724111867
1 23
     0.003438462238599    -0.003253310437138     0.003048998078861
    -0.001542443373646     0.000151037351978    -0.002996797776518
     0.001080077443941    -0.001220321586042     0.001627232048375
1 24
    -0.001898206412195     0.000009991150164     0.000172037761401
     0.005008205435878    -0.005761532092467    -0.001380498173343
     0.005161932602671    -0.001248635078105    -0.005760051681784
1 25
     0.007055509857647    -0.000980961230789    -0.001017047556059
    -0.012272875913328    -0.006645022171832    -0.009411904919375
    -0.012260158667171    -0.009558541824137    -0.006074311602419
1 26
     0.010733257873520     0.012197999086672     0.012035944507433
     0.034350102261275    -0.040404329711514    -0.053587537855883
     0.034345087364575    -0.053512581506677    -0.040328904856387
1 27
    -0.172257101253464     0.103920135991434     0.103642484189972
     0.048766709404132    -0.218841008282943    -0.015358393014613
     0.048811970301083    -0.015840416824137    -0.219052928665911
1 28
     0.000494220175107     0.003016887975561    -0.001300472159234
    -0.001625913611741     0.004153029415470    -0.000575367220962
    -0.000912055492567    -0.000389912855883    -0.001939511999244
1 29
    -0.002537416729655     0.003878846308894    -0.007484581286218
     0.005449189562862    -0.003587954711514     0.008494849048879
    -0.005811251921139     0.005219460159990    -0.005740595332577
1 30
     0.000682113032250    -0.001389552500630     0.003104486174099
    -0.001140639802217    -0.001786516219451    -0.000494410871756
    -0.001683343190980    -0.000729825554296     0.004309960222978
1 31
    -0.002588619110607    -0.007509229087931     0.003835091332829
    -0.005670088214916    -0.005678815822625     0.005327253810784
     0.005426593316956     0.008499180398085    -0.003475196523054
1 32
    -0.002088625062988     0.000389618134291     0.000104311570925
    -0.000457818373646    -0.000155837648022    -0.000403337459058
    -0.000718321365583    -0.000324682697153     0.000062083238851
1 33
     0.005449646762409    -0.004424653691106    -0.004494400730663
    -0.003033614008566     0.001467525447216     0.002068249842530
    -0.002947376921139     0.002026505794911     0.001388241969010
1 34
     0.001710809460821     0.000092195515243    -0.000004861048123
     0.000913088372386     0.000157936161502    -0.001578835474931
     0.000882507999496    -0.001580718411439    -0.000091801681784
1 35
     0.000880355095742     0.000799554642227     0.000824904824893
     0.000796635991434     0.001002529415470    -0.000936442617788
     0.000864801650290    -0.000852775951121     0.001013622921391
1 36
    -0.031749029824893    -0.024638633849836     0.034071265936004
     0.014510572499370     0.031083860764676    -0.011207468411439
     0.031217490142353     0.019057396667926    -0.025301119142101
1 37
     0.000306821365583    -0.003092939405392    -0.001774765810028
    -0.001338758849836     0.001118364732930     0.001088265715545
    -0.003686726127488     0.002826186350466     0.003631942365835
1 38
    -0.032490057602671     0.034719965356513    -0.024408783667171
     0.031816209404132    -0.025809680901990     0.019027571271101
     0.014789775856639    -0.011603662855883     0.030873714191232
1 39
     0.000142293587806    -0.001543820357773    -0.003040374937012
    -0.003270235040312     0.003367573066264     0.002744382779038
    -0.001137767794155     0.001003640715545     0.001612160619803
1 40
    -0.005621029824893     0.005039387975561    -0.001218591206853
     0.000068499086672    -0.001554194790879     0.000119007779038
    -0.001167910651298     0.005072547461577    -0.005621146919879
1 41
    -0.006244386967750    -0.012201000913328    -0.009539146762409
    -0.000952957262535     0.007069934177375    -0.000976035871756
    -0.009619267794155    -0.012210315633661    -0.005990839380197
1 42
     0.003948218190980    -0.001750129881582    -0.000604928508440
     0.002979336388259     0.000468021478962    -0.001257353332074
    -0.000429781683044    -0.000835335474931    -0.002032684618292
1 43
    -0.003820031809020     0.005553683610481     0.008488440539179
     0.004041689562862    -0.002714883282943    -0.007420504125724
     0.005197095301083    -0.005765873173343    -0.005839686602419
1 44
    -0.040585335380448     0.034144483213656    -0.053745063429075
     0.012042487181910     0.010988164336105     0.011980468096498
    -0.053742591206853     0.034138672461577    -0.040576208427816
1 45
    -0.220317750062988     0.050630205435878    -0.017175063429075
     0.105202602261275    -0.174030670981355     0.105121388731418
    -0.017332529698917     0.050642108969514    -0.220383811602419
1 46
    -0.002023835380448    -0.000869548532376    -0.000420773746536
    -0.001234439405392     0.000522380605946     0.002999067302847
    -0.000581706286218    -0.001804962459058     0.003940982048375
1 47
    -0.005822091332829    -0.005716746945074     0.005240059586798
    -0.007423602103804    -0.002718659076594     0.004036091112371
     0.008494706412195     0.005552259763165    -0.003798696523054
1 48
    -0.005784589348702    -0.001275240992693     0.005158906809020
    -0.001350717183170    -0.005779950743260     0.005039751826657
     0.000140057602671     0.000021267699672    -0.002080027872260
1 49
    -0.006196698475687    -0.009609062421265    -0.012314462238599
    -0.009511881865709    -0.006565567806752    -0.012323750157470
    -0.001051503905266    -0.001030101347947     0.007099184429327
1 50
     0.004557200333837    -0.000807163611741    -0.001661404698917
    -0.000553399722852    -0.001634484473419    -0.001130387062232
     0.003085799666163    -0.001380541824137     0.000777747921391
1 51
    -0.003363188555052     0.008507905832703     0.005351579428068
     0.005343816546989    -0.005621855505165    -0.005709150951121
     0.003747674666163    -0.007546097379693    -0.002491375094482
1 52
    -0.001758771888385    -0.000420473135551    -0.000967581286218
    -0.000623748929201     0.004399267510708    -0.001607924760645
    -0.001312214222726     0.003031426429831     0.000643341175359
1 53
    -0.005679384983623     0.005271812578735    -0.005791930492567
     0.008501546705719    -0.003456040028975     0.005372624842530
    -0.007529837238599     0.003789597064752    -0.002452777872260
1 54
    -0.040211980221718    -0.053426137818090     0.034469194507433
    -0.053487114008566    -0.040282938838498     0.034469192302847
     0.012107801650290     0.012217499842530     0.010578851095994
1 55
    -0.218462831412194    -0.015088653691106     0.048020117126480
    -0.014774411627614    -0.218326911060720     0.048000319286974
     0.103199117126480     0.103380553413958    -0.171595240173847
1 56
    -0.001026075459814    -0.000062931468884    -0.000129805492567
    -0.000070895754598    -0.000949768203578    -0.000093232300328
    -0.000140997952885    -0.000079879125724    -0.001063761999244
1 57
     0.001149495968758    -0.001050830278408    -0.000996186444948
    -0.001040320357773     0.001035513542454    -0.001005012062232
    -0.000992541603679    -0.001027307697153     0.001168868953137
1 58
     0.003357950333837     0.000859507023180     0.000906085380448
     0.001002723293021    -0.000077268203578    -0.000504553728899
     0.001015045697909    -0.000468484284455    -0.000096265967498
1 59
     0.007540712238599     0.005376733213656     0.005428180618544
     0.002500747102545     0.000292416320232     0.003458839128244
     0.002408259983623     0.003396934366339     0.000182583238851
1 60
    -0.000313323475687     0.001120550673973    -0.000562065413202
     0.000996604245402     0.003289456002771     0.000997237937768
    -0.000535926524313     0.001126882779038    -0.000340817554800
1 61
    -0.000144696491560     0.002708217340640     0.003310410777274
     0.005511518927942     0.007365644494835     0.005539299445704
     0.003293220301083     0.002665517699672    -0.000187761999244
1 62
    -0.000055069507433    -0.000490600119678     0.000977458396321
    -0.000494844167297    -0.000049357489292     0.000960898652053
     0.000890488158226     0.000852388731418     0.003427972127740
1 63
     0.000344255889393     0.003453104245402     0.002319142920131
     0.003482197499370     0.000407640526581     0.002383946271101
     0.005364561570925     0.005322319286974     0.007666908635676
2 1
     0.000005747952885     0.001647641943815     0.002213607205845
     0.001790876070799    -0.014136676933736    -0.022030055713026
     0.001278775856639    -0.021783639046359    -0.015146898904006
2 2
     0.818411083270345     0.224026439562862     0.186505136967750
     0.224026439562862     0.845818588939279    -0.216002613252709
     0.186505136967750    -0.216002613252709     0.855506319349962
2 3
    -0.226082428634417    -0.125326846151424    -0.121411819381456
    -0.107441973135551    -0.223509667013101    -0.047997230316201
    -0.103307333270345    -0.047653297776518    -0.221856807634165
2 4
    -0.002411867126480     0.005910340356513    -0.005847134857647
     0.001636322499370    -0.002532776140086     0.003488813334593
     0.003301603237591    -0.005787732300328     0.005319327286470
2 5
    -0.000128482205845    -0.003358681468884    -0.000057781683044
     0.001856632023180     0.001563350844041     0.003927345080625
     0.000584107205845     0.005863523652053     0.002424624905518
2 6
    -0.002850571491560    -0.006284064405392     0.006116301650290
     0.003640628054926     0.005228537351978    -0.006261404919375
     0.001093355221718     0.003565664525069    -0.002710581443689
2 7
     0.000385482079869     0.000737885991434    -0.004944055492567
     0.000521459404132     0.001829102828168     0.006687237937768
     0.001548813555052     0.003640864921895     0.001321912603930
2 8
     0.030439107079869     0.015531963372386    -0.011865398746536
    -0.012467673532376    -0.026800508282943     0.033674089128244
     0.015582867126480     0.034387599048879    -0.032332117157974
2 9
     0.003063932476694    -0.001697494960947     0.002766208396321
    -0.001371076310154     0.003078624653565    -0.003582137062232
     0.003866986174099    -0.003135018014613     0.004102458238851
2 10
    -0.001092087364575    -0.000373588214916     0.001302242126480
     0.000028955435878    -0.001911218600403    -0.001180954522550
    -0.000148839222726     0.000236821271101    -0.002900240173847
2 11
     0.004513638825901    -0.005463106072058     0.001955597285210
    -0.004507735040312     0.002978555209121    -0.002210706506677
     0.000118994110607     0.000563956191736    -0.001149283824641
2 12
    -0.000765644904258     0.000788370118418     0.000663853237591
    -0.000466417579995    -0.000022714632149    -0.000861795792391
     0.000005801650290    -0.000162428728899     0.000583432445200
2 13
    -0.001844952443940     0.005274788769211     0.002364934586798
    -0.000184272738725    -0.006594782092466    -0.000254268014613
     0.001901242126480    -0.002306859284455    -0.002740208427816
2 14
    -0.025343992126480    -0.011521054484757    -0.032408624937012
     0.015204056626354     0.029729751637692     0.013149168493323
    -0.033252523746536    -0.016465057697153    -0.028985442554800
2 15
    -0.002131007999496     0.002496413769211    -0.004133025730663
     0.005488618134291    -0.006507085663895     0.004250944286974
    -0.003742216206853     0.004090099048879    -0.003858966364323
2 16
     0.029464867000504    -0.011881006865709     0.015939857205845
     0.015552572499370    -0.030633811854371     0.031896208175863
    -0.012062605095742     0.031710632779038    -0.025446343348450
2 17
     0.003084819381456     0.002845334404132    -0.001854755889393
     0.003862229245402     0.004281721875787    -0.003080589443185
    -0.001364771762409    -0.003513750157470     0.002732702286470
2 18
    -0.000929045697909     0.001323028848576    -0.000361535651298
    -0.000300304484757    -0.002502373362308     0.000370206191736
     0.000014787761401    -0.000903345395566    -0.001892591364324
2 19
     0.003204630889393     0.002459574483497    -0.005790216206853
     0.000158798689846    -0.001558488441673     0.001348561350466
    -0.003568019778282    -0.002078236268581     0.003041789588057
2 20
    -0.024835160777274    -0.032057397738725    -0.011021490016377
    -0.032396340199043    -0.028779621378181    -0.015850035871756
     0.015733029824893     0.013893622858403     0.028990686413454
2 21
    -0.002436119110607    -0.004285723135550     0.002163787761401
    -0.003667383849836    -0.003682045981355     0.003831817302847
     0.005180668713782     0.004140039525069    -0.007298910808768
2 22
    -0.001004642920131     0.000562663769211     0.000674446491560
     0.000010124086672     0.000508338939279    -0.000031839443185
    -0.000394210254472    -0.000592109284455    -0.000253182634165
2 23
    -0.001811952443941     0.002680753054926     0.004446109189972
     0.002041979245402    -0.002714821775006    -0.001990146982867
    -0.000126392794155    -0.000378754125724    -0.006128674697657
2 24
     0.018190253905266    -0.011217445357773    -0.010805976127488
    -0.015350496945074    -0.038764391219451    -0.049198972379693
    -0.015143662635425    -0.049014442617788    -0.037774583427816
2 25
     0.003129595175107     0.002126852261275     0.001453813555052
     0.003639921705719    -0.006981256298816    -0.005736754125724
     0.003789871094734    -0.006013349363820    -0.006597968348450
2 26
     0.003291593190980     0.000012062578735     0.000193680618544
    -0.001324975119677    -0.004050938838498    -0.001073012062232
    -0.001121382873520    -0.001003264046359    -0.004043686602419
2 27
     0.002097984063996     0.001091824483497     0.001010970301083
    -0.001215867976820    -0.001671992409927    -0.001317367220962
    -0.001059624937012    -0.001293349363820    -0.001825335411943
2 28
    -0.001893194507433     0.002559201467624    -0.000163236048123
     0.003260384007307    -0.002232954711514     0.000140033572688
     0.000573724269337     0.000145029604434     0.001914331254724
2 29
     0.000801418587805    -0.000686840199043     0.000603154824893
    -0.000325262818090     0.000540311161502     0.000690874842530
     0.001076277840766     0.000576527620307     0.000760122921391
2 30
    -0.001147551650290    -0.000520239008566     0.002640597285210
     0.000040532816830     0.002283249653565    -0.000219010078105
     0.002940436570925     0.000001241906022    -0.002175696523054
2 31
     0.000675341206853     0.000663209404132    -0.000738172556060
     0.001189834404132     0.001015075050391     0.000615154604434
    -0.000281126921139     0.000684372858403     0.000514146730915
2 32
     0.000671960254472    -0.000356318373646    -0.000520452317964
     0.000654354245402     0.000308303224994     0.000381813334593
     0.000365083396321     0.000278634763165     0.000073551492819
2 33
     0.003522982079869     0.003839284800957     0.003802210380448
     0.003153558610481     0.002765416320232     0.002091400636180
     0.003079777840766     0.001956573255228     0.002358710222978
2 34
    -0.003877355221718     0.000580634007307     0.000520750062988
     0.001807385991434    -0.002093047965482    -0.000433434681280
     0.001333287761401    -0.000232400951121    -0.002288333427816
2 35
     0.000963940413202    -0.004361256865709    -0.004196234063996
     0.000587183610481     0.001888045288486     0.002043458175863
     0.000363706412195     0.002014166509196     0.001641341175359
2 36
    -0.032490569507433    -0.033295695357773     0.015619502047115
    -0.034331254881582    -0.026351248362308     0.013319057382212
    -0.012894230095742    -0.015451910871756     0.031012099111867
2 37
    -0.234784843316956    -0.127315875913328     0.064594095301083
    -0.143744836230789    -0.251563369394054     0.141528166509196
     0.067801803634417     0.121466503810784    -0.236478714380196
2 38
    -0.030962222285210     0.016044028848576    -0.031781172556059
    -0.012078867976820     0.030893459971025    -0.015305402935248
    -0.032885069381456     0.013232904604434    -0.025510692554800
2 39
    -0.220437496094734     0.047552493134291    -0.111688638825901
     0.050925812578735    -0.224095161060721     0.110162408572688
    -0.125633738032250     0.127529083175863    -0.242547871126228
2 40
     0.002868180492567     0.002789951467624     0.001188769904258
    -0.000836703294281     0.000327571082137    -0.003021841427312
    -0.000656255889393    -0.004471760078105    -0.002147803665911
2 41
    -0.002594051650290     0.004722062578735     0.004878589348702
     0.002415715356513     0.000215575050391    -0.002571385078105
     0.005686636967750    -0.004429123173343    -0.006296996126228
2 42
    -0.003194821491560    -0.002543441389519    -0.000383317397329
     0.000424634007307     0.007468162351978     0.000126297461577
    -0.000461251921139     0.002370981985387    -0.003021966364323
2 43
    -0.004894071491560    -0.004201502897455    -0.004489323349710
    -0.003706137818090    -0.006957367409927    -0.005444353332074
    -0.003701124937012    -0.002817680713026    -0.002837218348451
2 44
    -0.002344625062988     0.001951921705719     0.001238172682036
     0.001104159800957     0.000324055209121     0.001132868890149
     0.000298688555052    -0.000860135078105     0.002423259826153
2 45
     0.001339460254472     0.000679268927942    -0.000736952317964
    -0.001510475119678     0.000725469891660     0.000620289525069
     0.002543500062988     0.000925176429831     0.001298406651549
2 46
    -0.039906375062988    -0.012781985040312     0.049936462364575
    -0.011995266786344     0.021152146478962     0.013159468096498
     0.049934198475687     0.015766980001260    -0.039331924697657
2 47
     0.000978368984631    -0.001873308453011    -0.000511954302091
    -0.002074679484757     0.001623731796422     0.000574741906022
    -0.003742263825901     0.004063827223482     0.000969146730915
2 48
     0.002424745968758     0.000876572499370     0.003645642920131
    -0.000793544564122    -0.002054684870244    -0.005065222379693
    -0.000648162635425    -0.002791164840010    -0.000415184618292
2 49
    -0.002721863158226     0.005170001070799     0.004236148872512
     0.005362790753338    -0.006768801933736    -0.004197474363820
     0.002035275856639    -0.002702033887629    -0.000103347316704
2 50
    -0.002737339348702    -0.000569850119677    -0.001858918587806
    -0.000526852103804    -0.002492968600403     0.002055013731418
     0.000286079428068     0.000169775636180     0.007420091175359
2 51
    -0.004706728237591    -0.004588780675233    -0.004367059460821
    -0.004034635833963    -0.002793214632149    -0.002939375157470
    -0.003840045571932    -0.005557154919375    -0.007087031840514
2 52
    -0.038437686570925     0.049017715356513    -0.012140970175107
     0.049261048689846    -0.038742466616276     0.015332976033006
    -0.013276059460821     0.014734993890149     0.020874309429327
2 53
     0.001155450333837    -0.000559248929201    -0.001904819381456
    -0.004145030675233     0.001853725844041     0.004344025636180
    -0.002148307476694     0.000759539525069     0.001514815381708
2 54
    -0.002014144904258     0.001132925673973     0.002333680618544
     0.000388433610481     0.002561702034517    -0.000951406903502
     0.001088081412195     0.001214817302847     0.000340819349962
2 55
     0.001336128905266    -0.000820465199043     0.000424978237591
     0.002588510991434     0.001664479812295     0.001382345080625
    -0.001553103111615     0.000507995874276     0.000680853080121
2 56
     0.002309384857647     0.000782882023180     0.000760930618544
    -0.000732098135551    -0.001351627330562     0.001268043493323
    -0.000777593190980     0.001355438334593    -0.001612668745276
2 57
     0.001309456286218     0.000996733213656     0.000980549666163
     0.001109477261275     0.001141529415470    -0.001141736268582
     0.001099238158226    -0.001141115236835     0.001088837207105
2 58
    -0.000943214348702     0.000313320515243     0.000412446491560
     0.000239645912069    -0.000254877330562    -0.000212777935248
     0.000244575459814    -0.000166166824137    -0.000420797713530
2 59
     0.000330797556059    -0.000565453294281    -0.000420583270345
    -0.000423330278408     0.000832682193248    -0.001374885078105
    -0.000348585254472    -0.001318248173343     0.000665801492819
2 60
    -0.001597988158226    -0.001333385833963    -0.000403579302091
    -0.001503723135551    -0.000824653124213     0.001106388731419
     0.000356978237591    -0.000404674760645     0.002498150699169
2 61
    -0.006963486174099    -0.004684719167297     0.005488021888385
    -0.004169183453011    -0.003928964632149     0.003341075239355
     0.002731250062988     0.004145210159990    -0.002132918745276
2 62
    -0.001342859189972    -0.000454161627614    -0.001402680492567
     0.000546453451751     0.003080658383724    -0.000770950554296
    -0.001662732079869     0.000990831191736    -0.000702809618292
2 63
    -0.006309908793147     0.005790792737465    -0.004865370968758
     0.003106870118418    -0.001821343600403     0.004268847064752
    -0.004543408667171     0.003447386747292    -0.004018248110355
3 1
     0.005987861048123    -0.001214645754598    -0.001303988032250
    -0.001714784643487     0.000533817113883    -0.001866990236835
    -0.001458180492567    -0.001999881109851     0.000709724111867
3 2
    -0.226082428634417    -0.107441973135551    -0.103307333270345
    -0.125326846151424    -0.223509667013101    -0.047653297776518
    -0.121411819381456    -0.047997230316201    -0.221856807634165
3 3
     0.949163559460821     0.086706491150164     0.081995210380448
     0.086706491150164     0.897275577034517    -0.036849664840010
     0.081995210380448    -0.036849664840010     0.889226565381708
3 4
     0.000734745968758    -0.003803572341900     0.006405019904258
     0.001814911785084    -0.000304907092467     0.000415003810784
     0.004103396888385    -0.000122724363820     0.001986575302343
3 5
    -0.033188119110607     0.040110030832703    -0.016786501921139
     0.030040346308894    -0.032537280108340     0.013732160556815
     0.013621150856639    -0.016625343411439     0.025857872921391
3 6
     0.001635791603678     0.006041647896196    -0.004795293587805
     0.003263092340640     0.001806156399597     0.000776410556815
     0.001423148872512     0.000666672461577     0.000429541572184
3 7
    -0.032554279824893    -0.016936276706979     0.039877349269337
     0.013127048689846     0.025082721875787    -0.016885321586042
     0.029412357205845     0.013226497858403    -0.032763964380197
3 8
     0.003399095175107     0.001549175673973     0.001189756015369
     0.000916540753338     0.003244985764676    -0.004082845395566
     0.000195535777274    -0.001246393014613     0.002472755857899
3 9
     0.031350545571932    -0.015474657659360     0.015366988158226
     0.016757137975561    -0.029130506298816     0.032177178413958
    -0.016495845175107     0.032891989921895    -0.029507918745276
3 10
     0.002221650730663    -0.000772000913328    -0.003160353111615
     0.000114669721592     0.002330025447216    -0.001572889046359
    -0.001690545571932    -0.002909920792391     0.002353632842026
3 11
    -0.004123498078861     0.000595231229529    -0.000821372952885
     0.000525104245402    -0.002096575743260    -0.000583391030486
     0.001217412761401     0.000429589128244    -0.003234410808768
3 12
    -0.007625281809020    -0.005717292579995     0.005707882999496
    -0.004386703294281    -0.003556220584530     0.003453394683799
     0.004850345301083     0.003228704207609    -0.002527444538927
3 13
    -0.002339589348702    -0.007781248929201    -0.000843535651298
    -0.001457808453011    -0.001238038044848     0.000010172461577
     0.000897410777274    -0.000454101347947     0.001541164588057
3 14
    -0.195861254031242     0.042334782816830    -0.045426220175107
     0.044989770912069    -0.197543754314689     0.054259733969514
    -0.045188730095742     0.048333825239355    -0.193446569538927
3 15
    -0.029709769904258     0.017324751070799    -0.029866745968758
    -0.018259792579995     0.030302783383724    -0.018898240236835
    -0.031179172556059     0.016113856985387    -0.027534593348450
3 16
     0.002981980095742     0.001264330435878     0.001754886967750
     0.000274286785084     0.001522932193248    -0.001043976347947
     0.001143563555052    -0.003737609284455     0.002563654667423
3 17
     0.031393682476694     0.015343421705719    -0.015375476127488
    -0.016576556468884    -0.029474159076594     0.032527351033006
     0.016838146888385     0.031661757779038    -0.029049799697657
3 18
     0.002200817397329    -0.003413383849836    -0.000665130889393
    -0.001943465199043     0.002168245685311    -0.002881103332074
     0.000206956412195    -0.001534712459058     0.002421156651550
3 19
    -0.003418006015369    -0.001488463214916     0.001029813555052
     0.000474262975561    -0.003288494394054     0.000484626826657
     0.000477523872512    -0.000439228332074    -0.001888462396070
3 20
    -0.191547422682036    -0.040643435437138     0.037750414745528
    -0.040118625913328    -0.189145127330562     0.043315029604434
     0.040781823475687     0.049620505794911    -0.194826440570673
3 21
    -0.029691756015369    -0.030249885833963     0.017774442523306
    -0.031466294564122    -0.027946926933736     0.016293132779038
    -0.017705912635425    -0.018470077538423     0.029921962207105
3 22
    -0.007699529824893     0.005559501070799    -0.005518148746536
     0.004544588372386    -0.002476292013102     0.003215601033006
    -0.004311541603679     0.003296273652053    -0.003257309618292
3 23
    -0.002564839348702    -0.000922034643487    -0.007201111048123
     0.000899693531116     0.001288797272613    -0.000609956506677
    -0.000997349143361    -0.000213746189216    -0.001067301681784
3 24
    -0.174632507999496     0.050112516943815     0.049716428634417
     0.027158717340640    -0.164726772171832    -0.017838406903502
     0.026830256015369    -0.017432184681280    -0.165170710411943
3 25
     0.024448458270345    -0.017380310437138    -0.016797406683044
     0.015557510991434    -0.028589762251197    -0.032321438649534
     0.015781164745528    -0.032356091427312    -0.027836845332577
3 26
    -0.004817168713782    -0.005091100119677    -0.004704789619552
    -0.005794010833963    -0.001822444790879    -0.002268946586042
    -0.005442714222726    -0.002346381109851    -0.001533438586546
3 27
     0.006567722159234    -0.003025588214916    -0.002839499937012
     0.002765221308894    -0.001111498362308     0.001230323255228
     0.002784043713782     0.001259908572688    -0.000990962396070
3 28
     0.005439293587805    -0.001182961230789     0.001770418713782
    -0.001151526706979     0.003884039336105     0.001188349048879
     0.001393892920131     0.003257412540942     0.000581079270597
3 29
    -0.001274218316956     0.001276747102545     0.001537434586798
     0.000975826467624    -0.001529319790879     0.000173315318720
    -0.000701178508440    -0.000954339443185     0.002245245937264
3 30
     0.005312186444948     0.001353723293021    -0.001071497952885
     0.001085122102545     0.000637493701184     0.003017555398085
    -0.000754394778282     0.001078624842530     0.004148551492819
3 31
    -0.001210670697909     0.001326171705719     0.001516857205845
    -0.001033201310154     0.002255944098010    -0.000922029919375
     0.001112541729655     0.000140005794911    -0.001189480253212
3 32
     0.001305198349710     0.001864643927942     0.001797702443941
     0.001050443531116     0.000440297272613    -0.001461621189216
     0.001024752047115    -0.001461107300328     0.000729424508692
3 33
     0.003085970175107    -0.000076377897455     0.000123615142353
    -0.000679477103804    -0.000447464632149     0.001601091112371
    -0.000390678508440     0.001579206191736    -0.000283541761149
3 34
     0.000185632873520    -0.003737653691106    -0.003649095175107
    -0.003543649722852     0.003862071082137    -0.001291744205089
    -0.003259168587805    -0.001302518014613     0.003682289588057
3 35
    -0.001123071491560    -0.000452294564122    -0.000177954302091
    -0.000212352103804    -0.001507210663895     0.000045398652053
     0.000040250062988     0.000058799445704    -0.001374535808768
3 36
     0.000057793587805    -0.002960483056185     0.004994906809020
    -0.007741415595868    -0.006190129314689     0.005514997858403
     0.002007688555052     0.003280847064752    -0.005712152872260
3 37
    -0.030362480221718    -0.029227788611741    -0.014464874937012
    -0.029526496945074    -0.032786625346435    -0.025171768014613
     0.023468222285210     0.015331386747292     0.025691283635676
3 38
    -0.000120484189972     0.004563366150164    -0.002716392794155
     0.001534971308894    -0.006051670981355     0.003297537540942
    -0.007305650730663     0.005740162540942    -0.006271444538927
3 39
    -0.030400007999496    -0.014719919564122    -0.029482609063996
     0.022740651864449     0.025597457986898     0.015339849048879
    -0.031519069381456    -0.025373408887629    -0.033004998110355
3 40
    -0.002524456412195    -0.000204961230789     0.002744424666163
     0.003106135991434    -0.002159434870244    -0.003232775951121
     0.004611037761401    -0.005835377141597    -0.005298055650038
3 41
    -0.000432688555052    -0.000497475119677     0.001418869110607
     0.001332554642227    -0.001430430901990    -0.001940694601915
     0.000194305618544    -0.001071865236835    -0.002068748110355
3 42
    -0.003267083396321    -0.001764979087931    -0.002252162635425
    -0.004596026706979    -0.007379593600403    -0.004326137062232
    -0.002870708270345    -0.004002010078105    -0.002496718348451
3 43
    -0.001151208396321    -0.001159290595868     0.000467581412195
    -0.000105673532376     0.007224626637692    -0.000219162855883
    -0.000575706286218    -0.002335672776518    -0.002287220332577
3 44
     0.000523863032250    -0.002339990992693     0.000819452443941
    -0.001835375913328     0.000664174256740     0.000755559366339
     0.001199482205845     0.001131747858403     0.000672257842026
3 45
    -0.001416051650290     0.001934856229529    -0.000017547556059
     0.001032989166037    -0.002042661060721    -0.001171019998740
     0.000100793713782     0.001389684366339     0.000696404667423
3 46
     0.001935613032250     0.001312852261275    -0.003663507873520
     0.001187447499370     0.005656015526581    -0.000830841427312
    -0.003629507873520     0.001817112937768     0.002430198318216
3 47
    -0.026963767920131     0.017926653848576     0.028878325459814
    -0.013861340199043     0.028183475844041     0.010942432382212
     0.033684404824893    -0.016185414840010    -0.032512355253212
3 48
    -0.002861890936004     0.002300909800957    -0.000446452317964
     0.004540669721592    -0.005436940822625    -0.005853156903502
     0.003243131015369    -0.003071531903502    -0.002048311602419
3 49
    -0.000581000062988     0.000872588372386    -0.000166696365583
    -0.000107369960947    -0.002552807886117    -0.001196408887629
     0.001533069507433    -0.001915525951121    -0.001643474300831
3 50
    -0.002853726253464    -0.002385012818090    -0.001676513825901
    -0.003131762818090    -0.002293599552784    -0.004249920792391
    -0.004219126921139    -0.004478716427312    -0.006807535808768
3 51
    -0.000895490142353     0.000266431626354    -0.001058154698917
    -0.000728921548249    -0.002180720584530    -0.002354434681280
    -0.000035251921139    -0.000274271982867     0.007463216175359
3 52
     0.002117426524313    -0.003579822341900     0.001614434586798
    -0.003773737024439     0.002468902431343     0.001783916509196
     0.001442734189972    -0.000766123173343     0.006079807445200
3 53
    -0.026785061570925     0.028467088372386     0.018054835380448
     0.033146808610481    -0.032199905108340    -0.015911658887629
    -0.013914263825901     0.011174547461577     0.028671188397581
3 54
     0.000624843190980     0.000588512975561    -0.002158539619552
     0.000972272896196     0.000631321082137     0.001264533572688
    -0.001436874937012     0.000809075239355     0.001019192365835
3 55
    -0.001250507999496    -0.000146252897455     0.002323007999496
    -0.000232524722852     0.000490848859914     0.001366910556815
     0.001207065539179    -0.001218746189216    -0.001915148904006
3 56
     0.001736372952885     0.001826844324767     0.001928335380448
     0.002022991150164     0.004712491717057    -0.000585266030486
     0.002110325459814    -0.000644678728899     0.004723579270597
3 57
     0.002969819381456    -0.001353929484757    -0.001084670571932
     0.000946941546989    -0.001006351536911     0.000878204207609
     0.001144031809020     0.000879642699672    -0.000769289777022
3 58
     0.000707398746536    -0.001748467183170    -0.001537898746536
    -0.001550014802217     0.001220991717057    -0.001025087459058
    -0.001305505889393    -0.001032533887629     0.001346075302343
3 59
    -0.000737214348702    -0.000871115992693    -0.000617678508440
    -0.000002615992693    -0.000629698759133    -0.000197444601915
     0.000267833396321    -0.000205490236835    -0.000504575491308
3 60
    -0.002983000062988    -0.004369048532376     0.003382075459814
    -0.004698133849836    -0.005694909076594     0.004565954207609
     0.003064896888385     0.005004208175863    -0.002366851284958
3 61
    -0.000419248078861    -0.001880131865709    -0.000066198349710
    -0.002034469167297    -0.001800970584530    -0.000880609284455
    -0.000739456286218     0.000171843096498     0.002109454270597
3 62
    -0.002710246094734     0.003295550673973    -0.004307525730663
     0.002809417737465    -0.002125222568657     0.004696489921895
    -0.004782938429075     0.004467714128244    -0.005406436602419
3 63
     0.000091704302091    -0.000104994960947    -0.001911591206853
    -0.000823665595868     0.002457900447216    -0.000143962459058
    -0.002088615016377    -0.001176980316201    -0.001320000094482
4 1
    -0.014406827443941     0.001286399880323    -0.022413676524313
     0.001385401864450     0.000570332986898     0.001604575239355
    -0.022321995968758     0.001037787540942    -0.014839765967498
4 2
    -0.002411867126480     0.001636322499370     0.003301603237591
     0.005910340356513    -0.002532776140086    -0.005787732300328
    -0.005847134857647     0.003488813334593     0.005319327286470
4 3
     0.000734745968758     0.001814911785084     0.004103396888385
    -0.003803572341900    -0.000304907092467    -0.000122724363820
     0.006405019904258     0.000415003810784     0.001986575302343
4 4
     0.818316432476694     0.207407848293021    -0.194203418587805
     0.207407848293021     0.784456608780549     0.191918569286974
    -0.194203418587805     0.191918569286974     0.822620335222978
4 5
    -0.219949932602671    -0.100585673532376    -0.045704815413202
    -0.118688842183170    -0.217633014235324    -0.117293023966994
    -0.045531789619552    -0.099048174760645    -0.219312492157974
4 6
     0.005415103111615     0.003559693531116    -0.006026482079869
    -0.006015846151424    -0.002860452727387     0.006019476033006
     0.003320208396321     0.001460216112371    -0.002449573507181
4 7
     0.001843781683044     0.000385143927942     0.006786660777274
     0.000203485197783     0.000044237748803    -0.004285506109851
     0.004058541729655     0.001847041509196     0.000764920540438
4 8
    -0.025372593316956    -0.012460153691106     0.032496567523306
     0.015265602261275     0.030261501637692    -0.011536154919375
     0.033055720301083     0.016000025636180    -0.031405734221466
4 9
     0.002976482079869    -0.001255987024439    -0.003534950333837
    -0.001686050516503     0.003258259574200     0.002714868890149
    -0.003034535651298     0.003765033572688     0.004313216175359
4 10
    -0.000075787761401    -0.000402955278408    -0.000635791603678
     0.000809606229529    -0.000723333679768     0.000499551429831
    -0.000104236048123    -0.000025252141597     0.000680267762661
4 11
    -0.006497811570925    -0.000062848135551    -0.000323811444948
     0.004898290753338    -0.001693434870244     0.002431549445704
    -0.001777902714790     0.001878632779038    -0.002665400888133
4 12
    -0.001693470301083     0.000020628054926    -0.001027055492567
    -0.000374891786344    -0.000862704711514     0.001218210159990
     0.000296279824893    -0.000318377141597    -0.002570684618292
4 13
     0.003015847159234    -0.004634078294281    -0.002196474143361
    -0.005497871945074     0.004038227828168     0.002180987937768
     0.000771470301083     0.000591067302847    -0.001221700491308
4 14
     0.029470182476694     0.015311828451751     0.013513466332829
    -0.011345667579995    -0.024607238441673    -0.032631700554296
    -0.016214170571932    -0.033302131109851    -0.029155684618292
4 15
    -0.006540083396321     0.005450046705719     0.004291815539179
     0.002388643927942    -0.001978075743260    -0.004255174760645
     0.004111261967750    -0.003695349363820    -0.003693708427816
4 16
     0.000024416603679     0.000476001070799     0.000248698475687
    -0.000387526706979     0.000538198066264    -0.000411660871756
     0.000200623078861     0.000410559366339    -0.000121210411943
4 17
     0.002619993984631     0.003051342340640     0.001924960380448
     0.003778255039053     0.003525356796422     0.003760916509196
     0.001868581412195     0.003011176429831     0.002454710222978
4 18
    -0.025361621094734    -0.033400588214916     0.013160805618544
    -0.032175403691106    -0.031673863441673     0.015827462144117
    -0.015442359063996    -0.012785918808264     0.030862166572184
4 19
    -0.236604444507432    -0.128153042579995     0.125954875062988
    -0.112496800516503    -0.222578353521038     0.050690192302847
     0.106950333396321     0.053856940318720    -0.224475702475435
4 20
    -0.002304111174099     0.001550860197783    -0.000358898746536
     0.000480560594608    -0.003820236457546     0.000462345080625
    -0.000285742000504     0.001337174445704    -0.002357680650038
4 21
     0.001624430492567     0.000154034800957     0.001986754031242
    -0.004614483056185     0.001438713939279    -0.004565676744772
     0.001971146888385     0.000055216112371     0.001502972127740
4 22
     0.030838406683044    -0.012471328294281    -0.015363712238599
     0.015980024880323    -0.031032651140086    -0.031634708490804
     0.013132767920131    -0.032827807697153    -0.025034549697657
4 23
    -0.219415777840766     0.047003510991434     0.101764700459814
     0.043738880039053    -0.216781936854371    -0.105552266030486
     0.119813710380448    -0.120397202538423    -0.232253041761149
4 24
     0.000320678508440    -0.000894687421265    -0.002988509857647
     0.002882778848576     0.002850993701184     0.001027908572688
    -0.004812559460821    -0.000789391030486    -0.002085950491308
4 25
    -0.000037605221718     0.002257360197783    -0.002401845175107
     0.004733072499370    -0.002915246378181     0.004871001826657
    -0.004338150730663     0.005471827223482    -0.006461710411943
4 26
     0.000550267794155     0.001066445515243     0.001246521888385
     0.002125925673973    -0.002129928917863     0.001189868890149
    -0.000809404698917     0.000300662540942     0.002660321334089
4 27
     0.000711533667171    -0.001560417579995     0.000607561570925
     0.000611157816830     0.001489392510708    -0.000767486268582
     0.001082603237591     0.002466827223482     0.001471797524565
4 28
     0.007577980095742     0.000293709404132     0.000285730221718
    -0.002277590199043    -0.003071819790879    -0.000248960474931
     0.002055577443941    -0.000311918808264    -0.002880410808768
4 29
    -0.006859781809020    -0.003795457262535    -0.005430128905266
    -0.004311487024439    -0.004567053917863    -0.004440869205089
    -0.002763243984631    -0.003661170792391    -0.002583369142101
4 30
     0.021146747952885    -0.012712731072058     0.013542688555052
    -0.012652191389519    -0.038821240425800     0.049070995874276
     0.015303289745528     0.049227918493323    -0.038137813586546
4 31
     0.001699140810028    -0.002208532659360     0.000715543713782
    -0.002034764802217     0.001234709971025    -0.000679089443185
     0.004148976253464    -0.003925825554296     0.001703779667423
4 32
    -0.030727490142353     0.016067939562862     0.032144138951877
    -0.011429869960947     0.029799063145629     0.015410694286974
     0.031753061570925    -0.012297938649534    -0.024897440570673
4 33
     0.004465531683044     0.003776542737465    -0.003012448349710
     0.002769834404132     0.003292801240867    -0.001768343411439
    -0.003499368984631    -0.001265875157470     0.002853093159486
4 34
    -0.029054430618544    -0.032966858056185    -0.016065533667171
    -0.032496088214916    -0.024462913044848    -0.011177428728899
     0.013709515936004     0.015483900636180     0.029192674508692
4 35
    -0.003623884983623    -0.003643873929201     0.004008357205845
    -0.004306165595868    -0.002055069790879     0.002299714128244
     0.004284809586798     0.005383593096498    -0.006774025888133
4 36
    -0.002409894904258    -0.000387562421265     0.000351218316956
     0.001240270912069    -0.000776488441673    -0.000396061665407
    -0.000918126921139    -0.000031734284455    -0.001694017951625
4 37
    -0.001308293713782     0.000715132023180     0.001025811570925
     0.002504314562862     0.003395015526581    -0.005740077538423
    -0.002198593190980    -0.004411194601915     0.003009668556311
4 38
     0.000682077317964    -0.000001838214916    -0.000067081286218
     0.000472032816830    -0.000776905108340     0.000768228017133
    -0.000571216206853    -0.000394543808264    -0.000196184618292
4 39
    -0.002617571491560     0.001931251070799    -0.001620422556059
     0.002535963372386    -0.001658026140086     0.004513414525069
    -0.000333509857647    -0.000075365236835    -0.006374238189720
4 40
    -0.037910769904258    -0.014931665595868    -0.048761638825901
    -0.010627427500630     0.018914081002771    -0.010462460474931
    -0.048678277714790    -0.014878333490804    -0.037538795729403
4 41
    -0.006641502047115     0.003774070515243    -0.005623319381456
     0.002050991150164     0.003348584971025     0.001751120874276
    -0.005743759857647     0.003814303413958    -0.006490863189720
4 42
    -0.002294896888385     0.003219816546989     0.000040773872512
     0.002580534800957    -0.001567202727387    -0.000403696586042
    -0.000009648746536     0.000313533572688     0.002067041572184
4 43
     0.000488103111615    -0.000293869960947     0.000664142920131
    -0.000659737024439     0.000843642510708     0.000649527620307
     0.000545728237591     0.001130495874276     0.000799914588057
4 44
    -0.004035075459814    -0.001360570357773    -0.001124236048123
    -0.000045939405392     0.003283815129756     0.000035624842530
    -0.001099833270345    -0.001281208490804    -0.004078607237339
4 45
    -0.001586990142353    -0.001132598135550    -0.001217736048123
     0.000919050673973     0.002063854812295     0.000886170477450
    -0.001217771762409    -0.001080896982867    -0.001672835411943
4 46
     0.002172799540186     0.000155772896196    -0.000092071365583
    -0.000507740992693    -0.001277468600403     0.002606099048879
     0.000048426650290     0.003092406588561    -0.002368041761149
4 47
     0.000904793587806     0.001196699483497     0.000545636967750
     0.000688096308894     0.000805616717057    -0.000661252141597
     0.000646714348702    -0.000279621189216     0.000426779667423
4 48
    -0.002000829428068    -0.000818919564122    -0.005055765810028
     0.000925731229529     0.002729325050391     0.003198783572688
    -0.002913434460821    -0.000841363252708     0.000059448318216
4 49
    -0.006524938555052     0.005265134007307    -0.004240384857647
     0.004920816546989    -0.002865417013102     0.004497406588561
    -0.002451370968758     0.002101392699672    -0.000139464380197
4 50
    -0.037803164745528     0.048844532816830     0.015065672682036
     0.048583173689846    -0.038165833679768    -0.012354480316201
     0.014058057602671    -0.013110172776518     0.021084099111867
4 51
     0.002043946365583    -0.004075647738725     0.004235031809020
    -0.000684485040312     0.001317920288486    -0.002047994205089
     0.000789682602671    -0.002246353332074     0.001637476095994
4 52
    -0.002640511967750    -0.000309401706979     0.001959621094734
    -0.000311175516503    -0.002872331695641    -0.002031268014613
     0.000320418713782     0.000249545477450     0.007585317365835
4 53
    -0.002576500062988    -0.003787365992693    -0.002815478111615
    -0.004489629881582    -0.004562139235324    -0.004377593411439
    -0.005485329302091    -0.003839033887629    -0.006929926681784
4 54
     0.002742904698917     0.000336558610481    -0.000849478111615
     0.001167459404132    -0.002016663044848     0.002256849048879
     0.001273309586798     0.001061243890149     0.000527827286470
4 55
     0.001631178508440     0.002482042737465     0.001270194507433
    -0.000791338214916     0.001488114732930     0.000488726033006
     0.000552375062988    -0.001595577538423     0.000666236016629
4 56
    -0.001346065539179    -0.000784110040312     0.001144396888385
     0.000757052658100     0.002617257590073     0.000758174445704
     0.001190884983623    -0.000797635078105    -0.001456785808768
4 57
     0.001279255889393     0.001079616150164    -0.001114109063996
     0.000968253054926     0.001337789336105     0.000967144683799
    -0.001118158667171     0.001094561350466     0.001195595143613
4 58
    -0.000606789745528    -0.001609546548249     0.001021287761401
    -0.001346578294281    -0.001183742409927    -0.000418396982867
    -0.000583071365583     0.000412509763165     0.002909335222978
4 59
    -0.003730902840766    -0.004450195357773     0.003211757999496
    -0.004940804484757    -0.006229932886117     0.005606745874276
     0.003988142920131     0.002880928413958    -0.001622940570673
4 60
    -0.000420813555052     0.000356497102545    -0.000284988032250
     0.000451927658100    -0.000890768203578     0.000488144683799
    -0.000265168587805     0.000364751826657    -0.000523466364324
4 61
     0.000544063429075    -0.000226086230789    -0.001449511841774
    -0.000354907659360     0.000224420288486    -0.000304918808264
    -0.001427646762409    -0.000185238252708     0.000447214191232
4 62
     0.003090565413202     0.000448096308894    -0.000690589222726
    -0.000479645754598    -0.001169456695641    -0.001338819601915
     0.001006621094734    -0.001648117220962    -0.000564051681784
4 63
    -0.001538359189972     0.003002800673973     0.004073970301083
     0.005699145912069    -0.006049208679768    -0.004975521982867
     0.003287069507433    -0.004574936665407    -0.003774240173847
5 1
     0.000735057476694    -0.001261290595868    -0.002180922556059
    -0.000933869960947     0.006194334971025    -0.000977168808264
    -0.002246392794155    -0.001232305713026     0.000892156651549
5 2
    -0.000128482205845     0.001856632023180     0.000584107205845
    -0.003358681468884     0.001563350844041     0.005863523652053
    -0.000057781683044     0.003927345080625     0.002424624905518
5 3
    -0.033188119110607     0.030040346308894     0.013621150856639
     0.040110030832703    -0.032537280108340    -0.016625343411439
    -0.016786501921139     0.013732160556815     0.025857872921391
5 4
    -0.219949932602671    -0.118688842183170    -0.045531789619552
    -0.100585673532376    -0.217633014235324    -0.099048174760645
    -0.045704815413202    -0.117293023966994    -0.219312492157974
5 5
     0.878865702317964     0.068244510991434    -0.040196686444948
     0.068244510991434     0.913005362748803     0.069552481985387
    -0.040196686444948     0.069552481985387     0.870474180461073
5 6
     0.002318863032250     0.003619378054926     0.000305021888385
     0.005749132023180     0.001781924256740    -0.003800018014613
     0.000697061570925     0.001672747858403     0.000298849111867
5 7
     0.025517416603679     0.013638578451751    -0.016845210254472
    -0.016633286627614    -0.032214260267070     0.040137999842530
     0.013488144904258     0.029950948255228    -0.033079281840514
5 8
     0.003462791603679     0.001295905832703    -0.004106803508440
     0.001954955435878     0.003852878621819     0.001289976033006
    -0.001556801524313     0.000383557382212     0.002846688397581
5 9
    -0.028719632999496     0.016797322499370     0.031725178634417
    -0.015564572341900     0.032074761558327     0.015814499842530
     0.032550192523306    -0.016359059681280    -0.028925486205593
5 10
    -0.003243277840766    -0.004140520754598     0.003407212364575
    -0.005455915595868    -0.007257456695641     0.005764807382212
     0.003241492126480     0.004861029604434    -0.002262809618292
5 11
    -0.000915551650290    -0.001039163611741    -0.000106932476694
    -0.007007481072058    -0.001799932886117    -0.000794194601915
    -0.000586674540186     0.000938039525069     0.001885396730915
5 12
     0.002720914619552     0.000350937578735    -0.001714426524313
    -0.000449663611741     0.002770797272613    -0.003149283887629
    -0.002946617000504    -0.001651595395566     0.002767613000756
5 13
    -0.001762767920131     0.000571231229529    -0.000658720175107
     0.000696981229529    -0.003344645187705    -0.000741881109851
     0.000370948475687     0.001331599048879    -0.002892777872260
5 14
    -0.198112057602671     0.045939137975561     0.055224470301083
     0.043002935594608    -0.196143986457546    -0.045505819601915
     0.049059807602671    -0.045343724363820    -0.193954136999244
5 15
     0.030546926524313    -0.017896893770471    -0.018969805492567
     0.017970372102545    -0.029382823759133    -0.030423043808264
     0.016285115142353    -0.031747692617788    -0.027851535808768
5 16
     0.000492926524313     0.001229310594608    -0.001568797556059
     0.002023326467624     0.001479700050391     0.001983970080625
    -0.001559773746536     0.001206216112371     0.000667087207105
5 17
    -0.000193371094734    -0.000406098135551     0.001524714348702
     0.000185983213656     0.003403358780549     0.000198172461577
     0.001520434586798    -0.000346666824137    -0.000032742157974
5 18
    -0.005800361174099    -0.007146903691106     0.005497309586798
    -0.002778425516503     0.000424763542454     0.004996843096498
     0.003244119110607     0.002143487937768    -0.005506160808768
5 19
    -0.031836809586798    -0.028850483056185    -0.025365995968758
    -0.028945947341900    -0.029270726536911    -0.014115801744772
     0.015357811570925     0.023382472064752     0.025584345143613
5 20
     0.003878773746536    -0.003258830278408    -0.001390269778282
    -0.003513836230789     0.000310265526581    -0.003572273966994
    -0.001397513825901    -0.003209543808264     0.003919491969010
5 21
    -0.001451184586798    -0.000065405675233    -0.000147992000504
    -0.000262379881582    -0.000618284076594    -0.000212295792391
    -0.000151624937012    -0.000029377141597    -0.001311230253212
5 22
    -0.005714083396321     0.002015606229529     0.003244291729655
     0.004872003054926     0.000340600844041    -0.002763702538423
     0.005566246094734    -0.007046400951121    -0.005728502078609
5 23
     0.025298482079869     0.023188945515243     0.015251829428068
    -0.014134141786344    -0.029260309870244    -0.028860510078105
    -0.025523686444948    -0.029430045792391    -0.031941994142101
5 24
    -0.001981186570925     0.003272747102545    -0.003295380889393
     0.000187257023180    -0.002225254314689     0.002742039525069
    -0.005966331286218     0.004617765715545    -0.005142152872260
5 25
    -0.001335470301083     0.001532294721592    -0.001969091206853
    -0.000263574326027    -0.000063744394054     0.001399632779037
    -0.001179172556059     0.000270983969514    -0.001847162792895
5 26
     0.001142152714790    -0.001473494960947     0.000789525856639
    -0.002028971151424     0.001085573066264     0.000886999842530
     0.001145198475687     0.001290944286974     0.001136618953137
5 27
    -0.001728081412194     0.001283766943815    -0.001277559460821
     0.002184635991434    -0.000843855505165     0.000038769683799
     0.001358081412195     0.000129358969514     0.001060595143613
5 28
    -0.006894634983623    -0.004289106072058    -0.004448640810028
    -0.001783487024439    -0.002785192806752    -0.002287829522550
    -0.004168694381456    -0.002728262062232    -0.002256863189720
5 29
     0.007643728111615     0.000094352261275    -0.000326249937012
    -0.000889133849836    -0.000554176933736     0.000567761747292
    -0.002317890810028    -0.000481764046359    -0.001884321523054
5 30
     0.006224757873520     0.001308828451751    -0.000787932476694
     0.001475286785084     0.002630761558327    -0.003662248173343
     0.001909767920131    -0.003625299760645     0.003105234032502
5 31
     0.028832150730663    -0.013827223135551     0.011029922682036
     0.018088088372386    -0.026218788044848     0.028782416509196
    -0.016055545571932     0.033356581191736    -0.031377422713530
5 32
     0.002346144778282     0.000556624086672    -0.001431107079869
     0.001476483213656     0.003612815129756     0.001964700239355
    -0.003917085254472     0.001296093096498     0.003243982048375
5 33
    -0.028905333396321    -0.016312772738725     0.032396930618544
     0.015854187578735     0.032112553224994    -0.015568462459058
     0.031529984189972     0.016768531588561    -0.028556484221466
5 34
    -0.192491545697909    -0.043497673532376     0.047258845301083
    -0.043801485040312    -0.194689286060721     0.041343202223482
     0.053562244110607     0.044397307382212    -0.197089277872260
5 35
    -0.028095875062988    -0.031796314405392     0.016357736174099
    -0.030497937421265    -0.029338567806752     0.018126845080625
    -0.018819712238599    -0.017743125157470     0.030530521730915
5 36
     0.002591615016377    -0.001685002897455    -0.002941527714790
    -0.003197500913328     0.002764263542454    -0.000490680713026
    -0.001695773746536     0.000330922461577     0.002830779667423
5 37
    -0.002945033793147     0.001237691546989     0.000347565539179
    -0.000836207262535    -0.003243732489292     0.000677178413958
    -0.000655990016377     0.000392837144117    -0.001613408824641
5 38
    -0.002318037761401     0.004805846308894     0.003233172682036
     0.005769760991434    -0.007258653124213    -0.005449516030486
     0.003345636967750    -0.004180137062232    -0.003039136999244
5 39
     0.001747688429075     0.000971435594608    -0.000601293587805
    -0.000803183453011    -0.001885024155959    -0.006916329522550
    -0.000158406683044    -0.000976458490804    -0.000823940570673
5 40
    -0.163604259983623     0.026000393927942    -0.015661884857647
     0.049044925673973    -0.174011917013101     0.048826795477450
    -0.015540424540186     0.025852448255228    -0.163748123110355
5 41
    -0.028354117126480     0.016048005039053    -0.033043065413202
    -0.016651155675233     0.025397711955152    -0.016499373173343
    -0.033078781683044     0.016077460159990    -0.027943815570673
5 42
     0.004028363032250    -0.000808748929201     0.001073277840766
    -0.000998487024439     0.005727299256740     0.001807184366339
     0.002945454428068     0.001491440318720     0.000937464191232
5 43
    -0.001290886967750     0.001275189562862     0.000061146888385
     0.001641366150164    -0.000757605505165     0.001591908572688
    -0.001062418587805    -0.000667347379693     0.002544712207105
5 44
    -0.001565065539179    -0.005578885833963    -0.002405107079869
    -0.004911961230789    -0.004412557886117    -0.004841119205089
    -0.002417355095742    -0.005503426744772    -0.001383559618292
5 45
    -0.000809980221718     0.002859086388259     0.001148142920131
    -0.002599971151424     0.007226481796422    -0.002592198570169
     0.001159956412195     0.002811384763165    -0.000678412792895
5 46
     0.000824434460821     0.001464582420005     0.002935307602671
     0.001755737181910     0.005693158383724    -0.001022519998740
     0.001106654824893    -0.000700311665407     0.004166880857899
5 47
     0.002444178508440    -0.000714490992693    -0.001058234063996
     0.001563324483497    -0.000712881298816     0.001670628810784
     0.000044692523306     0.001276535556815    -0.001088797713530
5 48
    -0.005253694507433     0.004693639959688    -0.005972136841774
     0.002669959404132    -0.002315047965483     0.000064664525069
    -0.003261706286218     0.003301668493323    -0.001844129062736
5 49
    -0.002044553634417     0.000150443531116    -0.001239880889393
     0.001184919721592    -0.000021915028975    -0.000228587459058
    -0.001980392794155     0.001514424445704    -0.001285916761149
5 50
     0.003111345175107    -0.003702282659360     0.001856676650290
    -0.003611848135550     0.002739043304359     0.001580900636180
    -0.000789214222726     0.001395733969514     0.006528896730915
5 51
    -0.031347918713782     0.033203036785084    -0.015932714222726
     0.028696368134291    -0.026149577727387     0.018068511747291
     0.011124285777274    -0.013915071586042     0.029077773715042
5 52
    -0.002258877047115    -0.002758342183170    -0.004222499937012
    -0.002248447341900    -0.002607704711514    -0.001805387062232
    -0.004447978111615    -0.004248047776518    -0.006527635015117
5 53
    -0.001939990142353    -0.000498681468884    -0.002324474143361
     0.000534473293021    -0.000499137251197    -0.000895962459058
    -0.000346351127488     0.000060622858403     0.007837495937264
5 54
     0.001054039619552     0.001278118134291     0.001181775856639
     0.000857562578735     0.001101338939279    -0.002029269998740
     0.000817412761401    -0.001387349363820     0.001347124905518
5 55
     0.000893563429075     0.000083352261275     0.001347698475687
     0.000071889959688    -0.000756258282943     0.002265106985387
    -0.001284021762409     0.001300079207609    -0.001580591364323
5 56
     0.004962569381456     0.002254949483497    -0.000715099143361
     0.002029405832703     0.002336259574200     0.002026430398085
    -0.000726261841774     0.002233396667926     0.005059886810280
5 57
    -0.000568234189972     0.001231675673973     0.000802644904258
    -0.001034268770471     0.003457541320232    -0.001008974363820
     0.000813319507433     0.001265218096498    -0.000426607237339
5 58
    -0.005325904824893    -0.004639862024439     0.004422916729655
    -0.004294725119677    -0.002085490425800     0.003483108969514
     0.004717781809020     0.003157166509196    -0.001698992157974
5 59
    -0.001219142920131    -0.001958385833963    -0.001106113032250
    -0.001753826310154     0.000509319098010     0.000160251826657
    -0.000035628905266    -0.000525164840010     0.002763232048375
5 60
     0.001310821365583    -0.001127443373646    -0.001191734063996
    -0.001308969167297     0.001158983780549    -0.001291849363820
    -0.001173815413202    -0.001086091427312     0.001438456254724
5 61
    -0.000669051650290     0.000480098293021    -0.000393007873520
    -0.000390179484757    -0.000394577727387    -0.000364162855883
    -0.000385543587805     0.000517793493323    -0.000554363189720
5 62
    -0.001781174666163     0.003070405832703     0.004624914745528
     0.003464582420005    -0.002087704711514    -0.004316563649534
     0.004408599269337    -0.004716960474931    -0.005095129062736
5 63
     0.002748275730663    -0.000521264802217    -0.000124400730663
     0.000168749086672     0.000626168304359    -0.001816766030486
    -0.001191077317964    -0.002014529919375    -0.000942567554800
6 1
    -0.014790781809020    -0.021468919564122     0.001601950459814
    -0.021611127897455    -0.014377353521038     0.001883847064752
     0.002428065539179     0.002095194286974    -0.000301299697657
6 2
    -0.002850571491560     0.003640628054926     0.001093355221718
    -0.006284064405392     0.005228537351978     0.003565664525069
     0.006116301650290    -0.006261404919375    -0.002710581443689
6 3
     0.001635791603678     0.003263092340640     0.001423148872512
     0.006041647896196     0.001806156399597     0.000666672461577
    -0.004795293587805     0.000776410556815     0.000429541572184
6 4
     0.005415103111615    -0.006015846151424     0.003320208396321
     0.003559693531116    -0.002860452727387     0.001460216112371
    -0.006026482079869     0.006019476033006    -0.002449573507181
6 5
     0.002318863032250     0.005749132023180     0.000697061570925
     0.003619378054926     0.001781924256740     0.001672747858403
     0.000305021888385    -0.003800018014613     0.000298849111867
6 6
     0.872371023746536    -0.227279625913328     0.198217394904258
    -0.227279625913328     0.874850485764676     0.219402622858403
     0.198217394904258     0.219402622858403     0.837690767762660
6 7
    -0.223854172682036    -0.048937925516503    -0.108141587238599
    -0.049052294564122    -0.224924573759133    -0.110518734284454
    -0.125742771762409    -0.128161051744772    -0.232216363189720
6 8
     0.000379702317964     0.000314901864449     0.000365944507433
     0.000342947499370     0.000365815129756     0.000521866906022
    -0.000611593190980    -0.000513692617788     0.000834107048375
6 9
     0.002447527714790     0.002004818531116     0.003163051650290
     0.002090544721592     0.002541323066264     0.003209515715545
     0.003832150856639     0.003853690318720     0.003437182445200
6 10
    -0.026150992126480     0.013226225277148    -0.033469289619552
    -0.015392673532376     0.030839854812295    -0.012098426744772
    -0.032471924540186     0.015992904604434    -0.031467015967498
6 11
    -0.254250265936004     0.138998207420005    -0.136769684460821
     0.121313260991434    -0.232381246378181     0.060102071271101
    -0.122733091206853     0.056774164525069    -0.228298809618292
6 12
     0.031091575333837    -0.015463816389519    -0.012606303508440
     0.013243328451751    -0.026798391219451    -0.034377518014613
     0.015702216332829    -0.033403220395566    -0.032359593348450
6 13
    -0.239475982205845     0.127496352261275     0.070081652840766
     0.146806348293021    -0.258759333679768    -0.147120240236835
     0.066813031809020    -0.131493650951121    -0.236778734221466
6 14
    -0.002114396888385    -0.000283865992693     0.001583093316956
    -0.000393572341900    -0.002080299949609     0.001826321271101
     0.000669515936004     0.000673150636180    -0.003817718348450
6 15
     0.001736212238599     0.001866102261275     0.000685067523306
     0.001881864166037     0.001762237748803     0.000807847064752
    -0.003987926524313    -0.004079317617788     0.000565882842026
6 16
    -0.026256412761401     0.032305431626354    -0.012044049540186
     0.032564443531116    -0.031308113441673     0.015385985953641
     0.016145684586798    -0.012051033887629     0.029619755857899
6 17
     0.002854539619552    -0.003616977103804    -0.001450537635425
    -0.003204024722852     0.004048420288486     0.003916438334593
    -0.001849982079869     0.002869333175863     0.003025801492819
6 18
    -0.000163450459814    -0.000773282659360    -0.000424567397329
    -0.000152308453011     0.000280825050391     0.000043233969514
     0.000676452443940     0.000686362937768    -0.000999992157974
6 19
    -0.006052398872512    -0.000658612024439    -0.000088247952885
    -0.002648330278408    -0.002819040028975     0.002039464128244
     0.004833519904258     0.002630972064752    -0.001700736205593
6 20
     0.029130434460821     0.013601665753338     0.015708228237591
    -0.016062094167297    -0.028799922965482    -0.032343383093978
    -0.011090305492567    -0.031881668808264    -0.025163714380196
6 21
    -0.007256523872512     0.004040090356513     0.005193631015369
     0.003742987181910    -0.003900347568657    -0.003689279919375
     0.002241708396321    -0.004161127141597    -0.002454061602419
6 22
    -0.001936547682036    -0.001091397738725     0.000025914745528
     0.000252370118418    -0.002807962648022    -0.000193061665407
    -0.000338170571932     0.001351099048879    -0.001033208427816
6 23
     0.002913142794155    -0.002163683453011    -0.003544672556059
     0.001069600277148    -0.001580623362308     0.000110880794911
    -0.005786978111615     0.002488954207609     0.003448924508692
6 24
    -0.000421025856639    -0.002883881865709    -0.000585882873520
    -0.004866125913328    -0.002253067806752    -0.000746569601915
     0.003599002047115     0.000933265715545     0.002412640778534
6 25
     0.000046690413202    -0.002839084246662     0.002143531809020
    -0.004293832262535    -0.006943557886117     0.005681523652053
     0.004226785777274     0.005361733969514    -0.002673869142101
6 26
     0.000268313429075     0.001062751070799     0.001121898872512
    -0.001045229087931     0.002300134574200     0.000408390715545
     0.002244281809020     0.001158569286974    -0.002134837396070
6 27
     0.000759704302091     0.000483762975561    -0.001495311444948
     0.001202753054926     0.001425581002771     0.002641535556815
     0.000507414745528    -0.000763266030486     0.001304388794407
6 28
     0.020826650730663     0.014647264959688    -0.013086642794155
     0.015636005039053    -0.039747131298816     0.049825436350466
    -0.012340486048123     0.049682487937768    -0.039190569538927
6 29
     0.001501763825901     0.000545973293021    -0.002038126921139
     0.004215858213656     0.001267259574200    -0.003996722379693
    -0.001779682476694    -0.000393889046359     0.001066722127740
6 30
     0.007316668587805    -0.000046925516503     0.000441440539179
     0.002118153848576    -0.002807301933736    -0.000477982300328
    -0.001986773746536    -0.000542049760645    -0.002878722316704
6 31
    -0.007085563555052    -0.005639477103804    -0.003762079302091
    -0.003030294564122    -0.003034601536911    -0.004033817617788
    -0.004274962238599    -0.004572043808264    -0.004828629062736
6 32
    -0.032172444507433     0.034158370118418     0.015421765936004
     0.033552975277148    -0.027252623362308    -0.012270908887629
    -0.011992751921139     0.015859593096498     0.030218900699169
6 33
     0.004168952317964    -0.003222526706979     0.003925053634417
    -0.003638945357773     0.002931614732930    -0.001449821586042
     0.002827067523306    -0.001747593411439     0.003042184429327
6 34
    -0.028757259983623    -0.016480552500630    -0.032924781683044
     0.013107632023180     0.029440650447216     0.015326343096498
    -0.032118422556059    -0.011419192617788    -0.025464734221466
6 35
    -0.003865714348702     0.003915306626354    -0.003733265810028
     0.004143679642227    -0.006831256298816     0.005459360953641
    -0.004063628905266     0.002484499842530    -0.002214184618292
6 36
     0.000504150730663    -0.000236381865709     0.000034345301083
    -0.000936633849836    -0.000183049949609    -0.000455289840010
     0.000737309586798     0.000741297461577    -0.000836176681784
6 37
    -0.002634498078861    -0.002571687421265     0.001896938555052
    -0.000321340199043    -0.006672670981356    -0.000301305713026
     0.002367718316956     0.005151962144117    -0.001787740173847
6 38
    -0.002897127047115     0.000175217340640    -0.000106079302091
    -0.001247871945074    -0.002129216616276     0.000046499842530
     0.001336720301083    -0.000349762062232    -0.001124093348451
6 39
    -0.001127525856639     0.000560931626354    -0.000026545571932
    -0.002275316389519     0.002839537351978    -0.004062813649534
     0.002093051650290    -0.005582333490804     0.004255228080121
6 40
    -0.002114224269337    -0.004541610040312    -0.000628886841774
    -0.003006582262535    -0.000085355505165    -0.000705813649534
     0.001149908793147     0.003077073255228     0.002711420540438
6 41
    -0.006426331412194    -0.004415123929201     0.005797432602671
    -0.002796413611741     0.000123523463089     0.002369392699672
     0.005122426650290     0.004504085159990    -0.002462521919879
6 42
    -0.039838226253464     0.015869747102545     0.050134650856639
     0.013588505039053     0.020909985764676    -0.012229049760645
     0.050133912761401    -0.012721184681280    -0.039987117157974
6 43
     0.000823523746536     0.004023060594608    -0.003743105095742
     0.000432608213656     0.001424456002771    -0.001961950554296
    -0.000368710254472    -0.001742472379693     0.000949880857899
6 44
     0.002394095175107    -0.001003514802217     0.000353515936004
     0.001024280832703     0.000094878621819     0.001139896667926
     0.001226228237591     0.002036448255228    -0.002350140967498
6 45
     0.001369680492567     0.000942832420005     0.002621890936004
     0.000535270912069     0.000641293304359    -0.001491932697153
    -0.000713335254472     0.000653384763165     0.001292630857899
6 46
    -0.002957279824893     0.002383953451751    -0.000455944381456
    -0.000000270754598     0.007236719891660     0.000500995874276
    -0.000419511841774    -0.002409186665407    -0.003165950491308
6 47
    -0.002948660777274    -0.002958494960947    -0.003834986048123
    -0.005535683453011    -0.007148694790879    -0.003677355316201
    -0.004532974143361    -0.004165214443185    -0.004996629062736
6 48
    -0.038269408793147    -0.049380864008566    -0.015399513825901
    -0.049486173532376    -0.039016236457546    -0.015535694601915
    -0.011345372952885    -0.011587331506677     0.017786914588057
6 49
    -0.006647267920131    -0.006312935437138     0.003700367126480
    -0.006135838214916    -0.007024853521038     0.003608553413958
     0.001519815539179     0.001923424445704     0.003107751889645
6 50
    -0.001972744110607    -0.000132161627614     0.002915424666163
    -0.000281106072058     0.002180979812295     0.000268291509196
     0.002570994110607    -0.000290016030486    -0.001193809618292
6 51
     0.000581117000504     0.000620157816830    -0.000296466206853
     0.000549735197783     0.000864983780549     0.001168402620307
    -0.000734880889393     0.000649678413958     0.000688067365835
6 52
     0.002058658667171     0.000026278848576     0.000596373078861
     0.000056544721592    -0.002207768203578     0.003116378810784
    -0.000107144778282     0.002562327223482    -0.001659841364324
6 53
     0.000860045571932     0.000535064562862     0.001107523872512
     0.000628340356513     0.000417424256740    -0.000291196586042
     0.000614357205845    -0.000680752141597     0.000801914588057
6 54
    -0.003982049666163    -0.001044010833963    -0.001091726127488
    -0.001080570357773    -0.004150349552784    -0.001199504125724
     0.000219246094734     0.000141525636180     0.003346043556311
6 55
    -0.001839650856639    -0.001415276706979    -0.001090053508440
    -0.001428617976820    -0.001881446775006    -0.001172752141597
     0.001144561570925     0.001200954207609     0.002157202286470
6 56
    -0.001586519904258     0.001345570515243    -0.000711601127488
     0.001304647896196    -0.001573553917863    -0.000675178728899
     0.000765821491560     0.000809771667926     0.002180430461073
6 57
     0.001113926524313    -0.001258953294281     0.001138517920131
    -0.001264401706979     0.000977602828168     0.001146166509196
     0.001009152840766     0.001034218096498     0.001300561413454
6 58
    -0.000823869110607     0.000913759007307    -0.001642710254472
    -0.000768108056185     0.002819696082137     0.000578249842530
    -0.001444634857647    -0.000369333490804    -0.001434323507181
6 59
    -0.004113982205845     0.003401485197783    -0.004395740016377
     0.004228290753338    -0.002152244394054     0.003072017699672
    -0.004769670571932     0.005771585159990    -0.006630349300831
6 60
     0.002553732079869    -0.000525947341900     0.000422763951877
     0.001003022896196    -0.001021204711514    -0.001502208490804
    -0.000385982079869    -0.001359966427312    -0.001666375094482
6 61
    -0.002252015936004     0.004189094324767     0.002829615142353
     0.003366312578735    -0.004217391219451    -0.004146021982867
     0.005526164745528    -0.004601081506677    -0.007103694538927
6 62
    -0.000375013951877    -0.000258473135551     0.000231787761401
    -0.000293175516503    -0.000427893203578     0.000218202223482
     0.000380557602671     0.000329289525069    -0.000896835411943
6 63
     0.000819311444948    -0.001385393770471    -0.000406152714790
    -0.001410383849836     0.000757229812295    -0.000466500157470
    -0.000490118984631    -0.000578654919375     0.000458851095994
7 1
     0.000681646762409    -0.001773963214916    -0.001565591206853
    -0.001708052500630     0.000620086955152    -0.001686827538423
    -0.001325791603679    -0.001220537855883     0.006078069349962
7 2
     0.000385482079869     0.000521459404132     0.001548813555052
     0.000737885991434     0.001829102828168     0.003640864921895
    -0.004944055492567     0.006687237937768     0.001321912603930
7 3
    -0.032554279824893     0.013127048689846     0.029412357205845
    -0.016936276706979     0.025082721875787     0.013226497858403
     0.039877349269337    -0.016885321586042    -0.032763964380197
7 4
     0.001843781683044     0.000203485197783     0.004058541729655
     0.000385143927942     0.000044237748803     0.001847041509196
     0.006786660777274    -0.004285506109851     0.000764920540438
7 5
     0.025517416603679    -0.016633286627614     0.013488144904258
     0.013638578451751    -0.032214260267070     0.029950948255228
    -0.016845210254472     0.040137999842530    -0.033079281840514
7 6
    -0.223854172682036    -0.049052294564122    -0.125742771762409
    -0.048937925516503    -0.224924573759133    -0.128161051744772
    -0.108141587238599    -0.110518734284454    -0.232216363189720
7 7
     0.895031130889392    -0.035322344167296     0.084419496094734
    -0.035322344167296     0.897125366717057     0.083683466112371
     0.084419496094734     0.083683466112371     0.957565505857898
7 8
     0.000877630889393    -0.001380641786344     0.000933027840766
    -0.001359352103804     0.000755380605946     0.000977317302847
     0.001751674666163     0.001798700239355     0.001492976095994
7 9
    -0.000406918713782     0.001628149880322    -0.000396740016377
     0.001635245118418    -0.000447486457546    -0.000534908887629
     0.000118168713782     0.000044208175863     0.003008051492819
7 10
    -0.006466313555052     0.005781431626354    -0.007493831286218
     0.003330026864449    -0.005979829711514     0.001599523652053
    -0.002594281683044     0.004786172461577    -0.000092646919879
7 11
    -0.033270712364576    -0.025123961230789    -0.032061601127488
     0.015448836388259     0.025943569098010     0.022982521667926
    -0.029670198349710    -0.014790692617788    -0.030885065570673
7 12
    -0.005809496094734     0.003322639959688     0.001856529824893
     0.005659903848576    -0.006349575743260    -0.007720192617788
     0.005010609189972    -0.002701327538423     0.000025025699169
7 13
     0.025913571365583     0.015490183610481     0.023408486174099
    -0.024960951310154    -0.033005018203578    -0.030772539840010
    -0.014653200333837    -0.029452258093978    -0.030838240173847
7 14
     0.003729906683044    -0.001180659643487    -0.003167698349710
    -0.001180871945074     0.003969140526581    -0.003337228332074
    -0.003517466206853    -0.003555331506677     0.000339400699169
7 15
    -0.001440234189972     0.000127808610481     0.000082900856639
     0.000121064562862    -0.001453071775006    -0.000024827538423
    -0.000174783667171    -0.000296174760645    -0.001186248110355
7 16
     0.002557015810028    -0.003753737024439     0.001068408793147
    -0.000829856072058     0.001468952034518     0.000350936350466
     0.001676077443941     0.001431358969514     0.002915624905518
7 17
    -0.029219781809020     0.031955604245402     0.016961920697909
     0.032761300673973    -0.029655264235324    -0.016494861268581
    -0.015155339222726     0.015250601033006     0.031179795540438
7 18
    -0.003360021888385     0.003358173689846    -0.004309609063996
     0.003246516943815    -0.002479734473419     0.004725309366339
    -0.005507904698917     0.005711755794911    -0.007713498110355
7 19
    -0.001033220301083    -0.000358030675233    -0.000977664619552
    -0.000734254881582     0.001292400447216     0.001087414525069
    -0.007412337238599    -0.000744385078105    -0.002516492157974
7 20
    -0.194322386967750     0.048949622102545     0.040062811570925
     0.042895981229529    -0.188655107489292    -0.039823057697153
     0.037276837364575    -0.040335775951121    -0.190961470332577
7 21
     0.029850029698917    -0.018433453294281    -0.017752910651298
     0.016195187578735    -0.027589157092467    -0.030932204522550
     0.017557226253464    -0.029810109284454    -0.029661192554800
7 22
     0.002304755889393    -0.001433316389519     0.000234373078861
    -0.002843054484757     0.002156352828168    -0.001795361268582
    -0.000687277714790    -0.003253758093978     0.002109410619803
7 23
    -0.002147928634417    -0.000378477103804     0.000525035777274
     0.000541800673973    -0.003342682886117     0.000821706191736
     0.000994164745528    -0.001093652935248    -0.003715456443689
7 24
    -0.002102972285210    -0.002996425516503     0.003276325459814
    -0.005738800516503    -0.005367627330562     0.004651255794911
    -0.000498105095742     0.002448658572688    -0.002855990173847
7 25
    -0.001695381015369    -0.001822877897455     0.001585615142353
    -0.001084256865709    -0.002629992409927     0.000144224048879
    -0.000164821365583     0.001160751826657    -0.000683500094482
7 26
     0.000837742000504     0.000781582420005    -0.001477142794155
     0.001241221308894     0.000547700050391     0.001107091112371
    -0.002170950333837     0.000714462144117     0.000521781651550
7 27
    -0.002018617126480    -0.001143780675233     0.001211521888385
     0.001396578451751     0.000464646478962    -0.000085014046359
     0.002337432602671    -0.000023873173343    -0.001359492157974
7 28
     0.005731829302091    -0.000759903691106     0.001452565539179
     0.001750955435878     0.002186934177375    -0.003610988252708
     0.001642656809020    -0.003433619205089     0.001949424508692
7 29
     0.028330942397329     0.011091179642227    -0.013773043587805
    -0.016040441389519    -0.032623924949609     0.033515103017133
     0.018130585380448     0.028624878810784    -0.026986158824641
7 30
    -0.007137152840766    -0.004484094167297    -0.004188726127488
    -0.004224770754598    -0.002365361457546    -0.002958406903502
    -0.001467755889393    -0.002125656903502    -0.003023728269085
7 31
     0.007287115016377    -0.000198895754598     0.000001004031242
    -0.002369344167297    -0.002227161060721    -0.000596492220962
    -0.001057694381456     0.000394724048879    -0.001001885015117
7 32
     0.001971984063996    -0.000859673532376     0.000276224269337
    -0.003838574326027     0.002943317113883     0.000956666509196
     0.001355015936004     0.001583485953641     0.003144394746788
7 33
    -0.029636994110607     0.032978054642227    -0.016473613032250
     0.032276880039053    -0.029198194790879     0.016992128810784
     0.015220585380448    -0.015177200554296     0.031196178476946
7 34
    -0.191434831412194     0.046136278848576    -0.043173573349710
     0.051955957420005    -0.196176909076594     0.042824918493323
    -0.043539154698917     0.040266325239355    -0.193761365173847
7 35
    -0.027381410777274     0.016070262975561    -0.030791557476694
    -0.018715619960947     0.030177059177375    -0.018026813649534
    -0.029578486048123     0.017382267699672    -0.029603565570673
7 36
    -0.002557045697909     0.003238699483497     0.004852303634417
     0.003448691546989    -0.003488234473419    -0.004300839443185
     0.005741452443941    -0.005577684681280    -0.007659807634165
7 37
     0.001448305492567    -0.000389106072058     0.000974646888385
     0.000019610197783    -0.001312730505165    -0.001376730316201
    -0.000780388825901    -0.007941894998740    -0.002480746126228
7 38
     0.002228051524313    -0.002867451310154    -0.001696495968758
    -0.001468421548249     0.002281098859914     0.000228950239355
    -0.003156761841774    -0.000702244205089     0.002132150699169
7 39
    -0.003295097285210     0.000466137975561     0.001138162761401
    -0.000490990992693    -0.002130772171832     0.000602886747291
    -0.000844430492567     0.000798184366339    -0.004159527872260
7 40
    -0.005314170697909    -0.005738153691106     0.004683696491560
    -0.003106006865709    -0.002088165028975     0.003247386747292
     0.002690051650290    -0.000302158887629    -0.002624210411943
7 41
    -0.002309777840766    -0.001001917579995     0.000206890936004
    -0.001836963214916    -0.001455536060721     0.001495718096498
     0.001371069507433    -0.000341771982867    -0.000482527872260
7 42
     0.002214702317964     0.001749078451751    -0.003650640810028
    -0.000814419564122     0.005568801240867     0.001356650636180
    -0.003593694381456     0.001529958175863     0.001894251889645
7 43
    -0.032871172682036    -0.016221358056185     0.033792728237591
     0.010951433610481     0.028073896478962    -0.013683625157470
     0.028843182602671     0.018091295477450    -0.027100875094482
7 44
     0.000532523746536     0.001178441546989     0.001185849269337
     0.000744106229529     0.000659569098010    -0.001658027935248
     0.000804996094734    -0.002222033887629     0.000451853080121
7 45
     0.000538484063996     0.001413038769211     0.000071974269337
    -0.001116528691106    -0.002050516219451     0.001143892699672
    -0.000006942397329     0.002115402620307    -0.001477875094482
7 46
    -0.002514101253464    -0.003980215199043    -0.002830236048123
    -0.004310695357773    -0.007390589632149    -0.004421053728899
    -0.002079118984631    -0.001492293808264    -0.003294831443689
7 47
    -0.002357982205845    -0.002361413611741    -0.000568402714790
    -0.000148983056185     0.007171745685311     0.000030095080625
     0.000483043713782    -0.001075196586042    -0.001207010015117
7 48
    -0.165660980221718    -0.018629282659360     0.027613694507433
    -0.018879848135550    -0.165410170981355     0.027840005794911
     0.050564644904258     0.050854436350466    -0.174643966364323
7 49
    -0.027741464348702    -0.031999604087931     0.015671825459814
    -0.031987512818090    -0.028177163044848     0.015590753810784
    -0.017050666603678    -0.017406557697153     0.024183995937264
7 50
     0.004251309460821     0.001033419721592    -0.000858742000504
     0.003097219324767     0.000711420288486     0.001251241906022
    -0.001059738032250     0.001569876826657     0.005407434429327
7 51
    -0.001243079428068     0.000212364166037     0.001102617126480
    -0.000836939405392     0.002258674256740    -0.000858146982867
     0.001456386967750     0.001463946271101    -0.001277688586546
7 52
     0.000596712238599     0.003338610197783     0.001390081412195
     0.001207995118418     0.004085547272613    -0.001039795792391
     0.001786248078861    -0.001049904919375     0.005500277683296
7 53
     0.002192849143361    -0.000875479087931    -0.000717642794155
     0.000223915753338    -0.001445510267070     0.001082128810784
     0.001556625062988     0.001357015715545    -0.001297966364324
7 54
    -0.001560246094734    -0.002246929484757    -0.005437642794155
    -0.002210869960947    -0.001725659076594    -0.005615803728899
    -0.004656236048123    -0.004828831506677    -0.004844337396070
7 55
    -0.001084972285210     0.001345054642227     0.002881029824893
     0.001325082420005    -0.001094506298816     0.002923198255228
    -0.002952795571932    -0.003010027935248     0.006392571334089
7 56
     0.004652658667171    -0.000571098135551     0.002154732205845
    -0.000540776706979     0.004691886558327     0.002167271667926
     0.001978464348702     0.001979914525069     0.001640049508692
7 57
    -0.000887769904258     0.000901253054926     0.001155101253464
     0.000903048689846    -0.001016831695641     0.001087616906022
    -0.001103579302091    -0.001222264046359     0.002860055461073
7 58
    -0.005549690539179     0.004505215356513    -0.004715251921139
     0.004846217340640    -0.002224238441673     0.002983075239355
    -0.004229617000504     0.003485184366339    -0.002896329459562
7 59
    -0.001594428634417    -0.001065933453011    -0.002030531683044
    -0.000044758849836     0.002348821082137    -0.000742156903502
    -0.001847902714790    -0.000020896982867    -0.000159730253212
7 60
    -0.002493089348702     0.005069259007307     0.003050847285210
     0.004589848293021    -0.005658389235324    -0.004558883093978
     0.003424660777274    -0.004193073570169    -0.003121881046863
7 61
     0.002023162635425     0.000172300673973    -0.000769301524313
    -0.000861612024439    -0.001830700743260    -0.001918696586042
    -0.000067817397329    -0.001765563649534    -0.000512700491308
7 62
     0.001276289619552    -0.000976391786344    -0.001358003905266
    -0.000973225119678     0.001245672272613    -0.001459347379693
    -0.001602299540186    -0.001666567617788     0.000728658635676
7 63
    -0.000479134983623    -0.000131687421265     0.000188680618544
    -0.000122933453011    -0.000519454711514     0.000078075239355
    -0.000716976127488    -0.000829387062232    -0.000656154856387
8 1
     0.000303896762409    -0.000342971151424     0.000047837364575
    -0.000282350119677     0.000160850844041     0.000198531588561
    -0.000774759857647    -0.000635436665407    -0.001940210411943
8 2
     0.030439107079869    -0.012467673532376     0.015582867126480
     0.015531963372386    -0.026800508282943     0.034387599048879
    -0.011865398746536     0.033674089128244    -0.032332117157974
8 3
     0.003399095175107     0.000916540753338     0.000195535777274
     0.001549175673973     0.003244985764676    -0.001246393014613
     0.001189756015369    -0.004082845395566     0.002472755857899
8 4
    -0.025372593316956     0.015265602261275     0.033055720301083
    -0.012460153691106     0.030261501637692     0.016000025636180
     0.032496567523306    -0.011536154919375    -0.031405734221466
8 5
     0.003462791603679     0.001954955435878    -0.001556801524313
     0.001295905832703     0.003852878621819     0.000383557382212
    -0.004106803508440     0.001289976033006     0.002846688397581
8 6
     0.000379702317964     0.000342947499370    -0.000611593190980
     0.000314901864449     0.000365815129756    -0.000513692617788
     0.000365944507433     0.000521866906022     0.000834107048375
8 7
     0.000877630889393    -0.001359352103804     0.001751674666163
    -0.001380641786344     0.000755380605946     0.001798700239355
     0.000933027840766     0.000977317302847     0.001492976095994
8 8
     0.879636130889393    -0.002393899722852    -0.002255168587806
    -0.002393899722852     0.884677144494835    -0.002985698570169
    -0.002255168587806    -0.002985698570169     0.880472946334089
8 9
    -0.195740918713782    -0.041740608056185    -0.042620811444948
    -0.041664802500630    -0.195750972568657    -0.042420924760645
    -0.040781424540186    -0.040558565633661    -0.195071603269085
8 10
     0.031505686444948     0.017317298689846     0.015758597285210
    -0.017559770754598    -0.029430940822625    -0.032485992220962
    -0.017063624937012    -0.032767226347947    -0.031033676681784
8 11
    -0.007417962364575     0.004300155832703     0.004323452443941
     0.004563038769211    -0.002570042013102    -0.003152619205089
     0.005529333396321    -0.003385341427312    -0.002355595332577
8 12
    -0.029391996094734    -0.017251492976820    -0.032349791603678
     0.017384106229529     0.031432313145629     0.015802166509196
    -0.032595609063996    -0.016646851347947    -0.030408754062736
8 13
    -0.002437678634417     0.004432925673973    -0.003291710254472
     0.004227376070799    -0.007688504314689     0.004487819286974
    -0.003410043587805     0.005599718096498    -0.002301394935752
8 14
    -0.029622468316956    -0.032124542579995    -0.016202769778282
    -0.032124919564122    -0.029584220584530    -0.016182369205089
     0.015764940539179     0.015916519683799     0.032242370937264
8 15
    -0.001798984189972    -0.004312699326027     0.004430829428068
    -0.004330233056185    -0.001974432886117     0.004564281588561
     0.004780748078861     0.004909176429831    -0.005732402872260
8 16
     0.008901890810028     0.001081755039053     0.000082462364575
     0.000380471308894    -0.000679159076594    -0.000355954522550
     0.000573109189972     0.000160585159990    -0.000712529856387
8 17
    -0.005876906809020    -0.004572153691106    -0.004466775730663
    -0.004245246945074    -0.002777250346435    -0.004065502141597
    -0.003886932476694    -0.004243922776518    -0.002773109221466
8 18
     0.029648978111615    -0.016941209246662    -0.015885305492567
     0.015671594324767    -0.026636970584530    -0.030103831506677
     0.016713752047115    -0.029098268014613    -0.027351277872260
8 19
    -0.194945345301083     0.043013586388259     0.045074888951877
     0.042722447499370    -0.197088835663895    -0.046067101347947
     0.042033069507433    -0.051422033887629    -0.192209396919879
8 20
    -0.000167636967750     0.001094864166037    -0.001520759857647
    -0.001396816389519     0.002667156399597     0.000387801429831
    -0.001516380889393    -0.000577799760645    -0.001088500094482
8 21
    -0.002007970301083     0.003301288769211    -0.004761607079869
     0.003960764959688    -0.002467393203578     0.004279029604434
    -0.004392367000504     0.003964491906022    -0.005824472316704
8 22
    -0.000343494110607    -0.001147199326027     0.001218801650290
    -0.001044352103804    -0.001084008282943    -0.000722627141597
    -0.000947620968758     0.000653593096498     0.002521380857899
8 23
    -0.006081553634417    -0.002601860040312     0.001059964348702
    -0.005395246945074    -0.005194293997229     0.005295565318720
     0.007421321491560     0.001132948255228     0.000815263794407
8 24
    -0.001072472285210     0.000557191546989     0.000154879031242
     0.000302526864449    -0.003089363441673    -0.000421510078105
    -0.000603698349710    -0.000035615236835    -0.001058644935752
8 25
     0.003518743984631    -0.002912510833963    -0.000041581286218
    -0.002646554484757     0.001892146478962    -0.002284041824137
    -0.000260164619552    -0.003011896982867     0.004444595143613
8 26
     0.031410367000504     0.016763074483497    -0.017171839222726
    -0.016772201310154    -0.027948661060721     0.031093825239355
     0.015871206412195     0.031855188334593    -0.027760748110355
8 27
     0.003762757873520     0.000588461388259     0.002246200459814
     0.000419030832703     0.003814660367851    -0.002528779919375
     0.002951464348702    -0.002756396982867     0.001193728080121
8 28
     0.000168079302091    -0.000834786627614     0.001355744110607
     0.001463407816830     0.002892698066264     0.001189245874276
     0.001685688555052    -0.000148393014613    -0.001368730253212
8 29
     0.001381317397329     0.001351421705719    -0.001093365016377
     0.001268385991434     0.001154838939279     0.001379337144117
    -0.001124757873520     0.001385980001260     0.001207186413454
8 30
    -0.028904152840766     0.034257022896195     0.015760077443941
     0.032290306626354    -0.030636847568657    -0.016800797776518
    -0.017111099143361     0.017002819286974     0.026786741969010
8 31
     0.001609990016377    -0.002762403691106     0.002754932602671
    -0.002437391786344     0.005076477828168     0.000354991906022
     0.003037837364575     0.000786200239355     0.004615585222978
8 32
    -0.000394640936004     0.000442068531116    -0.000508472159234
     0.001132503054926     0.009148456002771     0.000205525636180
    -0.000078952317964     0.000838462144117    -0.000419385015117
8 33
    -0.002537369110607    -0.004181328294281    -0.004244309460821
    -0.004480417579995    -0.005924930901990    -0.004334637062232
    -0.004517007873520    -0.003750724363820    -0.002840226284958
8 34
     0.003060293587805    -0.001294729087931     0.000322105221718
     0.001208284800957     0.000101729812295    -0.001374597379693
    -0.000656747952885    -0.001408448570169    -0.000890019935752
8 35
    -0.002291910777274     0.004082880039053     0.004371996094734
     0.003444332420005    -0.001612176933736    -0.004504954522550
     0.004209170697909    -0.004258756109851    -0.005412845332577
8 36
    -0.026684545697909     0.015369066546989    -0.030459767794155
    -0.017085356072058     0.029502779415470    -0.015511980316201
    -0.029588265810028     0.016820041509196    -0.027409087396070
8 37
    -0.194603444507432     0.040652760991434    -0.042121549540186
     0.040611062578735    -0.191469841616276     0.040496753810784
    -0.047425232079869     0.037759831191736    -0.187894525888133
8 38
    -0.000981573475687    -0.001080834246662    -0.000824067397329
    -0.001174344167297    -0.000399387251197     0.001375434366339
     0.000551894904258    -0.000831518014613     0.002499495937264
8 39
    -0.005025222285210    -0.005413869960947     0.005427966332829
    -0.002657038611741    -0.006336883282943     0.001123620874276
     0.001084226253464     0.007830410556815     0.000768942365835
8 40
    -0.002878670697909     0.000311213372386    -0.000454749937012
     0.000554820515243    -0.000968026140086     0.000304120874276
    -0.000098166603679    -0.000411682697153    -0.000880240173847
8 41
     0.002363597159234    -0.002563425516503    -0.002457180492567
    -0.002843635833963     0.003539227828168     0.000098077223482
    -0.003155648746536    -0.000094170792391     0.004673317365835
8 42
     0.002926577317964     0.001491320515243     0.000915537761401
    -0.000878342183170     0.000008565129756     0.001531384763165
    -0.000410912635425     0.001839559366339    -0.001401152872260
8 43
     0.001148077317964     0.001291384007307     0.001210031809020
     0.001400760991434     0.001257910367851    -0.000938016030486
     0.001253589348702    -0.000988353332074     0.001117595143613
8 44
    -0.027974226253464    -0.017160066389519     0.031264902840766
     0.016651683610481     0.031295832986898    -0.017088043808264
     0.031952402840766     0.016214317302847    -0.028153426681784
8 45
     0.003911609063996     0.000418030832703    -0.002620472159234
     0.000599298689846     0.003714372669438     0.002393626826657
    -0.002946660651298     0.003082503810784     0.001228845143613
8 46
    -0.031050851253464     0.032672776864449    -0.017032682476694
     0.034624507023180    -0.029219325743260     0.015713180398085
     0.017022162761401    -0.017217192617788     0.026644138794407
8 47
     0.004919017794155    -0.002349296548249     0.000234150856639
    -0.002660280675233     0.001464009574200     0.002961579207609
     0.000680325459814     0.003263779604434     0.004484335222978
8 48
    -0.000508980221718    -0.000288790595868    -0.000456501921139
    -0.000301520754598    -0.000550157092467    -0.000348635078105
    -0.000099448349710     0.000020662540942    -0.000555371126228
8 49
     0.001472160651298    -0.001824987024439    -0.001431620968758
    -0.001806935437138     0.001176725844041    -0.001367762062232
    -0.001606384857647    -0.001501706506677     0.002265216175359
8 50
     0.002677684460821    -0.000453213214916     0.000364061570925
     0.001289796705719    -0.000482315822625     0.000700226033006
     0.000957793713782     0.001118728017133    -0.001769845332577
8 51
     0.001701795571932     0.002104356229529     0.002840545697909
     0.002222887975561     0.004657938145629    -0.000336537855883
     0.002331918713782    -0.000467702538423     0.004495031651550
8 52
    -0.000577162761401     0.001552727261275     0.000632884983623
    -0.000311427500630     0.002418061161502     0.000511563334593
     0.001140154824893     0.001030696271101    -0.001835252078609
8 53
     0.004628724143361     0.002212137975561    -0.000460464222726
     0.002152493134291     0.001531753621819     0.002959112937768
    -0.000545718190980     0.002518991906022     0.004483628873772
8 54
    -0.000299246094734     0.000905312578735     0.000537035777274
     0.000904082420005    -0.000477020187705     0.000634430398085
    -0.000993454302091    -0.000935355316201     0.002506382842026
8 55
     0.004064527714790    -0.000646953294281     0.003292083396321
    -0.000625340199043     0.003876007590073     0.003416682382212
     0.003002486174099     0.003083323255228    -0.000194333427816
8 56
    -0.001603341332829     0.000021393927942    -0.000384964222726
     0.000027425673973    -0.001614099552784    -0.000255244205089
    -0.000299628905266    -0.000141609284455     0.009894519746788
8 57
    -0.002106894904258    -0.004259754881582    -0.004309970175107
    -0.004223748929201    -0.002290692806752    -0.004180648966994
    -0.004778297556059    -0.004657912855883    -0.005942474300831
8 58
     0.003420559460821     0.000766957420005    -0.000519198349710
    -0.000688455278408     0.000073775447216    -0.001398440633661
     0.000680039745528    -0.001292589443185    -0.000337859221466
8 59
    -0.002079303634417     0.004665058610481     0.003442396888385
     0.004546443531116    -0.006049415028975    -0.004604172776518
     0.003703879031242    -0.004300920792391    -0.002061635015117
8 60
    -0.000097464348702    -0.000558373929201    -0.001642724143361
     0.000903675673973     0.003244999653565    -0.000228898966994
    -0.001517307476694     0.000963777620307    -0.000540160808768
8 61
    -0.006368087364575     0.004717417737465    -0.004804872952885
     0.004857590356513    -0.002299811854371     0.003660412540942
    -0.004479910651298     0.003927287540942    -0.002330480253212
8 62
    -0.028304710380448    -0.031676774722852     0.017136174666163
    -0.031695397738725    -0.028475438838498     0.017233761747292
    -0.016484892794155    -0.016415966427312     0.031695128873772
8 63
    -0.199151009983623    -0.042698195357773     0.041717109189972
    -0.042910231072058    -0.199689065822625     0.041888434366339
     0.042460680618544     0.042424214128244    -0.195105684618292
9 1
     0.001388722159234     0.002086501070799    -0.004515918587805
     0.002074941546989     0.001446983780549    -0.004465085474931
    -0.002985277714790    -0.003043037855883     0.005465114984883
9 2
     0.003063932476694    -0.001371076310154     0.003866986174099
    -0.001697494960947     0.003078624653565    -0.003135018014613
     0.002766208396321    -0.003582137062232     0.004102458238851
9 3
     0.031350545571932     0.016757137975561    -0.016495845175107
    -0.015474657659360    -0.029130506298816     0.032891989921895
     0.015366988158226     0.032177178413958    -0.029507918745276
9 4
     0.002976482079869    -0.001686050516503    -0.003034535651298
    -0.001255987024439     0.003258259574200     0.003765033572688
    -0.003534950333837     0.002714868890149     0.004313216175359
9 5
    -0.028719632999496    -0.015564572341900     0.032550192523306
     0.016797322499370     0.032074761558327    -0.016359059681280
     0.031725178634417     0.015814499842530    -0.028925486205593
9 6
     0.002447527714790     0.002090544721592     0.003832150856639
     0.002004818531116     0.002541323066264     0.003853690318720
     0.003163051650290     0.003209515715545     0.003437182445200
9 7
    -0.000406918713782     0.001635245118418     0.000118168713782
     0.001628149880322    -0.000447486457546     0.000044208175863
    -0.000396740016377    -0.000534908887629     0.003008051492819
9 8
    -0.195740918713782    -0.041664802500630    -0.040781424540186
    -0.041740608056185    -0.195750972568657    -0.040558565633661
    -0.042620811444948    -0.042420924760645    -0.195071603269085
9 9
     0.896762531683044    -0.011743885833963    -0.007911942397329
    -0.011743885833963     0.897320910367851    -0.003833791824137
    -0.007911942397329    -0.003833791824137     0.890769847127740
9 10
    -0.206078863158226     0.050421895912069     0.053209091332829
     0.050577395912069    -0.205731682886117    -0.052592234284455
     0.053872482205845    -0.052913077538423    -0.205525851284958
9 11
     0.031921863032250    -0.016820371945074    -0.016331553508440
     0.014282705435878    -0.028765784076594    -0.033594736268581
     0.014061690539179    -0.031701692617788    -0.029998019935752
9 12
    -0.203360295697909     0.048195979245402    -0.050027047556059
     0.048075272896195    -0.204125178917863     0.050595674445704
    -0.050230501921139     0.051193422461577    -0.203077553665911
9 13
    -0.028906478237591     0.014176397896196    -0.033569591206853
    -0.016825707262535     0.031783878621819    -0.016267422776518
    -0.031471686444948     0.013921366906022    -0.029569944538927
9 14
    -0.200785517920131    -0.046663445357773     0.046594224269337
    -0.046607252897455    -0.201232087648022     0.046763763731418
     0.047435672682036     0.047677168493323    -0.199613428665911
9 15
    -0.028200533793147    -0.031421977103804     0.016614698475687
    -0.031408566389519    -0.028321674949609     0.016695539525069
    -0.017059269778282    -0.017303049760645     0.031494547524565
9 16
    -0.006615408793147    -0.003485522738725    -0.004311918587805
    -0.004225987024439    -0.003324276140086    -0.004090196586042
    -0.004686283667171    -0.004416766030486    -0.003309829459562
9 17
     0.010430293587805     0.000235818531116    -0.000104781683044
    -0.000075330278408    -0.000129617409927     0.000065505794911
     0.000298799666163     0.000139476033006    -0.000072658824641
9 18
    -0.006334821491560     0.003752762975561     0.004328188555052
     0.004070760991434    -0.003339837648022    -0.004031573570169
     0.004383234189972    -0.004424744205089    -0.003189077475435
9 19
     0.031903355095742     0.016381933610481     0.016511632999496
    -0.015040885833963    -0.028512702727387    -0.033135968411439
    -0.015002073349710    -0.031632260078105    -0.029603821523054
9 20
    -0.006526061570925     0.003438586388259    -0.004122890810028
     0.004058975277148    -0.003202960663895     0.004137684366339
    -0.004732898746536     0.004349349048879    -0.003578174697657
9 21
    -0.000122269904258    -0.000846864008566    -0.001411613032250
     0.000619431626354     0.003334989732930    -0.000835712459058
    -0.001623259857647     0.000617265715545    -0.000299521919879
9 22
    -0.006360043713782    -0.003934602103804     0.004481920697909
    -0.004012560437138    -0.003114375346435     0.003709880794911
     0.004593111174099     0.004119491906022    -0.003296043745276
9 23
    -0.000776353237591    -0.001347262818090    -0.000399291603679
    -0.001557955278408    -0.000510161060721     0.000327823255228
    -0.000127571365583     0.000148597064752     0.001889339191232
9 24
     0.004251353111615    -0.001991836230789    -0.000780626921139
    -0.002661431468884     0.001516394494835    -0.003142377141597
     0.000578908793147    -0.003005341427312     0.004772180461073
9 25
    -0.000145055618544     0.000120836388259     0.000183537761401
     0.000116112181910    -0.002023845584530     0.000034341112371
    -0.000344807476694    -0.000110873173343    -0.000159954459562
9 26
     0.004140442397329     0.001810671705719     0.000997779824893
     0.001876840356513     0.001784596875787    -0.003012291824137
    -0.000235686444948    -0.003708787855883     0.004493452286470
9 27
     0.033335708270345    -0.017181191389519     0.015935444507433
     0.015689447499370    -0.029272081695641     0.034275603017133
    -0.016525303508440     0.033598876826657    -0.030121196523054
9 28
     0.003817529698917     0.002059560594608    -0.000915136841774
     0.002409074483497     0.001289331002771     0.003309628810784
     0.000498170697909     0.003121505794911     0.004659595143613
9 29
    -0.000271107205845     0.001109018927942     0.001369129031242
    -0.000361322341900     0.002983221875787    -0.000669529919375
     0.001455974269337     0.000833003810784    -0.000151363189720
9 30
     0.004117297556059    -0.002527629881582     0.000849696491560
    -0.002721401706979     0.001397410367851     0.002998210159990
    -0.000043367000504     0.002895843096498     0.004838817365835
9 31
    -0.028605684586798     0.031858568531116    -0.016838448349710
     0.032261399880322    -0.028725764235324     0.017046124842530
     0.017205569507433    -0.017366150951121     0.030585660619803
9 32
    -0.003120190539179    -0.004144459246662    -0.004208853111615
    -0.003500080278408    -0.006290911060721    -0.004222841427312
    -0.004521970175107    -0.004547389046359    -0.002887309618292
9 33
     0.000076331286218    -0.000078356072058     0.000080934586798
     0.000223374086672     0.010546702034518    -0.000104879125724
     0.000113224269337     0.000245049445704     0.000047224111867
9 34
    -0.002804381015369     0.004188118134291     0.004095599269337
     0.003593951467624    -0.006126012251197    -0.004128714443185
     0.004276609189972    -0.004735924760645    -0.003309194538927
9 35
     0.003408664619552     0.000757852261275    -0.000681009857647
    -0.000724750913328     0.000179581002771    -0.001241696586042
     0.000783152840766    -0.001420857300328    -0.000020519935752
9 36
    -0.003396095301083     0.004003038769211    -0.004086023746536
     0.003703935594608    -0.006347087648022     0.004341902620307
    -0.004419533667171     0.004345065318720    -0.003043136999244
9 37
    -0.028768619110607    -0.014398516786344    -0.033504305492567
     0.016900729245402     0.031510541320232     0.016365011747292
    -0.031619374937012    -0.014509644998740    -0.029453075491308
9 38
    -0.003083123078861    -0.004066612024439     0.003677426650290
    -0.003975677500630    -0.006342254314689     0.004493817302847
     0.004055127047115     0.004606005794911    -0.003248553665911
9 39
    -0.000434896888385    -0.001689897738725     0.000401210380448
    -0.001476371945074    -0.000773000346435    -0.000393996189216
     0.000242333396321    -0.000160690633661     0.001893892762661
9 40
     0.001650779698917    -0.002616064405392    -0.002954380889393
    -0.001955637818090     0.004442606796422    -0.000794246189216
    -0.002940559460821     0.000566341112371     0.004956585222978
9 41
    -0.001738327443941     0.000174671705719     0.000026063555052
     0.000171405832703     0.000031985764676     0.000206960159990
    -0.000088166603679    -0.000326271982867     0.000024767762661
9 42
     0.001255027714790     0.002430792737465     0.003174781809020
     0.002103324483497     0.003771448066264    -0.000889482300328
     0.003065319507433     0.000547958175863     0.004575422524565
9 43
     0.002876902714790    -0.000313268770471    -0.000685724143361
     0.001154427658100    -0.000340081695641     0.001403491906022
     0.000820446491560     0.001452920477450    -0.000233079459562
9 44
     0.001749349143361     0.001809655832703    -0.002977478111615
     0.001744225277148     0.003954090923406     0.000878964128244
    -0.003747865016377    -0.000367908887629     0.004364023715042
9 45
    -0.029282815539179     0.015785628054926     0.034269646888385
    -0.017193534643487     0.033409130605946     0.015977634763165
     0.033309821491560    -0.016320847379693    -0.030028954459562
9 46
     0.001241849143361    -0.002611000913328     0.003055311570925
    -0.002382701310154     0.003952682193248     0.000740188334593
     0.003020769904258    -0.000182793808264     0.004504464191232
9 47
    -0.028801406809020     0.032170425673973     0.016959394904258
     0.032055510991434    -0.028809357489292    -0.017006912855883
    -0.017177942397329     0.017175428413958     0.030440785619803
9 48
     0.001303470175107    -0.001360693373646    -0.001035632873520
    -0.001345479087931     0.001376475844041    -0.001041252141597
    -0.001327591206853    -0.001332688649534     0.000945704270597
9 49
     0.000453361048123    -0.000005264802217    -0.000051626921139
    -0.000017643770471     0.000263733780549    -0.000086129125724
    -0.000138027714790    -0.000175682697153    -0.000081458427816
9 50
     0.001724509857647     0.001157134007307     0.001414305618544
     0.001119463372386     0.001529567113883    -0.001411141030486
     0.001291775856639    -0.001489748173343     0.001674105064248
9 51
     0.003213495968758     0.000636203451751     0.000901164745528
    -0.000704320357773    -0.000107428917863     0.001183720080625
    -0.000432474143361     0.001560071271101    -0.000241642951625
9 52
     0.001341412635425     0.001318199483497    -0.001255370968758
     0.001334989166037     0.001556319098010     0.001369571271101
    -0.001356113032250     0.001252845080625     0.001616448318216
9 53
    -0.000204700459814    -0.000724764802217     0.001200404824893
     0.000655034800957     0.003093886558327     0.000913120874276
     0.001567263951877    -0.000416109284455    -0.000209420729403
9 54
     0.001489454302091    -0.001419965199043     0.001129779824893
    -0.001421125913328     0.001393112748803     0.001082563334593
     0.001025652840766     0.000986418493323     0.001626458238851
9 55
    -0.000418896888385     0.001911143927942    -0.000571172556059
     0.001899201467624    -0.000435609473419    -0.000561934681280
     0.001220593316956     0.001200847064752     0.001391491969010
9 56
    -0.002068640936004    -0.003594258849836    -0.004632345175107
    -0.003611157659360    -0.001997466616276    -0.004565736268581
    -0.004937146762409    -0.004864210474931    -0.006299279856387
9 57
    -0.000491444507433    -0.000044407659360    -0.000005101127488
    -0.000045457262535    -0.000640059870244    -0.000050141030486
     0.000184309586798     0.000153985953641     0.010142976095994
9 58
    -0.002107615142353     0.003440179642227     0.004436045697909
     0.003458711388259    -0.001859591616276    -0.004361307697153
     0.004476146888385    -0.004540315633661    -0.005820658824641
9 59
     0.003224646762409    -0.000619594167297     0.000762390936004
     0.000696360197783     0.000055592907533    -0.001363789840010
    -0.000593388825901    -0.001379896982867    -0.000140309618292
9 60
    -0.002124138951877     0.003540348293021    -0.004460605095742
     0.003624842340640    -0.002265492409927     0.004603733969514
    -0.004589700333837     0.004564301429831    -0.006006835411943
9 61
    -0.000343886967750     0.000923389959688    -0.001494753905266
    -0.000413617976820     0.002994821082137     0.000937170477450
    -0.001527178508440    -0.000417938649534    -0.000487654856387
9 62
    -0.001629009983623    -0.003357927500630     0.004360918713782
    -0.003419856072058    -0.001647805901990     0.004377894683799
     0.004239339348702     0.004248557382212    -0.006314545729403
9 63
    -0.028142684586798    -0.031082098135551    -0.017231271762409
    -0.031383689405392    -0.028229807886117    -0.017442682697153
     0.017852537761401     0.017749237937768     0.030863265778534
10 1
     0.030890827317964     0.019111782816830    -0.024486493984631
    -0.011444026706979    -0.025608234473419     0.034566753810784
     0.014705506015369     0.031714269683799    -0.032367833427816
10 2
    -0.001092087364575     0.000028955435878    -0.000148839222726
    -0.000373588214916    -0.001911218600403     0.000236821271101
     0.001302242126480    -0.001180954522550    -0.002900240173847
10 3
     0.002221650730663     0.000114669721592    -0.001690545571932
    -0.000772000913328     0.002330025447216    -0.002909920792391
    -0.003160353111615    -0.001572889046359     0.002353632842026
10 4
    -0.000075787761401     0.000809606229529    -0.000104236048123
    -0.000402955278408    -0.000723333679768    -0.000025252141597
    -0.000635791603678     0.000499551429831     0.000680267762661
10 5
    -0.003243277840766    -0.005455915595868     0.003241492126480
    -0.004140520754598    -0.007257456695641     0.004861029604434
     0.003407212364575     0.005764807382212    -0.002262809618292
10 6
    -0.026150992126480    -0.015392673532376    -0.032471924540186
     0.013226225277148     0.030839854812295     0.015992904604434
    -0.033469289619552    -0.012098426744772    -0.031467015967498
10 7
    -0.006466313555052     0.003330026864449    -0.002594281683044
     0.005781431626354    -0.005979829711514     0.004786172461577
    -0.007493831286218     0.001599523652053    -0.000092646919879
10 8
     0.031505686444948    -0.017559770754598    -0.017063624937012
     0.017317298689846    -0.029430940822625    -0.032767226347947
     0.015758597285210    -0.032485992220962    -0.031033676681784
10 9
    -0.206078863158226     0.050577395912069     0.053872482205845
     0.050421895912069    -0.205731682886117    -0.052913077538423
     0.053209091332829    -0.052592234284455    -0.205525851284958
10 10
     0.927583992000504    -0.020835572341900    -0.011179734063996
    -0.020835572341900     0.913202473859914     0.012528855001260
    -0.011179734063996     0.012528855001260     0.897836700302343
10 11
    -0.191347406809020    -0.037039090199043    -0.036199128905266
    -0.037305012818090    -0.193753377330562    -0.039601396982867
    -0.034745775730663    -0.045186260078105    -0.186519468348450
10 12
    -0.031296065539179     0.032981885991434     0.016183877047115
     0.033998679642227    -0.031346272171832    -0.016949736268581
    -0.016788718190980     0.016136105001260     0.031322247921391
10 13
     0.002443501921139    -0.001900820357773     0.001651833396321
    -0.001551550516503     0.003148410367851     0.000121916509196
     0.003856097285210     0.001296549445704     0.001856232048375
10 14
    -0.029596412761401     0.017333086388259     0.033329898872512
    -0.017146971151424     0.032139569098010     0.016324603017133
     0.033141956412195    -0.015814398966994    -0.031339377078609
10 15
     0.001362696365583     0.002742054642227    -0.002643251921139
     0.002671840356513     0.004462106796422     0.000133378810784
    -0.002971611048123     0.000734007779038     0.004182974111867
10 16
     0.028705446365583     0.016678009007307     0.015548631015369
    -0.015414205278408    -0.027393369394054    -0.029689857300328
    -0.017431374937012    -0.029028083490804    -0.027054152872260
10 17
    -0.006594726253464     0.004454100277148     0.004074642920131
     0.004344326467624    -0.003413710663895    -0.004114529919375
     0.003736458396321    -0.004506091427312    -0.003572232237339
10 18
     0.008484408667171    -0.000038705278408    -0.000264261841774
    -0.000225332262535    -0.001198555901990    -0.000277484284455
    -0.000024107079869     0.000203313334593    -0.001152775888133
10 19
    -0.008299289745528    -0.004590784643487    -0.003926692397329
    -0.005059729087931    -0.003775045981356    -0.002924754125724
    -0.005162789619552    -0.003600702538423    -0.002918394935752
10 20
    -0.000862331412195     0.001362493134291    -0.001630216206853
     0.001039007023180    -0.001571803917863    -0.000544476347947
     0.000904509983623     0.000380906588561     0.002147876889645
10 21
     0.000694460254472    -0.001172957262535     0.000787436570925
    -0.000861536627614     0.000741396478962     0.001300001826657
     0.000799523872512     0.001224323255228     0.000651029667423
10 22
    -0.000792688555052    -0.000601070357773     0.001216720301083
     0.001916846308894     0.001661906399597     0.000413845080625
     0.001385394904258    -0.000315825554296    -0.001291117157974
10 23
     0.000271751921139     0.001475018927942    -0.001570242000504
     0.001462451467624     0.000357495685311     0.001114787540942
    -0.001144412635425     0.001054404604434     0.000947015778534
10 24
     0.031136208270345    -0.015159429484757     0.016022172682036
     0.016797475277148    -0.027622448759133     0.030258212144117
    -0.015058807476694     0.031031591112371    -0.028233392951625
10 25
     0.002673049540186     0.003275743134291    -0.000077412635425
     0.002287768927942     0.001228436161502    -0.002575569601915
     0.000118976253464    -0.003366315633661     0.003606847127740
10 26
    -0.003012452443941    -0.000123421548249    -0.000216295571932
     0.000156872102545    -0.003417496378181    -0.000118452538423
    -0.000596027714790    -0.000380480316201    -0.001823746126228
10 27
     0.004786563429075    -0.001301409643487    -0.000112630889393
    -0.002158145754598    -0.000000174949609    -0.001737307697153
    -0.000601269778282    -0.001198065633661     0.002425605064248
10 28
    -0.029308490142353    -0.035661282659360    -0.015155837238599
    -0.033148893770471    -0.033218387251197    -0.016491781903502
     0.017526704428068     0.017629563334593     0.026544771730915
10 29
    -0.002792252047115    -0.003078199326027     0.004851928634417
    -0.003475165595868    -0.003348621378181     0.005040684366339
     0.004027007999496     0.004245811350466    -0.006567811602419
10 30
    -0.000526222285210     0.001019526864449    -0.001657753905266
    -0.001419869960947     0.002492942113883     0.001061924445704
    -0.001656333270345     0.000157025636180    -0.001523756046863
10 31
    -0.003245329428068     0.005025725277148    -0.004340148746536
     0.004704556626354    -0.003007982489292     0.004588964128244
    -0.004409771762409     0.004686406588561    -0.006702037792895
10 32
     0.002257414619552     0.001584447499370    -0.000764803508440
    -0.000642298532376    -0.000696379314689    -0.001144377141597
     0.000599063555052    -0.001241081506677    -0.001211008030990
10 33
    -0.003193813555052     0.004563675673973     0.003666234189972
     0.004639905832703    -0.006312516219451    -0.004073039840010
     0.003969757999496    -0.004000518014613    -0.003050724300831
10 34
    -0.000885275856639     0.000067774880322    -0.000260351127488
    -0.000789766786344     0.008698894494835     0.000376624842530
    -0.000459232079869     0.000526382779038    -0.000786892951625
10 35
    -0.002773355221718    -0.004294615992693    -0.003587960254472
    -0.004218094167297    -0.006395262251197    -0.004616107300328
    -0.003841563429075    -0.004577924760645    -0.002182468348450
10 36
    -0.001327490142353     0.001155820515243     0.000467150856639
     0.001364217340640    -0.000655180901990     0.001831741906022
    -0.000303499937012    -0.000697252141597     0.001752789588057
10 37
     0.002295736048123    -0.000002360040313     0.002777244110607
     0.001025885991434     0.003156198066264     0.001282726033006
     0.001395783793147     0.002241037540942     0.002068476095994
10 38
    -0.026011392920131    -0.014897205278408     0.028362601253464
     0.016888979245402     0.028639652431343    -0.014906343411439
     0.031554285777274     0.016894688334593    -0.026039252078609
10 39
     0.002868458270345     0.001221884007307    -0.003032615016377
     0.001150284800957     0.003028406399597     0.003572593096498
    -0.003652007873520     0.003557741906022    -0.000223680650038
10 40
     0.002698009857647    -0.000235157659360    -0.001064081286218
     0.000965393927942     0.000003888542454     0.001129093096498
     0.000502724269337     0.001642023652053    -0.001440738189720
10 41
     0.001808152714790     0.002239203451751     0.002385238158226
     0.002040937578735     0.003775142510708    -0.000420325554296
     0.003416242126480     0.000000785556815     0.003938819349962
10 42
    -0.004424617126480    -0.000018800516503     0.000224331412195
     0.000061481229529    -0.002793770187705    -0.000053518014613
    -0.000248021762409    -0.000338859284455    -0.002022025888133
10 43
     0.000621632873520    -0.001056112024439    -0.002207049540186
    -0.002099915595868     0.003498950050391    -0.000229793808264
    -0.002057519778282    -0.000852896982867     0.003910972127740
10 44
    -0.030568420697909    -0.030998437421265     0.017443196491560
    -0.034723117976820    -0.026426377330562     0.015330053413958
    -0.018113081286218    -0.016947226347947     0.029129950302343
10 45
    -0.205040335380448    -0.047491090199043     0.047563946491560
    -0.039500627897455    -0.188138962648022     0.031885224048879
     0.040581355221718     0.032581835159990    -0.186259027872260
10 46
    -0.027645170697909     0.016102280832703    -0.031194638825901
    -0.015997544564122     0.030309588939279    -0.015106722379693
    -0.031024946365583     0.015705263731419    -0.028904359221466
10 47
    -0.192865676650290     0.036847957420005    -0.035385180492567
     0.035864417737465    -0.192462575743260     0.036811051429831
    -0.035335158667171     0.038009735953641    -0.188089037792895
10 48
     0.002505825333837     0.001114213372386    -0.000443958270345
    -0.001078697341900    -0.000901242409927     0.000778587144117
    -0.000970307476694     0.001311618890149    -0.002002119142101
10 49
     0.000932716206853     0.001596516943815     0.001643672682036
     0.001382262975561     0.000744765526581    -0.001305664840010
     0.001423756015369    -0.001543375157470     0.001987718159486
10 50
    -0.001037134983623     0.000470165753338     0.000159105221718
     0.000361995118418    -0.001000276140086    -0.000206301744772
     0.000092184586798    -0.000137690633661    -0.000905718348450
10 51
     0.000637726127488    -0.001025764802217    -0.001168660651298
    -0.000942163611741     0.000741852828168    -0.001017315633661
    -0.001194315413202    -0.001167371189216     0.000618783635677
10 52
    -0.001298232205845    -0.000590893770471    -0.001163321365583
    -0.000516854087931    -0.000661274155959     0.000946660556815
     0.000683170697909    -0.000270347379693     0.001787374905518
10 53
    -0.007107220301083    -0.004372358056185     0.004645829428068
    -0.004068308453011    -0.003018456695641     0.003681835159990
     0.003903922682036     0.004112823255228    -0.002492494142101
10 54
    -0.000072940539179     0.000034316546989    -0.001989295571932
     0.000513155832703     0.002049644494835     0.000143902620307
    -0.001100063429075     0.001171851033006    -0.001956490173847
10 55
    -0.007138291729655     0.005276300673973    -0.002973497952885
     0.003646733213656    -0.005740327727387     0.001801279604434
    -0.003038747952885     0.005585904604434    -0.000349581443689
10 56
     0.002588589222726    -0.000661977103804     0.000002579428068
     0.000950624086672    -0.000750434870244    -0.001510896982867
    -0.000866363032250    -0.001367027935248    -0.001072978269085
10 57
    -0.002582464348702     0.004155374086672     0.004090698475687
     0.004395949483497    -0.002867778124213    -0.004486926744772
     0.004208843316956    -0.004469831506677    -0.006096722316704
10 58
    -0.002471634983623    -0.000260163611741     0.000124595301083
    -0.000129131865709    -0.002255309870244    -0.000030843411439
    -0.000113694381456     0.000294866906022     0.009875267762661
10 59
    -0.003665873078861    -0.003734187421265    -0.004726934460821
    -0.003622108056185    -0.002618500346435    -0.004226200554296
    -0.004351855095742    -0.004091214443185    -0.006994133030990
10 60
    -0.028881783793147     0.031125255039053    -0.017374555492567
     0.031467749086672    -0.029068960663895     0.018440448255228
     0.016326458396321    -0.016017516030486     0.029784841175359
10 61
     0.003530843190980    -0.002050328294281     0.000082545697909
    -0.001502961230789     0.000513852828168     0.003088759763165
     0.000166730221718     0.002523493890149     0.003938646730915
10 62
    -0.000391529824893     0.001095229245402     0.000951093316956
    -0.000458824326027     0.003090350844041    -0.000335391030486
     0.001288123078861     0.000885739921895    -0.000840244142101
10 63
     0.004658295571932     0.002630058610481    -0.000500722159234
     0.003178842340640     0.001617723859914     0.002879156588561
    -0.000791303508440     0.003114045477450     0.003919192365835
11 1
     0.001470178508440     0.002645967340640    -0.003106160651298
     0.001080580435878     0.003363664336105    -0.001548236268582
    -0.001200013825901    -0.003372607300328     0.000101372921391
11 2
     0.004513638825901    -0.004507735040312     0.000118994110607
    -0.005463106072058     0.002978555209121     0.000563956191736
     0.001955597285210    -0.002210706506677    -0.001149283824641
11 3
    -0.004123498078861     0.000525104245402     0.001217412761401
     0.000595231229529    -0.002096575743260     0.000429589128244
    -0.000821372952885    -0.000583391030486    -0.003234410808768
11 4
    -0.006497811570925     0.004898290753338    -0.001777902714790
    -0.000062848135551    -0.001693434870244     0.001878632779038
    -0.000323811444948     0.002431549445704    -0.002665400888133
11 5
    -0.000915551650290    -0.007007481072058    -0.000586674540186
    -0.001039163611741    -0.001799932886117     0.000938039525069
    -0.000106932476694    -0.000794194601915     0.001885396730915
11 6
    -0.254250265936004     0.121313260991434    -0.122733091206853
     0.138998207420005    -0.232381246378181     0.056774164525069
    -0.136769684460821     0.060102071271101    -0.228298809618292
11 7
    -0.033270712364576     0.015448836388259    -0.029670198349710
    -0.025123961230789     0.025943569098010    -0.014790692617788
    -0.032061601127488     0.022982521667926    -0.030885065570673
11 8
    -0.007417962364575     0.004563038769211     0.005529333396321
     0.004300155832703    -0.002570042013102    -0.003385341427312
     0.004323452443941    -0.003152619205089    -0.002355595332577
11 9
     0.031921863032250     0.014282705435878     0.014061690539179
    -0.016820371945074    -0.028765784076594    -0.031701692617788
    -0.016331553508440    -0.033594736268581    -0.029998019935752
11 10
    -0.191347406809020    -0.037305012818090    -0.034745775730663
    -0.037039090199043    -0.193753377330562    -0.045186260078105
    -0.036199128905266    -0.039601396982867    -0.186519468348450
11 11
     0.969293944381456    -0.087395905675233     0.084665079428068
    -0.087395905675233     0.895257271478962     0.020639487937768
     0.084665079428068     0.020639487937768     0.894468113000756
11 12
     0.003354660651298    -0.001734429484757     0.001274085380448
    -0.001249963214916     0.002514126637692     0.003849148652053
     0.000073511967750     0.001594228017133     0.001952454270597
11 13
    -0.031848521888385     0.031864739166037    -0.015318333270345
     0.030927181626354    -0.031628565822625     0.024547801429831
     0.025143077443941    -0.015246452538423     0.024269813397581
11 14
     0.003917188429075     0.000896520912069    -0.002869517794155
    -0.000894864008566     0.002991092907533     0.001838987937768
    -0.001471188429075     0.002833849048879     0.002385579270597
11 15
    -0.027348452443941    -0.018185635833963     0.029427956412195
     0.013069197499370     0.028744755605946    -0.010582361268582
     0.035255369110607     0.016423755794911    -0.033147069538927
11 16
    -0.188319952443940     0.035025818531116     0.035684714348702
     0.037682901864449    -0.184470845584530    -0.039209347379693
     0.035596230221718    -0.044280210474931    -0.192204821523054
11 17
     0.031729124937012    -0.014317840199043    -0.014423398746536
     0.016567433610481    -0.029916311854371    -0.033337769998740
     0.017023563555052    -0.031398468411439    -0.028817775888133
11 18
    -0.008058365142353    -0.005397145754598    -0.004985553508440
    -0.003952600119677    -0.002813532092467    -0.002849849363820
    -0.004437001921139    -0.003422813649534    -0.003607819538927
11 19
     0.015038436444948     0.002302649880322    -0.001675734063996
    -0.002385121945074    -0.001036897171832    -0.001828494205089
     0.002710065539179    -0.001001329522550    -0.000911063586546
11 20
     0.004037269778282    -0.001585072341900     0.001342617126480
    -0.000098260833963     0.002064594891660     0.000918533572688
     0.000945740142353     0.003326529604434     0.002524583238851
11 21
    -0.000708313555052     0.001969352261275     0.000232644904258
     0.001429070515243    -0.001814454711514     0.000944136747292
    -0.000599370968758     0.000001946271101     0.001800236016629
11 22
     0.003300787635425     0.002551614166037    -0.000130446365583
     0.001561828451751     0.001946055209121     0.002799605001260
     0.000890375062988     0.001426047461577     0.002360089191232
11 23
    -0.002803146888385     0.002708453451751     0.004877716332829
     0.000375183610481     0.000602769494835    -0.000388202538423
     0.001613567523306     0.001215652620307    -0.001509152872260
11 24
     0.005333059460821     0.000409380039053     0.001470131015369
     0.000430082420005     0.004035575050391    -0.002041902935248
     0.002022297682036    -0.003063660871756     0.000779313397581
11 25
     0.025913025730663     0.017896552658100    -0.016756829302091
    -0.014326748929201    -0.030655040028975     0.031928315318720
     0.014438581412195     0.033885807382212    -0.028812696523054
11 26
     0.004001523746536    -0.002157487024439     0.000072662761401
    -0.002105520754598     0.001789777431343    -0.002170817617788
    -0.000635672556059    -0.002971357300328     0.003251710222978
11 27
    -0.001620335380448     0.000113274880323    -0.000349547556059
     0.001676461388259    -0.004281401140086    -0.000996672776518
    -0.000612789619552     0.000907432382212    -0.001568313586546
11 28
    -0.180231888951877    -0.055695348135551     0.055044371094734
    -0.032378786627614    -0.161274488441673     0.017050353017133
     0.032180184586798     0.017065561350466    -0.163130896919879
11 29
    -0.028161275856639    -0.029307389802217     0.018165511967750
    -0.034605183453011    -0.033619597568657     0.015686694286974
    -0.013743511841774    -0.010982190633661     0.029068269746788
11 30
    -0.007829996094734     0.002488586388259    -0.002803420571932
     0.005211737181910    -0.000593534076594     0.001952059366339
    -0.005595353111615     0.000955773652053    -0.001175549697657
11 31
    -0.000653228237591    -0.000371715199043    -0.001901940413202
     0.000744538769211     0.001905916320232    -0.000016400951121
    -0.001467291603678     0.000981154604434    -0.001840581443689
11 32
     0.000580765810028     0.001163257023180     0.005545654824893
     0.008030433610481    -0.006695855505165    -0.005460992220962
     0.001072293713782    -0.002711083490804    -0.005297301681784
11 33
     0.001830537635425    -0.000364014802217     0.000416067523306
    -0.000209362024439    -0.000791242409927    -0.001707529919375
     0.000288988158226    -0.001476519998740    -0.000448017951625
11 34
    -0.000348674666163    -0.005290790595868    -0.001711017794155
    -0.001769909643487    -0.005813581695641    -0.003051740236835
    -0.007443251921139    -0.005507369205089    -0.006360311602419
11 35
    -0.000597504031242     0.001430193531116    -0.000042876921139
     0.000094137975561     0.007582261558327     0.000225027620307
     0.000101166729655     0.002423448255228    -0.001684511999244
11 36
     0.001025611048123    -0.001748619960947     0.001341109189972
    -0.001264800516503     0.000368967907533     0.001354876826657
     0.001214730221718     0.001344995874276     0.000507745937264
11 37
    -0.001488787761401     0.005471074483497    -0.000251547556059
     0.001689243134291    -0.003116903124213    -0.000067264046359
     0.001283513951877     0.002420410556815     0.000784557445200
11 38
    -0.000176166729655     0.003647104245402    -0.003062690413202
     0.003571711388259     0.002928051240867     0.001128541509196
    -0.003689984063996     0.001063811350466     0.002890579270597
11 39
    -0.030457565539179     0.015792068531116     0.033393468316956
    -0.013961233056185     0.024160305209121     0.015882728017133
     0.031815847285210    -0.013869385078105    -0.030384474300831
11 40
     0.001232736048123     0.003520526864449     0.000947127047115
     0.001557876070799     0.001136162351978    -0.000724021982867
     0.000624454428068    -0.001326853332074     0.000239843159486
11 41
     0.002069628905266     0.000984762975561     0.001481446491560
    -0.000766955278408    -0.001704833679768     0.001408309366339
     0.000464847285210     0.001438783572688    -0.001727099300831
11 42
     0.002267234063996    -0.002310365992693    -0.003397960254472
    -0.001055661627614     0.004408378621819     0.000852866906022
    -0.003051291603679    -0.001168611268582     0.001839055461073
11 43
    -0.001922140936004     0.000258197499370    -0.000259216206853
     0.000129941546989    -0.001695901140086    -0.000401533887629
     0.000239085380448    -0.000421273966994    -0.001768946523054
11 44
    -0.002977194507433    -0.002654127897455     0.003545404824893
    -0.003468760833963    -0.001229853521038     0.003899813334593
     0.003970398872512     0.003350021667926    -0.008215468348450
11 45
    -0.030944734189972    -0.032507905675233    -0.017572470175107
    -0.032598395754598    -0.030638188838498    -0.016002266030486
     0.018405835380448     0.016332083175863     0.031174053476946
11 46
    -0.003380194507433     0.001209090356513    -0.001868430492567
     0.004002062578735    -0.006864637251197     0.003855037540942
    -0.003074716206853     0.003111011747292    -0.001972777872260
11 47
    -0.029422950459814    -0.016002108056185    -0.030278972159234
     0.017999774880322     0.029736073066264     0.017936936350466
    -0.030470053508440    -0.015246766030486    -0.027681456443689
11 48
     0.001875301524313     0.002743522896196     0.001475125062988
     0.002465534800957     0.001663031399597    -0.001412652935248
     0.001114797682036     0.000819866906022     0.004273587207105
11 49
     0.002086442397329    -0.001040923532376     0.000157381015369
     0.000250370118418    -0.002487335663895     0.000522845080625
     0.001198861174099     0.001743872858403    -0.000848450491308
11 50
     0.000932216206853    -0.001023274722852    -0.002496686444948
    -0.000795897738725     0.000485122669438    -0.001712166824137
    -0.001311210254472    -0.001412067617788     0.000300863000756
11 51
    -0.001041047682036     0.000416419721592    -0.000263827317964
    -0.000161931468884    -0.000896373362308     0.000319569286974
     0.000465414745528     0.000303126826657    -0.001095885015117
11 52
    -0.003629006015369    -0.003651334246662     0.002141511967750
    -0.004168496945074    -0.006174125346435     0.006255170477450
     0.002939525856639     0.003926525636180    -0.002867668745276
11 53
    -0.001293994110607    -0.000969423532376     0.000903912761401
    -0.001146201310154    -0.001492182886117    -0.000269029919375
    -0.000574472159234     0.001080071271101     0.002043212207105
11 54
    -0.001768714348702     0.001886876070799    -0.004126712238599
     0.002630262975561    -0.002416956695641     0.003623787540942
    -0.004711583270345     0.004380099048879    -0.007102783824641
11 55
    -0.000469940539179     0.002031985197783    -0.000039664619552
    -0.001453534643487     0.000661571082137     0.001626539525069
    -0.001234892794155     0.000006527620307    -0.001183375094482
11 56
    -0.003431809586798     0.003798457420005     0.003147412761401
     0.004565231229529    -0.005395036060721    -0.004300512062232
     0.002482492126480    -0.005236279919375    -0.003147521919879
11 57
     0.002740011841774     0.001279308610481    -0.001208218190980
    -0.001248193373646    -0.000882004314689    -0.001287666824137
     0.001287323475687    -0.001277333490804    -0.000842265967498
11 58
    -0.003396783793147    -0.003907729087932    -0.004183946365583
    -0.002406524722852    -0.002051911060721    -0.004480208490804
    -0.005315464222726    -0.005014010078105    -0.006057525888133
11 59
    -0.000838271888385     0.000614747102545    -0.000944351127488
    -0.000068875913328    -0.001913101536911     0.002365684366339
     0.000651500062988     0.000483408572688     0.007958573318216
11 60
     0.001628567397329    -0.002463935437138     0.002496277840766
    -0.002340518770471     0.004215063145629     0.000379458175863
     0.002229313555052     0.000604481985387     0.004401547524565
11 61
    -0.029316430618544     0.030292981229529     0.015882004031242
     0.030079270912069    -0.027818498362308    -0.015525355316201
    -0.017347164619552     0.018136241906022     0.029600228080121
11 62
     0.000842321365583     0.001130913769211    -0.001315198349710
     0.001282907816830     0.001219124653565     0.001133743890149
    -0.001439271762409     0.000965487937768     0.000891712207105
11 63
    -0.000627478237591    -0.000672881865709     0.000799486174099
     0.000828199483497     0.002541747669438     0.000926541509196
     0.001352551650290    -0.000363956506677    -0.001234851284958
12 1
    -0.025259230221718    -0.011180215199043     0.034138146888385
     0.019124306626354     0.031019394494835    -0.024647371189216
     0.031338492126480     0.014513803413958    -0.031857035808768
12 2
    -0.000765644904258    -0.000466417579995     0.000005801650290
     0.000788370118418    -0.000022714632149    -0.000162428728899
     0.000663853237591    -0.000861795792391     0.000583432445200
12 3
    -0.007625281809020    -0.004386703294281     0.004850345301083
    -0.005717292579995    -0.003556220584530     0.003228704207609
     0.005707882999496     0.003453394683799    -0.002527444538927
12 4
    -0.001693470301083    -0.000374891786344     0.000296279824893
     0.000020628054926    -0.000862704711514    -0.000318377141597
    -0.001027055492567     0.001218210159990    -0.002570684618292
12 5
     0.002720914619552    -0.000449663611741    -0.002946617000504
     0.000350937578735     0.002770797272613    -0.001651595395566
    -0.001714426524313    -0.003149283887629     0.002767613000756
12 6
     0.031091575333837     0.013243328451751     0.015702216332829
    -0.015463816389519    -0.026798391219451    -0.033403220395566
    -0.012606303508440    -0.034377518014613    -0.032359593348450
12 7
    -0.005809496094734     0.005659903848576     0.005010609189972
     0.003322639959688    -0.006349575743260    -0.002701327538423
     0.001856529824893    -0.007720192617788     0.000025025699169
12 8
    -0.029391996094734     0.017384106229529    -0.032595609063996
    -0.017251492976820     0.031432313145629    -0.016646851347947
    -0.032349791603678     0.015802166509196    -0.030408754062736
12 9
    -0.203360295697909     0.048075272896195    -0.050230501921139
     0.048195979245402    -0.204125178917863     0.051193422461577
    -0.050027047556059     0.050595674445704    -0.203077553665911
12 10
    -0.031296065539179     0.033998679642227    -0.016788718190980
     0.032981885991434    -0.031346272171832     0.016136105001260
     0.016183877047115    -0.016949736268581     0.031322247921391
12 11
     0.003354660651298    -0.001249963214916     0.000073511967750
    -0.001734429484757     0.002514126637692     0.001594228017133
     0.001274085380448     0.003849148652053     0.001952454270597
12 12
     0.903991376921139    -0.021023612024439     0.005280767920131
    -0.021023612024439     0.922684481796422    -0.004936611268581
     0.005280767920131    -0.004936611268581     0.891786795540438
12 13
    -0.192478430618544    -0.036392568373646    -0.036792275730663
    -0.036242967183170    -0.189240085663895    -0.033234458490804
    -0.042842041603678    -0.032163916824137    -0.184401970332577
12 14
     0.032049529698917    -0.016922161627614     0.016069789745528
     0.017519862181910    -0.029238801933736     0.033107353017133
    -0.015921807476694     0.032946384763165    -0.031166204459562
12 15
     0.004519513825901     0.002650306626354     0.000224138951877
     0.002727548689846     0.001433985764676    -0.002774371189216
     0.000831750062988    -0.003063958490804     0.004240896730915
12 16
    -0.000926111174099    -0.000712364008566    -0.001199103111615
     0.001511253054926     0.002004634574200    -0.000762232300328
    -0.001285763825901     0.000577075239355    -0.001537105253212
12 17
    -0.006278533793147     0.004685727261275    -0.004038716206853
     0.004635159800957    -0.003340081695641     0.003608470080625
    -0.004013055492567     0.003865942302847    -0.003073559618292
12 18
    -0.000581523872512     0.001451171705719     0.001813129031242
     0.001283626070799    -0.001349676933736     0.000374265715545
    -0.000655495968758    -0.000386777935248     0.001689021730915
12 19
     0.003414777714790     0.000678967340640     0.001570948475687
    -0.000377020754598     0.002336707986898     0.002859495874276
     0.002484446491560     0.001543081191736     0.002192527683296
12 20
     0.008418861048123    -0.000904504881582     0.000414049666163
    -0.000001034643487    -0.001204049949609    -0.000366726347947
     0.000477871094734    -0.000575184681280    -0.000968575491308
12 21
    -0.006616972285210    -0.004314580278408    -0.004739422556059
    -0.004382578294281    -0.002813599552784    -0.003788248173343
    -0.004611865016377    -0.004084018014613    -0.002355422713530
12 22
     0.028783003905266     0.016936056626354    -0.014917513825901
    -0.014921320357773    -0.026252964632149     0.028661095080625
     0.016997256015369     0.031914833175863    -0.026377319538927
12 23
     0.003140944381456     0.001287645912069     0.003528898872512
     0.001347659800957     0.002862624653565    -0.003119087459058
     0.003511948475687    -0.003743311665407    -0.000224061602419
12 24
    -0.000074349269337     0.000979197499370     0.001110063555052
    -0.000192441389519     0.002564930209121    -0.001226162855883
     0.001702678634417     0.000293499842530    -0.001590595332577
12 25
     0.003670617000504     0.002057745118418    -0.000361146762409
     0.002195102261275     0.001427690129756     0.002252930398085
    -0.000092412635425     0.003295593096498     0.003789144746788
12 26
    -0.026244884983623    -0.034720919564122     0.015571220301083
    -0.030885794564122    -0.030499242409927     0.017461422461577
    -0.016733541603678    -0.018091696586042     0.029281426492819
12 27
    -0.188116119110607    -0.039889782659360     0.032219134983623
    -0.047523937421265    -0.204960295981355     0.047292317302847
     0.033049966332829     0.040479218096498    -0.186882597316704
12 28
    -0.002640047682036     0.000072219324767    -0.000025946365583
     0.000009439562862    -0.004304883282943     0.000223468096498
    -0.000328059460821    -0.000316402935248    -0.001872680650038
12 29
     0.003658440413202    -0.002091072341900    -0.000212055492567
    -0.001077707262535     0.000742257590073    -0.002291190633661
    -0.000840755889393    -0.002063654919375     0.004073611016629
12 30
     0.030575720175107    -0.016236096151424    -0.015253863032250
     0.015903963372386    -0.027297053917863    -0.031256200554296
     0.015722152840766    -0.031145065633661    -0.028694833427816
12 31
    -0.192583511967750     0.036425102261275     0.037925367126480
     0.037532764959688    -0.193757978521038    -0.036623285871756
     0.039048089348702    -0.036259309681280    -0.188509740173847
12 32
    -0.027451767920131    -0.015239800516503    -0.030234912635425
     0.016897409800957     0.029067374653565     0.015309122858403
    -0.029497075333837    -0.017289297776518    -0.026873085411943
12 33
    -0.003040746094734     0.004342927658100    -0.004119499937012
     0.004368489166037    -0.006428512251197     0.003985210159990
    -0.004444505889393     0.003692765715545    -0.003451801681784
12 34
    -0.001117208396321     0.001137526864449    -0.000495460254472
     0.001465191546989    -0.000467601536911    -0.001677625157470
     0.000495629031242     0.000819666509196     0.002392529667423
12 35
     0.000922587238599    -0.000749864008566     0.001482805618544
    -0.001056510833963     0.001056366717057     0.000867892699672
     0.001441297682036     0.000886358969514     0.000993079270597
12 36
    -0.001126172682036    -0.000202052500630    -0.000225458270345
    -0.000112824326027     0.008517448066264    -0.000213633093978
     0.000111611174099    -0.000117218411439    -0.001101037792895
12 37
    -0.003597946491560    -0.004715608056185    -0.003012240016377
    -0.004282780675233    -0.008383547965482    -0.004272523966994
    -0.003615855095742    -0.005430178728899    -0.002903851284958
12 38
     0.001754924540186     0.001880546705719     0.000465867126480
    -0.000669937421265    -0.000724718600403     0.001136781588561
    -0.000284478111615     0.001345847064752    -0.001268829459562
12 39
     0.000507150730663     0.001404385991434     0.001258400856639
     0.001417868134291     0.000324285367851    -0.001687281903502
     0.001171478237591    -0.001256849363820     0.001041991969010
12 40
    -0.027394172682036     0.016998594324767     0.030593059586798
    -0.015179397738725     0.031357892510708     0.016066468096498
     0.031165710380448    -0.015212817617788    -0.028136190570673
12 41
     0.001723845175107     0.002290205435878    -0.002549995968758
     0.003324520912069     0.002889021478962    -0.000164825554296
    -0.003293771762409     0.000051194286974     0.003893616969010
12 42
    -0.033227424666163    -0.032938173532376    -0.016695527714790
    -0.035725060437138    -0.029357766219451    -0.015435893014613
     0.017520964348702     0.017343799445704     0.026745021730915
12 43
    -0.003295424666163    -0.003404985040312     0.005087341332829
    -0.003037707262535    -0.002737670981356     0.004819206191736
     0.004386216332829     0.004067511747292    -0.006460230253212
12 44
    -0.003379728237591     0.000083314562862    -0.000107037635425
    -0.000189409643487    -0.003163248362308    -0.000422321586042
    -0.000375720175107    -0.000825317617788    -0.001914752078609
12 45
     0.000119232079869    -0.002172713214916    -0.001658037635425
    -0.001318169564122     0.004812541320232    -0.000180525951121
    -0.001139033667171    -0.000694756109851     0.002473519746788
12 46
     0.002376646762409    -0.001273592183170     0.001086377047115
     0.001247413769211    -0.000664782092467    -0.001783722379693
     0.000197539745528    -0.001814952538423    -0.001781436602419
12 47
    -0.002933859189972     0.004702834404132     0.004676710380448
     0.005074251070799    -0.003202946775006    -0.004440823570169
     0.004711452443941    -0.004423230316201    -0.006849115173847
12 48
    -0.000848732205845    -0.001093034643487     0.000748182602671
     0.001098510991434     0.002551011558327    -0.000573412855883
     0.001347053634417    -0.001085972379693    -0.001980571523054
12 49
     0.001026158667171     0.001413643927942    -0.001265936444948
     0.001614096308894     0.000779019494835     0.001566710159990
    -0.001478382873520     0.001311908572688     0.002020765778534
12 50
    -0.000375317523306    -0.000685082262535     0.000991371094734
    -0.000741796548249    -0.001124772171832    -0.001419426744772
    -0.000230454302091     0.000494093096498     0.001947829270597
12 51
    -0.002867831412195    -0.004106137818090     0.003757355221718
    -0.004389330278408    -0.007008143203578     0.004538684366339
     0.004215045697909     0.003772912540942    -0.002480293745276
12 52
    -0.001059664745528     0.000531983213656    -0.000051555492567
     0.000633729245402    -0.001203270187705     0.000015660556815
     0.000035406809020    -0.000042313649534    -0.000914702475435
12 53
     0.000748472159234    -0.000924606072058    -0.000989904698917
    -0.001001600119677     0.000535797272613    -0.001257289840010
    -0.001091091206853    -0.001254893014613     0.000707303476946
12 54
     0.002233501921139     0.000521068531116     0.000237970301083
     0.000061739166037    -0.000124351536911    -0.002120347379693
     0.001253047682036    -0.001226115236835    -0.001918317554800
12 55
    -0.005591474269337     0.003619052658100     0.001750392920131
     0.005317691546989    -0.007139823759133    -0.003022095395566
     0.005524613158226    -0.003071686665407    -0.000287033824641
12 56
    -0.000730718316956     0.000949899880322    -0.001587904698917
    -0.000645042579995     0.002708194098010    -0.000031271982867
    -0.001398751921139    -0.000927244205089    -0.001013180650038
12 57
    -0.002691146888385     0.004396251070799    -0.004463660651298
     0.004175282816830    -0.002679649155959     0.004000823255228
    -0.004366295571932     0.004085577223482    -0.006072799697657
12 58
    -0.028844442523306     0.031322963372386     0.018383236174099
     0.031077326467624    -0.028696555901990    -0.017514343411439
    -0.016042583270345     0.016219150636180     0.030025065381708
12 59
     0.000884569381456    -0.001759810437138     0.002969581412195
    -0.002223774722852     0.003978878621819     0.000102924445704
     0.002419631015369     0.000191694286974     0.004334039588057
12 60
    -0.002336966332829     0.000065257023180    -0.000061164619552
    -0.000107167579995    -0.002534956695641     0.000169573255228
     0.000213819507433    -0.000088482300328     0.009690263794407
12 61
    -0.002952464348702    -0.003421576310154    -0.004319188429075
    -0.003530377897455    -0.003836893203578    -0.004654490236835
    -0.004115408667171    -0.004224597379693    -0.007278555650038
12 62
     0.003194287635425    -0.000452518770471    -0.000299140810028
     0.001088259007307    -0.000345645187705     0.000867858969514
     0.000915234189972     0.001170273652053    -0.000799446523054
12 63
     0.001723863032250     0.003209185594608     0.002945043713782
     0.002693425673973     0.004772852828168    -0.000658593411439
     0.003165432602671    -0.000926420792391     0.003971739984883
13 1
     0.003501462238599     0.001167054642227    -0.001678537635425
     0.002702350277148     0.001198452034518    -0.003090051744772
    -0.003596551524313    -0.001313168808264     0.000196198318216
13 2
    -0.001844952443940    -0.000184272738725     0.001901242126480
     0.005274788769211    -0.006594782092466    -0.002306859284455
     0.002364934586798    -0.000254268014613    -0.002740208427816
13 3
    -0.002339589348702    -0.001457808453011     0.000897410777274
    -0.007781248929201    -0.001238038044848    -0.000454101347947
    -0.000843535651298     0.000010172461577     0.001541164588057
13 4
     0.003015847159234    -0.005497871945074     0.000771470301083
    -0.004634078294281     0.004038227828168     0.000591067302847
    -0.002196474143361     0.002180987937768    -0.001221700491308
13 5
    -0.001762767920131     0.000696981229529     0.000370948475687
     0.000571231229529    -0.003344645187705     0.001331599048879
    -0.000658720175107    -0.000741881109851    -0.002892777872260
13 6
    -0.239475982205845     0.146806348293021     0.066813031809020
     0.127496352261275    -0.258759333679768    -0.131493650951121
     0.070081652840766    -0.147120240236835    -0.236778734221466
13 7
     0.025913571365583    -0.024960951310154    -0.014653200333837
     0.015490183610481    -0.033005018203578    -0.029452258093978
     0.023408486174099    -0.030772539840010    -0.030838240173847
13 8
    -0.002437678634417     0.004227376070799    -0.003410043587805
     0.004432925673973    -0.007688504314689     0.005599718096498
    -0.003291710254472     0.004487819286974    -0.002301394935752
13 9
    -0.028906478237591    -0.016825707262535    -0.031471686444948
     0.014176397896196     0.031783878621819     0.013921366906022
    -0.033569591206853    -0.016267422776518    -0.029569944538927
13 10
     0.002443501921139    -0.001551550516503     0.003856097285210
    -0.001900820357773     0.003148410367851     0.001296549445704
     0.001651833396321     0.000121916509196     0.001856232048375
13 11
    -0.031848521888385     0.030927181626354     0.025143077443941
     0.031864739166037    -0.031628565822625    -0.015246452538423
    -0.015318333270345     0.024547801429831     0.024269813397581
13 12
    -0.192478430618544    -0.036242967183170    -0.042842041603678
    -0.036392568373646    -0.189240085663895    -0.032163916824137
    -0.036792275730663    -0.033234458490804    -0.184401970332577
13 13
     0.913797761841773    -0.080472048532376    -0.004040710254472
    -0.080472048532376     0.989820096875787     0.074723735953641
    -0.004040710254472     0.074723735953641     0.913800013794406
13 14
     0.002763847159234    -0.000949016786344     0.001756855221718
     0.000802030832703     0.003974255605946    -0.002838952538423
     0.002796523872512    -0.001363337459058     0.002420404667423
13 15
     0.029088206286218     0.013523951467624    -0.011173920571932
    -0.018187032659360    -0.028169331695641     0.029989948255228
     0.016237706412195     0.035794444286974    -0.033494619142101
13 16
    -0.006876293713782     0.007634280832703    -0.005580912635425
     0.000927296705719     0.000281442113883     0.005607212144117
    -0.002815557476694     0.001120228017133    -0.005630996126228
13 17
    -0.000844216332829    -0.000332002897455    -0.001661650730663
    -0.000429421548249     0.001393350844041     0.000469414525069
    -0.001438349143361     0.000366220080625    -0.000529575491308
13 18
     0.000409043587805    -0.001233683453011     0.001267069507433
    -0.001830830278408     0.000829505605946     0.001411085159990
     0.001268585380448     0.001233374842530     0.000445505857899
13 19
    -0.002801529824893     0.001242612181910     0.000163888951877
     0.004924647896196    -0.001698609473419    -0.000012559681280
     0.002671402840766     0.001471733969514     0.000876636810280
13 20
    -0.006021071491560    -0.001980610040312    -0.003043009857647
    -0.005508990992693    -0.000686867409927    -0.001538406903502
    -0.005443922556059    -0.007285531903502    -0.006387716364324
13 21
     0.007291845175107    -0.000044810437138     0.000087767920131
     0.001227465356513    -0.000808167013102    -0.000136678728899
     0.002254591332829     0.000074134763165    -0.001864063586546
13 22
     0.002876446365583     0.003491451467624     0.001032176650290
     0.003626348293021    -0.000231407092467    -0.003008210474931
     0.000987212364575    -0.003748514046359     0.002978289588057
13 23
     0.024400136841774    -0.014310959246662     0.016201964348702
     0.015778953451751    -0.030585192806752     0.033140231985387
    -0.013996970175107     0.031593591112371    -0.030277452475435
13 24
     0.000985968190980     0.001491842340640    -0.000772995968758
     0.003594102261275     0.000947362748803     0.000871156588561
    -0.001375990016377     0.000488902620307     0.000069388794407
13 25
    -0.002004690539179    -0.000899610040312     0.001330293713782
     0.000797395912069     0.001583997669438     0.001556124842530
     0.001468293713782     0.000527120874276    -0.001921746126228
13 26
    -0.001015192523306    -0.003474149722852     0.003918910777274
    -0.002622875913328    -0.003023934870244     0.003584741906022
     0.003470914745528     0.004142956191736    -0.008167339380197
13 27
    -0.030093801650290    -0.031839887818090    -0.015868049540186
    -0.031754893770471    -0.030283363441673    -0.017429488252708
     0.016605047682036     0.018723870874276     0.031366761810280
13 28
     0.004617144778282    -0.001219885833963     0.000802994110607
    -0.002411891786344     0.002301174256740    -0.003221587459058
    -0.001104603111615    -0.002913625157470     0.001983178476946
13 29
    -0.001586367126480    -0.000009677500630    -0.000432740016377
     0.000068336388259    -0.001977184870244    -0.000133871189216
    -0.000448674540186     0.000313497858403    -0.001650654856387
13 30
    -0.006558837364575     0.003713173689846     0.003932952443941
     0.000942757023180    -0.003279246378181    -0.001845381109851
     0.003220609189972    -0.003121162855883    -0.001691724300831
13 31
     0.029691680492567     0.017761872102545     0.017576682602671
    -0.016386191389519    -0.029488920981355    -0.030496841427312
    -0.015729579302091    -0.030666781903502    -0.027692631046863
13 32
    -0.185062950459813     0.037922969324767    -0.039452222159234
     0.035326203451751    -0.188863942806752     0.037812692302847
    -0.044650368984631     0.037621980001260    -0.192829601284958
13 33
    -0.029488678634417     0.016487447499370    -0.033542559460821
    -0.014113717183170     0.031651545288486    -0.014249720395566
    -0.031495049540186     0.017050293493323    -0.028912692554800
13 34
     0.002537609063996    -0.000039453294281     0.001071105221718
    -0.001535889802217     0.004124206002771     0.001422944286974
     0.003441710380448     0.001040694286974     0.002821763794407
13 35
    -0.001720220301083     0.001440655832703     0.001018746094734
     0.002021532816830    -0.000551325743260     0.000390212144117
     0.000102254031242    -0.000400613252708     0.002110688397581
13 36
    -0.002891855221718    -0.004175157659360    -0.002941517794155
    -0.005405280675233    -0.008124369394054    -0.004797313649534
    -0.003505807476694    -0.004339565633661    -0.003600553665911
13 37
    -0.000948504031242    -0.002108338214916    -0.002015049540186
     0.002654387975561     0.014584009574200    -0.002053454522550
    -0.001151023746536     0.002637849048879    -0.000968617157974
13 38
     0.001990367000504     0.001377566546989     0.002791682602671
     0.002361731229529     0.003269213939279     0.000000351033006
     0.001382728237591     0.001025124842530     0.002264404667423
13 39
     0.000693968190980     0.000095905832703    -0.000317783667171
     0.002520036785084    -0.002936032092467     0.005273412540942
     0.001284809586798     0.001674803413958    -0.001496523904006
13 40
     0.004263144778282     0.000283989166037    -0.002106874937012
     0.000384770912069     0.005240325050391     0.001422162540942
    -0.002886958270345     0.002045335159990     0.001125043556311
13 41
    -0.031471837364575    -0.014920649722852     0.033427444507433
     0.018336189562862     0.026380579018645    -0.017199631109851
     0.035416809586798     0.015076222064752    -0.030015648904006
13 42
    -0.172895482205845    -0.042933778691106     0.028679787761401
    -0.066207516786344    -0.190130583679768     0.065948551429831
     0.028952920697909     0.043098577223482    -0.174485619142101
13 43
    -0.034258357205845    -0.035386215199043     0.015627031809020
    -0.030071288611741    -0.029134488441673     0.018149150636180
    -0.011470577317964    -0.014078460474931     0.029181878873772
13 44
     0.001911839222726    -0.002187040595868    -0.002114347159234
    -0.002233240992693     0.003575809177375     0.000036997858403
    -0.003175513825901    -0.000579789840010     0.003192982048375
13 45
    -0.004317825459814     0.001517056626354    -0.001029722159234
     0.000075624086672    -0.001691776140086    -0.000235706506677
     0.000916172682036    -0.000538978332074    -0.001501621126228
13 46
    -0.001085035777274     0.005486177658100     0.002329442523306
     0.002691957420005    -0.008069724552784    -0.002918152935248
     0.001257371094734    -0.005838424760645    -0.001795202475435
13 47
     0.001800583270345     0.000695229245402    -0.000121724143361
    -0.000441080278408    -0.000815764235324    -0.001816254125724
     0.000897908793147    -0.001329702538423    -0.002040256046863
13 48
     0.001772085254472     0.002393485197783    -0.001428626921139
     0.002749179642227     0.001869194098010     0.001499656588561
     0.000852259983623     0.001214430398085     0.004306412603930
13 49
    -0.002322148872512     0.000153163769211     0.000618129031242
    -0.001271860040312     0.001843577034518     0.000176529604434
     0.001761073475687     0.001194686350466    -0.000925000094482
13 50
    -0.006199750062988    -0.004370312421265     0.006232561570925
    -0.003929252897455    -0.003485839632149     0.002120267699672
     0.004032502047115     0.002754120874276    -0.002740311602419
13 51
    -0.001310138951877    -0.001252617976820    -0.000314329302091
    -0.001076661627614    -0.001371960663895     0.000937753810784
     0.001029627047115    -0.000525934681280     0.002081815381708
13 52
     0.000330777714790    -0.000654746945074    -0.001585615016377
    -0.000928602103804     0.000586537351978    -0.002582019998740
    -0.001334136841774    -0.001328660871756     0.000287281651550
13 53
    -0.000981835380448    -0.000265961230789     0.000340910777274
     0.000318068531116    -0.001306770187705    -0.000201720395566
     0.000318240142353     0.000558384763165    -0.001082212396070
13 54
    -0.002334055618544     0.002571713372386     0.003619910777274
     0.001751032816830    -0.001935168997228    -0.004070777935248
     0.004461254031242    -0.004775837459058    -0.006938208427816
13 55
     0.000705593190980    -0.001489677500630     0.001656458396321
     0.001956860197783    -0.000584891219451     0.000070599048879
    -0.000044055492567    -0.001215158887629    -0.001244799697657
13 56
    -0.005591150856639     0.004485919721592    -0.004332339222726
     0.003726876070799    -0.003594123362308     0.003328422461577
    -0.005298295571932     0.002690533572688    -0.003216196523054
13 57
    -0.000752829428068    -0.001332604087931    -0.001340220175107
     0.001167701467624     0.002558533383724    -0.001156857300328
    -0.001331089222726     0.001333730001260    -0.000828190570673
13 58
     0.004317624937012    -0.002557016786344     0.000265051650290
    -0.002665004881582     0.001689126637692     0.002644851033006
     0.000480373078861     0.002391928413958     0.004673424508692
13 59
    -0.027741988158226     0.030185459404132    -0.015896853111615
     0.030283768927942    -0.029439188838498     0.015990118890149
     0.018018212364575    -0.017414402935248     0.029910523715042
13 60
    -0.002431398872512    -0.002511348135551    -0.004644599143361
    -0.003887498929201    -0.003728649155959    -0.004021107300328
    -0.005019474143361    -0.005047829522550    -0.006391002078609
13 61
    -0.002198896888385     0.000025068531116     0.002228127047115
     0.000785290753338    -0.001177335663895    -0.000682670792391
     0.000367797682036     0.000880680398085     0.007624553476946
13 62
     0.001213980095742     0.001186126070799     0.001115424666163
     0.001013052658100     0.000744662351978    -0.001252071586042
     0.000947440539179    -0.001403573570169     0.000889162603930
13 63
     0.002567305492567     0.000680330435878     0.000967234189972
    -0.000742780675233    -0.000744339632149     0.000788101033006
    -0.000385361048123     0.001407981985387    -0.001207775888133
14 1
     0.000107422556059    -0.001516115992693     0.000158571491560
    -0.001513117976820     0.000341985764676     0.000187499842530
     0.001010013951877     0.001009892699672     0.001983964191232
14 2
    -0.025343992126480     0.015204056626354    -0.033252523746536
    -0.011521054484757     0.029729751637692    -0.016465057697153
    -0.032408624937012     0.013149168493323    -0.028985442554800
14 3
    -0.195861254031242     0.044989770912069    -0.045188730095742
     0.042334782816830    -0.197543754314689     0.048333825239355
    -0.045426220175107     0.054259733969514    -0.193446569538927
14 4
     0.029470182476694    -0.011345667579995    -0.016214170571932
     0.015311828451751    -0.024607238441673    -0.033302131109851
     0.013513466332829    -0.032631700554296    -0.029155684618292
14 5
    -0.198112057602671     0.043002935594608     0.049059807602671
     0.045939137975561    -0.196143986457546    -0.045343724363820
     0.055224470301083    -0.045505819601915    -0.193954136999244
14 6
    -0.002114396888385    -0.000393572341900     0.000669515936004
    -0.000283865992693    -0.002080299949609     0.000673150636180
     0.001583093316956     0.001826321271101    -0.003817718348450
14 7
     0.003729906683044    -0.001180871945074    -0.003517466206853
    -0.001180659643487     0.003969140526581    -0.003555331506677
    -0.003167698349710    -0.003337228332074     0.000339400699169
14 8
    -0.029622468316956    -0.032124919564122     0.015764940539179
    -0.032124542579995    -0.029584220584530     0.015916519683799
    -0.016202769778282    -0.016182369205089     0.032242370937264
14 9
    -0.200785517920131    -0.046607252897455     0.047435672682036
    -0.046663445357773    -0.201232087648022     0.047677168493323
     0.046594224269337     0.046763763731418    -0.199613428665911
14 10
    -0.029596412761401    -0.017146971151424     0.033141956412195
     0.017333086388259     0.032139569098010    -0.015814398966994
     0.033329898872512     0.016324603017133    -0.031339377078609
14 11
     0.003917188429075    -0.000894864008566    -0.001471188429075
     0.000896520912069     0.002991092907533     0.002833849048879
    -0.002869517794155     0.001838987937768     0.002385579270597
14 12
     0.032049529698917     0.017519862181910    -0.015921807476694
    -0.016922161627614    -0.029238801933736     0.032946384763165
     0.016069789745528     0.033107353017133    -0.031166204459562
14 13
     0.002763847159234     0.000802030832703     0.002796523872512
    -0.000949016786344     0.003974255605946    -0.001363337459058
     0.001756855221718    -0.002838952538423     0.002420404667423
14 14
     0.901012682476694     0.004431687578735    -0.004701785651298
     0.004431687578735     0.892757914336104    -0.005713900951121
    -0.004701785651298    -0.005713900951121     0.879318795540438
14 15
    -0.197339083396321    -0.042297594167297    -0.038851561444948
    -0.042256250913328    -0.197575672965482    -0.038602375157470
    -0.041464228111615    -0.041192494205089    -0.193112853269085
14 16
    -0.000464458396321    -0.001220514802217    -0.001453303508440
    -0.001250421548249    -0.001090149155959     0.000624763731418
     0.001101007999496    -0.000273585474931     0.002667394746788
14 17
    -0.006261256015369    -0.004655298532376     0.004226458396321
    -0.003996389802217    -0.003236365425800     0.004337591112371
     0.003650966332829     0.004592156588561    -0.002841809618292
14 18
    -0.000445621094734     0.000921645912069     0.001112428634417
    -0.001532548532376     0.002641539336105    -0.000329863252708
     0.001441900856639     0.000694561350466    -0.000979103269085
14 19
     0.004195930492567     0.000653191546989     0.000198998078861
     0.001187179642227     0.003006674256740     0.001672491906022
    -0.001200656683044     0.003601170477450     0.003279527683296
14 20
     0.028779513825901    -0.017035655675233     0.016056224269337
     0.015767415753338    -0.025444208679768     0.028686144683799
    -0.017464357079869     0.028559154604434    -0.025700825491308
14 21
     0.004199930492567     0.002128643927942     0.000311252047115
     0.001622247102545     0.001743241717057    -0.002927127141597
     0.000481281809020    -0.002569553728899     0.004643452286470
14 22
     0.008810531683044     0.000662905832703    -0.000027714222726
     0.000543505039053    -0.000536498362308    -0.000133908887629
    -0.000732097159234    -0.000347077538423    -0.000662569538927
14 23
    -0.005734402840766    -0.005208129881582    -0.005180426524313
    -0.003032264802217    -0.005851409076594    -0.001812341427312
    -0.002004404698917    -0.007247472379693    -0.000323436602419
14 24
    -0.029318821491560     0.034186421705719    -0.015949886841774
     0.033220134007307    -0.030669353521038     0.017132083175863
     0.017759200459814    -0.017586535871756     0.027162654667423
14 25
     0.003723144778282    -0.002934155675233    -0.000176097159234
    -0.003160697341900     0.002106906399597     0.002906676429831
    -0.000079515810028     0.002970057382212     0.004591019746788
14 26
     0.000212517794155    -0.001085820357773    -0.001789105095742
     0.000863780832703     0.003362223859914    -0.000940831506677
    -0.001364769778282     0.000633267699672    -0.000819448507181
14 27
    -0.007630216332829     0.004655191546989    -0.004202190413202
     0.005633512975561    -0.002737204711514     0.002932063334593
    -0.005871261841774     0.002893557382212    -0.002700972316704
14 28
     0.031815730095742     0.016808068531116     0.015940478237591
    -0.015748485040312    -0.027539542013102    -0.031802660871756
    -0.015037912635425    -0.032111313649534    -0.028819805650038
14 29
    -0.006472906809020     0.004642401864449     0.004690619110607
     0.004521993134291    -0.002175651140086    -0.003363944601915
     0.004409265936004    -0.003765190633661    -0.002048013983371
14 30
    -0.002101127047115    -0.000542121945074     0.000172436570925
     0.000125288769211    -0.003400087648022     0.000399795477450
     0.000368299666163     0.000286273652053    -0.001203083427816
14 31
     0.004593140810028    -0.002539048532376     0.000036541729655
    -0.002866909643487     0.001758987748803    -0.002436289840010
    -0.000338263825901    -0.002989595395566     0.004527509826153
14 32
    -0.000940115142353    -0.001129701310154     0.000530761967750
    -0.001170514802217    -0.000026409076594    -0.001320256109851
    -0.000423928508440     0.001209541509196     0.003011664588057
14 33
    -0.003114093316956    -0.004035348135551     0.004243674666163
    -0.004667685437138    -0.005961795981356     0.004254831191736
     0.004434265936004     0.003689730001260    -0.002620426681784
14 34
    -0.025092680618544     0.015942876070799     0.028447964348702
    -0.017022983056185     0.029337989732930     0.016029620874276
     0.028155900856639    -0.017190744205089    -0.025132095332577
14 35
     0.001753615016377     0.001826735197783    -0.002797769778282
     0.002285814562862     0.004675957986898     0.000488013731418
    -0.002571680492567     0.000627948255228     0.004841829270597
14 36
     0.002554355095742    -0.001592953294281    -0.000334283667171
     0.000849626070799    -0.000264710663895     0.001167487937768
     0.000681132999496     0.001508745874276    -0.000895037792895
14 37
     0.003042456286218     0.001511741150164     0.001357559586798
     0.001061419721592     0.004075668304359    -0.000028277935248
     0.003563916729655    -0.001467589443185     0.003014773715042
14 38
    -0.000633297682036     0.000463145912069    -0.000122208270345
     0.000619262975561     0.008915372669438     0.000053152620307
    -0.000312081286218    -0.000713188649534    -0.000652079459562
14 39
    -0.006151321491560    -0.003043764802217    -0.001741299540186
    -0.005408806468884    -0.005619873362308    -0.005214160871756
    -0.007338624937012    -0.001829260078105    -0.000242508030990
14 40
    -0.030446894904258     0.032824193531116     0.017059484189972
     0.033996802658100    -0.028772016219451    -0.016091035871756
    -0.017451392794155     0.017579521667926     0.027345809429327
14 41
     0.002388872952885    -0.003088820357773     0.002872678634417
    -0.002825903691106     0.004045612748803    -0.000141079522550
     0.002913250062988    -0.000123716427312     0.004781491969010
14 42
    -0.027759896888385    -0.015652449326027    -0.031866353111615
     0.016783764959688     0.031786450050391     0.015915603017133
    -0.031998888825901    -0.014827611268582    -0.028537353269085
14 43
    -0.002416646888385     0.004603739166037    -0.003423484063996
     0.004690868134291    -0.006412079711514     0.004686827223482
    -0.003761386841774     0.004454226033006    -0.002087480253212
14 44
     0.003154674540186     0.000836163769211    -0.000980113032250
    -0.001149334246662     0.000219842907533    -0.001872825554296
     0.000607551650290    -0.001447978332074    -0.000974127078609
14 45
    -0.002879615142353     0.005649635991434     0.002894761967750
     0.004604905832703    -0.007445867409927    -0.004217904919375
     0.002869488158226    -0.005874291824137    -0.002665855253212
14 46
    -0.003815825459814     0.000322007023180     0.000439801650290
    -0.000338260833963    -0.002094565822625     0.000178148652053
     0.000361936570925     0.000373011747292    -0.001506436602419
14 47
     0.001415168587805    -0.002843816389519    -0.002487365016377
    -0.002527048532376     0.004707144494835     0.000111797461577
    -0.003066650730663    -0.000239891030486     0.004368134826153
14 48
    -0.000601954428068     0.000605564562862    -0.000667142794155
     0.000568711388259    -0.000392147171832    -0.000673791824137
     0.000409325459814     0.000420991906022     0.002296428476946
14 49
     0.001352811444948    -0.001742631865709     0.001200238158226
    -0.001776578294281     0.001307110764676     0.001193206191736
     0.001303138951877     0.001324247858403     0.002293140778534
14 50
    -0.000519914745528     0.001448391943815    -0.001193954302091
    -0.000774971151424     0.002693569098010    -0.000420555713026
    -0.001301557476694    -0.000654067617788    -0.001297920729403
14 51
    -0.002696553634417     0.003945836388259    -0.004111345175107
     0.003424620118418    -0.001930176933736     0.004420430398085
    -0.003772557476694     0.004369751826657    -0.005693793745276
14 52
     0.002387238032250    -0.000632667579995    -0.000338880889393
     0.001640929642227    -0.000543178917863    -0.001156968411439
    -0.000599446365583    -0.001288474363820    -0.001393952475435
14 53
    -0.002116125062988     0.003417743134291     0.004398019904258
     0.003979225277148    -0.002697486457546    -0.004098418808264
     0.004364180618544    -0.003800178728899    -0.005640821523054
14 54
    -0.000529345301083    -0.000290582262535     0.000047269904258
    -0.000273935437138    -0.000491760267070     0.000011148652053
    -0.000213430492567    -0.000240775951121    -0.000460567554800
14 55
     0.000773553508440    -0.001424973135551    -0.001291682476694
    -0.001436358056185     0.000935392510708    -0.001210724363820
    -0.001062740016377    -0.001030847379693     0.001566716175359
14 56
    -0.029767440539179    -0.032785750913328    -0.017885480095742
    -0.032859467183170    -0.029557339632149    -0.017920275951121
     0.016386019904258     0.016441220080625     0.031000569349962
14 57
    -0.002466494110607    -0.004547149722852     0.004519763951877
    -0.004569766786344    -0.002442432886117     0.004550194286974
     0.004536976253464     0.004580541509196    -0.005494424697657
14 58
    -0.000245039745528    -0.000768437421265     0.001323785777274
     0.000847651864449     0.003582285367851     0.000402027620307
     0.001310313555052    -0.000682885078105    -0.000188184618292
14 59
     0.001163597159234     0.000900913769211    -0.001274118984631
     0.001169300673973     0.001622469891660     0.001023420477450
    -0.001305972159234     0.001221283572688     0.001446289588057
14 60
     0.003201061444948     0.000991106229529     0.000283759983623
    -0.000626342183170    -0.000217990425800     0.001482444286974
    -0.000772658667171     0.001465981985387    -0.000391736205593
14 61
     0.001071313429075     0.001360522896196     0.000884861174099
     0.001086572499370     0.001077823066264    -0.001076119205089
     0.001050988158226    -0.001096633093978     0.001074569349962
14 62
    -0.001566184586798    -0.000118419564122     0.000143533793147
    -0.000069790595868    -0.001464678917863     0.000119730001260
    -0.000031993984631    -0.000064762062232     0.009988178476946
14 63
    -0.002676484189972    -0.004833090199043    -0.004006906683044
    -0.004841998929201    -0.002484930901990    -0.003998472379693
    -0.004923045571932    -0.004911081506677    -0.006026385015117
15 1
     0.001086281683044    -0.000895929484757     0.000882004031242
    -0.000846899722852     0.001077273463089     0.000862156588561
     0.000912988158226     0.000864168493323     0.000975315381708
15 2
    -0.002131007999496     0.005488618134291    -0.003742216206853
     0.002496413769211    -0.006507085663895     0.004090099048879
    -0.004133025730663     0.004250944286974    -0.003858966364323
15 3
    -0.029709769904258    -0.018259792579995    -0.031179172556059
     0.017324751070799     0.030302783383724     0.016113856985387
    -0.029866745968758    -0.018898240236835    -0.027534593348450
15 4
    -0.006540083396321     0.002388643927942     0.004111261967750
     0.005450046705719    -0.001978075743260    -0.003695349363820
     0.004291815539179    -0.004255174760645    -0.003693708427816
15 5
     0.030546926524313     0.017970372102545     0.016285115142353
    -0.017896893770471    -0.029382823759133    -0.031747692617788
    -0.018969805492567    -0.030423043808264    -0.027851535808768
15 6
     0.001736212238599     0.001881864166037    -0.003987926524313
     0.001866102261275     0.001762237748803    -0.004079317617788
     0.000685067523306     0.000807847064752     0.000565882842026
15 7
    -0.001440234189972     0.000121064562862    -0.000174783667171
     0.000127808610481    -0.001453071775006    -0.000296174760645
     0.000082900856639    -0.000024827538423    -0.001186248110355
15 8
    -0.001798984189972    -0.004330233056185     0.004780748078861
    -0.004312699326027    -0.001974432886117     0.004909176429831
     0.004430829428068     0.004564281588561    -0.005732402872260
15 9
    -0.028200533793147    -0.031408566389519    -0.017059269778282
    -0.031421977103804    -0.028321674949609    -0.017303049760645
     0.016614698475687     0.016695539525069     0.031494547524565
15 10
     0.001362696365583     0.002671840356513    -0.002971611048123
     0.002742054642227     0.004462106796422     0.000734007779038
    -0.002643251921139     0.000133378810784     0.004182974111867
15 11
    -0.027348452443941     0.013069197499370     0.035255369110607
    -0.018185635833963     0.028744755605946     0.016423755794911
     0.029427956412195    -0.010582361268582    -0.033147069538927
15 12
     0.004519513825901     0.002727548689846     0.000831750062988
     0.002650306626354     0.001433985764676    -0.003063958490804
     0.000224138951877    -0.002774371189216     0.004240896730915
15 13
     0.029088206286218    -0.018187032659360     0.016237706412195
     0.013523951467624    -0.028169331695641     0.035794444286974
    -0.011173920571932     0.029989948255228    -0.033494619142101
15 14
    -0.197339083396321    -0.042256250913328    -0.041464228111615
    -0.042297594167297    -0.197575672965482    -0.041192494205089
    -0.038851561444948    -0.038602375157470    -0.193112853269085
15 15
     0.876868400730662     0.012906967340640    -0.015525253905266
     0.012906967340640     0.878414489732930    -0.011299718411439
    -0.015525253905266    -0.011299718411439     0.890287497921391
15 16
    -0.002157099269337    -0.004004703294281     0.004012879031242
    -0.004300578294281    -0.006031361457546     0.004529295477450
     0.003431482205845     0.004309690318720    -0.002958254062736
15 17
     0.000172478111615    -0.001394237024439     0.000806890936004
    -0.001215671548249    -0.000204952727387    -0.000627752141597
    -0.000591559460821     0.000849432382212     0.003407541572184
15 18
     0.001104613032250     0.001003457420005    -0.000787763825901
     0.001002669721592     0.000996077034518     0.001582293493323
    -0.001067874937012     0.001473337144117     0.000908122921391
15 19
    -0.000336085380448    -0.000714246945074     0.001629180618544
     0.000091272896196     0.002122211955152     0.001211523652053
     0.002132817523306     0.000282821271101    -0.001521621126228
15 20
     0.004177747952885     0.000565655832703     0.001787156809020
     0.000423884007307     0.004366204018644    -0.002954073570169
     0.002175867126480    -0.002683944601915     0.001364025699169
15 21
     0.031003539619552     0.017486330435878    -0.018032440413202
    -0.017777409643487    -0.028257970584530     0.031294404604434
     0.017110506015369     0.031905097064752    -0.028512821523054
15 22
    -0.006350984189972    -0.004543657659360    -0.004291906683044
    -0.004624901706979    -0.002143710663895    -0.003541502141597
    -0.004237372952885    -0.003792551744772    -0.002651593348450
15 23
     0.007754081286218     0.002425931626354     0.001477131015369
     0.000426203451751    -0.001595746378181    -0.000213934681280
     0.000144069507433    -0.000025196586042    -0.000593585411943
15 24
     0.001791537635425    -0.002842641786344     0.002474295697909
    -0.002470022738725     0.003989934177375     0.000335489921895
     0.002531049666163    -0.000395260078105     0.004558130857899
15 25
    -0.027086121094734     0.030496780832703     0.017193960380448
     0.030469520912069    -0.028057930901990    -0.016103666824137
    -0.016309916603679     0.016570708175863     0.029661995937264
15 26
    -0.001906873078861     0.003162866150164    -0.004620047556059
     0.003301374086672    -0.002012363441673     0.004348450239355
    -0.004673170571932     0.003934293493323    -0.005960597316704
15 27
    -0.000895982205845     0.001012253054926    -0.001680257873520
    -0.000791893770471     0.002681582986898     0.000567595080625
    -0.001548912635425    -0.001175916824137    -0.001363496126228
15 28
    -0.192318910777274     0.043889630039053     0.037946410777274
     0.043010858213656    -0.195177254314689    -0.038354879125724
     0.037277311570925    -0.043095537855883    -0.193604329459562
15 29
     0.029943202317964    -0.016317411627614    -0.016561323349710
     0.017244711388259    -0.028425738441673    -0.031744787855883
     0.017176615142353    -0.030839414840010    -0.028045162792895
15 30
     0.004105482079869    -0.002547310437138    -0.000230505889393
    -0.002125117976820     0.002159825050391    -0.002870047776518
    -0.000099226127488    -0.002660075554296     0.004751017762661
15 31
    -0.000966000062988    -0.000017612024439     0.000101849269337
    -0.000002566389519    -0.000486099552784     0.000005741906022
     0.000387335380448     0.000037930398085    -0.000913638983371
15 32
    -0.005611256015369    -0.004269264802217     0.004490444507433
    -0.004052796548249    -0.001802371378181     0.004066525636180
     0.004364420697909     0.003462192302847    -0.002512234221466
15 33
     0.000048265810028    -0.001206286627614    -0.000610267794155
    -0.001366342183170     0.000256491717057     0.000804487937768
     0.000854615142353    -0.000643244205089     0.003466674508692
15 34
     0.004654803508440     0.000482187578735    -0.002893853111615
     0.000626235197783     0.004553027431343     0.001834152620307
    -0.002693874937012     0.002251906588561     0.001633630857899
15 35
    -0.028364900856639    -0.017871578294281     0.031674662761401
     0.017554532816830     0.031463620685311    -0.017919329522550
     0.032194293713782     0.017479349048879    -0.028397194538927
15 36
     0.001050339222726     0.000915983213656     0.001573023872512
     0.000934469324767     0.001163202034518    -0.000746605316201
     0.001517482205845    -0.001041853332074     0.000995938397581
15 37
     0.002236940413202     0.000428177658100     0.001038742126480
    -0.000395362024439    -0.000617293997229     0.001396753810784
     0.000134015936004     0.001959561350466    -0.001606250094482
15 38
    -0.002141063555052    -0.004602667579995    -0.003512150730663
    -0.004585393770471    -0.006357089632149    -0.004273815633661
    -0.003763482079869    -0.004204412855883    -0.002702728269085
15 39
    -0.001598712364575     0.000263421705719    -0.000038617000504
     0.002420911785084     0.007720289336105     0.001484370874276
     0.000099099269337     0.000111390715545    -0.000555406840514
15 40
     0.004124589222726    -0.002474119960947     0.000490541729655
    -0.002803229087931     0.001970271478962     0.002444370874276
    -0.000165293587805     0.002500172461577     0.004773785619803
15 41
    -0.027979892920131     0.030752491150164    -0.016157138825901
     0.030763564562862    -0.027064849552784     0.017098327223482
     0.016721349269337    -0.016371190633661     0.030020718159486
15 42
    -0.193904162761401     0.041665737181910    -0.036389795571932
     0.042049608213656    -0.190894262251197     0.036172009763165
    -0.040857414619552     0.035654039525069    -0.191981502078609
15 43
    -0.028512037761401     0.017134300673973    -0.031733426524313
    -0.016095913611741     0.029778582986898    -0.016345516030486
    -0.030868287635425     0.017007251826657    -0.028094004062736
15 44
    -0.001973466332829     0.003200225277148     0.004428819507433
     0.003059884007307    -0.001902119394054    -0.004760668808264
     0.004049400856639    -0.004837202538423    -0.006032400888133
15 45
     0.002631368984631    -0.000828427500630     0.000573819507433
     0.001023249086672    -0.000905079711514    -0.001682873173343
    -0.001167037635425    -0.001561016030486    -0.001356504062736
15 46
     0.001904408667171    -0.001865556468884    -0.002861765810028
    -0.002366667579995     0.003872846875787    -0.000300694601915
    -0.002626089222726    -0.000176212459058     0.004505289588057
15 47
    -0.000664222285210     0.000050870118418    -0.000045182476694
     0.000027169721592    -0.001035817806752     0.000170329207609
    -0.000012051524313     0.000455384763165    -0.001171513983371
15 48
     0.004663154698917    -0.001250248929201     0.002135289745528
    -0.001210820357773     0.004634890526581     0.002104614921895
     0.002359174666163     0.002293517699672     0.001946154667423
15 49
    -0.000476079428068     0.001338804642227     0.000590795697909
     0.001355014959688    -0.000660976536911     0.000538362937768
    -0.000630511841774    -0.000648726347947     0.003017241969010
15 50
    -0.005993055618544     0.003764953451751    -0.003401771762409
     0.004248622102545    -0.002865393203578     0.003894726033006
    -0.004401458270345     0.003756833175863    -0.002286444538927
15 51
    -0.000127819507433    -0.000749977103804    -0.001072412635425
     0.000729088372386     0.003469360764676    -0.000677037855883
    -0.001152458270345     0.000578527620307    -0.000493692554800
15 52
    -0.003034277840766     0.004485643927942     0.004038551650290
     0.003921772896196    -0.006085641219451    -0.003408811665407
     0.003910652840766    -0.004534198570169    -0.002308476284958
15 53
     0.003393734063996     0.000703804642227    -0.000665422556059
    -0.000745431468884    -0.000258823759133    -0.001051387062232
     0.000603029824893    -0.001089652935248    -0.000491220332577
15 54
     0.001499763825901    -0.001435145754598    -0.001408797556059
    -0.001415467183170     0.001378277431343    -0.001465569601915
    -0.001493581286218    -0.001570750157470     0.001236658635677
15 55
    -0.000523712364575    -0.000156036627614     0.000279500062988
    -0.000171639802217    -0.000490944790879     0.000285182382212
     0.000306734189972     0.000307553413958    -0.000632432634165
15 56
    -0.203329456412194    -0.050074064405392     0.051100077443941
    -0.050318373929201    -0.203646051933736     0.051381130794911
     0.051091619110607     0.051066245874276    -0.204673454459562
15 57
    -0.028128259983623    -0.032163713214916     0.016947446491560
    -0.032155423532376    -0.028189145187705     0.016923351033006
    -0.017245549540186    -0.017345557697153     0.031072051492819
15 58
     0.004860069381456     0.002372999086672    -0.000382656683044
     0.002558495118418     0.002280948066264     0.002508434366339
    -0.000490587238599     0.002316265715545     0.004860291572184
15 59
    -0.000243918713782     0.000777225277148     0.001351813555052
    -0.000514606072058     0.003515132590073    -0.000788047776518
     0.001302127047115     0.000836309366339    -0.000132484221466
15 60
     0.002030170571932     0.002703042737465     0.002453817523306
     0.002495876070799     0.004774297272613    -0.000259648966994
     0.002232440539179    -0.000392117220962     0.004642989984883
15 61
     0.003138047556059    -0.000304665595868    -0.000903706286218
     0.000980040753338    -0.000470514235324     0.001537287540942
     0.000701087364575     0.001500142699672    -0.000492954459562
15 62
    -0.001908450459814    -0.003787608056185    -0.004593408667171
    -0.003800572341900    -0.001905141219451    -0.004596738252708
    -0.004413269778282    -0.004443486268582    -0.006235845332577
15 63
    -0.000455625062988     0.000450096308894    -0.000001974143361
     0.000460469324767    -0.000437893203578    -0.000081565633661
     0.000193553634417     0.000181569286974     0.009324466175359
16 1
    -0.000402218316956     0.000253524880322    -0.000385884857647
    -0.000530070357773    -0.002250827727387    -0.000607184681280
    -0.000433878905266     0.000191307382212    -0.000331936602419
16 2
     0.029464867000504     0.015552572499370    -0.012062605095742
    -0.011881006865709    -0.030633811854371     0.031710632779038
     0.015939857205845     0.031896208175863    -0.025446343348450
16 3
     0.002981980095742     0.000274286785084     0.001143563555052
     0.001264330435878     0.001522932193248    -0.003737609284455
     0.001754886967750    -0.001043976347947     0.002563654667423
16 4
     0.000024416603679    -0.000387526706979     0.000200623078861
     0.000476001070799     0.000538198066264     0.000410559366339
     0.000248698475687    -0.000411660871756    -0.000121210411943
16 5
     0.000492926524313     0.002023326467624    -0.001559773746536
     0.001229310594608     0.001479700050391     0.001206216112371
    -0.001568797556059     0.001983970080625     0.000667087207105
16 6
    -0.026256412761401     0.032564443531116     0.016145684586798
     0.032305431626354    -0.031308113441673    -0.012051033887629
    -0.012044049540186     0.015385985953641     0.029619755857899
16 7
     0.002557015810028    -0.000829856072058     0.001676077443941
    -0.003753737024439     0.001468952034518     0.001431358969514
     0.001068408793147     0.000350936350466     0.002915624905518
16 8
     0.008901890810028     0.000380471308894     0.000573109189972
     0.001081755039053    -0.000679159076594     0.000160585159990
     0.000082462364575    -0.000355954522550    -0.000712529856387
16 9
    -0.006615408793147    -0.004225987024439    -0.004686283667171
    -0.003485522738725    -0.003324276140086    -0.004416766030486
    -0.004311918587805    -0.004090196586042    -0.003309829459562
16 10
     0.028705446365583    -0.015414205278408    -0.017431374937012
     0.016678009007307    -0.027393369394054    -0.029028083490804
     0.015548631015369    -0.029689857300328    -0.027054152872260
16 11
    -0.188319952443940     0.037682901864449     0.035596230221718
     0.035025818531116    -0.184470845584530    -0.044280210474931
     0.035684714348702    -0.039209347379693    -0.192204821523054
16 12
    -0.000926111174099     0.001511253054926    -0.001285763825901
    -0.000712364008566     0.002004634574200     0.000577075239355
    -0.001199103111615    -0.000762232300328    -0.001537105253212
16 13
    -0.006876293713782     0.000927296705719    -0.002815557476694
     0.007634280832703     0.000281442113883     0.001120228017133
    -0.005580912635425     0.005607212144117    -0.005630996126228
16 14
    -0.000464458396321    -0.001250421548249     0.001101007999496
    -0.001220514802217    -0.001090149155959    -0.000273585474931
    -0.001453303508440     0.000624763731418     0.002667394746788
16 15
    -0.002157099269337    -0.004300578294281     0.003431482205845
    -0.004004703294281    -0.006031361457546     0.004309690318720
     0.004012879031242     0.004529295477450    -0.002958254062736
16 16
     0.914597650730662     0.003570751070799     0.020148865142353
     0.003570751070799     0.903659537351978     0.001007704207609
     0.020148865142353     0.001007704207609     0.912841493953137
16 17
    -0.203296146888385    -0.050550407659360    -0.049202372952885
    -0.048820217183170    -0.202431428917863    -0.048877968411439
    -0.049224801524313    -0.050557303728899    -0.203353585411942
16 18
     0.031024363032250     0.016303161785084     0.017616972285210
    -0.016242875913328    -0.031389024155959    -0.032230797776518
    -0.017288492000504    -0.032025398966994    -0.029775629062736
16 19
    -0.008522960380448     0.004177207420005     0.004135416729655
     0.005427102261275    -0.002858139235324    -0.002979817617788
     0.004344200459814    -0.002843289840010    -0.002965123110355
16 20
    -0.031381377047115    -0.016296639802217    -0.033573607079869
     0.016007338372386     0.031041227828168     0.015935210159990
    -0.033580624937012    -0.016333930713026    -0.031375851284958
16 21
    -0.003178460380448     0.004347784800957    -0.004870079302091
     0.004804669721592    -0.006516571775006     0.004765938334593
    -0.004868236048123     0.004319235953641    -0.003085323507181
16 22
    -0.029747859189972    -0.032086328294281    -0.017438920571932
    -0.032319322341900    -0.031674436854371    -0.016456593411439
     0.017592009983623     0.016303712144117     0.031055404667423
16 23
    -0.003154543713782    -0.002802489008566     0.004337617126480
    -0.003005217183170    -0.002908472568657     0.005655474048879
     0.004074702443941     0.004370442302847    -0.008483962396070
16 24
    -0.001675087364575     0.000372937578735     0.000319906809020
    -0.000365318373646    -0.001550917013102    -0.000028726347947
     0.000109682602671    -0.000393746189216    -0.003586621126228
16 25
     0.002757003905266     0.000022110197783    -0.002904803508440
     0.000014100277148     0.003563717907533    -0.002960383093978
    -0.002845533667171    -0.002224902935248     0.001562743953137
16 26
     0.030792251921139    -0.016510554484757     0.016335813555052
     0.016166453451751    -0.028256464632149     0.031482358969514
    -0.016864412635425     0.030974807382212    -0.028078599300831
16 27
     0.003150892794155     0.002602832420005     0.000248978237591
     0.003308560594608     0.000697606796422    -0.002737746189216
     0.000239970301083    -0.002477527935248     0.003229126889645
16 28
    -0.029300410777274     0.015182334404132     0.034550646888385
    -0.017074437421265     0.025699894494835     0.017574154604434
     0.032511819507433    -0.016427773966994    -0.031741581443689
16 29
     0.000926577317964     0.002998042737465    -0.002857462238599
     0.003304790753338     0.003987285367851     0.000791370874276
    -0.002503001921139     0.000396599048879     0.004351960222978
16 30
    -0.000387642920131     0.001502268927942    -0.000896769778282
     0.001660461388259    -0.001707526140086    -0.000188764046359
     0.001486906809020     0.001155938334593     0.002555140778534
16 31
     0.000672374937012    -0.000803907659360     0.001185710380448
    -0.000875737024439     0.000724674256740     0.001460275636180
     0.001062218316956     0.001381319286974     0.000768609032502
16 32
    -0.000906756015369    -0.000181435437138     0.000158555618544
     0.000377282816830    -0.000922472568657     0.000924184366339
     0.000657553634417     0.000284831191736     0.008634013794407
16 33
    -0.003309609189972    -0.004001957262535    -0.004361281683044
    -0.004272137818090    -0.003231984473419    -0.003557353332074
    -0.004721501921139    -0.004273355316201    -0.006573452475435
16 34
     0.002416428508440     0.000579516943815    -0.001593617000504
    -0.000291685437138    -0.001271198759133    -0.001296438649534
     0.000945132999496    -0.001355954522550    -0.000632996126228
16 35
    -0.003053650856639     0.004471126070799     0.003962023872512
     0.004161737181910    -0.006175855505165    -0.004001295792391
     0.003387926650290    -0.004361262062232    -0.002309696523054
16 36
    -0.001598160777274    -0.000737437421265    -0.001170615016377
     0.000618673689846     0.002053225844041    -0.000759571586042
    -0.001274759857647     0.001418410556815    -0.000918563586546
16 37
    -0.005643684586798     0.005524382023180    -0.005648646762409
     0.001196717340640     0.000145479812295     0.007304537540942
    -0.002866226127488     0.000863325239355    -0.006694252078609
16 38
    -0.027004813555052    -0.029560338214916     0.015723835380448
    -0.028779689405392    -0.027370815822625     0.016643968096498
    -0.017392349143361    -0.015645148966994     0.028797144746788
16 39
    -0.193946212364575    -0.041992623929201     0.037423994110607
    -0.047067633849836    -0.187372186854371     0.037819154604434
     0.037542607205845     0.040673029604434    -0.190915783824641
16 40
    -0.000945910777274    -0.000230415595868    -0.000318097159234
     0.000111975277148    -0.000836454711514     0.000079529604434
    -0.000302535651298    -0.000280938649534    -0.000933966364324
16 41
     0.000892982079869    -0.001160804484757    -0.001759652714790
    -0.001291731072058     0.001981924256740    -0.001345639046359
    -0.001761767794155    -0.001198176744772     0.001084966175359
16 42
     0.001467587238599     0.000710441546989    -0.000550059460821
     0.001115937578735    -0.002682613441673     0.001359918493323
     0.001371093316956     0.000906053413958    -0.001475754062736
16 43
     0.000676587238599     0.003098255039053     0.001906809586798
     0.002715665753338     0.003806856796422    -0.000438857300328
     0.001981095301083    -0.000323859284455     0.003752743953137
16 44
    -0.001184091332829     0.000612804642227     0.000761430618544
    -0.000945536627614     0.001685279415470    -0.000925260078105
     0.000758283793147     0.000589311350466    -0.001146777872260
16 45
     0.003374743984631     0.003549776864449    -0.000792694381456
     0.003113578451751    -0.000777805901990     0.003081660556815
    -0.000796279698917     0.003491872858403     0.003469618953137
16 46
    -0.001485466332829     0.000965647896196     0.001332095301083
     0.001368286785084    -0.002640129314689     0.001105964128244
    -0.000512581286218     0.000648801429831     0.001517037603930
16 47
     0.003768402714790    -0.000265675516503     0.001975303634417
    -0.000409000913328     0.003818831002771     0.002642362937768
     0.001877581412195     0.003077148652053     0.000716234032502
16 48
    -0.003633845301083    -0.000366419564122     0.000105400856639
     0.000004884007307    -0.001583335663895    -0.000476226347947
     0.000319307602671     0.000301031588561    -0.001707722316704
16 49
     0.001439045571932    -0.002269115992693    -0.002895343190980
    -0.003020280675233     0.003579172272613    -0.000095603332074
    -0.002952503905266    -0.000066587459058     0.002805864984883
16 50
     0.002679819381456     0.001185782816830     0.001404339348702
    -0.000191923532376    -0.001582869394054     0.001658009763165
    -0.000914700333837     0.001478972064752    -0.000230446523054
16 51
     0.000797430492567     0.001446852261275     0.001046198475687
     0.001488792737465     0.000773884574200    -0.000919129125724
     0.001163799666163    -0.000873583490804     0.000727555461073
16 52
    -0.031403527840766    -0.016249526706979     0.032351037761401
     0.017533977261275     0.025827257590073    -0.017041902935248
     0.034383910777274     0.015213440318720    -0.029053853269085
16 53
     0.004434984063996     0.000436759007307    -0.002553811444948
     0.000824022896196     0.004010075050391     0.003211271667926
    -0.002907462238599     0.002918110953641     0.001009152683296
16 54
    -0.028014361174099     0.030874183610481    -0.016676311444948
     0.031428612181910    -0.028076323759133     0.016026589128244
     0.016385051650290    -0.016496986268581     0.030827656651550
16 55
     0.003192412635425    -0.002449457262535     0.000235736174099
    -0.002652310437138     0.000676079018644     0.003259966112371
     0.000245617126480     0.002542192302847     0.003156315381708
16 56
    -0.002238706412195    -0.000216110040312    -0.000212811444948
     0.000051955435878     0.009486846875787    -0.000000710474931
    -0.000206247952885    -0.000261990236835    -0.002246706443689
16 57
    -0.002658759983623    -0.004070383849836    -0.004158817397329
    -0.004555844167297    -0.006517996378181    -0.004586615236835
    -0.004154791603679    -0.004089543808264    -0.002605825491308
16 58
     0.002687194381456    -0.000267296548249     0.000662454428068
     0.000927699483497    -0.000855653124213    -0.001232031903502
    -0.000818704302091    -0.001338095395566    -0.000548335411943
16 59
    -0.002531918713782     0.003366054642227     0.004550299666163
     0.003628098293021    -0.002382468600403    -0.004261889046359
     0.004425134983623    -0.004477551744772    -0.006617361205593
16 60
    -0.028847579428068     0.017431122102545    -0.031553446365583
    -0.016039544564122     0.030862446082137    -0.016048365236835
    -0.031548801524313     0.017396521667926    -0.028788011999244
16 61
    -0.196754952443940     0.038656663769211    -0.039632470175107
     0.038595995118418    -0.191468865425800     0.038709446271101
    -0.039557029698917     0.038694031588561    -0.196563206443689
16 62
    -0.000542825459814    -0.001283903691106    -0.000873547556059
    -0.001199117976820    -0.000851867409927     0.000850170477450
     0.000620613158226    -0.000367597379693     0.002803902683296
16 63
    -0.006510000062988    -0.004397074326027     0.004375261967750
    -0.004215576310154    -0.002301369394054     0.003566593096498
     0.004479686570925     0.003281208175863    -0.002384035808768
17 1
     0.001414234063996    -0.004442568373646     0.001986073475687
    -0.002997104087931     0.005199206002771    -0.002975067617788
     0.002003007999496    -0.004483240236835     0.001385359032502
17 2
     0.003084819381456     0.003862229245402    -0.001364771762409
     0.002845334404132     0.004281721875787    -0.003513750157470
    -0.001854755889393    -0.003080589443185     0.002732702286470
17 3
     0.031393682476694    -0.016576556468884     0.016838146888385
     0.015343421705719    -0.029474159076594     0.031661757779038
    -0.015375476127488     0.032527351033006    -0.029049799697657
17 4
     0.002619993984631     0.003778255039053     0.001868581412195
     0.003051342340640     0.003525356796422     0.003011176429831
     0.001924960380448     0.003760916509196     0.002454710222978
17 5
    -0.000193371094734     0.000185983213656     0.001520434586798
    -0.000406098135551     0.003403358780549    -0.000346666824137
     0.001524714348702     0.000198172461577    -0.000032742157974
17 6
     0.002854539619552    -0.003204024722852    -0.001849982079869
    -0.003616977103804     0.004048420288486     0.002869333175863
    -0.001450537635425     0.003916438334593     0.003025801492819
17 7
    -0.029219781809020     0.032761300673973    -0.015155339222726
     0.031955604245402    -0.029655264235324     0.015250601033006
     0.016961920697909    -0.016494861268581     0.031179795540438
17 8
    -0.005876906809020    -0.004245246945074    -0.003886932476694
    -0.004572153691106    -0.002777250346435    -0.004243922776518
    -0.004466775730663    -0.004065502141597    -0.002773109221466
17 9
     0.010430293587805    -0.000075330278408     0.000298799666163
     0.000235818531116    -0.000129617409927     0.000139476033006
    -0.000104781683044     0.000065505794911    -0.000072658824641
17 10
    -0.006594726253464     0.004344326467624     0.003736458396321
     0.004454100277148    -0.003413710663895    -0.004506091427312
     0.004074642920131    -0.004114529919375    -0.003572232237339
17 11
     0.031729124937012     0.016567433610481     0.017023563555052
    -0.014317840199043    -0.029916311854371    -0.031398468411439
    -0.014423398746536    -0.033337769998740    -0.028817775888133
17 12
    -0.006278533793147     0.004635159800957    -0.004013055492567
     0.004685727261275    -0.003340081695641     0.003865942302847
    -0.004038716206853     0.003608470080625    -0.003073559618292
17 13
    -0.000844216332829    -0.000429421548249    -0.001438349143361
    -0.000332002897455     0.001393350844041     0.000366220080625
    -0.001661650730663     0.000469414525069    -0.000529575491308
17 14
    -0.006261256015369    -0.003996389802217     0.003650966332829
    -0.004655298532376    -0.003236365425800     0.004592156588561
     0.004226458396321     0.004337591112371    -0.002841809618292
17 15
     0.000172478111615    -0.001215671548249    -0.000591559460821
    -0.001394237024439    -0.000204952727387     0.000849432382212
     0.000806890936004    -0.000627752141597     0.003407541572184
17 16
    -0.203296146888385    -0.048820217183170    -0.049224801524313
    -0.050550407659360    -0.202431428917863    -0.050557303728899
    -0.049202372952885    -0.048877968411439    -0.203353585411942
17 17
     0.901354805492567    -0.001483625913328     0.009459210380448
    -0.001483625913328     0.901666854812295    -0.003495851347947
     0.009459210380448    -0.003495851347947     0.901068335222978
17 18
    -0.200639059586798     0.046264318531116     0.042453680618544
     0.047101590356513    -0.198581490425800    -0.045842930713026
     0.042796269904258    -0.045482571586042    -0.199535583427816
17 19
     0.032102992000504    -0.016199260833963    -0.016299499937012
     0.014394318531116    -0.029351980505165    -0.030621825554296
     0.015071337364575    -0.032385212459058    -0.027936952475435
17 20
    -0.203904674666163     0.049655766943815    -0.048922148746536
     0.050125929642227    -0.202100988441673     0.050018452223482
    -0.048928988032250     0.049570771667926    -0.203598305650038
17 21
    -0.029076632999496     0.016572816546989    -0.032219995968758
    -0.017702489008566     0.031060336955152    -0.017565819601915
    -0.032213099143361     0.016496188334593    -0.029001527872260
17 22
    -0.200753156809020    -0.046799546548249     0.044033162761401
    -0.047213731072058    -0.199796153124213     0.048427648652053
     0.043672771888385     0.047571414525069    -0.201648799697657
17 23
    -0.028007716332829    -0.032381207262535     0.015063325459814
    -0.030726875913328    -0.029599813838498     0.014713841112371
    -0.016349535651298    -0.015983730316201     0.032047458238851
17 24
     0.004192865016377    -0.000802655675233    -0.001895759857647
     0.000608772896196     0.004592741717057    -0.003054609284455
    -0.002637180492567    -0.003032418808264     0.001399049508692
17 25
    -0.000324918713782     0.000165766943815     0.000157529824893
    -0.000342933453011    -0.000677248362308    -0.000092141030486
     0.000170853237591     0.000056799445704    -0.001827335411943
17 26
     0.004118579302091     0.000910727261275     0.001924146888385
    -0.000341955278408     0.003970819098010    -0.003593273966994
     0.002041849269337    -0.002934740236835     0.001877696334089
17 27
     0.033300345175107     0.015796989166037    -0.017127813429075
    -0.016087473135551    -0.029864984473419     0.032814870874276
     0.015944107205845     0.033689549445704    -0.028886702475435
17 28
     0.003882541603679     0.000821491150164    -0.002225394778282
    -0.000183971151424     0.004386053224994     0.003141521667926
    -0.002558668587805     0.003135678413958     0.001175964191232
17 29
    -0.028792095301083    -0.016902300516503     0.032367246094734
     0.016763882023180     0.029799319098010    -0.016960387062232
     0.032286259983623     0.016927551429831    -0.028894869142101
17 30
     0.003950184460821    -0.001108824326027     0.002166438555052
     0.000304427658100     0.004412007590073     0.002926853017133
     0.002468418713782     0.003032640715545     0.001473436413454
17 31
    -0.000300422682036     0.001433874086672     0.001143543713782
     0.001425229245402    -0.000278667013102     0.000835142699672
    -0.000365019778282    -0.000630603332074     0.003103904667423
17 32
    -0.002965303634417    -0.003866403691106    -0.004392111048123
    -0.004051375913328    -0.003147063838498    -0.004674948570169
    -0.003756059460821    -0.004342091427312    -0.006165190570673
17 33
    -0.000058906809020     0.000068449483497    -0.000093198349710
     0.000169703451751    -0.000143325743260     0.000260138731418
     0.000302634983623    -0.000079152935248     0.010415843159486
17 34
    -0.003102994110607     0.004303673689846     0.004049091332829
     0.004586530832703    -0.003481415028975    -0.004718071586042
     0.003450519904258    -0.004055127141597    -0.006492575491308
17 35
     0.003349426524313    -0.000689467183170     0.000760607205845
     0.000786703451751    -0.000276946775006    -0.001454928728899
    -0.000642686444948    -0.001250434681280     0.000100349111867
17 36
    -0.003115708396321     0.003628094324767    -0.004013031683044
     0.003907139959688    -0.003328490425800     0.004648795477450
    -0.003992872952885     0.004597612937768    -0.006275767951625
17 37
    -0.000485482205845     0.000458788769211    -0.001653188429075
     0.000331433610481     0.001265888542454    -0.000405470395566
    -0.001439089222726    -0.000551847379693    -0.000779331443689
17 38
    -0.003511111174099    -0.004084931468884     0.004097543713782
    -0.004487348135551    -0.003469157092467     0.004461960159990
     0.003751412761401     0.004331178413958    -0.006577309618292
17 39
    -0.028594009983623    -0.033139217183170    -0.014661672556059
    -0.031421292579995    -0.029977528124213    -0.014786603332074
     0.016908369110607     0.016514731985387     0.031802886810280
17 40
     0.001466166603679    -0.000997633849836    -0.001235388825901
    -0.001252308453011     0.000986829018645    -0.001251603332074
    -0.001246148746536    -0.001005236268582     0.001419579270597
17 41
     0.000518809460821     0.000023852261275     0.000139430618544
    -0.000053639802217    -0.000025917013102    -0.000070271982867
     0.000147619110607     0.000006400636180     0.000633761810280
17 42
     0.001193164619552     0.001365223293021     0.001207523872512
     0.001297778848576     0.001160545288486    -0.001334589443185
     0.001177230221718    -0.001187494205089     0.001078416572184
17 43
     0.002813789619552     0.000987536785084     0.000609142920131
    -0.000361992976820    -0.000593859473419     0.001616009763165
    -0.000724017794155     0.001266593096498    -0.000419210411943
17 44
     0.001172611048123     0.000989586388259    -0.001437611048123
     0.000868804642227     0.001182563145629     0.000883856985387
    -0.001440829302091     0.001015513731418     0.001193767762661
17 45
    -0.000487928634417    -0.000529441389519     0.001932513951877
     0.001206919721592     0.001150727828168     0.001217152620307
     0.001938732205845    -0.000540549760645    -0.000481960411943
17 46
     0.001112736048123    -0.001238695357773     0.001194178634417
    -0.001358996945074     0.001178654415470     0.001318956191736
     0.001243305618544     0.001391003810784     0.001197458238851
17 47
    -0.000374644904258     0.001274356229529    -0.000709988032250
     0.001631215356513    -0.000609385267070    -0.000353019998740
     0.000600593316956     0.000997851033006     0.002856404667423
17 48
     0.001374732079869    -0.003084387818090    -0.002676015810028
    -0.003052024722852     0.004558698066264     0.000590890715545
    -0.001930680492567    -0.000819516030486     0.004135073318216
17 49
    -0.001849502047115    -0.000052584246662     0.000134615142353
    -0.000204189405392    -0.000646918997228    -0.000389736268581
     0.000119382999496     0.000118489921895    -0.000363714380197
17 50
     0.001599396762409     0.003019939562862     0.002421547682036
     0.002854917737465     0.004556289336105     0.000333501826657
     0.002093936570925    -0.001095700554296     0.004062224111867
17 51
     0.003169632873520    -0.000618865992693    -0.000392593190980
     0.000848759007307    -0.000231331695641     0.001425112937768
     0.001103061570925     0.001417743890149    -0.000267023904006
17 52
     0.001291799540186     0.003115255039053    -0.002541878905266
     0.003097693531116     0.004603916320232    -0.000146410871756
    -0.002240702317964     0.000859017699672     0.004051567365835
17 53
    -0.028847188555052     0.017009540753338     0.032327771888385
    -0.017056135833963     0.029837733780549     0.016751888731418
     0.032243549666163    -0.016834811665407    -0.028661801681784
17 54
     0.001929341206853    -0.002939284643487     0.002057396888385
    -0.003558796548249     0.004058709971025    -0.000277543808264
     0.001964313555052     0.000971091112371     0.004217077286470
17 55
    -0.028871259983623     0.033699449483497     0.015875944507433
     0.032991155832703    -0.029922012251197    -0.016216416824137
    -0.017127370968758     0.015773144683799     0.033254986016629
17 56
    -0.002204879031242    -0.004524703294281    -0.003805728111615
    -0.004806953294281    -0.006542994394054    -0.004831343411439
    -0.003784611048123    -0.004548787855883    -0.002228910808768
17 57
    -0.000640682602671    -0.000072602103804     0.000015890936004
     0.000131122102545     0.009754412351978     0.000166376826657
     0.000009095301083    -0.000026716427312    -0.000611279856387
17 58
    -0.002191228237591     0.004527485197783     0.003502287761401
     0.004413915753338    -0.005905619394054    -0.004413414840010
     0.003419307602671    -0.004397768014613    -0.001920164777022
17 59
     0.003177158667171     0.000689336388259    -0.000565117000504
    -0.000636935437138    -0.000309059870244    -0.001314771982867
     0.000836646888385    -0.001389974363820    -0.000031440570673
17 60
    -0.002112002047115     0.004609028848576    -0.003610363032250
     0.004402171705719    -0.006810145187705     0.004401001826657
    -0.003567914619552     0.004603349048879    -0.002102466364324
17 61
    -0.029240625062988    -0.017252179484757    -0.032176886841774
     0.018110086388259     0.030327043304359     0.018155688334593
    -0.032007767794155    -0.017163016030486    -0.029207285808768
17 62
    -0.001870248078861    -0.004403621945074     0.003403410777274
    -0.004434151706979    -0.005906958679768     0.004387287540942
     0.003420625062988     0.004468605001260    -0.002050926681784
17 63
     0.000117077317964    -0.001349167579995     0.000759970301083
    -0.001270235040312    -0.000202960663895    -0.000695789840010
    -0.000632301524313     0.000618785556815     0.003332134826153
18 1
     0.031056618984631    -0.024507727103804     0.019007632999496
     0.014725965356513    -0.032019139235324     0.031377962144117
    -0.011485021762409     0.034325555398085    -0.025697809618292
18 2
    -0.000929045697909    -0.000300304484757     0.000014787761401
     0.001323028848576    -0.002502373362308    -0.000903345395566
    -0.000361535651298     0.000370206191736    -0.001892591364324
18 3
     0.002200817397329    -0.001943465199043     0.000206956412195
    -0.003413383849836     0.002168245685311    -0.001534712459058
    -0.000665130889393    -0.002881103332074     0.002421156651550
18 4
    -0.025361621094734    -0.032175403691106    -0.015442359063996
    -0.033400588214916    -0.031673863441673    -0.012785918808264
     0.013160805618544     0.015827462144117     0.030862166572184
18 5
    -0.005800361174099    -0.002778425516503     0.003244119110607
    -0.007146903691106     0.000424763542454     0.002143487937768
     0.005497309586798     0.004996843096498    -0.005506160808768
18 6
    -0.000163450459814    -0.000152308453011     0.000676452443940
    -0.000773282659360     0.000280825050391     0.000686362937768
    -0.000424567397329     0.000043233969514    -0.000999992157974
18 7
    -0.003360021888385     0.003246516943815    -0.005507904698917
     0.003358173689846    -0.002479734473419     0.005711755794911
    -0.004309609063996     0.004725309366339    -0.007713498110355
18 8
     0.029648978111615     0.015671594324767     0.016713752047115
    -0.016941209246662    -0.026636970584530    -0.029098268014613
    -0.015885305492567    -0.030103831506677    -0.027351277872260
18 9
    -0.006334821491560     0.004070760991434     0.004383234189972
     0.003752762975561    -0.003339837648022    -0.004424744205089
     0.004328188555052    -0.004031573570169    -0.003189077475435
18 10
     0.008484408667171    -0.000225332262535    -0.000024107079869
    -0.000038705278408    -0.001198555901990     0.000203313334593
    -0.000264261841774    -0.000277484284455    -0.001152775888133
18 11
    -0.008058365142353    -0.003952600119677    -0.004437001921139
    -0.005397145754598    -0.002813532092467    -0.003422813649534
    -0.004985553508440    -0.002849849363820    -0.003607819538927
18 12
    -0.000581523872512     0.001283626070799    -0.000655495968758
     0.001451171705719    -0.001349676933736    -0.000386777935248
     0.001813129031242     0.000374265715545     0.001689021730915
18 13
     0.000409043587805    -0.001830830278408     0.001268585380448
    -0.001233683453011     0.000829505605946     0.001233374842530
     0.001267069507433     0.001411085159990     0.000445505857899
18 14
    -0.000445621094734    -0.001532548532376     0.001441900856639
     0.000921645912069     0.002641539336105     0.000694561350466
     0.001112428634417    -0.000329863252708    -0.000979103269085
18 15
     0.001104613032250     0.001002669721592    -0.001067874937012
     0.001003457420005     0.000996077034518     0.001473337144117
    -0.000787763825901     0.001582293493323     0.000908122921391
18 16
     0.031024363032250    -0.016242875913328    -0.017288492000504
     0.016303161785084    -0.031389024155959    -0.032025398966994
     0.017616972285210    -0.032230797776518    -0.029775629062736
18 17
    -0.200639059586798     0.047101590356513     0.042796269904258
     0.046264318531116    -0.198581490425800    -0.045482571586042
     0.042453680618544    -0.045842930713026    -0.199535583427816
18 18
     0.922149575333837    -0.004601465199043    -0.000699259857647
    -0.004601465199043     0.897505164336105     0.004617349048879
    -0.000699259857647     0.004617349048879     0.910456997921391
18 19
    -0.195294998078861    -0.040170794564122    -0.041674315413202
    -0.038280737024439    -0.190038325743260    -0.049586420792391
    -0.041061692397329    -0.043690166824137    -0.197905246126228
18 20
    -0.029332164745528     0.032513483213656     0.017350285777274
     0.032325249086672    -0.031467083679768    -0.015788018014613
    -0.016999892794155     0.015769192302847     0.031669150699169
18 21
     0.001084501921139    -0.002717717183170     0.002485063555052
    -0.003048544564122     0.003774866717057     0.000696335159990
     0.002378371094734     0.000114233969514     0.004191553476946
18 22
    -0.031242021888385     0.016025544721592     0.033220347285210
    -0.016627286627614     0.030760251637692     0.016000553413958
     0.034144742126480    -0.016588164840010    -0.031254593348450
18 23
     0.002246043587805     0.001897009007307    -0.001833365016377
     0.003800568531116     0.002011090923406     0.001134870874276
    -0.001310690413202     0.000036690318720     0.003242664588057
18 24
     0.031142374937012     0.015939060594608    -0.015106700333837
    -0.014971032659360    -0.028105228521038     0.030657045477450
     0.016743789745528     0.030106376826657    -0.027311369142101
18 25
     0.002804716206853    -0.000111391786344     0.003202714348702
     0.000086135991434     0.003279656399597    -0.003238986268582
     0.002148823475687    -0.002491404919375     0.001521495937264
18 26
    -0.002945785777274    -0.000282306468884    -0.000090793587805
    -0.000708135833963    -0.001983026140086    -0.000301619205089
     0.000189944507433    -0.000069694601915    -0.003236597316704
18 27
     0.004914855095742    -0.000104669564122    -0.001310628905266
    -0.000573153691106     0.002429545288486    -0.001103224363820
    -0.002291172556059    -0.001530654919375    -0.000011621126228
18 28
    -0.000530823475687    -0.001709417579995     0.001176789745528
    -0.001694526706979    -0.001892917013102     0.000369051429831
    -0.001156698349710     0.001271224048879     0.002235670540438
18 29
    -0.003066335380448    -0.004330584246662     0.004955305618544
    -0.004297173532376    -0.006830151140086     0.004702267699672
     0.004608355221718     0.004690597064752    -0.003031037792895
18 30
    -0.029399055618544    -0.015661733056185    -0.036079626921139
     0.017258997102545     0.026817537351978     0.017913882779038
    -0.033045236048123    -0.016230563649534    -0.033002857237339
18 31
    -0.002841787761401     0.004857215356513    -0.003258271762409
     0.004012673689846    -0.006597762251197     0.004256297461577
    -0.003548549540186     0.005068067302847    -0.003089388983371
18 32
     0.002305331286218    -0.000571187421265     0.001273448475687
     0.000805443531116    -0.001407284076594    -0.001202043808264
    -0.000876089222726    -0.001100545792391    -0.000601984221466
18 33
    -0.003250146888385     0.003711915753338     0.004516861174099
     0.004094522896196    -0.003132920981356    -0.003935956506677
     0.004607480221718    -0.004006482300328    -0.006321325491308
18 34
    -0.000872359189972    -0.000217985040312    -0.000158224143361
    -0.000427899722852    -0.000743885267070     0.000592083175863
    -0.000891759857647     0.000517793493323     0.008642630857899
18 35
    -0.002676938555052    -0.003619000913328    -0.004317333270345
    -0.003884852103804    -0.002196417013102    -0.004497648966994
    -0.004289841206853    -0.004647264046359    -0.006399069538927
18 36
    -0.026535073475687     0.028836435594608    -0.014919097159234
     0.032131709404132    -0.026439460663895     0.016966575239355
     0.017022222285210    -0.014942216427312     0.028850188397581
18 37
     0.003056652714790    -0.002986744960947     0.001035746094734
    -0.003734621945074    -0.000391081695641     0.003367684366339
     0.000988506015369     0.003497198255228     0.002990999905518
18 38
    -0.001293101253464     0.000377409800957     0.001236353237591
    -0.000338153691106     0.001613372669438    -0.000592635078105
     0.001410132999496     0.001891474048879    -0.000760978269085
18 39
     0.002441499937012     0.002792624086672    -0.000192988032250
     0.001504401864449     0.001930501637692     0.002545926429831
     0.000860214348702     0.001591902620307     0.003278093159486
18 40
     0.002820676524313    -0.000366417579995     0.001151170697909
    -0.000936614008566    -0.001790016219451     0.001431551429831
    -0.000969178508440     0.000900684366339    -0.000724339380197
18 41
     0.001178819381456     0.001685943531116     0.001700115142353
     0.001518679642227     0.002194362748803    -0.001394617220962
     0.001397964348702    -0.001190303728899     0.001220468159486
18 42
    -0.001470200459814     0.000113939562862     0.000451708396322
    -0.000004276706979    -0.001283174949609     0.000124690318720
     0.000396075459814     0.000025551429831    -0.001366127078609
18 43
     0.000400674540186    -0.001120996945074    -0.001111047556059
    -0.001081798532376     0.000499795288486    -0.001035585474931
    -0.001044672556059    -0.000940486268582     0.000509870937264
18 44
    -0.000209129031242    -0.002135947341900    -0.000025426524313
    -0.001262125913328    -0.002232782092467     0.001165386747292
     0.000470640936004     0.000173934366339     0.001995849111867
18 45
    -0.007178418713782    -0.003009975119678     0.005143198475687
    -0.003081510833963    -0.000482242409927     0.005549432382212
     0.003554827443941     0.001794995874276    -0.005772754062736
18 46
    -0.001447879031242    -0.001235854087931    -0.000719136841774
     0.000711322499370     0.001452309177375    -0.000223014046359
    -0.000696724143361     0.001039674445704    -0.000939335411943
18 47
    -0.007141134983623     0.004700822499370    -0.004474678508440
     0.003912034800957    -0.002602230505165     0.004204509763165
    -0.004198811444948     0.003857271667926    -0.003136013983371
18 48
     0.002469867000504    -0.001193296548249    -0.000276331286218
     0.000341544721592    -0.001733522171832     0.001713045477450
     0.000904789745528     0.001139529604434    -0.000254220332577
18 49
     0.001634507873520     0.002236132023180     0.002133174666163
     0.003267505039053     0.003417985764676    -0.000126956506677
     0.001966478237591    -0.000401089443185     0.003509241969010
18 50
    -0.003722968316956     0.000129280832703    -0.000024142794155
    -0.000410637818090    -0.001652305901990    -0.000387093411439
     0.000100781809020    -0.000132154919375    -0.002451819538927
18 51
     0.001025142794155    -0.002163024722852    -0.001183408667171
    -0.001933421548249     0.004104948066264    -0.000744982300328
    -0.002158343190980    -0.000198835474931     0.003505682445200
18 52
    -0.027067690539179    -0.030925403691106     0.016247305618544
    -0.030870987024439    -0.028996803917863     0.015929868890149
    -0.015911357079869    -0.015102686665407     0.030670023715042
18 53
    -0.191510553634417    -0.033903742976820     0.034884456412194
    -0.033856691389519    -0.186158486457546     0.036769793493323
     0.033806019904258     0.035484483969514    -0.190444970332577
18 54
    -0.030696523872512     0.017399431626354    -0.031526168587805
    -0.018618602103804     0.029253239732930    -0.017121639046359
    -0.035415591206853     0.015381511747292    -0.026747466364323
18 55
    -0.207587875062988     0.050266790753338    -0.049719245968758
     0.043044350277148    -0.188374107489292     0.035239112937768
    -0.042136775730663     0.034926190318720    -0.190312932634165
18 56
     0.002674505889393     0.000008262975561    -0.000759043587805
    -0.000870258849836    -0.001053339632149    -0.001277438649534
     0.000856859189972    -0.001479617220962    -0.000807204459562
18 57
    -0.002482047682036     0.004108239166037     0.004075325459814
     0.004197691546989    -0.006131057886117    -0.004353718411439
     0.004276315539179    -0.004451545792391    -0.002716573507181
18 58
    -0.002501468316956     0.000032451467624    -0.000332527714790
    -0.000176139802217     0.009810660367851     0.000336864921895
    -0.000125722159234     0.000071402620307    -0.002281958427816
18 59
    -0.003591081412195    -0.004780072341900    -0.003816307476694
    -0.004468490992693    -0.007029905108340    -0.004007617220962
    -0.003731257873520    -0.004160303728899    -0.002746484221466
18 60
    -0.000559617126480     0.001166745118418     0.000997321491560
     0.001434866150164    -0.001095990425800     0.001167531588561
    -0.000571319381456    -0.000023855316201     0.002853739984883
18 61
     0.004340259857647    -0.000390588214916     0.002413547682036
    -0.000627219167297     0.003395698066264     0.003418718096498
     0.002969077443941     0.003134404604434     0.001100795540438
18 62
    -0.028514488158226    -0.017482780675233     0.030918595301083
     0.015994542737465     0.029910571082137    -0.015822057697153
     0.031158470301083     0.018342525636180    -0.028801970332577
18 63
     0.004016712238599     0.000259423689846    -0.002291220175107
     0.000185334404132     0.004323194098010     0.002411239921895
    -0.001911081286218     0.002824956191736     0.001060466175359
19 1
     0.001615795571932    -0.003265248929201     0.003146575459814
    -0.001529614008566     0.000218495685311    -0.003420803728899
     0.001208172682036    -0.001613214443185     0.003689446334089
19 2
     0.003204630889393     0.000158798689846    -0.003568019778282
     0.002459574483497    -0.001558488441673    -0.002078236268581
    -0.005790216206853     0.001348561350466     0.003041789588057
19 3
    -0.003418006015369     0.000474262975561     0.000477523872512
    -0.001488463214916    -0.003288494394054    -0.000439228332074
     0.001029813555052     0.000484626826657    -0.001888462396070
19 4
    -0.236604444507432    -0.112496800516503     0.106950333396321
    -0.128153042579995    -0.222578353521038     0.053856940318720
     0.125954875062988     0.050690192302847    -0.224475702475435
19 5
    -0.031836809586798    -0.028945947341900     0.015357811570925
    -0.028850483056185    -0.029270726536911     0.023382472064752
    -0.025365995968758    -0.014115801744772     0.025584345143613
19 6
    -0.006052398872512    -0.002648330278408     0.004833519904258
    -0.000658612024439    -0.002819040028975     0.002630972064752
    -0.000088247952885     0.002039464128244    -0.001700736205593
19 7
    -0.001033220301083    -0.000734254881582    -0.007412337238599
    -0.000358030675233     0.001292400447216    -0.000744385078105
    -0.000977664619552     0.001087414525069    -0.002516492157974
19 8
    -0.194945345301083     0.042722447499370     0.042033069507433
     0.043013586388259    -0.197088835663895    -0.051422033887629
     0.045074888951877    -0.046067101347947    -0.192209396919879
19 9
     0.031903355095742    -0.015040885833963    -0.015002073349710
     0.016381933610481    -0.028512702727387    -0.031632260078105
     0.016511632999496    -0.033135968411439    -0.029603821523054
19 10
    -0.008299289745528    -0.005059729087931    -0.005162789619552
    -0.004590784643487    -0.003775045981356    -0.003600702538423
    -0.003926692397329    -0.002924754125724    -0.002918394935752
19 11
     0.015038436444948    -0.002385121945074     0.002710065539179
     0.002302649880322    -0.001036897171832    -0.001001329522550
    -0.001675734063996    -0.001828494205089    -0.000911063586546
19 12
     0.003414777714790    -0.000377020754598     0.002484446491560
     0.000678967340640     0.002336707986898     0.001543081191736
     0.001570948475687     0.002859495874276     0.002192527683296
19 13
    -0.002801529824893     0.004924647896196     0.002671402840766
     0.001242612181910    -0.001698609473419     0.001471733969514
     0.000163888951877    -0.000012559681280     0.000876636810280
19 14
     0.004195930492567     0.001187179642227    -0.001200656683044
     0.000653191546989     0.003006674256740     0.003601170477450
     0.000198998078861     0.001672491906022     0.003279527683296
19 15
    -0.000336085380448     0.000091272896196     0.002132817523306
    -0.000714246945074     0.002122211955152     0.000282821271101
     0.001629180618544     0.001211523652053    -0.001521621126228
19 16
    -0.008522960380448     0.005427102261275     0.004344200459814
     0.004177207420005    -0.002858139235324    -0.002843289840010
     0.004135416729655    -0.002979817617788    -0.002965123110355
19 17
     0.032102992000504     0.014394318531116     0.015071337364575
    -0.016199260833963    -0.029351980505165    -0.032385212459058
    -0.016299499937012    -0.030621825554296    -0.027936952475435
19 18
    -0.195294998078861    -0.038280737024439    -0.041061692397329
    -0.040170794564122    -0.190038325743260    -0.043690166824137
    -0.041674315413202    -0.049586420792391    -0.197905246126228
19 19
     0.960078678508440     0.087286558610481    -0.079348872952885
     0.087286558610481     0.897039934177375     0.029639438334593
    -0.079348872952885     0.029639438334593     0.890938509826153
19 20
     0.003597636841774    -0.003461413611741     0.000893853237591
    -0.001989705278408     0.001832801240867     0.002750841112371
    -0.000934323349710     0.001853922461577     0.002612281651550
19 21
    -0.027324196491560     0.028323385991434    -0.018043118984631
     0.033706001070799    -0.032258623362308     0.015822944286974
     0.013362065539179    -0.011020410871756     0.029132059429327
19 22
     0.003261529698917     0.000915772896195    -0.001831085254472
    -0.000180615992693     0.002028386558327     0.001929287540942
    -0.001391188429075     0.003779815318720     0.002346412603930
19 23
    -0.030671154824893    -0.015000012818090     0.030608827443941
     0.024530489166037     0.023208100844041    -0.014851644998740
     0.029934379031242     0.025081670477450    -0.030788329459562
19 24
     0.005143676524313     0.001277913769211     0.000536617126480
     0.001846012975561     0.000974406399597    -0.002930470395566
     0.000339359189972    -0.002030393014613     0.004147136810280
19 25
     0.026173767794155    -0.016608163611741     0.017178031809020
     0.014258681626354    -0.030229958679768     0.035083872858403
    -0.014460107079869     0.033328075239355    -0.031001748110355
19 26
     0.003830265810028    -0.000303078294281    -0.001956601127488
    -0.000913590199043     0.003173358780549    -0.002941385078105
    -0.001949861048123    -0.002071089443185     0.002173908635676
19 27
    -0.001403218316956    -0.000527316389519     0.000187563555052
    -0.000881233056185    -0.001406194790879     0.001070009763165
     0.001685271888385    -0.000945174760645    -0.004097115173847
19 28
    -0.007595021888385    -0.003166439405392     0.002899107205845
    -0.005871856072058    -0.001467657092467     0.001203660556815
     0.005311246094734     0.002344204207609    -0.000596198507181
19 29
    -0.000550908793147    -0.002147856072058    -0.000363501921139
    -0.001712377897455    -0.001921266219451     0.001144126826657
     0.000835299666163     0.000019702223482     0.001900843159486
19 30
    -0.181060129031242     0.055092495118418    -0.054720684460821
     0.031640167737465    -0.162688827727387     0.015491491906022
    -0.031211916603679     0.015354166509196    -0.161619851284958
19 31
    -0.028131236174099     0.017831943531116    -0.029247454302091
    -0.013994655675233     0.029469622669438    -0.010754218411439
    -0.034087855095742     0.015718797461577    -0.032653258030990
19 32
     0.000657507873520     0.005203290753338     0.001112015936004
     0.001044114166037    -0.005491149155959    -0.002688309681280
     0.007372730221718    -0.005481065633661    -0.006140228269085
19 33
     0.001862779698917     0.000136268927942    -0.000366696365583
    -0.000050556468884    -0.000482161060721    -0.001336222379693
    -0.000097950333837    -0.001546252141597    -0.000626569538927
19 34
    -0.000431682602671    -0.002019756865709    -0.005295156683044
    -0.007397604087931    -0.005903000346435    -0.005194807697153
    -0.002144690413202    -0.003074976347947    -0.005720238189720
19 35
    -0.000612261967750    -0.000468772738725     0.001471484189972
    -0.000263056468884    -0.001581532092467     0.002394585159990
     0.000172103237591     0.000409091112371     0.007818811413454
19 36
    -0.000155646888385    -0.003305336230789     0.003615220301083
    -0.004022994960947     0.002943549256740     0.001224934366339
     0.003553916729655     0.001276888731418     0.003242069349962
19 37
    -0.030120920697909     0.032769858213656     0.016230813555052
     0.031167798689846    -0.030549071775006    -0.014481081506677
    -0.014136299540186     0.015799803413958     0.024721380857899
19 38
     0.000988700333837     0.000896387975561    -0.001577829302091
     0.000830516943815     0.000369882590073     0.001410599048879
    -0.001062672556059     0.001411704207609     0.000453777683296
19 39
    -0.001447198475687    -0.000532772738725     0.004887954428068
     0.001005072499370     0.000669386558327     0.002727410556815
     0.001627658793147     0.000385007779038    -0.002676150888133
19 40
     0.002088728111615     0.001292185594608     0.003123738158226
     0.000948431626354     0.004686618701184     0.000962535556815
     0.002569265936004    -0.001572710474931     0.002174666572184
19 41
     0.002466620968758    -0.000086203294281    -0.001036192397329
     0.000885225277148    -0.000646127330562     0.002057991906022
     0.000490283793147     0.000885301429831    -0.001928525888133
19 42
     0.000492726127488    -0.002907707262535    -0.000862849143361
    -0.001608731072058     0.000037834971025    -0.001089825554296
    -0.000722855095742    -0.001430343411439     0.000244878873772
19 43
    -0.001338273872512    -0.000447268770471     0.000389019904258
     0.000263747102545    -0.001195069790879     0.000480773652053
    -0.000158978111615     0.000526743890149    -0.000996623110355
19 44
    -0.001958452443941    -0.004522094167297     0.002203265936004
    -0.005199080278408    -0.007303397171832     0.004545995874276
     0.002705585380448     0.003675164525069    -0.002496519935752
19 45
    -0.000552867126480    -0.000287246945074     0.001985515936004
    -0.001616215199043    -0.001330982489292     0.000141791509196
    -0.001289853111615     0.001820851033006     0.000866501889645
19 46
    -0.003791702443941     0.002112999086672    -0.003660194381456
     0.002563118134291    -0.003220680901990     0.004182470080625
    -0.003921654698917     0.006336029604434    -0.006594454459562
19 47
    -0.001315958396321     0.000503925673973    -0.001015986048123
    -0.000869044564122     0.002030529415470     0.001266118890149
    -0.001186367000504    -0.000048748173343    -0.001458383030990
19 48
     0.000996668587806     0.000553681626354     0.003743111174099
     0.000257340356513     0.000116487748803    -0.001291345395566
     0.001583984189972    -0.000586240236835     0.001207285619803
19 49
     0.002120934460821     0.001093860197783     0.000808617126480
     0.000080675673973    -0.002140754314689     0.001611902620307
    -0.000720452317964     0.001551015715545    -0.001934502078609
19 50
     0.002491958270345    -0.003665240992693    -0.002108825333837
    -0.003386342183170     0.002313454018644    -0.001433609284455
    -0.001016648746536     0.000684700239355     0.005100686413454
19 51
    -0.001501555618544    -0.000485296548249     0.000195658793147
    -0.000016000913328    -0.001484417013102    -0.000336623173343
     0.000096726253464    -0.000326355316201    -0.001430561602419
19 52
    -0.003232263951877    -0.002224675516503     0.001585248078861
    -0.003292691389519    -0.001832918997229     0.003314728017133
     0.003913587364575     0.003910918493323    -0.006358720332577
19 53
    -0.029327627047115    -0.031042639802217    -0.016369351127488
    -0.031360395754598    -0.028349976536911    -0.015467347379693
     0.018047589348702     0.017975714128244     0.029995285619803
19 54
    -0.002938472285210     0.003307784800957    -0.002595851127488
     0.003776318531116    -0.008143125346435     0.003631720080625
    -0.003343771762409     0.004160241906022    -0.000950585411943
19 55
    -0.031265698475687    -0.018145981072058    -0.033113303508440
     0.018381770912069     0.031344652431343     0.016789597064752
    -0.033423706286218    -0.016176829522550    -0.031224801681784
19 56
    -0.003152692523306     0.002834741150164     0.003880398872512
     0.002155661785084    -0.002848079711514    -0.004933579522550
     0.004591178634417    -0.004227762062232    -0.005572573507181
19 57
     0.002776378905266    -0.001488782659360     0.001310517920131
     0.001003237181910    -0.000890297965482    -0.001117234284455
    -0.001137990016377    -0.001186565633661    -0.000613692554800
19 58
    -0.003195041729655    -0.004514945357773    -0.003601710254472
    -0.005605219167297    -0.006075204711514    -0.004894025951121
    -0.002293777714790    -0.004284117220962    -0.001799202475435
19 59
    -0.000797779824893    -0.001275094167297     0.000819759983623
     0.000396929642227     0.008108604812295     0.000676616906022
     0.000035686570925     0.002260051429831    -0.001714603269085
19 60
     0.000686184460821    -0.001399651706979     0.001136888951877
    -0.001508463214916     0.000668894494835     0.001290015715545
     0.001201250062988     0.001429374842530     0.001113120937264
19 61
    -0.001074688555052     0.000746639959688    -0.000733134857647
     0.001330076467624    -0.001658417013102     0.000049202223482
     0.000711521888385     0.001379634763165     0.002250926492819
19 62
     0.001935188429075     0.002275072499370    -0.002484587238599
     0.002073963372386     0.004757581002771     0.000429926429831
    -0.002457585254472     0.000270380794911     0.004607160619803
19 63
    -0.029034111174099     0.015433026864449     0.030724222285210
    -0.017887869960947     0.030223954018644     0.018905599048879
     0.030679238158226    -0.015767188649534    -0.028165527872260
20 1
    -0.000194496094734    -0.000044637818090    -0.001580499937012
     0.000812788769211     0.001379237748803     0.000788180398085
    -0.001581851127488    -0.000090061665407    -0.000280781840514
20 2
    -0.024835160777274    -0.032396340199043     0.015733029824893
    -0.032057397738725    -0.028779621378181     0.013893622858403
    -0.011021490016377    -0.015850035871756     0.028990686413454
20 3
    -0.191547422682036    -0.040118625913328     0.040781823475687
    -0.040643435437138    -0.189145127330562     0.049620505794911
     0.037750414745528     0.043315029604434    -0.194826440570673
20 4
    -0.002304111174099     0.000480560594608    -0.000285742000504
     0.001550860197783    -0.003820236457546     0.001337174445704
    -0.000358898746536     0.000462345080625    -0.002357680650038
20 5
     0.003878773746536    -0.003513836230789    -0.001397513825901
    -0.003258830278408     0.000310265526581    -0.003209543808264
    -0.001390269778282    -0.003572273966994     0.003919491969010
20 6
     0.029130434460821    -0.016062094167297    -0.011090305492567
     0.013601665753338    -0.028799922965482    -0.031881668808264
     0.015708228237591    -0.032343383093978    -0.025163714380196
20 7
    -0.194322386967750     0.042895981229529     0.037276837364575
     0.048949622102545    -0.188655107489292    -0.040335775951121
     0.040062811570925    -0.039823057697153    -0.190961470332577
20 8
    -0.000167636967750    -0.001396816389519    -0.001516380889393
     0.001094864166037     0.002667156399597    -0.000577799760645
    -0.001520759857647     0.000387801429831    -0.001088500094482
20 9
    -0.006526061570925     0.004058975277148    -0.004732898746536
     0.003438586388259    -0.003202960663895     0.004349349048879
    -0.004122890810028     0.004137684366339    -0.003578174697657
20 10
    -0.000862331412195     0.001039007023180     0.000904509983623
     0.001362493134291    -0.001571803917863     0.000380906588561
    -0.001630216206853    -0.000544476347947     0.002147876889645
20 11
     0.004037269778282    -0.000098260833963     0.000945740142353
    -0.001585072341900     0.002064594891660     0.003326529604434
     0.001342617126480     0.000918533572688     0.002524583238851
20 12
     0.008418861048123    -0.000001034643487     0.000477871094734
    -0.000904504881582    -0.001204049949609    -0.000575184681280
     0.000414049666163    -0.000366726347947    -0.000968575491308
20 13
    -0.006021071491560    -0.005508990992693    -0.005443922556059
    -0.001980610040312    -0.000686867409927    -0.007285531903502
    -0.003043009857647    -0.001538406903502    -0.006387716364324
20 14
     0.028779513825901     0.015767415753338    -0.017464357079869
    -0.017035655675233    -0.025444208679768     0.028559154604434
     0.016056224269337     0.028686144683799    -0.025700825491308
20 15
     0.004177747952885     0.000423884007307     0.002175867126480
     0.000565655832703     0.004366204018644    -0.002683944601915
     0.001787156809020    -0.002954073570169     0.001364025699169
20 16
    -0.031381377047115     0.016007338372386    -0.033580624937012
    -0.016296639802217     0.031041227828168    -0.016333930713026
    -0.033573607079869     0.015935210159990    -0.031375851284958
20 17
    -0.203904674666163     0.050125929642227    -0.048928988032250
     0.049655766943815    -0.202100988441673     0.049570771667926
    -0.048922148746536     0.050018452223482    -0.203598305650038
20 18
    -0.029332164745528     0.032325249086672    -0.016999892794155
     0.032513483213656    -0.031467083679768     0.015769192302847
     0.017350285777274    -0.015788018014613     0.031669150699169
20 19
     0.003597636841774    -0.001989705278408    -0.000934323349710
    -0.003461413611741     0.001832801240867     0.001853922461577
     0.000893853237591     0.002750841112371     0.002612281651550
20 20
     0.912163095175107    -0.001433552500630     0.019136152840766
    -0.001433552500630     0.899506918304358    -0.000124924760645
     0.019136152840766    -0.000124924760645     0.913246553476946
20 21
    -0.195719863158226    -0.037483877897455    -0.039945194381456
    -0.039131471151424    -0.190521256298816    -0.039277696586042
    -0.039924583270345    -0.037585633093978    -0.195460793745276
20 22
     0.031688988032250    -0.015728740992693     0.017269339348702
     0.015913036785084    -0.031488621378181     0.032585771667926
    -0.017105962238599     0.032383968096498    -0.029481440570673
20 23
     0.002552303508440     0.002769848293021     0.000834627047115
     0.001931266943815     0.001763842907533    -0.003242035871756
    -0.000988269778282    -0.001826926744772     0.003549692365835
20 24
    -0.029210740142353    -0.015813975119677     0.034182166729655
     0.017284790753338     0.026428398463089    -0.017956736268582
     0.032589585380448     0.016617009763165    -0.031217466364324
20 25
     0.003391726127488    -0.000273677500630    -0.002855168587805
    -0.000304915595868     0.003695658383724     0.002662106985387
    -0.003222255889393     0.002600603017133     0.001880898715042
20 26
    -0.000147525856639    -0.002020967183170    -0.001077801524313
    -0.001565437421265    -0.001562024155959     0.000383349048879
     0.000920990142353    -0.001167811665407     0.002889805461073
20 27
    -0.008037634983623    -0.004360330278408     0.004456613158226
    -0.006007330278408    -0.003192077727387     0.002537618890149
     0.005490248078861     0.002576103017133    -0.003255343348451
20 28
    -0.002460188555052    -0.000021328294281    -0.000417968190980
     0.000235671705719    -0.001937665028975     0.000175644683799
     0.000262097285210     0.000353231985387    -0.004026551681784
20 29
     0.004311549540186    -0.000132994960947    -0.002621577317964
    -0.000457850119678     0.003853725844041    -0.003190514046359
    -0.002948599143361    -0.002660394998740     0.001132489984883
20 30
     0.031385579302091     0.015348481229529     0.016607115142353
    -0.015147679484757    -0.028802335663895    -0.031670398966994
    -0.015636565413202    -0.031757055713026    -0.027405454459562
20 31
    -0.006837527840766     0.004429179642227     0.004540220301083
     0.004231372102545    -0.002338760267070    -0.003822609284455
     0.004485121094734    -0.003438174760645    -0.002402236205593
20 32
    -0.001289658793147     0.000587401864449    -0.001454809460821
    -0.000340983056185     0.002366592907533     0.000974549445704
    -0.001426793587805    -0.001517412855883    -0.000468956443689
20 33
    -0.003588886967750     0.004207880039053    -0.004085146762409
     0.004444596308894    -0.003285418997229     0.003376511747292
    -0.004719724143361     0.003998650636180    -0.006597922713530
20 34
    -0.025958849269337     0.028745104245402     0.015851642920131
     0.028783798689846    -0.025793133282943    -0.017287948570169
    -0.017536214222726     0.015699426429831     0.028525158635676
20 35
     0.001283696365583    -0.002985411627614     0.001681158793147
    -0.002649028691106     0.004348459971025     0.000525694286974
     0.002111079428068     0.000357993890149     0.004065333238851
20 36
    -0.000992813555052    -0.000340100119677     0.000463394904258
    -0.000582092183170    -0.001188333679768    -0.000944456506677
     0.000491392920131    -0.000091583490804     0.008422591175359
20 37
    -0.006181837364575    -0.001576905675233    -0.003118011841774
    -0.007164423532376    -0.000892079711514    -0.002260472379693
    -0.005381698349710    -0.005639668808264    -0.005951472316704
20 38
     0.002169658667171    -0.000516125913328    -0.001596654698917
     0.000398294721592    -0.001619875346435     0.001296958175863
     0.000905928634417     0.000977606985387    -0.000909450491308
20 39
     0.002503134857647     0.001083463372386     0.001351379031242
     0.003306475277148     0.002196753621819    -0.001575730316201
     0.000870009983623    -0.000126964443185     0.003980245937264
20 40
    -0.000755188555052    -0.000782328294281     0.000640287761401
     0.000321959404132     0.001931860764676     0.000285519683799
     0.000662617126480    -0.000804057697153    -0.000813186602419
20 41
     0.001148704302091     0.001135907816830    -0.001665642794155
     0.001228503054926     0.002011614732930     0.001165101033006
    -0.001651365016377     0.001101454207609     0.001257745937264
20 42
    -0.001384315539179    -0.001338721151423     0.001538450459814
    -0.001460328294281    -0.002315672965482    -0.000804591427312
    -0.000735128905266    -0.000595190633661     0.001673400699169
20 43
    -0.003418815539179    -0.004171532659360     0.003869444507433
    -0.003893225119677    -0.006377327727387     0.004164757779038
     0.003372248078861     0.004179146667926    -0.002584851284958
20 44
    -0.001117619110607    -0.000265983056185    -0.000333559460821
    -0.000533677500630    -0.001262405108340    -0.000533019998740
    -0.000333563429075    -0.000257557697153    -0.001093873110355
20 45
     0.000432341206853    -0.001420885833963    -0.001493309460821
    -0.001218687421265     0.000940259574200    -0.001269599363820
    -0.001498751921139    -0.001492121189216     0.000396523715042
20 46
     0.001733505889393    -0.000601639802217    -0.000706269778282
    -0.000761604087931    -0.002275063838498    -0.001491670792391
     0.001542446491560    -0.001372442617788    -0.001409307634165
20 47
    -0.002559500062988     0.004241411785084     0.003370188555052
     0.004205733213656    -0.006387728521038    -0.003898771982867
     0.003849609189972    -0.004205845395566    -0.003385361205593
20 48
    -0.031366748078861     0.016766667737465     0.032807160777274
    -0.017987756865709     0.026355604812295     0.017347763731418
     0.034293960380448    -0.015774337459058    -0.029422942554800
20 49
     0.001797517794155     0.002523846308894    -0.003270708270345
     0.002599703451751     0.003711737748803    -0.000322238252708
    -0.002923726127488    -0.000342706506677     0.003326769746788
20 50
    -0.027229958396321    -0.031779254881582    -0.015741900730663
    -0.031820564405392    -0.028821803917863    -0.015231375157470
     0.016571327443941     0.015418103017133     0.031550208238851
20 51
    -0.002338722285210    -0.003388560437138     0.004433083396321
    -0.003806223135551    -0.002315924949609     0.004171860953641
     0.004515327443941     0.004395672461577    -0.006822164777022
20 52
    -0.003819430618544     0.000367935594608     0.000219672682036
     0.000178586388259    -0.001729676933736     0.000163587144117
    -0.000460561444948    -0.000059928728899    -0.002324948507181
20 53
     0.001257581286218    -0.002611528691106    -0.002960176524313
    -0.003116367976820     0.003896140526581    -0.000512738252708
    -0.002613059460821    -0.000180133093978     0.004302182445200
20 54
     0.002973736048123    -0.001111354087931     0.000936823475687
     0.000411471308894    -0.001477758282943    -0.001555170792391
    -0.001050170571932    -0.001990730316201    -0.000116438586546
20 55
    -0.003226365142353     0.002635255039053     0.005478246094734
     0.002578298689846    -0.003216980505165    -0.006053418808264
     0.004488269904258    -0.004384676744772    -0.008089904856387
20 56
    -0.029725109189972    -0.018040022738725    -0.032668926524313
     0.015959814562862     0.030419537351978     0.015908029604434
    -0.032627220175107    -0.018030734284455    -0.029777551681784
20 57
    -0.002730037761401     0.004296328451751    -0.004405057476694
     0.004308764959688    -0.006110805901990     0.004286249842530
    -0.004376638825901     0.004287087144117    -0.002744920729403
20 58
    -0.000633583396321     0.001191540753338    -0.000797410651298
     0.001108558610481    -0.000753587648022    -0.000929916824137
     0.000812323475687     0.000150785556815     0.002970069349962
20 59
     0.000818553508440    -0.001464108056185     0.000859059586798
    -0.001532792579995     0.000913596875787     0.000946351033006
     0.001140412761401     0.000792454207609     0.001008168556311
20 60
    -0.002119357205845     0.000224209404132    -0.000269311444948
    -0.000105935437138     0.009224636558327    -0.000115125157470
    -0.000302523746536     0.000206277620307    -0.002129232237339
20 61
    -0.003579605221718    -0.003927873929201    -0.005216585254472
    -0.004841645754598    -0.006976424949609    -0.004853188649534
    -0.005208751921139    -0.003953962459058    -0.003641051681784
20 62
     0.003006146762409     0.000187933610481     0.000767087364575
    -0.000920758849836    -0.000742301933736     0.001039285556815
    -0.000830734063996     0.001118408572688    -0.000545817554800
20 63
     0.001190722159234     0.000855387975561     0.001067646888385
     0.001031407816830     0.001036196082137    -0.001638291824137
     0.000791214348702    -0.001574535871756     0.000960743953137
21 1
     0.000721920571932     0.000680318531116    -0.001004861048123
     0.000665213372386     0.000760938145629     0.000696972064752
    -0.001044073349710     0.000678916509196     0.000736870937264
21 2
    -0.002436119110607    -0.003667383849836     0.005180668713782
    -0.004285723135550    -0.003682045981355     0.004140039525069
     0.002163787761401     0.003831817302847    -0.007298910808768
21 3
    -0.029691756015369    -0.031466294564122    -0.017705912635425
    -0.030249885833963    -0.027946926933736    -0.018470077538423
     0.017774442523306     0.016293132779038     0.029921962207105
21 4
     0.001624430492567    -0.004614483056185     0.001971146888385
     0.000154034800957     0.001438713939279     0.000055216112371
     0.001986754031242    -0.004565676744772     0.001502972127740
21 5
    -0.001451184586798    -0.000262379881582    -0.000151624937012
    -0.000065405675233    -0.000618284076594    -0.000029377141597
    -0.000147992000504    -0.000212295792391    -0.001311230253212
21 6
    -0.007256523872512     0.003742987181910     0.002241708396321
     0.004040090356513    -0.003900347568657    -0.004161127141597
     0.005193631015369    -0.003689279919375    -0.002454061602419
21 7
     0.029850029698917     0.016195187578735     0.017557226253464
    -0.018433453294281    -0.027589157092467    -0.029810109284454
    -0.017752910651298    -0.030932204522550    -0.029661192554800
21 8
    -0.002007970301083     0.003960764959688    -0.004392367000504
     0.003301288769211    -0.002467393203578     0.003964491906022
    -0.004761607079869     0.004279029604434    -0.005824472316704
21 9
    -0.000122269904258     0.000619431626354    -0.001623259857647
    -0.000846864008566     0.003334989732930     0.000617265715545
    -0.001411613032250    -0.000835712459058    -0.000299521919879
21 10
     0.000694460254472    -0.000861536627614     0.000799523872512
    -0.001172957262535     0.000741396478962     0.001224323255228
     0.000787436570925     0.001300001826657     0.000651029667423
21 11
    -0.000708313555052     0.001429070515243    -0.000599370968758
     0.001969352261275    -0.001814454711514     0.000001946271101
     0.000232644904258     0.000944136747292     0.001800236016629
21 12
    -0.006616972285210    -0.004382578294281    -0.004611865016377
    -0.004314580278408    -0.002813599552784    -0.004084018014613
    -0.004739422556059    -0.003788248173343    -0.002355422713530
21 13
     0.007291845175107     0.001227465356513     0.002254591332829
    -0.000044810437138    -0.000808167013102     0.000074134763165
     0.000087767920131    -0.000136678728899    -0.001864063586546
21 14
     0.004199930492567     0.001622247102545     0.000481281809020
     0.002128643927942     0.001743241717057    -0.002569553728899
     0.000311252047115    -0.002927127141597     0.004643452286470
21 15
     0.031003539619552    -0.017777409643487     0.017110506015369
     0.017486330435878    -0.028257970584530     0.031905097064752
    -0.018032440413202     0.031294404604434    -0.028512821523054
21 16
    -0.003178460380448     0.004804669721592    -0.004868236048123
     0.004347784800957    -0.006516571775006     0.004319235953641
    -0.004870079302091     0.004765938334593    -0.003085323507181
21 17
    -0.029076632999496    -0.017702489008566    -0.032213099143361
     0.016572816546989     0.031060336955152     0.016496188334593
    -0.032219995968758    -0.017565819601915    -0.029001527872260
21 18
     0.001084501921139    -0.003048544564122     0.002378371094734
    -0.002717717183170     0.003774866717057     0.000114233969514
     0.002485063555052     0.000696335159990     0.004191553476946
21 19
    -0.027324196491560     0.033706001070799     0.013362065539179
     0.028323385991434    -0.032258623362308    -0.011020410871756
    -0.018043118984631     0.015822944286974     0.029132059429327
21 20
    -0.195719863158226    -0.039131471151424    -0.039924583270345
    -0.037483877897455    -0.190521256298816    -0.037585633093978
    -0.039945194381456    -0.039277696586042    -0.195460793745276
21 21
     0.895415928508440     0.000402703451751     0.016256569507433
     0.000402703451751     0.891220569098009    -0.001986279919375
     0.016256569507433    -0.001986279919375     0.893677109032502
21 22
     0.004175654698917     0.000643215356513     0.002504978237591
     0.000072211388259     0.003765204018644    -0.002674561665407
     0.002387815539179    -0.003018803728899     0.001043962207105
21 23
     0.028796345175107     0.015894679642227    -0.018061984063996
    -0.010689558453011    -0.032063331695641     0.028223630794911
     0.013035757999496     0.033588051429831    -0.026953154856387
21 24
     0.001345926524313     0.002193606229529    -0.002937319381456
     0.002188465356513     0.004443723859914    -0.000480944601915
    -0.002619761841774     0.000164862937768     0.003623186413454
21 25
    -0.027525607205845     0.017079028848576     0.030857470301083
    -0.016602365992693     0.029243608780549     0.016651898652053
     0.030697021888385    -0.016594418808264    -0.028772198507181
21 26
    -0.002066734189972    -0.004884010833963     0.002993837364575
    -0.004892762818090    -0.006252823759133     0.003805640715545
     0.003110642920131     0.004272666509196    -0.002155416761149
21 27
    -0.001261093316956    -0.001827998929201     0.000792127047115
    -0.001657405675233    -0.001513627330562    -0.001382089443185
    -0.001079974143361     0.000336081191736     0.002296059429327
21 28
     0.003597103111615    -0.000534121945074    -0.002448829302091
    -0.000430028691106     0.004288910367851    -0.002695813649534
    -0.002059874937012    -0.002917664840010     0.001607601095994
21 29
    -0.001309158793147    -0.000069288611741    -0.000153563429075
     0.000231199483497    -0.001228073759133    -0.000111347379693
    -0.000135446365583    -0.000169416824137    -0.000929982237339
21 30
    -0.192864504031242     0.038242437578735     0.043714504031242
     0.037312370118418    -0.193034260267070    -0.043426732300328
     0.042200712364575    -0.038448952538423    -0.195529801681784
21 31
     0.029468388825901    -0.016632614008566    -0.016546765810028
     0.016762421705719    -0.027893559870244    -0.030727192617788
     0.016861773872512    -0.031620821586042    -0.028387083427816
21 32
    -0.006147992126480     0.004418608213656    -0.004652045571932
     0.004048441546989    -0.002819581695641     0.003260591112371
    -0.004240640810028     0.003896065318720    -0.002311303665911
21 33
    -0.000332470301083    -0.000830538611741    -0.001417007873520
     0.000620645912069     0.003331156399597    -0.000812946586042
    -0.001642821365583     0.000614003810784    -0.000111769935752
21 34
     0.004439442397329    -0.003010814405392     0.000197781809020
    -0.002613401706979     0.001508692113883     0.002029593096498
     0.000382188555052     0.001533529604434     0.004009061413454
21 35
    -0.028499511967750     0.031135294721592    -0.017997077317964
     0.031797145912069    -0.028278589632149     0.017373485953641
     0.017080982205845    -0.017797777935248     0.030865611016629
21 36
    -0.002379521888385    -0.003802143770471    -0.004742091206853
    -0.004096917579995    -0.002771883282943    -0.004366289840010
    -0.004572954302091    -0.004411480316201    -0.006608256046863
21 37
    -0.001781795697909    -0.000214699326027     0.000106252047115
     0.000014001070799    -0.000974504314689    -0.000123805713026
     0.002169454428068     0.001101809366339     0.007413930461073
21 38
     0.000617450333837     0.001301705435878     0.000824484189972
     0.001210594324767     0.000701575050391    -0.001200125157470
     0.000810581412194    -0.000911914840010     0.000678952286470
21 39
     0.001793551524313     0.000993544721592     0.000217642920131
     0.000025149880322    -0.001793920981356     0.001921936350466
    -0.000616212238599     0.001434638731418    -0.000691976284958
21 40
     0.004508103111615     0.001972003054926    -0.001247198349710
     0.002212384007307     0.002003936161502     0.002241311350466
    -0.001274230095742     0.001981670477450     0.004540841175359
21 41
    -0.000659379031242     0.000425364166037     0.001233496094734
    -0.000738697341900     0.003081690129756    -0.000750732300328
     0.001231287761401     0.000433932382212    -0.000539476284958
21 42
    -0.006624273872512    -0.003549639802217     0.003544589348702
    -0.004821278691106    -0.002687722568657     0.003749450239355
     0.004188773872512     0.003827162540942    -0.003572946523054
21 43
    -0.000828398872512    -0.001140951310154    -0.001008416603679
    -0.001189800516503    -0.000777002330562     0.000467299445704
     0.000480900856639    -0.000818625157470     0.002886426492819
21 44
     0.000926047556059    -0.001778401706979    -0.001603295571932
    -0.001898627897455     0.000797295288486    -0.001837853332074
    -0.001614410651298    -0.001737204522550     0.000981779667423
21 45
    -0.000856117126480     0.000115570515243    -0.000318420571932
     0.000113862181910    -0.000815165028975     0.000106817302847
    -0.000309349143361     0.000106856985387    -0.000859948507181
21 46
    -0.003565577443941     0.003789066546989     0.004161744110607
     0.003705695515243    -0.002701988441673    -0.004757379125724
     0.003580349269337    -0.003535714443185    -0.006662029856387
21 47
     0.002906541603679    -0.000823256865709     0.000485452443941
     0.000473782816830    -0.000775653124213    -0.001197480316201
    -0.001000738032250    -0.001130242220962    -0.000776708427816
21 48
     0.003582668587805     0.000110499086672    -0.002625825333837
    -0.000576082262535     0.004364930209121     0.002208305398085
    -0.002974761841774     0.002180765715545     0.001309085222978
21 49
    -0.028675565539179    -0.016671447341900     0.030483930618544
     0.016486003054926     0.029184813145629    -0.016599571586042
     0.030692551650290     0.017094771667926    -0.027436452475435
21 50
    -0.196060416729655    -0.039504548532376     0.042820738158226
    -0.044652889802217    -0.193772853521038     0.038119166509196
     0.044616105221718     0.039106206191736    -0.193478013983371
21 51
    -0.028326805618544    -0.031602479087931     0.016905222285210
    -0.030673923532376    -0.027844974552784     0.016842902620307
    -0.016654144778282    -0.016750099363820     0.029568863000756
21 52
     0.001760861048123    -0.002903483056185    -0.002111938429075
    -0.002705239008566     0.004475898463089    -0.000417121189216
    -0.002477408667171    -0.000526950554296     0.003816579270597
21 53
    -0.000860377047115    -0.000162197341900    -0.000163412635425
    -0.000096568373646    -0.001132534076594     0.000201178413958
    -0.000175281683044    -0.000089279919375    -0.001245914777022
21 54
    -0.002146597285210     0.004226477261275     0.003146087364575
     0.003745020912069    -0.006204932886117    -0.004803879125724
     0.003046482205845    -0.004809252141597    -0.002062910808768
21 55
     0.002306301524313     0.000342086388259    -0.001060365016377
    -0.001377901706979    -0.001520530108340    -0.001664877141597
     0.000790172682036    -0.001848823570169    -0.001234002078609
21 56
    -0.201260567523306     0.047972183610481    -0.047491037635425
     0.047179614166037    -0.201286762251197     0.047217446271101
    -0.047359567397329     0.047854993890149    -0.201088398904006
21 57
    -0.027841246094734     0.016420409800957    -0.031544168587805
    -0.017370435437138     0.030744894494835    -0.017295583490804
    -0.031545486048123     0.016450815318720    -0.027837392951625
21 58
     0.004432583270345    -0.000650752897455     0.002082728237591
    -0.000698391786344     0.004790487748803     0.002144124842530
     0.002338226253464     0.002328263731418     0.001858597127740
21 59
    -0.000592154824893     0.001136598293021     0.000665323475687
     0.001130007023180    -0.000250077727387     0.000615017699672
    -0.000639434460821    -0.000960442617788     0.003129571334089
21 60
    -0.002287190539179    -0.004538209246662    -0.003791922556059
    -0.004468760833963    -0.006557913044848    -0.004445958490804
    -0.003781120968758    -0.004526869205089    -0.002287954459562
21 61
    -0.001347188555052    -0.000096542579995     0.000116553634417
     0.000362278848576     0.008666150447216     0.000363603017133
     0.000114525856639    -0.000053609284455    -0.001352898904006
21 62
     0.001883938429075     0.002291014959688     0.002291101253464
     0.002132165753338     0.004812398463089    -0.000725047776518
     0.002052543713782    -0.000680738252708     0.004538710222978
21 63
     0.003263013825901    -0.000951530675233    -0.000721839222726
     0.000651207420005    -0.000133353521038     0.001061374842530
     0.000593867126480     0.001062317302847    -0.000410728269085
22 1
    -0.025862478237591     0.034554076467624    -0.011603365016377
     0.031592225277148    -0.032246176933736     0.014781698255228
     0.018998710380448    -0.024448865236835     0.030956724111867
22 2
    -0.001004642920131     0.000010124086672    -0.000394210254472
     0.000562663769211     0.000508338939279    -0.000592109284455
     0.000674446491560    -0.000031839443185    -0.000253182634165
22 3
    -0.007699529824893     0.004544588372386    -0.004311541603679
     0.005559501070799    -0.002476292013102     0.003296273652053
    -0.005518148746536     0.003215601033006    -0.003257309618292
22 4
     0.030838406683044     0.015980024880323     0.013132767920131
    -0.012471328294281    -0.031032651140086    -0.032827807697153
    -0.015363712238599    -0.031634708490804    -0.025034549697657
22 5
    -0.005714083396321     0.004872003054926     0.005566246094734
     0.002015606229529     0.000340600844041    -0.007046400951121
     0.003244291729655    -0.002763702538423    -0.005728502078609
22 6
    -0.001936547682036     0.000252370118418    -0.000338170571932
    -0.001091397738725    -0.002807962648022     0.001351099048879
     0.000025914745528    -0.000193061665407    -0.001033208427816
22 7
     0.002304755889393    -0.002843054484757    -0.000687277714790
    -0.001433316389519     0.002156352828168    -0.003253758093978
     0.000234373078861    -0.001795361268582     0.002109410619803
22 8
    -0.000343494110607    -0.001044352103804    -0.000947620968758
    -0.001147199326027    -0.001084008282943     0.000653593096498
     0.001218801650290    -0.000722627141597     0.002521380857899
22 9
    -0.006360043713782    -0.004012560437138     0.004593111174099
    -0.003934602103804    -0.003114375346435     0.004119491906022
     0.004481920697909     0.003709880794911    -0.003296043745276
22 10
    -0.000792688555052     0.001916846308894     0.001385394904258
    -0.000601070357773     0.001661906399597    -0.000315825554296
     0.001216720301083     0.000413845080625    -0.001291117157974
22 11
     0.003300787635425     0.001561828451751     0.000890375062988
     0.002551614166037     0.001946055209121     0.001426047461577
    -0.000130446365583     0.002799605001260     0.002360089191232
22 12
     0.028783003905266    -0.014921320357773     0.016997256015369
     0.016936056626354    -0.026252964632149     0.031914833175863
    -0.014917513825901     0.028661095080625    -0.026377319538927
22 13
     0.002876446365583     0.003626348293021     0.000987212364575
     0.003491451467624    -0.000231407092467    -0.003748514046359
     0.001032176650290    -0.003008210474931     0.002978289588057
22 14
     0.008810531683044     0.000543505039053    -0.000732097159234
     0.000662905832703    -0.000536498362308    -0.000347077538423
    -0.000027714222726    -0.000133908887629    -0.000662569538927
22 15
    -0.006350984189972    -0.004624901706979    -0.004237372952885
    -0.004543657659360    -0.002143710663895    -0.003792551744772
    -0.004291906683044    -0.003541502141597    -0.002651593348450
22 16
    -0.029747859189972    -0.032319322341900     0.017592009983623
    -0.032086328294281    -0.031674436854371     0.016303712144117
    -0.017438920571932    -0.016456593411439     0.031055404667423
22 17
    -0.200753156809020    -0.047213731072058     0.043672771888385
    -0.046799546548249    -0.199796153124213     0.047571414525069
     0.044033162761401     0.048427648652053    -0.201648799697657
22 18
    -0.031242021888385    -0.016627286627614     0.034144742126480
     0.016025544721592     0.030760251637692    -0.016588164840010
     0.033220347285210     0.016000553413958    -0.031254593348450
22 19
     0.003261529698917    -0.000180615992693    -0.001391188429075
     0.000915772896195     0.002028386558327     0.003779815318720
    -0.001831085254472     0.001929287540942     0.002346412603930
22 20
     0.031688988032250     0.015913036785084    -0.017105962238599
    -0.015728740992693    -0.031488621378181     0.032383968096498
     0.017269339348702     0.032585771667926    -0.029481440570673
22 21
     0.004175654698917     0.000072211388259     0.002387815539179
     0.000643215356513     0.003765204018644    -0.003018803728899
     0.002504978237591    -0.002674561665407     0.001043962207105
22 22
     0.914280880889393     0.009156098293021    -0.000810525730663
     0.009156098293021     0.899125338939279    -0.006476460474931
    -0.000810525730663    -0.006476460474931     0.925037565381709
22 23
    -0.198690303634417    -0.045566937421265    -0.041673988032250
    -0.051115546548249    -0.191597821775006    -0.039867143014613
    -0.042256708270345    -0.042017230316201    -0.196691801681784
22 24
    -0.000242972285210     0.001176989166037     0.000913676650290
     0.001702977261275    -0.001681266219451     0.000390031588561
    -0.000272228111615    -0.001180918808264     0.002492914588057
22 25
     0.003532243984631    -0.000392713214916     0.001970591332829
    -0.000032229087931     0.003393368701184     0.003430124842530
     0.002157555618544     0.002404049445704     0.001723029667423
22 26
    -0.026833507999496     0.015264122102545    -0.035425916603678
    -0.017244625913328     0.029195186161502    -0.018636633093978
    -0.031582573349710     0.017377259763165    -0.030788188586546
22 27
    -0.190279992126480     0.034718259007307    -0.041926626921139
     0.034962231229529    -0.187972117409927     0.043089261747291
    -0.049668815413202     0.050362174445704    -0.207634462396070
22 28
     0.030479829302091    -0.015014989008566    -0.015869708270345
     0.015940233213656    -0.029161579711514    -0.030866837459058
     0.016263908793147    -0.030965946586042    -0.027281670729403
22 29
    -0.190448182602671     0.034955594324767     0.033580682602671
     0.036241961388259    -0.185975938838498    -0.033486871189216
     0.034529337364575    -0.033370073570169    -0.191069379062736
22 30
    -0.002626027840766    -0.000199929484757     0.000145000062988
    -0.000461242976820    -0.001813250346435    -0.000282881109851
     0.000035871094734     0.000212140715545    -0.003917573507181
22 31
     0.003444115016377    -0.000205356072058    -0.002161269778282
    -0.000750441389519     0.004046950050391    -0.001947716427312
    -0.001165942397329    -0.002136228332074     0.000951394746788
22 32
    -0.027370140936004    -0.029666758849836    -0.015888424540186
    -0.028697671548249    -0.026792696775006    -0.017086432697153
     0.016717392920131     0.015793533572688     0.029311674508692
22 33
    -0.003239369110607    -0.004035405675233     0.004342238158226
    -0.004423967183170    -0.003339083679768     0.003749529604434
     0.004409962364575     0.004094472064752    -0.006403041761149
22 34
    -0.001267581412195    -0.000401806468884     0.000977777840766
     0.000573860197783     0.002470327034518     0.000899319286974
     0.001306472285210    -0.001579127141597    -0.000670960411943
22 35
     0.000797089222726     0.001492177658100    -0.000844831286218
     0.001375907816830     0.000916670288486     0.000979962144117
    -0.001112484063996     0.000996440318720     0.000983089191232
22 36
     0.001652829302091     0.000330114166037     0.001840279824893
    -0.000415155675233    -0.001295748362308     0.001423936350466
    -0.000609920571932     0.001293112937768    -0.000620152872260
22 37
     0.000472680492567     0.001345058610481     0.001244373078861
     0.001193387975561     0.000704755605946    -0.001298204522550
     0.001244988158226    -0.001902222379693     0.000453783635676
22 38
    -0.001162698475687    -0.000291411627614    -0.000301519778282
     0.000256356229529    -0.001167540028975    -0.000015523966994
     0.000006240142353    -0.000276071586042     0.008496680461073
22 39
    -0.003643972285210    -0.002843322341900    -0.005001486048123
    -0.003457713214916    -0.002824661060721    -0.005394212459058
    -0.004405803508440    -0.003915768014613    -0.008157873110355
22 40
    -0.000737420697909     0.000930760991434    -0.000953577317964
     0.001410270912069    -0.001756053917863    -0.000897212459058
     0.001160678634417    -0.000345736268582     0.002790319349962
22 41
     0.001057847159234    -0.001196877897455     0.001393117126480
    -0.001400185437138     0.002203825050391     0.001520743890149
     0.001673446491560     0.001666525636180     0.001287501889645
22 42
    -0.000987172682036     0.001004743134291    -0.000738039619552
    -0.000272266786344     0.001414662351978     0.000755176429831
    -0.000772692397329    -0.001152869205089    -0.001464343348450
22 43
    -0.003166797682036     0.003796681626354    -0.004176670571932
     0.004128461388259    -0.002596742409927     0.003941900636180
    -0.004478065413202     0.004735718096498    -0.007191345332577
22 44
     0.001937773746536     0.000106356229529     0.000474450459814
     0.001100009007307    -0.002208819790879    -0.001202752141597
    -0.000041251921139    -0.002074986268582    -0.000218117157974
22 45
    -0.005838140936004     0.001826078451751     0.003577700459814
     0.005581749086672    -0.000485405108340    -0.003097206506677
     0.005119559586798    -0.003009424760645    -0.007185220332577
22 46
    -0.001371851253464    -0.000037675516503     0.000412615142353
     0.000054582420005    -0.001254228521038     0.000059097064752
     0.000482507999496     0.000187378810784    -0.001455801681784
22 47
     0.000521392794155    -0.000944748929201    -0.001037176524313
    -0.001056580278408     0.000492231796422    -0.001048629125724
    -0.001104579302091    -0.001078523966994     0.000410769746788
22 48
    -0.027371605221718     0.029976382023180     0.016641045697909
     0.030638304642227    -0.028110559870244    -0.014937593411439
    -0.015120478111615     0.015881983969514     0.031066063397581
22 49
     0.001384035651298    -0.002619439405392     0.002137676650290
    -0.003386485040312     0.003276198066264     0.000072904604434
     0.003186335380448    -0.000118385078105     0.002740650699169
22 50
    -0.032799815539179    -0.016209790595868    -0.033198640810028
     0.017879997102545     0.026831406399597     0.017408267699672
    -0.036062986048123    -0.015478075554296    -0.029278035808768
22 51
    -0.003096204428068     0.005034278848576    -0.003580656683044
     0.004164213372386    -0.006631339632149     0.003965628810784
    -0.003299486048123     0.004844618890149    -0.002896033824641
22 52
     0.002361212238599     0.001266024880323    -0.001167067397329
     0.000354897896196    -0.001662341616276    -0.001667519998740
     0.001125750062988    -0.001688732300328    -0.000383817554800
22 53
    -0.003065775856639     0.004643810594608     0.004609583396321
     0.004689818531116    -0.006774149155959    -0.004293970395566
     0.004945377047115    -0.004288436665407    -0.003070186602419
22 54
    -0.003191246094734    -0.000060014802217     0.000233083396321
    -0.000312592183170    -0.001889672965482    -0.000597777935248
    -0.000055984063996    -0.000177158887629    -0.002870182634165
22 55
    -0.000053597285210    -0.001568905675233    -0.002290993984631
    -0.001131389802217     0.002435604812295    -0.000557650951121
    -0.001300793587805    -0.000091230316201     0.004887351095994
22 56
    -0.000801966332829    -0.001457308453011     0.000861708396321
    -0.001292873929201    -0.001053377330562    -0.000835202538423
    -0.000759283667171     0.000025712144117     0.002613829270597
22 57
    -0.002753644904258    -0.004504082262535     0.004280452443941
    -0.004431048532376    -0.006125595584530     0.004251017699672
     0.004055297682036     0.004161533572688    -0.002486039777022
22 58
    -0.028972065539179     0.018364130039053     0.031242724269337
    -0.015883504881582     0.029926747669438     0.016118101033006
     0.030945884983623    -0.017380768014613    -0.028546674697657
22 59
     0.000850071365583     0.002847481229529    -0.001803180492567
     0.002438768927942     0.004221932193248     0.000181368890149
    -0.002220400730663     0.000263525636180     0.003831549508692
22 60
     0.002828160651298    -0.000047826310154    -0.000570676524313
     0.001137251070799    -0.001095778124213     0.001489392699672
     0.000991912761401     0.001189224048879    -0.000588226284958
22 61
     0.001074912635425     0.003095590356513     0.002950299666163
     0.003377665753338     0.003408785367851    -0.000562545792391
     0.002385059586798    -0.000333141030486     0.004287204270597
22 62
    -0.002298960380448     0.000031022896196    -0.000199902714790
     0.000318302658100     0.009842033383724    -0.000187696586042
    -0.000401047556059     0.000008105001260    -0.002434186602419
22 63
    -0.002596634983623    -0.004156272738725    -0.003809093190980
    -0.004031155675233    -0.006922093600403    -0.004532023966994
    -0.003877224143361    -0.004798339443185    -0.003463500094482
23 1
     0.003438462238599    -0.001542443373646     0.001080077443941
    -0.003253310437138     0.000151037351978    -0.001220321586042
     0.003048998078861    -0.002996797776518     0.001627232048375
23 2
    -0.001811952443941     0.002041979245402    -0.000126392794155
     0.002680753054926    -0.002714821775006    -0.000378754125724
     0.004446109189972    -0.001990146982867    -0.006128674697657
23 3
    -0.002564839348702     0.000899693531116    -0.000997349143361
    -0.000922034643487     0.001288797272613    -0.000213746189216
    -0.007201111048123    -0.000609956506677    -0.001067301681784
23 4
    -0.219415777840766     0.043738880039053     0.119813710380448
     0.047003510991434    -0.216781936854371    -0.120397202538423
     0.101764700459814    -0.105552266030486    -0.232253041761149
23 5
     0.025298482079869    -0.014134141786344    -0.025523686444948
     0.023188945515243    -0.029260309870244    -0.029430045792391
     0.015251829428068    -0.028860510078105    -0.031941994142101
23 6
     0.002913142794155     0.001069600277148    -0.005786978111615
    -0.002163683453011    -0.001580623362308     0.002488954207609
    -0.003544672556059     0.000110880794911     0.003448924508692
23 7
    -0.002147928634417     0.000541800673973     0.000994164745528
    -0.000378477103804    -0.003342682886117    -0.001093652935248
     0.000525035777274     0.000821706191736    -0.003715456443689
23 8
    -0.006081553634417    -0.005395246945074     0.007421321491560
    -0.002601860040312    -0.005194293997229     0.001132948255228
     0.001059964348702     0.005295565318720     0.000815263794407
23 9
    -0.000776353237591    -0.001557955278408    -0.000127571365583
    -0.001347262818090    -0.000510161060721     0.000148597064752
    -0.000399291603679     0.000327823255228     0.001889339191232
23 10
     0.000271751921139     0.001462451467624    -0.001144412635425
     0.001475018927942     0.000357495685311     0.001054404604434
    -0.001570242000504     0.001114787540942     0.000947015778534
23 11
    -0.002803146888385     0.000375183610481     0.001613567523306
     0.002708453451751     0.000602769494835     0.001215652620307
     0.004877716332829    -0.000388202538423    -0.001509152872260
23 12
     0.003140944381456     0.001347659800957     0.003511948475687
     0.001287645912069     0.002862624653565    -0.003743311665407
     0.003528898872512    -0.003119087459058    -0.000224061602419
23 13
     0.024400136841774     0.015778953451751    -0.013996970175107
    -0.014310959246662    -0.030585192806752     0.031593591112371
     0.016201964348702     0.033140231985387    -0.030277452475435
23 14
    -0.005734402840766    -0.003032264802217    -0.002004404698917
    -0.005208129881582    -0.005851409076594    -0.007247472379693
    -0.005180426524313    -0.001812341427312    -0.000323436602419
23 15
     0.007754081286218     0.000426203451751     0.000144069507433
     0.002425931626354    -0.001595746378181    -0.000025196586042
     0.001477131015369    -0.000213934681280    -0.000593585411943
23 16
    -0.003154543713782    -0.003005217183170     0.004074702443941
    -0.002802489008566    -0.002908472568657     0.004370442302847
     0.004337617126480     0.005655474048879    -0.008483962396070
23 17
    -0.028007716332829    -0.030726875913328    -0.016349535651298
    -0.032381207262535    -0.029599813838498    -0.015983730316201
     0.015063325459814     0.014713841112371     0.032047458238851
23 18
     0.002246043587805     0.003800568531116    -0.001310690413202
     0.001897009007307     0.002011090923406     0.000036690318720
    -0.001833365016377     0.001134870874276     0.003242664588057
23 19
    -0.030671154824893     0.024530489166037     0.029934379031242
    -0.015000012818090     0.023208100844041     0.025081670477450
     0.030608827443941    -0.014851644998740    -0.030788329459562
23 20
     0.002552303508440     0.001931266943815    -0.000988269778282
     0.002769848293021     0.001763842907533    -0.001826926744772
     0.000834627047115    -0.003242035871756     0.003549692365835
23 21
     0.028796345175107    -0.010689558453011     0.013035757999496
     0.015894679642227    -0.032063331695641     0.033588051429831
    -0.018061984063996     0.028223630794911    -0.026953154856387
23 22
    -0.198690303634417    -0.051115546548249    -0.042256708270345
    -0.045566937421265    -0.191597821775006    -0.042017230316201
    -0.041673988032250    -0.039867143014613    -0.196691801681784
23 23
     0.888007511841774     0.045804292737465    -0.076669295571932
     0.045804292737465     0.887303767510707     0.076980087144117
    -0.076669295571932     0.076980087144117     0.952684081254724
23 24
     0.001081968190980    -0.000558780675233     0.001544994110607
    -0.001249683453011     0.000142948066264     0.000516886747292
     0.003613059586798     0.000770148652053     0.000989422524565
23 25
    -0.001966690539179     0.001592891943815    -0.000733966206853
     0.001632735197783    -0.002180042013102     0.000392105001260
     0.000830843316956     0.001408866906022     0.002161287603930
23 26
    -0.001215192523306     0.004117477261275    -0.003443349143361
     0.003565338372386    -0.008188974552784     0.003917472064752
    -0.002699160651298     0.003504577223482    -0.003067555650038
23 27
    -0.031681551650290    -0.016190510833963    -0.033974309460821
     0.016622945515243     0.031188846875787     0.018402241906022
    -0.033632527714790    -0.017967383093978    -0.031753454459562
23 28
    -0.006772605221718     0.003918616150164     0.003888609189972
     0.003301447499370    -0.002090240425800    -0.003035482300328
     0.001602571491560    -0.002046504125724    -0.003424912792895
23 29
     0.029922507873520     0.018177449483497     0.018084625062988
    -0.015220949326027    -0.028364724552784    -0.031038016030486
    -0.016284124937012    -0.030694506109851    -0.029407871126228
23 30
     0.004747162635425     0.000648800673973    -0.000965307476694
    -0.001533653691106     0.002093713939279    -0.003127525951121
    -0.002086841206853    -0.003458291824137     0.002261184429327
23 31
    -0.001623069507433    -0.000312375913328     0.000087047682036
    -0.000314227103804    -0.001574710663895     0.000187888731418
     0.000217345301083    -0.000308910871756    -0.001562097316704
23 32
    -0.192318450459813    -0.046179028691106     0.045277642920131
    -0.051423332262535    -0.197009857489292     0.042145922461577
     0.042201305618544     0.041752726033006    -0.195002817554800
23 33
    -0.029802428634417    -0.032984800516503     0.016454680618544
    -0.031546502897455    -0.028443744394054     0.016614634763165
    -0.015196499937012    -0.014897335474931     0.031908091175359
23 34
     0.002826234063996     0.001546548689846    -0.000003029698917
     0.003499449483497     0.002742541320232     0.000771174445704
    -0.001389740016377     0.001295690318720     0.004017672524565
23 35
    -0.001710470301083     0.001186032816830     0.001544236174099
     0.000246247102545     0.001998884574200    -0.000523307697153
     0.002022803634417     0.000283257779038    -0.000437402872260
23 36
     0.001985269778282     0.002857219324767     0.001581222285210
     0.001572058610481     0.002378965923406     0.000826416509196
     0.002504617126480    -0.000218819601915     0.003350980064248
23 37
     0.000787495968758    -0.000002086230789     0.000149190539179
     0.001443477261275    -0.001847655108340     0.001345150636180
     0.002615150856639     0.004824095080625    -0.002770708427816
23 38
    -0.002997382999496    -0.002868806468884    -0.003904202317964
    -0.003560679484757    -0.003807075743260    -0.004406668808264
    -0.005270472159234    -0.004949129125724    -0.008346186602419
23 39
    -0.001032031809020    -0.001765342183170    -0.001739668587805
    -0.000951998929201    -0.001080071775006     0.002460017699672
     0.002601984189972    -0.002070450554296     0.015067259826153
23 40
     0.001973019778282    -0.001562883849836     0.002529865142353
     0.000941485197783     0.004624785367851     0.001125142699672
     0.003026841332829     0.001513331191736     0.001985952286470
23 41
    -0.002163087364575     0.000875727261275     0.000456559586798
     0.002052278848576    -0.000624210663895     0.001108974048879
    -0.001020890810028     0.000091968096498     0.002530134826153
23 42
    -0.006625357205845     0.006307348293021    -0.004026597159234
     0.004109072499370    -0.003324123362308     0.002904156588561
    -0.003708529698917     0.002345448255228    -0.003918835411943
23 43
    -0.001657107205845    -0.000052088214916    -0.001226603111615
     0.001274800673973     0.001953096875787    -0.000656869205089
    -0.001074777714790     0.000721535556815    -0.001377337396070
23 44
    -0.002666410777274     0.003658211388259     0.002646517920131
     0.004491973293021    -0.007429105505165    -0.004911021982867
     0.002180660777274    -0.004293668808264    -0.001998234221466
23 45
     0.000690549540186     0.001812558610481    -0.001366357079869
     0.000181713372386    -0.001327690822625    -0.001386226347947
     0.001945847285210    -0.000134982300328    -0.000600587396070
23 46
     0.000114714222726    -0.001462070357773    -0.000776942397329
    -0.001108703294281    -0.000004139235324    -0.001356422776518
    -0.000900204302091    -0.002627678728899     0.000498081254724
23 47
    -0.001112166729655     0.000529606229529    -0.000188984063996
     0.000473009007307    -0.001227803917863     0.000470476033006
     0.000376208396321    -0.000245206506677    -0.001344472316704
23 48
     0.003924085254472    -0.001932012818090     0.000327988158226
    -0.002992731072058     0.000785529415470     0.002067386747292
     0.000457434586798     0.001517801429831     0.005127696334089
23 49
    -0.030561773872512     0.032385540753338    -0.014225255889393
     0.034134479245402    -0.029448337648022     0.014137009763165
     0.016854748078861    -0.016144942617788     0.025883033635676
23 50
    -0.154936000062988     0.008655189562862    -0.025111823349710
     0.008669836388259    -0.156068379314689     0.025409997858403
    -0.048787323349710     0.049000241906022    -0.175076027872260
23 51
    -0.032374763951877     0.015720384007307    -0.033698339222726
    -0.010512822341900     0.029363999653565    -0.013581516030486
    -0.028920573349710     0.018038686350466    -0.027681900888133
23 52
    -0.000456347285210     0.002150505039053     0.005146875062988
     0.001082237181910    -0.001120752330562    -0.005529539840010
     0.002772412761401    -0.002896664840010    -0.007486809618292
23 53
     0.001794289619552     0.000079290753338     0.000768650856639
     0.001191157816830    -0.001883559870244    -0.001529240236835
    -0.000372960254472    -0.001926869205089    -0.000544053665911
23 54
     0.001995819381456    -0.002108409643487    -0.001995974143361
    -0.002811752897455     0.003180291320232    -0.000705797776518
    -0.002006196365583    -0.000030466427312     0.003962950302343
23 55
    -0.004231656809020    -0.000921300516503     0.001651573475687
     0.001073449483497    -0.001483055901990    -0.000679045792391
     0.000113744110607    -0.000374912855883    -0.001482890967498
23 56
    -0.005631150856639    -0.004238453294281     0.004547275856639
    -0.004888909643487    -0.002813038044848     0.002292652620307
     0.003822629031242     0.002983279604434    -0.003151037792895
23 57
    -0.000756329428068    -0.001182602103804    -0.001187605095742
    -0.001119209246662    -0.000921256298816     0.001231622858403
     0.001261835380448    -0.001255023966994     0.002725593159486
23 58
     0.004338874937012     0.000296610197783    -0.002456458270345
     0.000472084404132     0.004675961955152     0.002280206191736
    -0.002496702317964     0.002487174445704     0.001917958238851
23 59
    -0.028365238158226    -0.015578288611741     0.030512136967750
     0.018916858213656     0.030135646478962    -0.017585650951121
     0.030595511967750     0.015669218096498    -0.029023942554800
23 60
     0.000987726127488     0.001423403848576     0.001156640936004
     0.001299215356513     0.000633186161502    -0.001283377141597
     0.001102950459814    -0.001184833490804     0.000623781651550
23 61
     0.002097853111615     0.001365570515243     0.000680617126480
     0.000060005039053    -0.001712125346435     0.001552934366339
    -0.000793652714790     0.000991176429831    -0.001122537792895
23 62
    -0.001815894904258    -0.004256871945074    -0.002276460254472
    -0.004955483056185    -0.006049627330562    -0.005477841427312
    -0.003653259857647    -0.004318702538423    -0.003056928665911
23 63
    -0.001753944507433     0.002301957420005    -0.000077150730663
     0.000683558610481     0.008162995685311     0.000539581191736
     0.000681563555052    -0.001168771982867    -0.000672742157974
24 1
    -0.001898206412195     0.005008205435878     0.005161932602671
     0.000009991150164    -0.005761532092467    -0.001248635078105
     0.000172037761401    -0.001380498173343    -0.005760051681784
24 2
     0.018190253905266    -0.015350496945074    -0.015143662635425
    -0.011217445357773    -0.038764391219451    -0.049014442617788
    -0.010805976127488    -0.049198972379693    -0.037774583427816
24 3
    -0.174632507999496     0.027158717340640     0.026830256015369
     0.050112516943815    -0.164726772171832    -0.017432184681280
     0.049716428634417    -0.017838406903502    -0.165170710411943
24 4
     0.000320678508440     0.002882778848576    -0.004812559460821
    -0.000894687421265     0.002850993701184    -0.000789391030486
    -0.002988509857647     0.001027908572688    -0.002085950491308
24 5
    -0.001981186570925     0.000187257023180    -0.005966331286218
     0.003272747102545    -0.002225254314689     0.004617765715545
    -0.003295380889393     0.002742039525069    -0.005142152872260
24 6
    -0.000421025856639    -0.004866125913328     0.003599002047115
    -0.002883881865709    -0.002253067806752     0.000933265715545
    -0.000585882873520    -0.000746569601915     0.002412640778534
24 7
    -0.002102972285210    -0.005738800516503    -0.000498105095742
    -0.002996425516503    -0.005367627330562     0.002448658572688
     0.003276325459814     0.004651255794911    -0.002855990173847
24 8
    -0.001072472285210     0.000302526864449    -0.000603698349710
     0.000557191546989    -0.003089363441673    -0.000035615236835
     0.000154879031242    -0.000421510078105    -0.001058644935752
24 9
     0.004251353111615    -0.002661431468884     0.000578908793147
    -0.001991836230789     0.001516394494835    -0.003005341427312
    -0.000780626921139    -0.003142377141597     0.004772180461073
24 10
     0.031136208270345     0.016797475277148    -0.015058807476694
    -0.015159429484757    -0.027622448759133     0.031031591112371
     0.016022172682036     0.030258212144117    -0.028233392951625
24 11
     0.005333059460821     0.000430082420005     0.002022297682036
     0.000409380039053     0.004035575050391    -0.003063660871756
     0.001470131015369    -0.002041902935248     0.000779313397581
24 12
    -0.000074349269337    -0.000192441389519     0.001702678634417
     0.000979197499370     0.002564930209121     0.000293499842530
     0.001110063555052    -0.001226162855883    -0.001590595332577
24 13
     0.000985968190980     0.003594102261275    -0.001375990016377
     0.001491842340640     0.000947362748803     0.000488902620307
    -0.000772995968758     0.000871156588561     0.000069388794407
24 14
    -0.029318821491560     0.033220134007307     0.017759200459814
     0.034186421705719    -0.030669353521038    -0.017586535871756
    -0.015949886841774     0.017132083175863     0.027162654667423
24 15
     0.001791537635425    -0.002470022738725     0.002531049666163
    -0.002842641786344     0.003989934177375    -0.000395260078105
     0.002474295697909     0.000335489921895     0.004558130857899
24 16
    -0.001675087364575    -0.000365318373646     0.000109682602671
     0.000372937578735    -0.001550917013102    -0.000393746189216
     0.000319906809020    -0.000028726347947    -0.003586621126228
24 17
     0.004192865016377     0.000608772896196    -0.002637180492567
    -0.000802655675233     0.004592741717057    -0.003032418808264
    -0.001895759857647    -0.003054609284455     0.001399049508692
24 18
     0.031142374937012    -0.014971032659360     0.016743789745528
     0.015939060594608    -0.028105228521038     0.030106376826657
    -0.015106700333837     0.030657045477450    -0.027311369142101
24 19
     0.005143676524313     0.001846012975561     0.000339359189972
     0.001277913769211     0.000974406399597    -0.002030393014613
     0.000536617126480    -0.002930470395566     0.004147136810280
24 20
    -0.029210740142353     0.017284790753338     0.032589585380448
    -0.015813975119677     0.026428398463089     0.016617009763165
     0.034182166729655    -0.017956736268582    -0.031217466364324
24 21
     0.001345926524313     0.002188465356513    -0.002619761841774
     0.002193606229529     0.004443723859914     0.000164862937768
    -0.002937319381456    -0.000480944601915     0.003623186413454
24 22
    -0.000242972285210     0.001702977261275    -0.000272228111615
     0.001176989166037    -0.001681266219451    -0.001180918808264
     0.000913676650290     0.000390031588561     0.002492914588057
24 23
     0.001081968190980    -0.001249683453011     0.003613059586798
    -0.000558780675233     0.000142948066264     0.000770148652053
     0.001544994110607     0.000516886747292     0.000989422524565
24 24
     0.871883424540186     0.015503618134291     0.017131099269337
     0.015503618134291     0.875896628621819     0.012915823255228
     0.017131099269337     0.012915823255228     0.877375513794407
24 25
    -0.199878859189972    -0.046052459246662    -0.045466361048123
    -0.045842588214916    -0.194741486457546    -0.039063958490804
    -0.045441242000504    -0.039204708490804    -0.194750371126228
24 26
     0.032357888825901     0.017016251070799     0.016925006015369
    -0.015984860040312    -0.032017168997229    -0.036846341427312
    -0.015941620968758    -0.036870748173343    -0.031853464380197
24 27
    -0.003914095301083     0.002315262975561     0.002343920697909
     0.005057247102545    -0.000549347568657    -0.001682196586042
     0.005045886967750    -0.001671208490804    -0.000626738189720
24 28
    -0.030485273872512    -0.016415110040312    -0.033779410651298
     0.017878624086672     0.029116565129756     0.019327454207609
    -0.033741763825901    -0.016875829522550    -0.031579571523054
24 29
    -0.002300410777274     0.004381973293021    -0.004142769778282
     0.005605852261275    -0.007128918997229     0.003964670477450
    -0.003186460254472     0.003465418493323    -0.002697904856387
24 30
    -0.030140381015369    -0.033862675516503    -0.016106452317964
    -0.033764352103804    -0.031500730505165    -0.016765339443185
     0.018187698475687     0.019263507779038     0.029480650699169
24 31
    -0.002275988158226    -0.004243352103804     0.004349152840766
    -0.003177675516503    -0.002580280108340     0.003430950239355
     0.005630259983623     0.003959138731418    -0.007017381046863
24 32
    -0.000734494110607    -0.000147379881582    -0.000373751921139
     0.000208594324767    -0.000839926933736    -0.000332516030486
    -0.000021279698917    -0.000360349363820    -0.000724976284958
24 33
     0.001004902714790    -0.001017151706979    -0.001014089222726
    -0.001282201310154     0.001416936161502    -0.001356678728899
    -0.001288710254472    -0.001329285871756     0.001313432445200
24 34
     0.002096565413202    -0.000724552500630    -0.000783799540186
     0.000383501070799    -0.000552403124213     0.000587110953641
     0.000304799666163     0.000509989921895    -0.000768736205593
24 35
     0.001928361048123     0.002076806626354     0.002125091332829
     0.002264298689846     0.004595940129756    -0.001270996189216
     0.002348343316956    -0.001199067617788     0.004652688397581
24 36
    -0.001948773872512    -0.000541631865709     0.000807452443941
    -0.001061889802217     0.002662771478962    -0.001090146982867
     0.001416031809020     0.001093355001260    -0.000817428665911
24 37
     0.004508702317964     0.001484937578735    -0.001554079302091
     0.001279778848576     0.001786525447216     0.002268587144117
     0.000866565539179     0.002784769683799     0.001930132842026
24 38
    -0.001938801650290     0.000856467340640    -0.000376347159234
     0.001353497102545    -0.000876270187705     0.001111267699672
    -0.000902307476694    -0.001066204522550     0.002570154667423
24 39
     0.004395174540186    -0.001503193373646     0.001501686570925
     0.000843927658100     0.001702108780549     0.002796329207609
     0.001122148872512     0.002418099048879     0.001831726095994
24 40
    -0.001048648872512     0.001242264959688     0.001373095301083
    -0.000452713214916    -0.001023284076594     0.001603329207609
     0.001700631015369     0.001203630794911     0.009969043556311
24 41
    -0.001620131015369    -0.005027123929201    -0.004634460254472
    -0.003982044564122    -0.002776530108340    -0.005870339443185
    -0.004769226127488    -0.005701357300328    -0.006774898904006
24 42
     0.002955599143361    -0.000215752897455    -0.000328992000504
    -0.001148750913328    -0.001305442806752    -0.002009781903502
     0.001178634983623    -0.002648627141597    -0.001568119142101
24 43
    -0.002786025856639     0.004092560594608     0.003759252047115
     0.004956977261275    -0.006381722568657    -0.004916307697153
     0.004239511967750    -0.004129539840010    -0.003701246126228
24 44
    -0.000072954428068     0.000074985197783    -0.002014376921139
     0.000635899880322     0.002657200050391    -0.000985960474931
    -0.001852924540186     0.000822005794911    -0.000459392951625
24 45
    -0.007316369110607     0.002511332420005    -0.002857126921139
     0.004057014959688    -0.001220135267070     0.001434460159990
    -0.004786863032250     0.002173442302847    -0.003178371126228
24 46
    -0.030438079428068    -0.028645671548249     0.017040287761401
    -0.030082151706979    -0.030503458679768     0.017313888731418
    -0.016225914619552    -0.016350254125724     0.031207797524565
24 47
    -0.190493085380448    -0.039288869960947     0.033939496094734
    -0.041039939405392    -0.193122998362308     0.040709037540942
     0.035760623078861     0.037342218096498    -0.190575131046863
24 48
    -0.001111208396321     0.001229010991434     0.001353343316956
     0.001465570515243     0.009697084971025     0.001273448255228
    -0.000680400730663     0.001463601033006    -0.001127712396070
24 49
    -0.001609317523306    -0.004793935437138    -0.005237275730663
    -0.004902469167297    -0.007067032092467    -0.005856928728899
    -0.004066087238599    -0.005939143014613    -0.003078875094482
24 50
     0.003380206286218    -0.000445786627614    -0.000046093190980
     0.000987137975561    -0.001144823759133    -0.002832940633661
    -0.001041033667171    -0.002176208490804    -0.000903686602419
24 51
    -0.002408057602671     0.003771532816830     0.004039890936004
     0.004326604245402    -0.003412194790879    -0.004131829522550
     0.004914466332829    -0.004905764046359    -0.006311309618292
24 52
    -0.030797265936004     0.017131028848576    -0.029226644778282
    -0.016396211230789     0.031463303224994    -0.016497603332074
    -0.030995172556059     0.017257634763165    -0.030788718348450
24 53
    -0.191242629031242     0.034556064562862    -0.039867493984631
     0.036599334404132    -0.190591629314689     0.037622946271101
    -0.041664670571932     0.041089180398085    -0.193910462396069
24 54
     0.000108525730663    -0.001985760833963     0.000309131015369
    -0.001855201310154    -0.000383028124213     0.000957388731418
     0.000888093316956    -0.000901416824137     0.002910041572184
24 55
    -0.007395825459814    -0.002918776706979     0.002397428634417
    -0.004751873929201    -0.003093000346435     0.002055390715545
     0.003964033793147     0.001484511747292    -0.001210299697657
24 56
    -0.001532069507433    -0.000014679484757    -0.000036743984631
     0.000130516943815    -0.001766857489292    -0.000415285871756
     0.000076418713782    -0.000438045792391    -0.001854571523054
24 57
     0.001924626921139    -0.002656953294281    -0.002624999937012
    -0.002646782659360     0.004499924256740    -0.001102690633661
    -0.002598499937012    -0.001145974363820     0.004547559429327
24 58
     0.003060206286218     0.001185509007307     0.001228396888385
    -0.000675364008566    -0.000381107489292     0.001076767699672
    -0.000584662635425     0.001105349048879    -0.000459950491308
24 59
     0.001110218190980     0.001520360197783     0.001643992126480
     0.001364534800957     0.001288577034518    -0.001410464443185
     0.001423926650290    -0.001376232300328     0.001232648715042
24 60
    -0.028569692523306    -0.015997072341900     0.031817621094734
     0.016596016943815     0.030338616717057    -0.016832440633661
     0.032147490142353     0.017117341112371    -0.029555627078609
24 61
     0.003549184460821     0.000648969324767    -0.002456027714790
     0.000720931626354     0.004006055209121     0.003331745874276
    -0.002420988032250     0.002633851033006     0.001747928476946
24 62
    -0.028619438555052     0.031985026864449    -0.016173855095742
     0.032312818531116    -0.029202446775006     0.016829095080625
     0.016547154824893    -0.016979402935248     0.030464412603930
24 63
     0.004128761841774    -0.002433018770471     0.000423329428068
    -0.002303264802217     0.002363801240867     0.002397517699672
     0.000541353237591     0.003032277620307     0.004442724111867
25 1
     0.007055509857647    -0.012272875913328    -0.012260158667171
    -0.000980961230789    -0.006645022171832    -0.009558541824137
    -0.001017047556059    -0.009411904919375    -0.006074311602419
25 2
     0.003129595175107     0.003639921705719     0.003789871094734
     0.002126852261275    -0.006981256298816    -0.006013349363820
     0.001453813555052    -0.005736754125724    -0.006597968348450
25 3
     0.024448458270345     0.015557510991434     0.015781164745528
    -0.017380310437138    -0.028589762251197    -0.032356091427312
    -0.016797406683044    -0.032321438649534    -0.027836845332577
25 4
    -0.000037605221718     0.004733072499370    -0.004338150730663
     0.002257360197783    -0.002915246378181     0.005471827223482
    -0.002401845175107     0.004871001826657    -0.006461710411943
25 5
    -0.001335470301083    -0.000263574326027    -0.001179172556059
     0.001532294721592    -0.000063744394054     0.000270983969514
    -0.001969091206853     0.001399632779037    -0.001847162792895
25 6
     0.000046690413202    -0.004293832262535     0.004226785777274
    -0.002839084246662    -0.006943557886117     0.005361733969514
     0.002143531809020     0.005681523652053    -0.002673869142101
25 7
    -0.001695381015369    -0.001084256865709    -0.000164821365583
    -0.001822877897455    -0.002629992409927     0.001160751826657
     0.001585615142353     0.000144224048879    -0.000683500094482
25 8
     0.003518743984631    -0.002646554484757    -0.000260164619552
    -0.002912510833963     0.001892146478962    -0.003011896982867
    -0.000041581286218    -0.002284041824137     0.004444595143613
25 9
    -0.000145055618544     0.000116112181910    -0.000344807476694
     0.000120836388259    -0.002023845584530    -0.000110873173343
     0.000183537761401     0.000034341112371    -0.000159954459562
25 10
     0.002673049540186     0.002287768927942     0.000118976253464
     0.003275743134291     0.001228436161502    -0.003366315633661
    -0.000077412635425    -0.002575569601915     0.003606847127740
25 11
     0.025913025730663    -0.014326748929201     0.014438581412195
     0.017896552658100    -0.030655040028975     0.033885807382212
    -0.016756829302091     0.031928315318720    -0.028812696523054
25 12
     0.003670617000504     0.002195102261275    -0.000092412635425
     0.002057745118418     0.001427690129756     0.003295593096498
    -0.000361146762409     0.002252930398085     0.003789144746788
25 13
    -0.002004690539179     0.000797395912069     0.001468293713782
    -0.000899610040312     0.001583997669438     0.000527120874276
     0.001330293713782     0.001556124842530    -0.001921746126228
25 14
     0.003723144778282    -0.003160697341900    -0.000079515810028
    -0.002934155675233     0.002106906399597     0.002970057382212
    -0.000176097159234     0.002906676429831     0.004591019746788
25 15
    -0.027086121094734     0.030469520912069    -0.016309916603679
     0.030496780832703    -0.028057930901990     0.016570708175863
     0.017193960380448    -0.016103666824137     0.029661995937264
25 16
     0.002757003905266     0.000014100277148    -0.002845533667171
     0.000022110197783     0.003563717907533    -0.002224902935248
    -0.002904803508440    -0.002960383093978     0.001562743953137
25 17
    -0.000324918713782    -0.000342933453011     0.000170853237591
     0.000165766943815    -0.000677248362308     0.000056799445704
     0.000157529824893    -0.000092141030486    -0.001827335411943
25 18
     0.002804716206853     0.000086135991434     0.002148823475687
    -0.000111391786344     0.003279656399597    -0.002491404919375
     0.003202714348702    -0.003238986268582     0.001521495937264
25 19
     0.026173767794155     0.014258681626354    -0.014460107079869
    -0.016608163611741    -0.030229958679768     0.033328075239355
     0.017178031809020     0.035083872858403    -0.031001748110355
25 20
     0.003391726127488    -0.000304915595868    -0.003222255889393
    -0.000273677500630     0.003695658383724     0.002600603017133
    -0.002855168587805     0.002662106985387     0.001880898715042
25 21
    -0.027525607205845    -0.016602365992693     0.030697021888385
     0.017079028848576     0.029243608780549    -0.016594418808264
     0.030857470301083     0.016651898652053    -0.028772198507181
25 22
     0.003532243984631    -0.000032229087931     0.002157555618544
    -0.000392713214916     0.003393368701184     0.002404049445704
     0.001970591332829     0.003430124842530     0.001723029667423
25 23
    -0.001966690539179     0.001632735197783     0.000830843316956
     0.001592891943815    -0.002180042013102     0.001408866906022
    -0.000733966206853     0.000392105001260     0.002161287603930
25 24
    -0.199878859189972    -0.045842588214916    -0.045441242000504
    -0.046052459246662    -0.194741486457546    -0.039204708490804
    -0.045466361048123    -0.039063958490804    -0.194750371126228
25 25
     0.925283857079868    -0.002172165595868    -0.011978452317964
    -0.002172165595868     0.930868398463089    -0.005939115236835
    -0.011978452317964    -0.005939115236835     0.913011993953137
25 26
    -0.209060019904258     0.051677169721592     0.052611414745528
     0.052308937578735    -0.203174284076594    -0.047522373173343
     0.053480918713782    -0.047771154919375    -0.203224724300831
25 27
     0.027838620968758    -0.007683693373646    -0.007867295571932
     0.020044544721592    -0.027097712648022    -0.030269228332074
     0.019928926650290    -0.030095865236835    -0.026873998110355
25 28
    -0.211082057602671     0.056825183610481    -0.057406126921139
     0.057678421705719    -0.197199049949609     0.043128672461577
    -0.056672849143361     0.044064138731418    -0.200290956443689
25 29
    -0.029323569507433     0.018221516943815    -0.030615986048123
    -0.017075100119677     0.029528840923406    -0.016802611268581
    -0.032433670571932     0.017402386747292    -0.029078789777022
25 30
    -0.214198039745528    -0.061393631865709     0.061177081412194
    -0.060900804484757    -0.203811345584530     0.047868628810784
     0.062437488158226     0.047060976033006    -0.200823984221466
25 31
    -0.029817146888385    -0.031123058453011     0.018473811570925
    -0.032766627897455    -0.029583395187705     0.017487668493323
    -0.017211950333837    -0.016983643014613     0.029905484032502
25 32
     0.002059472159234    -0.001149211230789    -0.001314343190980
    -0.001269733056185     0.000806582986898    -0.001745297776518
    -0.001501740016377    -0.001723756109851     0.001301763794407
25 33
    -0.000017381015369    -0.000038358056185    -0.000009930492567
    -0.000118153691106     0.000230196082137     0.000120664525069
    -0.000101170571932     0.000113432382212     0.000525172524565
25 34
     0.002130906683044     0.001168866150164     0.001102234189972
     0.001303673689846     0.001090981796422    -0.001651920792391
     0.001170714348702    -0.001714541824137     0.001267503873772
25 35
     0.003003077317964     0.000506475277148     0.000575375062988
    -0.000664028691106    -0.000752174949609     0.001399722064752
    -0.000643367000504     0.001428275636180    -0.000454821523054
25 36
     0.002048192397329     0.001609036785084    -0.001217763825901
     0.001363782816830     0.000804156399597     0.001469196271101
    -0.001429553508440     0.001725948255228     0.001123061413454
25 37
    -0.000820206412195     0.000207606229529     0.000711829428068
     0.001181326467624     0.001739910367851     0.000207055398085
     0.001843480221718    -0.001327762062232    -0.002216627078609
25 38
     0.002018414619552    -0.001269489008566     0.001659436570925
    -0.001494580278408     0.000686614732930     0.001686110953641
     0.001487232205845     0.001439263731418     0.001033019746788
25 39
    -0.000751734189972     0.000618350277148     0.000162595301083
     0.001831225277148    -0.002479131298816    -0.000935702538423
     0.001204313555052     0.000397567302847     0.002205841175359
25 40
    -0.002940557602671    -0.005184066389519    -0.005707120968758
    -0.004169415595868    -0.001853274155959    -0.004895827538423
    -0.005778329302091    -0.004655900951121    -0.006675091364324
25 41
     0.001438835254472     0.000006044721592     0.000641198475687
    -0.000503121945074     0.001341229812295     0.001266003810784
     0.001265063555052     0.000560360953641     0.009479466175359
25 42
    -0.002413809586798     0.004214665753338     0.005092166729655
     0.004582796705719    -0.003029057886117    -0.004961438649534
     0.004049049666163    -0.004613408887629    -0.006462379062736
25 43
     0.002394065413202    -0.000541145754598     0.000772410777274
     0.000996524880322    -0.001188212648022    -0.001765964443185
    -0.000832198349710    -0.001543196586042    -0.000809006046863
25 44
    -0.002337363158226     0.004031903848576    -0.005678468190980
     0.003642822499370    -0.001827165028975     0.005417257779038
    -0.004879134857647     0.003674974048879    -0.006458902872260
25 45
    -0.002245902840766     0.003129501070799    -0.002415343190980
    -0.001676812421265     0.001919499653565    -0.000685696586042
    -0.002511073349710     0.000527910556815    -0.001853381046863
25 46
    -0.002780988158226    -0.005078127897455     0.005644571491560
    -0.004394354087931    -0.002197198759133     0.004705356985387
     0.004140000062988     0.004182214128244    -0.006401587396070
25 47
    -0.027616744110607    -0.030468201310154    -0.016345095175107
    -0.030839141786344    -0.028702238441673    -0.016031619205089
     0.017178037761401     0.016189061350466     0.030204109032502
25 48
    -0.003003742126480    -0.005779070357773    -0.005154872952885
    -0.005930756865709    -0.007210530108340    -0.004680333490804
    -0.003956736048123    -0.004710055713026    -0.001548847316704
25 49
     0.001129523746536     0.000375733213656    -0.000058242000504
     0.001076328451751     0.008728352828168     0.000490164525069
    -0.000739297556059     0.001157575239355     0.001122114984883
25 50
    -0.002113077443941     0.004987132023180     0.004373940539179
     0.004031560594608    -0.006409938838498    -0.004794847379693
     0.004930381015369    -0.005314865236835    -0.002568696523054
25 51
     0.002751533667171     0.000820951467624    -0.000594200333837
    -0.000772348135551    -0.000846934870244    -0.001617611268582
     0.000904131015369    -0.001808045792391    -0.000744319538927
25 52
    -0.002698424666163     0.005768697499370    -0.005104736048123
     0.004261211388259    -0.006423561854371     0.004074364921895
    -0.004393132873520     0.004776478017133    -0.001641228269085
25 53
    -0.027911287761401    -0.016669391786344    -0.030841710254472
     0.016994757023180     0.030071255605946     0.016043414525069
    -0.031458255889393    -0.016568351347947    -0.028609972316704
25 54
    -0.002007507999496    -0.005554092183170     0.004101664745528
    -0.004872028691106    -0.006760393203578     0.003781106985387
     0.003835507999496     0.005466551429831    -0.001244968348450
25 55
    -0.002225234189972    -0.002387358056185     0.003163587364575
    -0.002518201310154    -0.002094365425800     0.000562483969514
    -0.001654426524313    -0.000729894998740     0.002211815381708
25 56
     0.001740896762409    -0.002674135833963    -0.002768335254472
    -0.002176310437138     0.004231527431343    -0.000646567617788
    -0.002313041603679    -0.000594952538423     0.004526293556311
25 57
    -0.000914531809020    -0.000084159643487    -0.000022591206853
    -0.000148985040312    -0.001259690822625    -0.000166097379693
    -0.000081835254472    -0.000165256109851    -0.000851450491308
25 58
     0.002151047556059     0.002108177658100     0.002127305618544
     0.002249308610481     0.004540777431343    -0.000672639046359
     0.002209502047115    -0.000719307697153     0.004770664588057
25 59
     0.002538309460821    -0.000749096151424    -0.000620599143361
     0.000716082420005    -0.000434913044848     0.001364253810784
     0.000805216332829     0.001312860953641    -0.000168236205593
25 60
     0.002075523746536     0.002706596308894    -0.002750970175107
     0.002358814562862     0.004276876637692     0.000540777620307
    -0.002650970175107     0.000260434366339     0.004635488000756
25 61
    -0.028529099269337     0.017156887975561     0.031207631015369
    -0.017129520754598     0.029552690129756     0.017097714128244
     0.031624176650290    -0.016885680713026    -0.028839331443689
25 62
     0.002298402714790    -0.002703804484757     0.002598303634417
    -0.002619383849836     0.004569438145629     0.000076313334593
     0.002232319507433     0.000382940318720     0.004812152683296
25 63
    -0.028930146888385     0.031947274880322     0.017445113158226
     0.032173407816830    -0.028733813838498    -0.017382514046359
    -0.017203607079869     0.016535370874276     0.030183714191232
26 1
     0.010733257873520     0.034350102261275     0.034345087364575
     0.012197999086672    -0.040404329711514    -0.053512581506677
     0.012035944507433    -0.053587537855883    -0.040328904856387
26 2
     0.003291593190980    -0.001324975119677    -0.001121382873520
     0.000012062578735    -0.004050938838498    -0.001003264046359
     0.000193680618544    -0.001073012062232    -0.004043686602419
26 3
    -0.004817168713782    -0.005794010833963    -0.005442714222726
    -0.005091100119677    -0.001822444790879    -0.002346381109851
    -0.004704789619552    -0.002268946586042    -0.001533438586546
26 4
     0.000550267794155     0.002125925673973    -0.000809404698917
     0.001066445515243    -0.002129928917863     0.000300662540942
     0.001246521888385     0.001189868890149     0.002660321334089
26 5
     0.001142152714790    -0.002028971151424     0.001145198475687
    -0.001473494960947     0.001085573066264     0.001290944286974
     0.000789525856639     0.000886999842530     0.001136618953137
26 6
     0.000268313429075    -0.001045229087931     0.002244281809020
     0.001062751070799     0.002300134574200     0.001158569286974
     0.001121898872512     0.000408390715545    -0.002134837396070
26 7
     0.000837742000504     0.001241221308894    -0.002170950333837
     0.000781582420005     0.000547700050391     0.000714462144117
    -0.001477142794155     0.001107091112371     0.000521781651550
26 8
     0.031410367000504    -0.016772201310154     0.015871206412195
     0.016763074483497    -0.027948661060721     0.031855188334593
    -0.017171839222726     0.031093825239355    -0.027760748110355
26 9
     0.004140442397329     0.001876840356513    -0.000235686444948
     0.001810671705719     0.001784596875787    -0.003708787855883
     0.000997779824893    -0.003012291824137     0.004493452286470
26 10
    -0.003012452443941     0.000156872102545    -0.000596027714790
    -0.000123421548249    -0.003417496378181    -0.000380480316201
    -0.000216295571932    -0.000118452538423    -0.001823746126228
26 11
     0.004001523746536    -0.002105520754598    -0.000635672556059
    -0.002157487024439     0.001789777431343    -0.002971357300328
     0.000072662761401    -0.002170817617788     0.003251710222978
26 12
    -0.026244884983623    -0.030885794564122    -0.016733541603678
    -0.034720919564122    -0.030499242409927    -0.018091696586042
     0.015571220301083     0.017461422461577     0.029281426492819
26 13
    -0.001015192523306    -0.002622875913328     0.003470914745528
    -0.003474149722852    -0.003023934870244     0.004142956191736
     0.003918910777274     0.003584741906022    -0.008167339380197
26 14
     0.000212517794155     0.000863780832703    -0.001364769778282
    -0.001085820357773     0.003362223859914     0.000633267699672
    -0.001789105095742    -0.000940831506677    -0.000819448507181
26 15
    -0.001906873078861     0.003301374086672    -0.004673170571932
     0.003162866150164    -0.002012363441673     0.003934293493323
    -0.004620047556059     0.004348450239355    -0.005960597316704
26 16
     0.030792251921139     0.016166453451751    -0.016864412635425
    -0.016510554484757    -0.028256464632149     0.030974807382212
     0.016335813555052     0.031482358969514    -0.028078599300831
26 17
     0.004118579302091    -0.000341955278408     0.002041849269337
     0.000910727261275     0.003970819098010    -0.002934740236835
     0.001924146888385    -0.003593273966994     0.001877696334089
26 18
    -0.002945785777274    -0.000708135833963     0.000189944507433
    -0.000282306468884    -0.001983026140086    -0.000069694601915
    -0.000090793587805    -0.000301619205089    -0.003236597316704
26 19
     0.003830265810028    -0.000913590199043    -0.001949861048123
    -0.000303078294281     0.003173358780549    -0.002071089443185
    -0.001956601127488    -0.002941385078105     0.002173908635676
26 20
    -0.000147525856639    -0.001565437421265     0.000920990142353
    -0.002020967183170    -0.001562024155959    -0.001167811665407
    -0.001077801524313     0.000383349048879     0.002889805461073
26 21
    -0.002066734189972    -0.004892762818090     0.003110642920131
    -0.004884010833963    -0.006252823759133     0.004272666509196
     0.002993837364575     0.003805640715545    -0.002155416761149
26 22
    -0.026833507999496    -0.017244625913328    -0.031582573349710
     0.015264122102545     0.029195186161502     0.017377259763165
    -0.035425916603678    -0.018636633093978    -0.030788188586546
26 23
    -0.001215192523306     0.003565338372386    -0.002699160651298
     0.004117477261275    -0.008188974552784     0.003504577223482
    -0.003443349143361     0.003917472064752    -0.003067555650038
26 24
     0.032357888825901    -0.015984860040312    -0.015941620968758
     0.017016251070799    -0.032017168997229    -0.036870748173343
     0.016925006015369    -0.036846341427312    -0.031853464380197
26 25
    -0.209060019904258     0.052308937578735     0.053480918713782
     0.051677169721592    -0.203174284076594    -0.047771154919375
     0.052611414745528    -0.047522373173343    -0.203224724300831
26 26
     0.910924603111615    -0.012890477103804    -0.018320714222726
    -0.012890477103804     0.908190533383724     0.010401962144117
    -0.018320714222726     0.010401962144117     0.900788307445200
26 27
    -0.193022006015369    -0.044882465199043    -0.044538799540186
    -0.042791494960947    -0.173617270187705    -0.014551518014613
    -0.042205831286218    -0.014060873173343    -0.173721716364323
26 28
    -0.030625559586798     0.032340536785084     0.017900244110607
     0.031997882023180    -0.033130357489292    -0.016568492220962
    -0.017749982079869     0.015648380794911     0.031726075302343
26 29
     0.001532678508440    -0.002177879881582     0.001817009983623
    -0.002866139802217     0.004325658383724     0.000403349048879
     0.001975196491560     0.000481378810784     0.004100866969010
26 30
    -0.029707916729655     0.017373596308894     0.031848202443941
    -0.018244094167297     0.031904721875787     0.015747589128244
     0.031489480221718    -0.016644531903502    -0.032651077475435
26 31
     0.001437476127488     0.001699669721592    -0.002074567397329
     0.001845707420005     0.004050922272613     0.000495128810784
    -0.002812333270345     0.000410474048879     0.004677890778534
26 32
     0.002157220175107     0.000774266943815     0.000568277840766
    -0.000814272738725    -0.000869349552784     0.000826537540942
    -0.000927497952885     0.000831610953641    -0.000626829459562
26 33
     0.001551242000504     0.001023620118418     0.001122440539179
     0.000935431626354     0.001302013542454    -0.001433125157470
     0.001001196491560    -0.001428950554296     0.001412954270597
26 34
    -0.000757595301083    -0.000117405675233    -0.000118144778282
    -0.000381865992693    -0.000759450743260    -0.000360335474931
    -0.000385668587805    -0.000331424760645    -0.000754464380197
26 35
     0.001084700333837    -0.001593171548249    -0.001484128905266
    -0.001693568373646     0.001227517510708    -0.001473067617788
    -0.001580124937012    -0.001444482300328     0.001382585222978
26 36
    -0.002031309586798    -0.002182985040312     0.000257982205845
    -0.001283381865709    -0.000163651140086     0.000485656588561
     0.001269313555052     0.000023065318720     0.002187843159486
26 37
    -0.006936583396321    -0.004137665595868     0.003593200459814
    -0.004849588214916    -0.002148772171832     0.002478765715545
     0.004483972285210     0.001744855001260    -0.002414220332577
26 38
    -0.002043087364575     0.000093114166037    -0.001996567397329
     0.001109005039053     0.001960432193248    -0.000007678728899
    -0.001092900730663     0.000495005794911    -0.000128948507181
26 39
    -0.007240611174099     0.003612828451751    -0.004171158667171
     0.004371435594608    -0.002518063838498     0.001989507779038
    -0.004734694381456     0.002624309366339    -0.001870502078609
26 40
     0.002980440413202     0.000135036785084     0.001065250062988
     0.000749919721592     0.000128668304359    -0.001827742220962
    -0.000757837238599    -0.002003908887629    -0.000158559618292
26 41
    -0.001204791729655     0.004093272896196     0.003812944507433
     0.003694713372386    -0.001950952727387    -0.004918410871756
     0.005518180618544    -0.005629646982867    -0.006089877078609
26 42
    -0.003675811570925    -0.001456231072058     0.000561537761401
    -0.000833117976820    -0.003369990425800     0.000075521667926
    -0.000888458270345     0.000086583175863     0.009747027683296
26 43
    -0.002849936570925    -0.003620792579995    -0.004249593190980
    -0.003692889802217    -0.003663895187705    -0.004774629125724
    -0.004607956286218    -0.004607204522550    -0.007372974300831
26 44
    -0.029349490142353     0.030088882023180    -0.016685972159234
     0.030105907816830    -0.029353847568657     0.017369718096498
     0.017431107205845    -0.016657408887629     0.031881753873772
26 45
     0.006855970175107    -0.005847645754598     0.005033527840766
    -0.004577977103804     0.001697067113883    -0.000665986268582
    -0.002461706286218     0.004634777620307     0.000988400699169
26 46
    -0.000598240142353     0.000337975277148     0.001896067523306
    -0.001250268770471     0.002345743701184    -0.000252182697153
     0.001442992126480     0.000823706191736    -0.000599805650038
26 47
     0.003888878905266     0.002086026864449    -0.000460099143361
     0.002105943531116     0.001632954018645     0.002658466112371
    -0.000970845175107     0.003169553413958     0.003849015778534
26 48
     0.002794130889393     0.000866282816830     0.000268498078861
    -0.000992421548249    -0.000504587648022    -0.002021248173343
     0.000829631015369    -0.001874188649534    -0.000018190570673
26 49
    -0.001459603237591     0.003591086388259     0.004073504031242
     0.005294038769211    -0.006834579711514    -0.005613625157470
     0.003813694507433    -0.004888432697153    -0.002199603269085
26 50
    -0.003325954428068     0.000248985197783    -0.001327313429075
    -0.001044854087931     0.009953253621819    -0.000024012062232
    -0.000980876921139    -0.000068498173343    -0.003078414777022
26 51
    -0.002375218316956    -0.004245945357773    -0.003501079302091
    -0.004777637818090    -0.007235117409927    -0.004685900951121
    -0.003565001921139    -0.004763803728899    -0.003310662792895
26 52
    -0.000360426650290     0.001954800673973     0.000498759983623
     0.001496296705719    -0.000438119394054     0.000768950239355
    -0.001141265810028    -0.000332529919375     0.002811178476946
26 53
     0.004003960254472    -0.000518163611741     0.002119535777274
    -0.000988407659360     0.003830573066264     0.003143499842530
     0.002161861174099     0.002666515715545     0.001914309429327
26 54
    -0.028971259983623    -0.016784364008566     0.030222160777274
     0.017375056626354     0.031787424256740    -0.016787307697153
     0.030325375062988     0.017409418493323    -0.029015811602419
26 55
     0.006800138825901     0.004898870118418    -0.005746541603679
    -0.002514365992693     0.000913202034518     0.004585069286974
    -0.004444309460821    -0.000687902935248     0.001831347127740
26 56
     0.002988394778282    -0.000923657659360    -0.000893089222726
     0.000449274880322    -0.000581030108340     0.000751517699672
     0.000552450459814     0.000693914525069    -0.000524174697657
26 57
     0.002007966206853     0.002300193531116     0.002402904824893
     0.002538225277148     0.004442251637692    -0.001150387062232
     0.002590031809020    -0.001165514046359     0.004606331254724
26 58
    -0.001617204428068    -0.000149719167297    -0.000018198349710
    -0.000242481072058    -0.001865030108340    -0.000282928728899
    -0.000162130889393    -0.000281815633661    -0.001737428665911
26 59
     0.001588557476694    -0.002464117976820    -0.002344978111615
    -0.002840957262535     0.004192904415470    -0.001035035871756
    -0.002700041603679    -0.001067646982867     0.004371795540438
26 60
    -0.029237103237591    -0.033038925516503     0.018115275856639
    -0.033011725119677    -0.030158680901990     0.018221487937768
    -0.017127603111615    -0.017151073570169     0.031413269746788
26 61
    -0.197405226253464    -0.042999133849836     0.042772002047115
    -0.043487435437138    -0.199017492409927     0.042639924445704
     0.046056543713782     0.046360186350466    -0.198575174697657
26 62
    -0.028932849269337     0.017752048689846    -0.032925075333837
    -0.017145298532376     0.031487255605946    -0.017396851347947
    -0.032949813429075     0.017863932382212    -0.029594940570673
26 63
    -0.197290398872512     0.043033753054926    -0.043093390810028
     0.045429993134291    -0.197658121378181     0.045527946271101
    -0.043138115016377     0.042064112937768    -0.198557004062736
27 1
    -0.172257101253464     0.048766709404132     0.048811970301083
     0.103920135991434    -0.218841008282943    -0.015840416824137
     0.103642484189972    -0.015358393014613    -0.219052928665911
27 2
     0.002097984063996    -0.001215867976820    -0.001059624937012
     0.001091824483497    -0.001671992409927    -0.001293349363820
     0.001010970301083    -0.001317367220962    -0.001825335411943
27 3
     0.006567722159234     0.002765221308894     0.002784043713782
    -0.003025588214916    -0.001111498362308     0.001259908572688
    -0.002839499937012     0.001230323255228    -0.000990962396070
27 4
     0.000711533667171     0.000611157816830     0.001082603237591
    -0.001560417579995     0.001489392510708     0.002466827223482
     0.000607561570925    -0.000767486268582     0.001471797524565
27 5
    -0.001728081412194     0.002184635991434     0.001358081412195
     0.001283766943815    -0.000843855505165     0.000129358969514
    -0.001277559460821     0.000038769683799     0.001060595143613
27 6
     0.000759704302091     0.001202753054926     0.000507414745528
     0.000483762975561     0.001425581002771    -0.000763266030486
    -0.001495311444948     0.002641535556815     0.001304388794407
27 7
    -0.002018617126480     0.001396578451751     0.002337432602671
    -0.001143780675233     0.000464646478962    -0.000023873173343
     0.001211521888385    -0.000085014046359    -0.001359492157974
27 8
     0.003762757873520     0.000419030832703     0.002951464348702
     0.000588461388259     0.003814660367851    -0.002756396982867
     0.002246200459814    -0.002528779919375     0.001193728080121
27 9
     0.033335708270345     0.015689447499370    -0.016525303508440
    -0.017181191389519    -0.029272081695641     0.033598876826657
     0.015935444507433     0.034275603017133    -0.030121196523054
27 10
     0.004786563429075    -0.002158145754598    -0.000601269778282
    -0.001301409643487    -0.000000174949609    -0.001198065633661
    -0.000112630889393    -0.001737307697153     0.002425605064248
27 11
    -0.001620335380448     0.001676461388259    -0.000612789619552
     0.000113274880323    -0.004281401140086     0.000907432382212
    -0.000349547556059    -0.000996672776518    -0.001568313586546
27 12
    -0.188116119110607    -0.047523937421265     0.033049966332829
    -0.039889782659360    -0.204960295981355     0.040479218096498
     0.032219134983623     0.047292317302847    -0.186882597316704
27 13
    -0.030093801650290    -0.031754893770471     0.016605047682036
    -0.031839887818090    -0.030283363441673     0.018723870874276
    -0.015868049540186    -0.017429488252708     0.031366761810280
27 14
    -0.007630216332829     0.005633512975561    -0.005871261841774
     0.004655191546989    -0.002737204711514     0.002893557382212
    -0.004202190413202     0.002932063334593    -0.002700972316704
27 15
    -0.000895982205845    -0.000791893770471    -0.001548912635425
     0.001012253054926     0.002681582986898    -0.001175916824137
    -0.001680257873520     0.000567595080625    -0.001363496126228
27 16
     0.003150892794155     0.003308560594608     0.000239970301083
     0.002602832420005     0.000697606796422    -0.002477527935248
     0.000248978237591    -0.002737746189216     0.003229126889645
27 17
     0.033300345175107    -0.016087473135551     0.015944107205845
     0.015796989166037    -0.029864984473419     0.033689549445704
    -0.017127813429075     0.032814870874276    -0.028886702475435
27 18
     0.004914855095742    -0.000573153691106    -0.002291172556059
    -0.000104669564122     0.002429545288486    -0.001530654919375
    -0.001310628905266    -0.001103224363820    -0.000011621126228
27 19
    -0.001403218316956    -0.000881233056185     0.001685271888385
    -0.000527316389519    -0.001406194790879    -0.000945174760645
     0.000187563555052     0.001070009763165    -0.004097115173847
27 20
    -0.008037634983623    -0.006007330278408     0.005490248078861
    -0.004360330278408    -0.003192077727387     0.002576103017133
     0.004456613158226     0.002537618890149    -0.003255343348451
27 21
    -0.001261093316956    -0.001657405675233    -0.001079974143361
    -0.001827998929201    -0.001513627330562     0.000336081191736
     0.000792127047115    -0.001382089443185     0.002296059429327
27 22
    -0.190279992126480     0.034962231229529    -0.049668815413202
     0.034718259007307    -0.187972117409927     0.050362174445704
    -0.041926626921139     0.043089261747291    -0.207634462396070
27 23
    -0.031681551650290     0.016622945515243    -0.033632527714790
    -0.016190510833963     0.031188846875787    -0.017967383093978
    -0.033974309460821     0.018402241906022    -0.031753454459562
27 24
    -0.003914095301083     0.005057247102545     0.005045886967750
     0.002315262975561    -0.000549347568657    -0.001671208490804
     0.002343920697909    -0.001682196586042    -0.000626738189720
27 25
     0.027838620968758     0.020044544721592     0.019928926650290
    -0.007683693373646    -0.027097712648022    -0.030095865236835
    -0.007867295571932    -0.030269228332074    -0.026873998110355
27 26
    -0.193022006015369    -0.042791494960947    -0.042205831286218
    -0.044882465199043    -0.173617270187705    -0.014060873173343
    -0.044538799540186    -0.014551518014613    -0.173721716364323
27 27
     0.905116884857646    -0.025321733056185    -0.017299041603679
    -0.025321733056185     0.900384176240866    -0.070756728332074
    -0.017299041603679    -0.070756728332074     0.903720259826153
27 28
     0.003953956286218    -0.002429606072058     0.000017252047115
    -0.001533856072058     0.000439088939279     0.002188422461577
     0.000791557602671     0.002815650636180     0.003346301492819
27 29
    -0.028068180618544     0.028444102261275    -0.011439857079869
     0.028613747102545    -0.026882520187705     0.011293138731418
     0.019136861174099    -0.018671476347947     0.030601468159486
27 30
     0.003900099143361    -0.000111421548249    -0.002291789619552
     0.000600292737465     0.003526043304359     0.002758753810784
    -0.001417605095742     0.002057237937768     0.000695773715042
27 31
    -0.027771132999496    -0.011234848135550     0.028637565539179
     0.019025094324767     0.030711743701184    -0.019017081506677
     0.028590456412194     0.011490118890149    -0.026948633030990
27 32
    -0.000461138951877     0.003630374086672     0.003370660777274
     0.003237364166037     0.003545846875787    -0.000736422776518
     0.003063916729655    -0.000701244205089     0.003866021730915
27 33
     0.001383507873520    -0.000539272738725    -0.000569301524313
     0.001205693531116    -0.000432415028975     0.001913414525069
     0.001233486174099     0.001904194286974    -0.000413694538927
27 34
     0.001318920571932    -0.001255298532376    -0.001471011841774
    -0.001098104087931     0.000754245685311    -0.001495170792391
    -0.001221503905266    -0.001493404919375     0.000589136810280
27 35
    -0.000706033793147     0.000254185594608     0.000226504031242
     0.000256443531116    -0.000551911060721    -0.000170277935248
     0.000244914745528    -0.000195587459058    -0.000595813586546
27 36
    -0.000343043713782    -0.003028627897455     0.001744990142353
    -0.003075494960947    -0.007139454711514     0.003571321271101
     0.005507228237591     0.005257085159990    -0.005605430650038
27 37
    -0.001235317523306     0.000101816546989     0.001677458396322
    -0.001238201310154    -0.000763325743260    -0.001547319601915
    -0.000043988032250     0.001845499842530     0.000778505857899
27 38
    -0.000399071491560     0.001837346308894    -0.002993434460821
     0.005613891943815    -0.005806371378181     0.005194735953641
    -0.003065361048123     0.003627150636180    -0.007143347316704
27 39
    -0.001182095301083     0.001680435594608    -0.000083900730663
     0.000074947499370     0.000671632590073     0.001990797461577
    -0.001263529698917    -0.001454545792391    -0.000512400888133
27 40
    -0.000987793713782     0.002523268927941     0.002294132999496
     0.004078931626354    -0.007168760267070    -0.004833327538423
     0.001585202443941    -0.002873764046359    -0.002998458427816
27 41
     0.002298974143361     0.003175130039053     0.000598077443941
    -0.001615524722852    -0.002037631298816    -0.002465121189216
    -0.000708904698917    -0.002362502141597    -0.001635900888133
27 42
    -0.004632170697909    -0.002347373929201    -0.003395079302091
    -0.003087856072058    -0.002915668997229    -0.004026438649534
    -0.004160043587806    -0.004850771982867    -0.007617371126228
27 43
    -0.000568295697909    -0.000862060437138    -0.000706085254472
    -0.000434377897455    -0.001358573759133    -0.000999089443185
    -0.000020666603679    -0.000057309681280     0.009728751889645
27 44
     0.001723400730663    -0.005871510833963     0.004636035777274
    -0.004633455278408     0.006669473859914    -0.002566992220962
    -0.000673103111615     0.004883735953641     0.000865480064248
27 45
    -0.037021888951877     0.041979211388259     0.006520410777274
     0.025450534800957    -0.036886361457546    -0.026020571586042
    -0.025985416603678     0.006587297461577     0.027914251889645
27 46
     0.000279900730663     0.000577957420005    -0.000904174540186
     0.001166243134291    -0.000370184870244     0.001196731985387
    -0.001582093190980     0.000755976033006     0.000186795540438
27 47
    -0.001961105221718    -0.000118365992693     0.001534533793147
     0.001429080435878     0.001496650447216     0.000692630794911
     0.002381194507433    -0.000969551744772    -0.001673258030990
27 48
    -0.001276728237591     0.002050514959688     0.002367881015369
     0.001446090356513    -0.003154641219451    -0.002916958490804
     0.003937920697909    -0.004751168808264    -0.007426839380197
27 49
     0.002134412635425     0.000421443531116     0.003131011967750
    -0.000815574326027    -0.002084133282943    -0.002448710474931
    -0.001693140810028    -0.002591787855883    -0.002288627078609
27 50
    -0.004218563555052    -0.003473282659360    -0.002459555492567
    -0.004302467183170    -0.007108424949609    -0.005057847379693
    -0.003263087238599    -0.004220353332074    -0.002645188586546
27 51
    -0.000242952443941    -0.000641213214916    -0.001029071365583
     0.000070374086672     0.010023579018645    -0.000134611268582
    -0.000656337238599    -0.000941533887629    -0.001257561602419
27 52
     0.000456089222726    -0.000795467183170     0.000605142920131
    -0.001487316389519     0.000496577034518     0.000769989921895
     0.001175773872512     0.001207114921895    -0.000117095332577
27 53
    -0.001819023872512     0.001618693531116    -0.000178581286218
     0.002464729245402    -0.001454730505165    -0.001069460474931
     0.001368525856639     0.000616910556815     0.001577535619803
27 54
     0.001863505889393     0.004600618134291    -0.005734706286218
    -0.000675931468884     0.000992495685311     0.004991856985387
    -0.004427585254472    -0.002448561665407     0.006893664588057
27 55
    -0.036695470301083     0.006673477261275     0.041743716332829
    -0.026011729087931     0.027724523463089     0.006629358969514
     0.025407855221718    -0.026012383093978    -0.036759551681784
27 56
     0.000577285651298     0.001257449483497     0.001183793713782
     0.001163411785084     0.000677916320232    -0.001628442617788
     0.001057490142353    -0.001586440633661     0.000583676492819
27 57
     0.002738857079869     0.001167175673973     0.001155912761401
    -0.000873387818090    -0.000896051933736     0.001577402620307
    -0.000838803508440     0.001601380794911    -0.000840317554800
27 58
     0.000316686444948    -0.002904612024439    -0.002915190413202
    -0.001762094167297     0.005138041320232    -0.000380764046359
    -0.001761966206853    -0.000428295792391     0.005082172524565
27 59
    -0.003139051650290     0.000424239166037     0.000440029824893
     0.001069804642227    -0.001581774155959     0.000255628810784
     0.001097623078861     0.000281622858403    -0.001695603269085
27 60
    -0.003452712364575    -0.003459318373646     0.004929658793147
    -0.002713963214916    -0.003008609473419     0.003376027620307
     0.004766436570925     0.004703821271101    -0.008224879062736
27 61
    -0.028051835380448    -0.032493651706979    -0.019351740016377
    -0.033793423532376    -0.031331545981355    -0.014874785871756
     0.015457833396321     0.014923456191736     0.032074051492819
27 62
    -0.003248458396322     0.005030530832703    -0.003643817397329
     0.004939213372386    -0.007833922965482     0.004567438334593
    -0.002847398746536     0.003174202223482    -0.002780589380197
27 63
    -0.027847257999496    -0.019458514802217    -0.033073382873520
     0.015505630039053     0.032539325050391     0.014555485953641
    -0.034206700333837    -0.015310742220962    -0.030944902872260
28 1
     0.000494220175107    -0.001625913611741    -0.000912055492567
     0.003016887975561     0.004153029415470    -0.000389912855883
    -0.001300472159234    -0.000575367220962    -0.001939511999244
28 2
    -0.001893194507433     0.003260384007307     0.000573724269337
     0.002559201467624    -0.002232954711514     0.000145029604434
    -0.000163236048123     0.000140033572688     0.001914331254724
28 3
     0.005439293587805    -0.001151526706979     0.001393892920131
    -0.001182961230789     0.003884039336105     0.003257412540942
     0.001770418713782     0.001188349048879     0.000581079270597
28 4
     0.007577980095742    -0.002277590199043     0.002055577443941
     0.000293709404132    -0.003071819790879    -0.000311918808264
     0.000285730221718    -0.000248960474931    -0.002880410808768
28 5
    -0.006894634983623    -0.001783487024439    -0.004168694381456
    -0.004289106072058    -0.002785192806752    -0.002728262062232
    -0.004448640810028    -0.002287829522550    -0.002256863189720
28 6
     0.020826650730663     0.015636005039053    -0.012340486048123
     0.014647264959688    -0.039747131298816     0.049682487937768
    -0.013086642794155     0.049825436350466    -0.039190569538927
28 7
     0.005731829302091     0.001750955435878     0.001642656809020
    -0.000759903691106     0.002186934177375    -0.003433619205089
     0.001452565539179    -0.003610988252708     0.001949424508692
28 8
     0.000168079302091     0.001463407816830     0.001685688555052
    -0.000834786627614     0.002892698066264    -0.000148393014613
     0.001355744110607     0.001189245874276    -0.001368730253212
28 9
     0.003817529698917     0.002409074483497     0.000498170697909
     0.002059560594608     0.001289331002771     0.003121505794911
    -0.000915136841774     0.003309628810784     0.004659595143613
28 10
    -0.029308490142353    -0.033148893770471     0.017526704428068
    -0.035661282659360    -0.033218387251197     0.017629563334593
    -0.015155837238599    -0.016491781903502     0.026544771730915
28 11
    -0.180231888951877    -0.032378786627614     0.032180184586798
    -0.055695348135551    -0.161274488441673     0.017065561350466
     0.055044371094734     0.017050353017133    -0.163130896919879
28 12
    -0.002640047682036     0.000009439562862    -0.000328059460821
     0.000072219324767    -0.004304883282943    -0.000316402935248
    -0.000025946365583     0.000223468096498    -0.001872680650038
28 13
     0.004617144778282    -0.002411891786344    -0.001104603111615
    -0.001219885833963     0.002301174256740    -0.002913625157470
     0.000802994110607    -0.003221587459058     0.001983178476946
28 14
     0.031815730095742    -0.015748485040312    -0.015037912635425
     0.016808068531116    -0.027539542013102    -0.032111313649534
     0.015940478237591    -0.031802660871756    -0.028819805650038
28 15
    -0.192318910777274     0.043010858213656     0.037277311570925
     0.043889630039053    -0.195177254314689    -0.043095537855883
     0.037946410777274    -0.038354879125724    -0.193604329459562
28 16
    -0.029300410777274    -0.017074437421265     0.032511819507433
     0.015182334404132     0.025699894494835    -0.016427773966994
     0.034550646888385     0.017574154604434    -0.031741581443689
28 17
     0.003882541603679    -0.000183971151424    -0.002558668587805
     0.000821491150164     0.004386053224994     0.003135678413958
    -0.002225394778282     0.003141521667926     0.001175964191232
28 18
    -0.000530823475687    -0.001694526706979    -0.001156698349710
    -0.001709417579995    -0.001892917013102     0.001271224048879
     0.001176789745528     0.000369051429831     0.002235670540438
28 19
    -0.007595021888385    -0.005871856072058     0.005311246094734
    -0.003166439405392    -0.001467657092467     0.002344204207609
     0.002899107205845     0.001203660556815    -0.000596198507181
28 20
    -0.002460188555052     0.000235671705719     0.000262097285210
    -0.000021328294281    -0.001937665028975     0.000353231985387
    -0.000417968190980     0.000175644683799    -0.004026551681784
28 21
     0.003597103111615    -0.000430028691106    -0.002059874937012
    -0.000534121945074     0.004288910367851    -0.002917664840010
    -0.002448829302091    -0.002695813649534     0.001607601095994
28 22
     0.030479829302091     0.015940233213656     0.016263908793147
    -0.015014989008566    -0.029161579711514    -0.030965946586042
    -0.015869708270345    -0.030866837459058    -0.027281670729403
28 23
    -0.006772605221718     0.003301447499370     0.001602571491560
     0.003918616150164    -0.002090240425800    -0.002046504125724
     0.003888609189972    -0.003035482300328    -0.003424912792895
28 24
    -0.030485273872512     0.017878624086672    -0.033741763825901
    -0.016415110040312     0.029116565129756    -0.016875829522550
    -0.033779410651298     0.019327454207609    -0.031579571523054
28 25
    -0.211082057602671     0.057678421705719    -0.056672849143361
     0.056825183610481    -0.197199049949609     0.044064138731418
    -0.057406126921139     0.043128672461577    -0.200290956443689
28 26
    -0.030625559586798     0.031997882023180    -0.017749982079869
     0.032340536785084    -0.033130357489292     0.015648380794911
     0.017900244110607    -0.016568492220962     0.031726075302343
28 27
     0.003953956286218    -0.001533856072058     0.000791557602671
    -0.002429606072058     0.000439088939279     0.002815650636180
     0.000017252047115     0.002188422461577     0.003346301492819
28 28
     0.905329527714789    -0.029684604087931     0.029401976253464
    -0.029684604087931     0.900700251637692    -0.016281198570169
     0.029401976253464    -0.016281198570169     0.902395093159486
28 29
    -0.193624984189972    -0.037913270754598    -0.042576132873520
    -0.038458625913328    -0.193520357489292    -0.037728982300328
    -0.043332595175107    -0.043368575554296    -0.196949240173847
28 30
     0.030991795571932    -0.013978294564122     0.014232684586798
     0.014134794721592    -0.034218043997229     0.038235257779038
    -0.013885311444948     0.039106388731418    -0.034098309618292
28 31
     0.003751563429075     0.002228403848576     0.000493289745528
     0.002375221308894     0.002005781399597    -0.002819202538423
     0.000862125062988    -0.003084480316201     0.004176033635676
28 32
    -0.002266442523306     0.000766376070799     0.000712509983623
     0.001209991150164     0.001844384574200     0.001535581191736
     0.001240460380448    -0.000371968411439    -0.001020186602419
28 33
     0.001455454302091     0.001371854245402    -0.001211702317964
     0.001281820515243     0.001350872669438     0.001300293493323
    -0.001339220175107     0.001330345080625     0.001175597127740
28 34
    -0.001834257999496    -0.001214546548249    -0.000506037635425
    -0.001337102103804    -0.000965716616276    -0.000658916824137
    -0.000765960254472     0.001626245874276     0.001992553476946
28 35
    -0.002512837364575    -0.003431812421265     0.003988228237591
    -0.004646429484757    -0.006301748362308     0.004485226033006
     0.003886083396321     0.003857563334593    -0.003263771919879
28 36
    -0.001117097285210     0.000011874086672    -0.000007035651298
    -0.000059242976820    -0.001390667013102     0.000512825239355
     0.000086646888385     0.000618860953641    -0.001216388983371
28 37
     0.000197378905266    -0.002658806468884    -0.001568817397329
    -0.001308949326027     0.000242211955152    -0.000764940633661
    -0.001293944381456    -0.000988974363820     0.000226797524565
28 38
     0.001564249937012     0.000977848293021    -0.001121835254472
    -0.000276106072058    -0.000902708679768    -0.000625510078105
     0.000733557602671    -0.000565073570169    -0.001436555650038
28 39
    -0.003102398872512     0.006269937578735     0.002215448475687
     0.003936199483497    -0.006367079711514    -0.003619823570169
     0.003010763951877    -0.004101519998740    -0.003835984221466
28 40
    -0.000980097285210    -0.000103104087931    -0.002569017794155
    -0.001060816389519     0.003152527431343     0.001238676429831
    -0.001912753905266    -0.000206363252708    -0.001287291761149
28 41
    -0.002629204428068     0.004228132023180    -0.004559073349710
     0.004666602261275    -0.002208843600403     0.004214257779038
    -0.005009486048123     0.005205273652053    -0.006263484221466
28 42
    -0.030380974269337     0.028691128054926     0.016681144904258
     0.028238395912069    -0.030418256298816    -0.016420684681280
    -0.016359749937012     0.016677378810784     0.030601795540438
28 43
     0.001474650730663    -0.001791683453011     0.002119263951877
    -0.002024625913328     0.003763838939279     0.001455914525069
     0.002164752047115     0.001113841112371     0.004016168556311
28 44
    -0.003401027840766    -0.001505008849836     0.000090884983623
    -0.001019953294281    -0.003848488441673    -0.000903363252708
     0.000120315539179     0.000552636747292     0.009642521730915
28 45
    -0.002842067523306    -0.002416661627614    -0.004937990016377
    -0.003069838214916    -0.004539823759133    -0.004125567617788
    -0.004031747952885    -0.003302051744772    -0.007466456443689
28 46
     0.002731472159234     0.000453584404132    -0.000527075333837
     0.001346495118418    -0.001860897171832     0.002077485953641
     0.001161825459814     0.002627376826657    -0.001829162792895
28 47
     0.001141091206853     0.002487385991434     0.002338132999496
     0.002746957420005     0.003317438145629     0.000563759763165
     0.002264488158226     0.000159974048879     0.003880033635676
28 48
    -0.030738406809020    -0.016397108056185    -0.028987644778282
     0.017228092340640     0.031205771478962     0.017132295477450
    -0.030631035651298    -0.016282268014613    -0.030775422713530
28 49
    -0.001865765936004     0.003935945515243    -0.005078638825901
     0.004581177658100    -0.006655595584530     0.005705793493323
    -0.004354097159234     0.004166487937768    -0.002882585411943
28 50
    -0.001381117126480     0.002531594324767     0.000406293713782
     0.001949284800957    -0.001476762251197    -0.000585843411439
     0.001363706412195     0.001053797461577     0.003014478080121
28 51
     0.001117868984631    -0.001163461230789     0.001469527840766
    -0.001342748929201     0.001033116717057     0.001308017699672
     0.001621456412195     0.001215241906022     0.000973730064248
28 52
    -0.001833089348702     0.000361159800957     0.000007992126480
    -0.000179064405392     0.009522239732930     0.000410743890149
    -0.001783682476694    -0.000189234284455    -0.001874928665911
28 53
    -0.002559202443941    -0.004425304484757    -0.003799857079869
    -0.005083518770471    -0.006922442806752    -0.003785081506677
    -0.003234305492567    -0.003612813649534    -0.003058672713530
28 54
     0.002668452317964     0.000778245118418     0.000533017920131
    -0.000329179484757    -0.000590341616276     0.001989485953641
    -0.001092291603679     0.001542839128244    -0.000453793745276
28 55
    -0.000285523872512     0.000757979245402     0.000639565539179
     0.001198647896196     0.000283311161502    -0.000780012062232
     0.001197773872512    -0.001477482300328     0.000306864984883
28 56
    -0.028998017920131     0.016106826467624     0.031361017920131
    -0.016424836230789     0.030005204018644     0.017206436350466
     0.031931783793147    -0.016638414840010    -0.030008781840514
28 57
     0.001894303508440     0.002622552658100    -0.002782613032250
     0.003129114166037     0.004424235764676     0.001020906588561
    -0.003090759857647     0.001353656588561     0.004212474111867
28 58
    -0.030016617126480    -0.032693360040312    -0.016708091206853
    -0.033372592183170    -0.030694670981356    -0.016775760078105
     0.017018202443941     0.017830605001260     0.030598839191232
28 59
    -0.002549730221718    -0.003863258849836     0.003633504031242
    -0.004000318373646    -0.003060736457546     0.003987757779038
     0.004697416729655     0.004550523652053    -0.006603186602419
28 60
    -0.001560640936004     0.000314558610481    -0.000080242000504
     0.000012538769211    -0.002141196775006     0.000531406588561
    -0.000074394778282     0.000446597064752    -0.002027962396070
28 61
     0.001012736048123    -0.002012149722852    -0.002339140810028
    -0.001947296548249     0.003544491717057    -0.000133656903502
    -0.002784497952885     0.000720981985387     0.002948718159486
28 62
     0.002952988032250    -0.000801342183170     0.000821281809020
     0.000989215356513    -0.000510885267070    -0.001172807697153
    -0.000663605095742    -0.001225146982867    -0.000723172713530
28 63
    -0.002066811570925     0.003901237181910     0.004469716332829
     0.003100882023180    -0.002207012251197    -0.003582135078105
     0.005088093316956    -0.004335466427312    -0.006805111205593
29 1
    -0.002537416729655     0.005449189562862    -0.005811251921139
     0.003878846308894    -0.003587954711514     0.005219460159990
    -0.007484581286218     0.008494849048879    -0.005740595332577
29 2
     0.000801418587805    -0.000325262818090     0.001076277840766
    -0.000686840199043     0.000540311161502     0.000576527620307
     0.000603154824893     0.000690874842530     0.000760122921391
29 3
    -0.001274218316956     0.000975826467624    -0.000701178508440
     0.001276747102545    -0.001529319790879    -0.000954339443185
     0.001537434586798     0.000173315318720     0.002245245937264
29 4
    -0.006859781809020    -0.004311487024439    -0.002763243984631
    -0.003795457262535    -0.004567053917863    -0.003661170792391
    -0.005430128905266    -0.004440869205089    -0.002583369142101
29 5
     0.007643728111615    -0.000889133849836    -0.002317890810028
     0.000094352261275    -0.000554176933736    -0.000481764046359
    -0.000326249937012     0.000567761747292    -0.001884321523054
29 6
     0.001501763825901     0.004215858213656    -0.001779682476694
     0.000545973293021     0.001267259574200    -0.000393889046359
    -0.002038126921139    -0.003996722379693     0.001066722127740
29 7
     0.028330942397329    -0.016040441389519     0.018130585380448
     0.011091179642227    -0.032623924949609     0.028624878810784
    -0.013773043587805     0.033515103017133    -0.026986158824641
29 8
     0.001381317397329     0.001268385991434    -0.001124757873520
     0.001351421705719     0.001154838939279     0.001385980001260
    -0.001093365016377     0.001379337144117     0.001207186413454
29 9
    -0.000271107205845    -0.000361322341900     0.001455974269337
     0.001109018927942     0.002983221875787     0.000833003810784
     0.001369129031242    -0.000669529919375    -0.000151363189720
29 10
    -0.002792252047115    -0.003475165595868     0.004027007999496
    -0.003078199326027    -0.003348621378181     0.004245811350466
     0.004851928634417     0.005040684366339    -0.006567811602419
29 11
    -0.028161275856639    -0.034605183453011    -0.013743511841774
    -0.029307389802217    -0.033619597568657    -0.010982190633661
     0.018165511967750     0.015686694286974     0.029068269746788
29 12
     0.003658440413202    -0.001077707262535    -0.000840755889393
    -0.002091072341900     0.000742257590073    -0.002063654919375
    -0.000212055492567    -0.002291190633661     0.004073611016629
29 13
    -0.001586367126480     0.000068336388259    -0.000448674540186
    -0.000009677500630    -0.001977184870244     0.000313497858403
    -0.000432740016377    -0.000133871189216    -0.001650654856387
29 14
    -0.006472906809020     0.004521993134291     0.004409265936004
     0.004642401864449    -0.002175651140086    -0.003765190633661
     0.004690619110607    -0.003363944601915    -0.002048013983371
29 15
     0.029943202317964     0.017244711388259     0.017176615142353
    -0.016317411627614    -0.028425738441673    -0.030839414840010
    -0.016561323349710    -0.031744787855883    -0.028045162792895
29 16
     0.000926577317964     0.003304790753338    -0.002503001921139
     0.002998042737465     0.003987285367851     0.000396599048879
    -0.002857462238599     0.000791370874276     0.004351960222978
29 17
    -0.028792095301083     0.016763882023180     0.032286259983623
    -0.016902300516503     0.029799319098010     0.016927551429831
     0.032367246094734    -0.016960387062232    -0.028894869142101
29 18
    -0.003066335380448    -0.004297173532376     0.004608355221718
    -0.004330584246662    -0.006830151140086     0.004690597064752
     0.004955305618544     0.004702267699672    -0.003031037792895
29 19
    -0.000550908793147    -0.001712377897455     0.000835299666163
    -0.002147856072058    -0.001921266219451     0.000019702223482
    -0.000363501921139     0.001144126826657     0.001900843159486
29 20
     0.004311549540186    -0.000457850119678    -0.002948599143361
    -0.000132994960947     0.003853725844041    -0.002660394998740
    -0.002621577317964    -0.003190514046359     0.001132489984883
29 21
    -0.001309158793147     0.000231199483497    -0.000135446365583
    -0.000069288611741    -0.001228073759133    -0.000169416824137
    -0.000153563429075    -0.000111347379693    -0.000929982237339
29 22
    -0.190448182602671     0.036241961388259     0.034529337364575
     0.034955594324767    -0.185975938838498    -0.033370073570169
     0.033580682602671    -0.033486871189216    -0.191069379062736
29 23
     0.029922507873520    -0.015220949326027    -0.016284124937012
     0.018177449483497    -0.028364724552784    -0.030694506109851
     0.018084625062988    -0.031038016030486    -0.029407871126228
29 24
    -0.002300410777274     0.005605852261275    -0.003186460254472
     0.004381973293021    -0.007128918997229     0.003465418493323
    -0.004142769778282     0.003964670477450    -0.002697904856387
29 25
    -0.029323569507433    -0.017075100119677    -0.032433670571932
     0.018221516943815     0.029528840923406     0.017402386747292
    -0.030615986048123    -0.016802611268581    -0.029078789777022
29 26
     0.001532678508440    -0.002866139802217     0.001975196491560
    -0.002177879881582     0.004325658383724     0.000481378810784
     0.001817009983623     0.000403349048879     0.004100866969010
29 27
    -0.028068180618544     0.028613747102545     0.019136861174099
     0.028444102261275    -0.026882520187705    -0.018671476347947
    -0.011439857079869     0.011293138731418     0.030601468159486
29 28
    -0.193624984189972    -0.038458625913328    -0.043332595175107
    -0.037913270754598    -0.193520357489292    -0.043368575554296
    -0.042576132873520    -0.037728982300328    -0.196949240173847
29 29
     0.893764753905265     0.007842582420005    -0.009254329302091
     0.007842582420005     0.901867283383724    -0.013261984284455
    -0.009254329302091    -0.013261984284455     0.891524676492819
29 30
     0.003754283667171     0.000569308610481     0.002514988158226
     0.000261378054926     0.004144971875787    -0.002993244205089
     0.002317454428068    -0.003287644998740     0.002199857048375
29 31
     0.030303051524313     0.018097632023180    -0.017316156683044
    -0.017206195357773    -0.029554327727387     0.033114545477450
     0.018102390936004     0.032412235953641    -0.029532674697657
29 32
     0.004177420571932     0.003139354245402    -0.000406936444948
     0.002759199483497     0.001107275447216     0.002109704207609
    -0.000495773746536     0.002052247858403     0.004251355064248
29 33
    -0.000265432602671     0.000939832420005     0.001222976253464
    -0.000387596151424     0.002988638542454    -0.000731583490804
     0.001587295697909     0.000645061350466    -0.000282861205593
29 34
    -0.005920269904258    -0.004132193373646     0.004224140936004
    -0.003853893770471    -0.002978825743260     0.003359081191736
     0.004220305618544     0.003923837144117    -0.002326154856387
29 35
    -0.000610849269337    -0.001070084246662    -0.000707343190980
    -0.001102346151424    -0.000426982489292     0.000659224048879
     0.000571099269337    -0.000799720395566     0.003256019746788
29 36
     0.000645640810028    -0.001245272738725    -0.000970482079869
    -0.001210409643487     0.000486973859914    -0.000973426744772
    -0.001030587238599    -0.001049672776518     0.000678027683296
29 37
    -0.001066007999496    -0.000153828294281     0.000348111174099
     0.000561884007307    -0.001550397171832    -0.000368442617788
     0.000324696491560     0.000188991906022    -0.000999910808768
29 38
    -0.002537136967750     0.003686326467624     0.004702468316956
     0.004082727261275    -0.003089817806752    -0.004423637062232
     0.003944073475687    -0.004104732300328    -0.007157388983371
29 39
     0.002025464222726    -0.000211709246662     0.000852627047115
     0.001125657816830    -0.001559563838498    -0.001030825554296
    -0.000592970175107    -0.001189928728899    -0.001323692554800
29 40
    -0.006208609189972     0.004114874086672    -0.004075839222726
     0.004913641943815    -0.002542081695641     0.004228674445704
    -0.004786488032250     0.003763978017133    -0.003387875094482
29 41
    -0.000728966332829    -0.000521639802217    -0.001554519778282
     0.001012560594608     0.002698672272613    -0.000790244205089
    -0.001783845175107     0.000810989921895    -0.000520192554800
29 42
     0.003805513825901    -0.001889518770471     0.000991698475687
    -0.002128895754598     0.001468634574200     0.002237188334593
     0.001309765936004     0.002176720080625     0.004032712207105
29 43
    -0.027820111174099     0.030783544721592    -0.016682682476694
     0.029949582420005    -0.027802020187705     0.016820037540942
     0.016740642920131    -0.016557692617788     0.028999460222978
29 44
    -0.003582414745528    -0.003724405675233    -0.004670561444948
    -0.003796244960947    -0.002900347568657    -0.004747240236835
    -0.004803293587805    -0.004369896982867    -0.007401436602419
29 45
    -0.001289079428068    -0.000918183453011    -0.000020186444948
    -0.000528254881582    -0.000504932886117     0.000053680398085
    -0.000952357079869    -0.000683960474931     0.009890335222978
29 46
     0.000904085254472     0.001450437578735     0.001211353237591
     0.001646703451751     0.000794118701184    -0.001340391030486
     0.001154841332829    -0.001161406903502     0.000888003873772
29 47
     0.002741704302091     0.001250489166037     0.000599811570925
    -0.000249084246662    -0.000936170981356     0.001532132779038
    -0.000702245968758     0.001488940318720    -0.001019049697657
29 48
    -0.193101168713782     0.036940995118418    -0.039271216206853
     0.040242675673973    -0.190068712648022     0.033689293493323
    -0.040911769778282     0.035825198255228    -0.190558256046863
29 49
    -0.028605152840766     0.015910423689846    -0.030703085254472
    -0.016433989008566     0.030000545288486    -0.016575208490804
    -0.031348581286218     0.016989704207609    -0.027939668745276
29 50
     0.003868620968758    -0.000153427500630     0.002467972285210
     0.000241118134291     0.004219628621819     0.002210279604434
     0.002742097285210     0.002042013731418     0.001454394746788
29 51
    -0.000627017920131     0.001473266943815     0.001211831412195
     0.001550584404132    -0.000821742409927     0.000605640715545
    -0.000309402714790    -0.000679041824137     0.002848521730915
29 52
    -0.002900476253464    -0.003803362024439    -0.003804329302091
    -0.003595356072058    -0.006743994394054    -0.004420133093978
    -0.003238166603679    -0.005097893014613    -0.002464136999244
29 53
    -0.001364214348702     0.000417423689846    -0.000344053508440
     0.000263564562862     0.008812073066264     0.000367416509196
    -0.000234164619552     0.000228152620307    -0.001384506046863
29 54
     0.001908065413202     0.003171598293021     0.002144071491560
     0.002687028848576     0.003856299256740    -0.000479641030486
     0.002186099269337    -0.000956194601915     0.004017247921391
29 55
     0.001541964222726    -0.001042292579995    -0.000147880889393
     0.000638106229529    -0.001581922965482     0.001589235953641
     0.001382914745528     0.002424358969514    -0.001879218348451
29 56
     0.004294345175107     0.000549054642227    -0.002626178508440
     0.000569247102545     0.004224969891660     0.002269434366339
    -0.003017325333837     0.002254676429831     0.001583509826153
29 57
    -0.028008333396321    -0.016263969167297     0.031299940539179
     0.017648447499370     0.030033251637692    -0.017478845395566
     0.031443881015369     0.016654247858403    -0.027770734221466
29 58
    -0.203680379031242    -0.051082006865709     0.051448462364575
    -0.050582383849836    -0.204233655108340     0.050532487937768
     0.051011093316956     0.050914196271101    -0.203819619142101
29 59
    -0.029388367126480    -0.031940405675233     0.017695682602671
    -0.032060610040312    -0.029090720584530     0.017499130794911
    -0.017411442397329    -0.017384760078105     0.031018230064248
29 60
     0.001483847159234    -0.001960213214916    -0.002668688429075
    -0.001861752897455     0.004069694098010    -0.000182595395566
    -0.002380378905266    -0.000299186665407     0.004476204270597
29 61
    -0.001190525856639     0.000493828451751    -0.000023337238599
     0.000423911785084    -0.001652867409927     0.000317591112371
    -0.000062482079869     0.000220448255228    -0.001534490173847
29 62
    -0.001987398872512     0.004826760991434     0.003553210380448
     0.004617173689846    -0.006123119394054    -0.004434184681280
     0.003506410777274    -0.004637555713026    -0.002310756046863
29 63
     0.003148176524313     0.001122965356513    -0.000533730095742
    -0.000249159643487    -0.000532371378181    -0.001469887062232
     0.000870359189972    -0.001382625157470    -0.000298194538927
30 1
     0.000682113032250    -0.001140639802217    -0.001683343190980
    -0.001389552500630    -0.001786516219451    -0.000729825554296
     0.003104486174099    -0.000494410871756     0.004309960222978
30 2
    -0.001147551650290     0.000040532816830     0.002940436570925
    -0.000520239008566     0.002283249653565     0.000001241906022
     0.002640597285210    -0.000219010078105    -0.002175696523054
30 3
     0.005312186444948     0.001085122102545    -0.000754394778282
     0.001353723293021     0.000637493701184     0.001078624842530
    -0.001071497952885     0.003017555398085     0.004148551492819
30 4
     0.021146747952885    -0.012652191389519     0.015303289745528
    -0.012712731072058    -0.038821240425800     0.049227918493323
     0.013542688555052     0.049070995874276    -0.038137813586546
30 5
     0.006224757873520     0.001475286785084     0.001909767920131
     0.001308828451751     0.002630761558327    -0.003625299760645
    -0.000787932476694    -0.003662248173343     0.003105234032502
30 6
     0.007316668587805     0.002118153848576    -0.001986773746536
    -0.000046925516503    -0.002807301933736    -0.000542049760645
     0.000441440539179    -0.000477982300328    -0.002878722316704
30 7
    -0.007137152840766    -0.004224770754598    -0.001467755889393
    -0.004484094167297    -0.002365361457546    -0.002125656903502
    -0.004188726127488    -0.002958406903502    -0.003023728269085
30 8
    -0.028904152840766     0.032290306626354    -0.017111099143361
     0.034257022896195    -0.030636847568657     0.017002819286974
     0.015760077443941    -0.016800797776518     0.026786741969010
30 9
     0.004117297556059    -0.002721401706979    -0.000043367000504
    -0.002527629881582     0.001397410367851     0.002895843096498
     0.000849696491560     0.002998210159990     0.004838817365835
30 10
    -0.000526222285210    -0.001419869960947    -0.001656333270345
     0.001019526864449     0.002492942113883     0.000157025636180
    -0.001657753905266     0.001061924445704    -0.001523756046863
30 11
    -0.007829996094734     0.005211737181910    -0.005595353111615
     0.002488586388259    -0.000593534076594     0.000955773652053
    -0.002803420571932     0.001952059366339    -0.001175549697657
30 12
     0.030575720175107     0.015903963372386     0.015722152840766
    -0.016236096151424    -0.027297053917863    -0.031145065633661
    -0.015253863032250    -0.031256200554296    -0.028694833427816
30 13
    -0.006558837364575     0.000942757023180     0.003220609189972
     0.003713173689846    -0.003279246378181    -0.003121162855883
     0.003932952443941    -0.001845381109851    -0.001691724300831
30 14
    -0.002101127047115     0.000125288769211     0.000368299666163
    -0.000542121945074    -0.003400087648022     0.000286273652053
     0.000172436570925     0.000399795477450    -0.001203083427816
30 15
     0.004105482079869    -0.002125117976820    -0.000099226127488
    -0.002547310437138     0.002159825050391    -0.002660075554296
    -0.000230505889393    -0.002870047776518     0.004751017762661
30 16
    -0.000387642920131     0.001660461388259     0.001486906809020
     0.001502268927942    -0.001707526140086     0.001155938334593
    -0.000896769778282    -0.000188764046359     0.002555140778534
30 17
     0.003950184460821     0.000304427658100     0.002468418713782
    -0.001108824326027     0.004412007590073     0.003032640715545
     0.002166438555052     0.002926853017133     0.001473436413454
30 18
    -0.029399055618544     0.017258997102545    -0.033045236048123
    -0.015661733056185     0.026817537351978    -0.016230563649534
    -0.036079626921139     0.017913882779038    -0.033002857237339
30 19
    -0.181060129031242     0.031640167737465    -0.031211916603679
     0.055092495118418    -0.162688827727387     0.015354166509196
    -0.054720684460821     0.015491491906022    -0.161619851284958
30 20
     0.031385579302091    -0.015147679484757    -0.015636565413202
     0.015348481229529    -0.028802335663895    -0.031757055713026
     0.016607115142353    -0.031670398966994    -0.027405454459562
30 21
    -0.192864504031242     0.037312370118418     0.042200712364575
     0.038242437578735    -0.193034260267070    -0.038448952538423
     0.043714504031242    -0.043426732300328    -0.195529801681784
30 22
    -0.002626027840766    -0.000461242976820     0.000035871094734
    -0.000199929484757    -0.001813250346435     0.000212140715545
     0.000145000062988    -0.000282881109851    -0.003917573507181
30 23
     0.004747162635425    -0.001533653691106    -0.002086841206853
     0.000648800673973     0.002093713939279    -0.003458291824137
    -0.000965307476694    -0.003127525951121     0.002261184429327
30 24
    -0.030140381015369    -0.033764352103804     0.018187698475687
    -0.033862675516503    -0.031500730505165     0.019263507779038
    -0.016106452317964    -0.016765339443185     0.029480650699169
30 25
    -0.214198039745528    -0.060900804484757     0.062437488158226
    -0.061393631865709    -0.203811345584530     0.047060976033006
     0.061177081412194     0.047868628810784    -0.200823984221466
30 26
    -0.029707916729655    -0.018244094167297     0.031489480221718
     0.017373596308894     0.031904721875787    -0.016644531903502
     0.031848202443941     0.015747589128244    -0.032651077475435
30 27
     0.003900099143361     0.000600292737465    -0.001417605095742
    -0.000111421548249     0.003526043304359     0.002057237937768
    -0.002291789619552     0.002758753810784     0.000695773715042
30 28
     0.030991795571932     0.014134794721592    -0.013885311444948
    -0.013978294564122    -0.034218043997229     0.039106388731418
     0.014232684586798     0.038235257779038    -0.034098309618292
30 29
     0.003754283667171     0.000261378054926     0.002317454428068
     0.000569308610481     0.004144971875787    -0.003287644998740
     0.002514988158226    -0.002993244205089     0.002199857048375
30 30
     0.903528813429075     0.043863479245402    -0.040672103111615
     0.043863479245402     0.892643660367851    -0.012357779919375
    -0.040672103111615    -0.012357779919375     0.886073787603930
30 31
    -0.192440293713782    -0.040805447341900    -0.036664372952885
    -0.041333594167297    -0.194786514235324    -0.041908365236835
    -0.036933791603678    -0.036228898966994    -0.191701619142101
30 32
    -0.002170924666163     0.000887024880323     0.000512847285210
     0.001247300673973    -0.000957536060721    -0.000469456506677
     0.001074168713782     0.001273987937768     0.002223410619803
30 33
     0.001542847159234    -0.001450246945074     0.001470384983623
    -0.001534119960947     0.001397952034518     0.001195755794911
     0.001354363158226     0.001146551429831     0.001555194349962
30 34
    -0.001715990142353    -0.000589397738725    -0.001294200333837
    -0.000780917579995     0.002337737748803     0.001447545477450
    -0.001408501921139    -0.000766672776518    -0.000895349300831
30 35
    -0.002492819507433     0.003770961388259    -0.003389184460821
     0.003656755039053    -0.003075043997229     0.003757563334593
    -0.004420083270345     0.004233144683799    -0.006219674697657
30 36
     0.001756670571932    -0.001506352103804     0.001058551650290
     0.000441441546989    -0.001226837648022    -0.000685587459058
    -0.000179394778282    -0.000728432697153    -0.000561041761149
30 37
    -0.002871478237591     0.002128217340640     0.006261894904258
     0.002647485197783    -0.003735208679768    -0.004316978332074
     0.004118013951877    -0.003970768014613    -0.006422605253212
30 38
    -0.001080732205845    -0.000242752897455     0.000245377047115
    -0.000186171548249    -0.001164004314689     0.000467827223482
     0.000162890936004     0.000387007779038    -0.001193708427816
30 39
     0.000159243984631    -0.001734038611741    -0.002460839222726
    -0.001408115992693     0.000342999653565    -0.000969736268581
    -0.001244152714790    -0.000800188649534     0.000782613000756
30 40
    -0.030649829428068    -0.029246830278408    -0.016331305492567
    -0.030879506865709    -0.030456518203578    -0.016470361268581
     0.017531204428068     0.016953218096498     0.031649805461073
30 41
    -0.001728311570925    -0.005256469167297     0.004255888951877
    -0.004628213214916    -0.002402764235324     0.004204970080625
     0.004907472285210     0.005663355001260    -0.005833511999244
30 42
    -0.001723331412195     0.000242901864449     0.002582107205845
     0.001148955435878     0.002777448066264     0.001017402620307
     0.001994583396321    -0.000571039840010    -0.001570857237339
30 43
     0.000874293587805     0.001359965356513    -0.001165898746536
     0.001520558610481     0.001022293304359     0.001168376826657
    -0.001293664619552     0.001209297461577     0.001098890778534
30 44
     0.002514615016377     0.000093139959688     0.000853722285210
    -0.001486393770471    -0.000531659076594     0.001325224048879
    -0.000206476127488     0.001796093096498    -0.000394006046863
30 45
    -0.000203174666163     0.000408737181910     0.000848972285210
     0.000989096308894     0.000464005605946    -0.001645730316201
     0.001292960380448    -0.000972470395566     0.000483765778534
30 46
    -0.002020759983623    -0.000246641786344     0.000453386967750
    -0.001939445357773    -0.001903442806752    -0.000348801744772
    -0.000268841206853     0.000279958175863     0.009697434429327
30 47
    -0.002643265936004    -0.003891465199043    -0.004359654698917
    -0.003381858056185    -0.002983357489292    -0.003623402935248
    -0.004973803508440    -0.003835194601915    -0.006747369142101
30 48
    -0.001129263951877    -0.002890959246662    -0.000071057476694
    -0.002247223135551    -0.001348149155959    -0.000423242220962
    -0.001039327317964     0.001056313334593     0.003168174508692
30 49
    -0.002747123078861    -0.005006155675233     0.004417948475687
    -0.005481262818090    -0.006474391219451     0.004992880794911
     0.004930611174099     0.003974444286974    -0.002283363189720
30 50
    -0.030537724269337     0.016528493134291     0.029419756015369
    -0.016968530675233     0.031033317113883     0.016670493890149
     0.029427539745528    -0.016753746189216    -0.030540799697657
30 51
     0.001863136841774     0.001918187578735    -0.001841259857647
     0.001976310594608     0.004330821082137     0.000984355001260
    -0.002057335254472     0.001302073255228     0.004224952286470
30 52
     0.002990428508440    -0.000663691389519     0.000429579428068
     0.000932620118418    -0.001386555901990     0.002557456191736
     0.001382400856639     0.001969097064752    -0.001325331443689
30 53
     0.001373190413202     0.002171844324767     0.002519605221718
     0.002018415753338     0.004216386558327    -0.000079369205089
     0.002788777840766     0.000267892699672     0.003731174508692
30 54
    -0.003124779824893    -0.000105356072058    -0.001260769778282
    -0.000150744960947     0.009931862748803     0.000365573255228
    -0.000825208270345    -0.000932704522550    -0.003365196523054
30 55
    -0.002768631015369    -0.005045371945074    -0.002354097159234
    -0.004273667579995    -0.007309484473419    -0.003424424760645
    -0.003214767794155    -0.004197900951121    -0.004391662792895
30 56
    -0.028967875062988     0.031141725277148     0.016439855221718
     0.031617473293021    -0.029518466616276    -0.016698601347947
    -0.016471257873520     0.016975291509196     0.030227065381708
30 57
     0.002009446365583    -0.002958548532376     0.002687099269337
    -0.003347701310154     0.004280065129756     0.001161118890149
     0.003190823475687     0.000888237937768     0.004698196334089
30 58
    -0.029566224269337    -0.016853586230789    -0.032169628905266
     0.016747092340640     0.030828783383724     0.017627327223482
    -0.032834339222726    -0.016797063649534    -0.030080688586546
30 59
    -0.002388587364575     0.003376014959688    -0.003646158667171
     0.004399991150164    -0.006517407092467     0.004399220080625
    -0.003643874937012     0.003927855001260    -0.002749214380197
30 60
     0.002753126921139     0.000761082420005    -0.000785404698917
    -0.000704026706979    -0.000766742409927    -0.001165881109851
     0.001020813555052    -0.001077946586042    -0.000498240173847
30 61
    -0.002386371094734     0.004438249086672     0.003631696491560
     0.004995137975561    -0.006975678917863    -0.004233444601915
     0.002980335380448    -0.003399061665407    -0.002408434618292
30 62
    -0.001308119110607    -0.000204443373646     0.000185244110607
    -0.000174475119677    -0.001669430901990     0.000132529604434
    -0.000153896762409     0.000248434366339    -0.001711450491308
30 63
     0.001678456286218    -0.002422489008566    -0.002215446365583
    -0.002891183453011     0.003644692113883     0.000273202223482
    -0.002112198349710    -0.000566010078105     0.004227111016629
31 1
    -0.002588619110607    -0.005670088214916     0.005426593316956
    -0.007509229087931    -0.005678815822625     0.008499180398085
     0.003835091332829     0.005327253810784    -0.003475196523054
31 2
     0.000675341206853     0.001189834404132    -0.000281126921139
     0.000663209404132     0.001015075050391     0.000684372858403
    -0.000738172556060     0.000615154604434     0.000514146730915
31 3
    -0.001210670697909    -0.001033201310154     0.001112541729655
     0.001326171705719     0.002255944098010     0.000140005794911
     0.001516857205845    -0.000922029919375    -0.001189480253212
31 4
     0.001699140810028    -0.002034764802217     0.004148976253464
    -0.002208532659360     0.001234709971025    -0.003925825554296
     0.000715543713782    -0.000679089443185     0.001703779667423
31 5
     0.028832150730663     0.018088088372386    -0.016055545571932
    -0.013827223135551    -0.026218788044848     0.033356581191736
     0.011029922682036     0.028782416509196    -0.031377422713530
31 6
    -0.007085563555052    -0.003030294564122    -0.004274962238599
    -0.005639477103804    -0.003034601536911    -0.004572043808264
    -0.003762079302091    -0.004033817617788    -0.004828629062736
31 7
     0.007287115016377    -0.002369344167297    -0.001057694381456
    -0.000198895754598    -0.002227161060721     0.000394724048879
     0.000001004031242    -0.000596492220962    -0.001001885015117
31 8
     0.001609990016377    -0.002437391786344     0.003037837364575
    -0.002762403691106     0.005076477828168     0.000786200239355
     0.002754932602671     0.000354991906022     0.004615585222978
31 9
    -0.028605684586798     0.032261399880322     0.017205569507433
     0.031858568531116    -0.028725764235324    -0.017366150951121
    -0.016838448349710     0.017046124842530     0.030585660619803
31 10
    -0.003245329428068     0.004704556626354    -0.004409771762409
     0.005025725277148    -0.003007982489292     0.004686406588561
    -0.004340148746536     0.004588964128244    -0.006702037792895
31 11
    -0.000653228237591     0.000744538769211    -0.001467291603678
    -0.000371715199043     0.001905916320232     0.000981154604434
    -0.001901940413202    -0.000016400951121    -0.001840581443689
31 12
    -0.192583511967750     0.037532764959688     0.039048089348702
     0.036425102261275    -0.193757978521038    -0.036259309681280
     0.037925367126480    -0.036623285871756    -0.188509740173847
31 13
     0.029691680492567    -0.016386191389519    -0.015729579302091
     0.017761872102545    -0.029488920981355    -0.030666781903502
     0.017576682602671    -0.030496841427312    -0.027692631046863
31 14
     0.004593140810028    -0.002866909643487    -0.000338263825901
    -0.002539048532376     0.001758987748803    -0.002989595395566
     0.000036541729655    -0.002436289840010     0.004527509826153
31 15
    -0.000966000062988    -0.000002566389519     0.000387335380448
    -0.000017612024439    -0.000486099552784     0.000037930398085
     0.000101849269337     0.000005741906022    -0.000913638983371
31 16
     0.000672374937012    -0.000875737024439     0.001062218316956
    -0.000803907659360     0.000724674256740     0.001381319286974
     0.001185710380448     0.001460275636180     0.000768609032502
31 17
    -0.000300422682036     0.001425229245402    -0.000365019778282
     0.001433874086672    -0.000278667013102    -0.000630603332074
     0.001143543713782     0.000835142699672     0.003103904667423
31 18
    -0.002841787761401     0.004012673689846    -0.003548549540186
     0.004857215356513    -0.006597762251197     0.005068067302847
    -0.003258271762409     0.004256297461577    -0.003089388983371
31 19
    -0.028131236174099    -0.013994655675233    -0.034087855095742
     0.017831943531116     0.029469622669438     0.015718797461577
    -0.029247454302091    -0.010754218411439    -0.032653258030990
31 20
    -0.006837527840766     0.004231372102545     0.004485121094734
     0.004429179642227    -0.002338760267070    -0.003438174760645
     0.004540220301083    -0.003822609284455    -0.002402236205593
31 21
     0.029468388825901     0.016762421705719     0.016861773872512
    -0.016632614008566    -0.027893559870244    -0.031620821586042
    -0.016546765810028    -0.030727192617788    -0.028387083427816
31 22
     0.003444115016377    -0.000750441389519    -0.001165942397329
    -0.000205356072058     0.004046950050391    -0.002136228332074
    -0.002161269778282    -0.001947716427312     0.000951394746788
31 23
    -0.001623069507433    -0.000314227103804     0.000217345301083
    -0.000312375913328    -0.001574710663895    -0.000308910871756
     0.000087047682036     0.000187888731418    -0.001562097316704
31 24
    -0.002275988158226    -0.003177675516503     0.005630259983623
    -0.004243352103804    -0.002580280108340     0.003959138731418
     0.004349152840766     0.003430950239355    -0.007017381046863
31 25
    -0.029817146888385    -0.032766627897455    -0.017211950333837
    -0.031123058453011    -0.029583395187705    -0.016983643014613
     0.018473811570925     0.017487668493323     0.029905484032502
31 26
     0.001437476127488     0.001845707420005    -0.002812333270345
     0.001699669721592     0.004050922272613     0.000410474048879
    -0.002074567397329     0.000495128810784     0.004677890778534
31 27
    -0.027771132999496     0.019025094324767     0.028590456412194
    -0.011234848135550     0.030711743701184     0.011490118890149
     0.028637565539179    -0.019017081506677    -0.026948633030990
31 28
     0.003751563429075     0.002375221308894     0.000862125062988
     0.002228403848576     0.002005781399597    -0.003084480316201
     0.000493289745528    -0.002819202538423     0.004176033635676
31 29
     0.030303051524313    -0.017206195357773     0.018102390936004
     0.018097632023180    -0.029554327727387     0.032412235953641
    -0.017316156683044     0.033114545477450    -0.029532674697657
31 30
    -0.192440293713782    -0.041333594167297    -0.036933791603678
    -0.040805447341900    -0.194786514235324    -0.036228898966994
    -0.036664372952885    -0.041908365236835    -0.191701619142101
31 31
     0.894911599143360    -0.008760645754598    -0.000594811444948
    -0.008760645754598     0.886873811161501    -0.010963109284455
    -0.000594811444948    -0.010963109284455     0.889066474111867
31 32
     0.004219593190980    -0.000173923532376     0.002930408793147
    -0.000317875913328     0.004270039336105     0.001995049445704
     0.002436773872512     0.002120652620307     0.001347878873772
31 33
    -0.000299134983623     0.001219179642227     0.000941571491560
     0.001597953451751    -0.000133222568657     0.000617511747292
    -0.000403406683044    -0.000704908887629     0.003150537603930
31 34
    -0.005972222285210     0.004362778848576    -0.004214763825901
     0.004296405832703    -0.002148811854371     0.003863426429831
    -0.003873521762409     0.003375491906022    -0.002936381046863
31 35
    -0.000599176650290    -0.000727112024439    -0.001085747952885
     0.000544453451751     0.003353656399597    -0.000806930713026
    -0.001173103111615     0.000687184366339    -0.000260581443689
31 36
    -0.002533561570925     0.004554199483497     0.003825113158226
     0.003777764959688    -0.007015262251197    -0.004159956506677
     0.004238960380448    -0.004429393014613    -0.002916948507181
31 37
     0.002141789619552     0.000893893927942    -0.000289918587805
    -0.000535316389519    -0.001536383282943    -0.001380222379693
     0.001055369110607    -0.001206228332074    -0.001310136999244
31 38
     0.000555535651298    -0.001002951310154    -0.001131686444948
    -0.001147223135551     0.000683446082137    -0.001053541824137
    -0.001143003905266    -0.000990702538423     0.000599509826153
31 39
    -0.001110488158226     0.000363762975561    -0.000243777714790
     0.000329207420005    -0.000929924949609     0.000409769683799
     0.000481077443941    -0.000178273966994    -0.001100043745276
31 40
    -0.194550436570925    -0.040463778691106     0.038577506015369
    -0.042375933453011    -0.191545317806752     0.037176644683799
     0.042174809586798     0.035470132779038    -0.191352726284958
31 41
    -0.028527668713782    -0.030724917579995     0.016205075459814
    -0.031045014802217    -0.027412188838498     0.017100976033006
    -0.016494422556059    -0.016546605316201     0.030639581254724
31 42
     0.003286186444948     0.002505328451751     0.000086543713782
     0.002775028848576     0.001234148463089     0.002353033572688
     0.000408438555052     0.002397749842530     0.004120236016629
31 43
    -0.000986188555052     0.001281516943815     0.001361537761401
    -0.000262867976820     0.002793993701184    -0.000656492220962
     0.001409940539179     0.000670712144117    -0.000866515967498
31 44
     0.001669632873520     0.002009941546989     0.003076408793147
     0.002021179642227     0.003878291320232    -0.001039269998740
     0.002611754031242    -0.000526742220962     0.003892337207105
31 45
     0.001542093190980    -0.000187961230789    -0.001015591206853
     0.001377044721592    -0.001823418997229     0.002436775636180
     0.000650190539179     0.001555944286974    -0.001382765967498
31 46
    -0.003208242126480    -0.003777340199043    -0.003805301524313
    -0.003266996945074    -0.002604242409927    -0.004995920792391
    -0.003645736048123    -0.004433877141597    -0.006924722316704
31 47
    -0.001428498078861    -0.000377288611741     0.000358281809020
    -0.000265159643487    -0.001335657092467     0.000259728017133
     0.000187051650290     0.000486970080625     0.008771599111867
31 48
    -0.006355371094734    -0.004095407659360     0.004004629031242
    -0.004918899722852    -0.003523698759133     0.003751138731418
     0.004953277840766     0.004309853017133    -0.002501982237339
31 49
    -0.000891605221718    -0.001723604087931    -0.000602990016377
    -0.001913064405392    -0.000869065822625     0.000751886747292
     0.000895591332829    -0.000829766030486     0.002635105064248
31 50
     0.004321668587805     0.000956669721592    -0.001836182476694
     0.001285417737465     0.004423517510708     0.001960124842530
    -0.002038480095742     0.002001418493323     0.001957668556311
31 51
    -0.027675095301083    -0.016653385833963     0.030807301650290
     0.017062009007307     0.029349521478962    -0.016735139046359
     0.030239144904258     0.017029362937768    -0.027689704459562
31 52
     0.001080696365583     0.001329610197783     0.001498890936004
     0.001240943531116     0.001195144494835    -0.001192912855883
     0.001625881015369    -0.001337863252708     0.001243761810280
31 53
     0.002869833270345     0.000634645912069     0.001234166729655
    -0.000645760833963    -0.000775788044848     0.001417011747292
    -0.000306242000504     0.001495182382212    -0.000638857237339
31 54
    -0.003315511967750    -0.004648929484757    -0.003446958270345
    -0.004736921548249    -0.007215061854371    -0.004158545792391
    -0.003527978111615    -0.004708289840010    -0.002374853269085
31 55
    -0.001295238158226    -0.000138445357773    -0.000991910651298
    -0.000973969167297     0.009922590923406    -0.000669043808264
    -0.000586037635425     0.000026513731418    -0.000282694538927
31 56
     0.004332642794155    -0.002487973135551     0.000543666729655
    -0.002846078294281     0.001682608780549     0.002218279604434
     0.000573472285210     0.002157956191736     0.004363908635676
31 57
    -0.027775535777274     0.030918378054926    -0.016260464222726
     0.031186622102545    -0.027617734473419     0.016790374842530
     0.017457928634417    -0.017318722379693     0.030265914588057
31 58
    -0.201149706412194     0.048551590356513    -0.048521317397329
     0.048112415753338    -0.201483766219451     0.048270083175863
    -0.047638984063996     0.047593226033006    -0.201880970332577
31 59
    -0.029215819507433     0.017545066546989    -0.031703472159234
    -0.017273310437138     0.031003168304359    -0.017315398966994
    -0.031760394778282     0.017430394683799    -0.028845746126228
31 60
    -0.002133480221718     0.003653259007307     0.004769781809020
     0.003586171705719    -0.002393542013102    -0.004434625157470
     0.004555168713782    -0.004239281903502    -0.006085646919879
31 61
     0.002633021762409    -0.000302824326027     0.001005507999496
     0.001065961388259    -0.000644603521038    -0.001066813649534
    -0.000450309460821    -0.001174146982867    -0.000857091364324
31 62
     0.001661523746536    -0.002562141786344    -0.002161069381456
    -0.002261776706979     0.004807019494835    -0.000500589443185
    -0.002030041603678    -0.000421150951121     0.004528767762661
31 63
    -0.000691150856639     0.000079812578735     0.000240615142353
     0.000084764959688    -0.000905982489292    -0.000038541824137
     0.000157156809020     0.000012404604434    -0.001079295729403
32 1
    -0.002088625062988    -0.000457818373646    -0.000718321365583
     0.000389618134291    -0.000155837648022    -0.000324682697153
     0.000104311570925    -0.000403337459058     0.000062083238851
32 2
     0.000671960254472     0.000654354245402     0.000365083396321
    -0.000356318373646     0.000308303224994     0.000278634763165
    -0.000520452317964     0.000381813334593     0.000073551492819
32 3
     0.001305198349710     0.001050443531116     0.001024752047115
     0.001864643927942     0.000440297272613    -0.001461107300328
     0.001797702443941    -0.001461621189216     0.000729424508692
32 4
    -0.030727490142353    -0.011429869960947     0.031753061570925
     0.016067939562862     0.029799063145629    -0.012297938649534
     0.032144138951877     0.015410694286974    -0.024897440570673
32 5
     0.002346144778282     0.001476483213656    -0.003917085254472
     0.000556624086672     0.003612815129756     0.001296093096498
    -0.001431107079869     0.001964700239355     0.003243982048375
32 6
    -0.032172444507433     0.033552975277148    -0.011992751921139
     0.034158370118418    -0.027252623362308     0.015859593096498
     0.015421765936004    -0.012270908887629     0.030218900699169
32 7
     0.001971984063996    -0.003838574326027     0.001355015936004
    -0.000859673532376     0.002943317113883     0.001583485953641
     0.000276224269337     0.000956666509196     0.003144394746788
32 8
    -0.000394640936004     0.001132503054926    -0.000078952317964
     0.000442068531116     0.009148456002771     0.000838462144117
    -0.000508472159234     0.000205525636180    -0.000419385015117
32 9
    -0.003120190539179    -0.003500080278408    -0.004521970175107
    -0.004144459246662    -0.006290911060721    -0.004547389046359
    -0.004208853111615    -0.004222841427312    -0.002887309618292
32 10
     0.002257414619552    -0.000642298532376     0.000599063555052
     0.001584447499370    -0.000696379314689    -0.001241081506677
    -0.000764803508440    -0.001144377141597    -0.001211008030990
32 11
     0.000580765810028     0.008030433610481     0.001072293713782
     0.001163257023180    -0.006695855505165    -0.002711083490804
     0.005545654824893    -0.005460992220962    -0.005297301681784
32 12
    -0.027451767920131     0.016897409800957    -0.029497075333837
    -0.015239800516503     0.029067374653565    -0.017289297776518
    -0.030234912635425     0.015309122858403    -0.026873085411943
32 13
    -0.185062950459813     0.035326203451751    -0.044650368984631
     0.037922969324767    -0.188863942806752     0.037621980001260
    -0.039452222159234     0.037812692302847    -0.192829601284958
32 14
    -0.000940115142353    -0.001170514802217    -0.000423928508440
    -0.001129701310154    -0.000026409076594     0.001209541509196
     0.000530761967750    -0.001320256109851     0.003011664588057
32 15
    -0.005611256015369    -0.004052796548249     0.004364420697909
    -0.004269264802217    -0.001802371378181     0.003462192302847
     0.004490444507433     0.004066525636180    -0.002512234221466
32 16
    -0.000906756015369     0.000377282816830     0.000657553634417
    -0.000181435437138    -0.000922472568657     0.000284831191736
     0.000158555618544     0.000924184366339     0.008634013794407
32 17
    -0.002965303634417    -0.004051375913328    -0.003756059460821
    -0.003866403691106    -0.003147063838498    -0.004342091427312
    -0.004392111048123    -0.004674948570169    -0.006165190570673
32 18
     0.002305331286218     0.000805443531116    -0.000876089222726
    -0.000571187421265    -0.001407284076594    -0.001100545792391
     0.001273448475687    -0.001202043808264    -0.000601984221466
32 19
     0.000657507873520     0.001044114166037     0.007372730221718
     0.005203290753338    -0.005491149155959    -0.005481065633661
     0.001112015936004    -0.002688309681280    -0.006140228269085
32 20
    -0.001289658793147    -0.000340983056185    -0.001426793587805
     0.000587401864449     0.002366592907533    -0.001517412855883
    -0.001454809460821     0.000974549445704    -0.000468956443689
32 21
    -0.006147992126480     0.004048441546989    -0.004240640810028
     0.004418608213656    -0.002819581695641     0.003896065318720
    -0.004652045571932     0.003260591112371    -0.002311303665911
32 22
    -0.027370140936004    -0.028697671548249     0.016717392920131
    -0.029666758849836    -0.026792696775006     0.015793533572688
    -0.015888424540186    -0.017086432697153     0.029311674508692
32 23
    -0.192318450459813    -0.051423332262535     0.042201305618544
    -0.046179028691106    -0.197009857489292     0.041752726033006
     0.045277642920131     0.042145922461577    -0.195002817554800
32 24
    -0.000734494110607     0.000208594324767    -0.000021279698917
    -0.000147379881582    -0.000839926933736    -0.000360349363820
    -0.000373751921139    -0.000332516030486    -0.000724976284958
32 25
     0.002059472159234    -0.001269733056185    -0.001501740016377
    -0.001149211230789     0.000806582986898    -0.001723756109851
    -0.001314343190980    -0.001745297776518     0.001301763794407
32 26
     0.002157220175107    -0.000814272738725    -0.000927497952885
     0.000774266943815    -0.000869349552784     0.000831610953641
     0.000568277840766     0.000826537540942    -0.000626829459562
32 27
    -0.000461138951877     0.003237364166037     0.003063916729655
     0.003630374086672     0.003545846875787    -0.000701244205089
     0.003370660777274    -0.000736422776518     0.003866021730915
32 28
    -0.002266442523306     0.001209991150164     0.001240460380448
     0.000766376070799     0.001844384574200    -0.000371968411439
     0.000712509983623     0.001535581191736    -0.001020186602419
32 29
     0.004177420571932     0.002759199483497    -0.000495773746536
     0.003139354245402     0.001107275447216     0.002052247858403
    -0.000406936444948     0.002109704207609     0.004251355064248
32 30
    -0.002170924666163     0.001247300673973     0.001074168713782
     0.000887024880323    -0.000957536060721     0.001273987937768
     0.000512847285210    -0.000469456506677     0.002223410619803
32 31
     0.004219593190980    -0.000317875913328     0.002436773872512
    -0.000173923532376     0.004270039336105     0.002120652620307
     0.002930408793147     0.001995049445704     0.001347878873772
32 32
     0.891266337238599    -0.006149278691106    -0.004258255889393
    -0.006149278691106     0.901513767510708     0.006630436350466
    -0.004258255889393     0.006630436350466     0.893345283635676
32 33
    -0.197522515936004    -0.043338925516503    -0.043644718190980
    -0.045201199326027    -0.198409244394054    -0.044356726347947
    -0.045415811444948    -0.044444125157470    -0.198498432634165
32 34
     0.031691396762409     0.016084548689846     0.015728071491560
    -0.016090746945074    -0.030306333679768    -0.032640061665407
    -0.016258051524313    -0.032681349363820    -0.030277101284958
32 35
    -0.006062557602671     0.005032907816830     0.004800462364575
     0.004631800673973    -0.002491615425800    -0.004499543808264
     0.004401492126480    -0.004487156903502    -0.002195426681784
32 36
    -0.030578067523306    -0.016267030675233    -0.032346176524313
     0.016067737181910     0.031189965923406     0.017462055398085
    -0.032143444381456    -0.017197734284455    -0.029584918745276
32 37
    -0.002479341332829     0.005727413769211    -0.003245583270345
     0.004636155832703    -0.008321030108340     0.004014664525069
    -0.003164035651298     0.004235930398085    -0.002644357237339
32 38
    -0.031511595301083    -0.032560556468884    -0.016958726127488
    -0.032282000913328    -0.029619700743260    -0.017663904919375
     0.015971341332829     0.017376456191736     0.031306039588057
32 39
    -0.002576119110607    -0.003147342183170     0.005639557602671
    -0.002886070357773    -0.002889071775006     0.004463156588561
     0.004363547682036     0.004172634763165    -0.007816138983371
32 40
    -0.001120567523306    -0.000236133849836    -0.000049783667171
     0.000492788769211    -0.001267214632149     0.000448656588561
    -0.000390970175107     0.000222041509196    -0.003099946523054
32 41
     0.004293950333837     0.000118852261275    -0.003075464222726
     0.000253332420005     0.003193414336105    -0.002881887062232
    -0.002388577317964    -0.002679696586042     0.002197361016629
32 42
     0.026292930492567    -0.017134776706979     0.017261879031242
     0.015564626070799    -0.029424248362308     0.034693920477450
    -0.016931716206853     0.032737283572688    -0.031482984221466
32 43
     0.004242680492567     0.003453661785084     0.000742748078861
     0.003139604245402     0.001129471875787    -0.002725105316201
     0.000297285777274    -0.002405504125724     0.004618763794407
32 44
    -0.028348373078861     0.016379961388259     0.031858119110607
    -0.016784973135551     0.031012394494835     0.016504491906022
     0.031285349269337    -0.017193208490804    -0.028111633030990
32 45
     0.000990462238599     0.003313433610481    -0.002883880889393
     0.002635141943815     0.003423309177375     0.000455912540942
    -0.002551214222726     0.000326353017133     0.003630138794407
32 46
    -0.001634748078861     0.001963179642227    -0.000296591206853
     0.001728475277148    -0.000270889235324    -0.000919783887629
     0.001030984189972     0.001491031588561     0.002689057445200
32 47
     0.000893995968758    -0.000791768770471     0.001346992126480
    -0.000732937421265     0.000937946082137     0.001331864921895
     0.001268396888385     0.001205253810784     0.000926003873772
32 48
    -0.001315502047115     0.000135112181910    -0.000568410651298
    -0.000246927500630    -0.003399970584530     0.000187400636180
     0.000196123078861     0.000436886747292    -0.001361952475435
32 49
     0.004088263825901    -0.002906709246662    -0.000219529698917
    -0.002200592183170     0.001554412351978    -0.002818226347947
    -0.000051438429075    -0.002979107300328     0.003229134826153
32 50
     0.026489162635425     0.017216189562862    -0.017031597159234
    -0.016470735040312    -0.030758379314689     0.032212761747291
     0.015576740142353     0.034209577223482    -0.028855926681784
32 51
     0.004405273746536     0.000942759007307     0.003065886967750
     0.000516731229529     0.004817374653565    -0.002527877141597
     0.002775115142353    -0.002871103332074     0.001382450302343
32 52
    -0.001457434586798     0.000062630039053     0.001707101253464
     0.001403915753338     0.002759372669438     0.001388974048879
     0.001420726253464    -0.000876454522550     0.000067666572184
32 53
     0.001030202317964     0.001577790753338    -0.001043747952885
     0.001563586388259     0.000924940129756     0.001170023652053
    -0.001012396762409     0.001254966112371     0.001131922524565
32 54
    -0.027765767920131     0.031759590356513     0.015819002047115
     0.031045675673973    -0.028017333679768    -0.016581908887629
    -0.016907257873520     0.016653118890149     0.031169551492819
32 55
     0.000938630889393    -0.002551300516503     0.003081049666163
    -0.002357371945074     0.003488194098010     0.000333093096498
     0.002348182602671     0.000419047461577     0.003495835222978
32 56
     0.009696886841774     0.000081546705719    -0.000198747952885
    -0.000102481072058    -0.001904413044848    -0.000080833490804
    -0.000339557476694    -0.000071135078105    -0.001889186602419
32 57
    -0.006193416729655    -0.004485602103804    -0.004704878905266
    -0.003994905675233    -0.002567131298816    -0.004195613252708
    -0.004227101127488    -0.004234563649534    -0.002307555650038
32 58
     0.031356162635425    -0.016193764802217    -0.016353857079869
     0.017419387975561    -0.028652413044848    -0.031619029919375
     0.017246111174099    -0.031608615236835    -0.028416190570673
32 59
    -0.193702325459813     0.040944336388259     0.041082238158226
     0.040674411785084    -0.198728228521038    -0.041749137062232
     0.040626825459814    -0.041566321586042    -0.198140466364323
32 60
    -0.000756361174099     0.001156653848576    -0.001448007873520
    -0.000048606072058     0.002906186161502     0.000859886747292
    -0.001564611048123    -0.000612373173343    -0.000398367157974
32 61
    -0.002471734189972     0.003991570515243    -0.004426281683044
     0.003731433610481    -0.002547500346435     0.004787698255228
    -0.004709839222726     0.004654511747292    -0.006627811602419
32 62
    -0.000553982205845    -0.001116121945074     0.000723515936004
    -0.001203679484757    -0.000237752330562    -0.000801202538423
    -0.000495946365583     0.000676882779038     0.003227672524565
32 63
    -0.002135156809020    -0.004114167579995     0.003645950459814
    -0.004374387818090    -0.006257379314689     0.004431220080625
     0.003377877047115     0.004545938334593    -0.002138765967498
33 1
     0.005449646762409    -0.003033614008566    -0.002947376921139
    -0.004424653691106     0.001467525447216     0.002026505794911
    -0.004494400730663     0.002068249842530     0.001388241969010
33 2
     0.003522982079869     0.003153558610481     0.003079777840766
     0.003839284800957     0.002765416320232     0.001956573255228
     0.003802210380448     0.002091400636180     0.002358710222978
33 3
     0.003085970175107    -0.000679477103804    -0.000390678508440
    -0.000076377897455    -0.000447464632149     0.001579206191736
     0.000123615142353     0.001601091112371    -0.000283541761149
33 4
     0.004465531683044     0.002769834404132    -0.003499368984631
     0.003776542737465     0.003292801240867    -0.001265875157470
    -0.003012448349710    -0.001768343411439     0.002853093159486
33 5
    -0.028905333396321     0.015854187578735     0.031529984189972
    -0.016312772738725     0.032112553224994     0.016768531588561
     0.032396930618544    -0.015568462459058    -0.028556484221466
33 6
     0.004168952317964    -0.003638945357773     0.002827067523306
    -0.003222526706979     0.002931614732930    -0.001747593411439
     0.003925053634417    -0.001449821586042     0.003042184429327
33 7
    -0.029636994110607     0.032276880039053     0.015220585380448
     0.032978054642227    -0.029198194790879    -0.015177200554296
    -0.016473613032250     0.016992128810784     0.031196178476946
33 8
    -0.002537369110607    -0.004480417579995    -0.004517007873520
    -0.004181328294281    -0.005924930901990    -0.003750724363820
    -0.004244309460821    -0.004334637062232    -0.002840226284958
33 9
     0.000076331286218     0.000223374086672     0.000113224269337
    -0.000078356072058     0.010546702034518     0.000245049445704
     0.000080934586798    -0.000104879125724     0.000047224111867
33 10
    -0.003193813555052     0.004639905832703     0.003969757999496
     0.004563675673973    -0.006312516219451    -0.004000518014613
     0.003666234189972    -0.004073039840010    -0.003050724300831
33 11
     0.001830537635425    -0.000209362024439     0.000288988158226
    -0.000364014802217    -0.000791242409927    -0.001476519998740
     0.000416067523306    -0.001707529919375    -0.000448017951625
33 12
    -0.003040746094734     0.004368489166037    -0.004444505889393
     0.004342927658100    -0.006428512251197     0.003692765715545
    -0.004119499937012     0.003985210159990    -0.003451801681784
33 13
    -0.029488678634417    -0.014113717183170    -0.031495049540186
     0.016487447499370     0.031651545288486     0.017050293493323
    -0.033542559460821    -0.014249720395566    -0.028912692554800
33 14
    -0.003114093316956    -0.004667685437138     0.004434265936004
    -0.004035348135551    -0.005961795981356     0.003689730001260
     0.004243674666163     0.004254831191736    -0.002620426681784
33 15
     0.000048265810028    -0.001366342183170     0.000854615142353
    -0.001206286627614     0.000256491717057    -0.000643244205089
    -0.000610267794155     0.000804487937768     0.003466674508692
33 16
    -0.003309609189972    -0.004272137818090    -0.004721501921139
    -0.004001957262535    -0.003231984473419    -0.004273355316201
    -0.004361281683044    -0.003557353332074    -0.006573452475435
33 17
    -0.000058906809020     0.000169703451751     0.000302634983623
     0.000068449483497    -0.000143325743260    -0.000079152935248
    -0.000093198349710     0.000260138731418     0.010415843159486
33 18
    -0.003250146888385     0.004094522896196     0.004607480221718
     0.003711915753338    -0.003132920981356    -0.004006482300328
     0.004516861174099    -0.003935956506677    -0.006321325491308
33 19
     0.001862779698917    -0.000050556468884    -0.000097950333837
     0.000136268927942    -0.000482161060721    -0.001546252141597
    -0.000366696365583    -0.001336222379693    -0.000626569538927
33 20
    -0.003588886967750     0.004444596308894    -0.004719724143361
     0.004207880039053    -0.003285418997229     0.003998650636180
    -0.004085146762409     0.003376511747292    -0.006597922713530
33 21
    -0.000332470301083     0.000620645912069    -0.001642821365583
    -0.000830538611741     0.003331156399597     0.000614003810784
    -0.001417007873520    -0.000812946586042    -0.000111769935752
33 22
    -0.003239369110607    -0.004423967183170     0.004409962364575
    -0.004035405675233    -0.003339083679768     0.004094472064752
     0.004342238158226     0.003749529604434    -0.006403041761149
33 23
    -0.029802428634417    -0.031546502897455    -0.015196499937012
    -0.032984800516503    -0.028443744394054    -0.014897335474931
     0.016454680618544     0.016614634763165     0.031908091175359
33 24
     0.001004902714790    -0.001282201310154    -0.001288710254472
    -0.001017151706979     0.001416936161502    -0.001329285871756
    -0.001014089222726    -0.001356678728899     0.001313432445200
33 25
    -0.000017381015369    -0.000118153691106    -0.000101170571932
    -0.000038358056185     0.000230196082137     0.000113432382212
    -0.000009930492567     0.000120664525069     0.000525172524565
33 26
     0.001551242000504     0.000935431626354     0.001001196491560
     0.001023620118418     0.001302013542454    -0.001428950554296
     0.001122440539179    -0.001433125157470     0.001412954270597
33 27
     0.001383507873520     0.001205693531116     0.001233486174099
    -0.000539272738725    -0.000432415028975     0.001904194286974
    -0.000569301524313     0.001913414525069    -0.000413694538927
33 28
     0.001455454302091     0.001281820515243    -0.001339220175107
     0.001371854245402     0.001350872669438     0.001330345080625
    -0.001211702317964     0.001300293493323     0.001175597127740
33 29
    -0.000265432602671    -0.000387596151424     0.001587295697909
     0.000939832420005     0.002988638542454     0.000645061350466
     0.001222976253464    -0.000731583490804    -0.000282861205593
33 30
     0.001542847159234    -0.001534119960947     0.001354363158226
    -0.001450246945074     0.001397952034518     0.001146551429831
     0.001470384983623     0.001195755794911     0.001555194349962
33 31
    -0.000299134983623     0.001597953451751    -0.000403406683044
     0.001219179642227    -0.000133222568657    -0.000704908887629
     0.000941571491560     0.000617511747292     0.003150537603930
33 32
    -0.197522515936004    -0.045201199326027    -0.045415811444948
    -0.043338925516503    -0.198409244394054    -0.044444125157470
    -0.043644718190980    -0.044356726347947    -0.198498432634165
33 33
     0.889468380889393    -0.001655846151424    -0.007778648746536
    -0.001655846151424     0.897133493701184    -0.004585037855883
    -0.007778648746536    -0.004585037855883     0.896287601095994
33 34
    -0.200283331412194     0.048466253054926     0.048085140936004
     0.047695981229529    -0.202184345584530    -0.047261873173343
     0.047412236174099    -0.047322262062232    -0.201372817554800
33 35
     0.031383464222726    -0.017527512818090    -0.017144218190980
     0.016691903848576    -0.028532002330562    -0.031634230316201
     0.016529654824893    -0.031629444601915    -0.028336017951625
33 36
    -0.200589045697909     0.048879798689846    -0.047818732079869
     0.048239590356513    -0.202220045981355     0.045299243890149
    -0.047612656683044     0.045472103017133    -0.201188385015117
33 37
    -0.029181444507433     0.014135118134291    -0.031128263825901
    -0.016136615992693     0.031744207986898    -0.016746771982867
    -0.033178122952885     0.014339767699672    -0.028571698507181
33 38
    -0.204245198475686    -0.051852102103804     0.052870093316956
    -0.051480022738725    -0.204748962648022     0.049062533572688
     0.052145004031242     0.048837793493323    -0.205154176681784
33 39
    -0.029854722285210    -0.031427387818090     0.014387002047115
    -0.033169342183170    -0.028376833679768     0.014565845080625
    -0.016181789619552    -0.016685402935248     0.032006894746788
33 40
     0.004967954302091     0.000583945515243    -0.002952589222726
    -0.000784233056185     0.004446273463089    -0.001939029919375
    -0.002915932476694    -0.002625746189216     0.001632337207105
33 41
    -0.000103652840766    -0.000304193373646    -0.000077769778282
     0.000206435594608    -0.000000097568657     0.000164301429831
     0.000043085380448     0.000179640715545    -0.001633230253212
33 42
     0.004495702317964    -0.000221572341900     0.003032698475687
     0.000751979245402     0.003914739732930    -0.002302266030486
     0.003042946491560    -0.002592129125724     0.001236674508692
33 43
     0.030255952317964     0.017025491150164    -0.017036057476694
    -0.016997792579995    -0.028867790028975     0.032224833175863
     0.016903573475687     0.032172333175863    -0.028832452475435
33 44
     0.004264773746536    -0.000405709246662    -0.003704561444948
     0.000858755039053     0.003968632590073     0.001784055398085
    -0.002956238032250     0.001874628810784     0.001784400699169
33 45
    -0.029846015936004    -0.016136737024439     0.033032938555052
     0.015936245118418     0.033427547272613    -0.017193773966994
     0.034078448475687     0.015872065318720    -0.029119077475435
33 46
     0.004515023746536     0.000520509007307     0.003076978237591
    -0.000919046548249     0.003845598859914     0.002122654604434
     0.003145521888385     0.002442618890149     0.001289591175359
33 47
    -0.000201732205845     0.001446310594608     0.000835561570925
     0.001438665753338    -0.000316065822625     0.001177178413958
    -0.000668440413202    -0.000296908887629     0.002908412603930
33 48
     0.004753019778282    -0.003003058453011     0.000573908793147
    -0.003150324326027     0.001479267510708    -0.002705910871756
    -0.000793839222726    -0.001987275951121     0.004207581254724
33 49
    -0.000241089348702    -0.000224879881582    -0.000367210254472
    -0.000059864008566    -0.001959224552784     0.000081462144117
     0.000147349269337     0.000075480001260    -0.000235206443689
33 50
     0.005026684460821     0.002866893927942    -0.000054777714790
     0.002955993134291     0.001515483780549    -0.002653174760645
     0.000862277840766    -0.002430960474931     0.004235857048375
33 51
     0.030472420571932    -0.017309036627614     0.017065331412195
     0.017069959404132    -0.028713012251197     0.032320561350466
    -0.016768222159234     0.031926108969514    -0.028526265967498
33 52
     0.004766712238599     0.003059584404132     0.000454795697909
     0.003275268927942     0.001473985764676     0.002398162540942
    -0.000971111048123     0.002050507779038     0.003993200302343
33 53
    -0.000076525856639     0.000855245118418     0.001451196491560
    -0.000644310437138     0.003088553224994    -0.000381787855883
     0.001389515936004     0.001110053413958    -0.000211668745276
33 54
     0.004493503905266    -0.003624830278408    -0.000202428508440
    -0.002986221151424     0.001883404415470     0.001964654604434
     0.001024904824893     0.001891081191736     0.004257460222978
33 55
    -0.029997472285210     0.033493528848576    -0.016462755889393
     0.034076231229529    -0.029096942806752     0.015707906588561
     0.015864345301083    -0.017165490236835     0.033311993953137
33 56
    -0.006317216332829    -0.004810623929201    -0.004926803508440
    -0.004531127897455    -0.002025299949609    -0.003687894998740
    -0.004616894778282    -0.003642922776518    -0.002112527872260
33 57
     0.010123855095742     0.000132227261275     0.000197565539179
    -0.000081552500630    -0.000664518203578    -0.000003299760645
     0.000006311570925    -0.000016476347947    -0.000488271919879
33 58
    -0.006450440539179     0.004299189562862     0.004271837364575
     0.004457116150164    -0.001730174949609    -0.003467216427312
     0.004417898872512    -0.003374277935248    -0.001700531840514
33 59
     0.030744946365583     0.017830040753338     0.017991932602671
    -0.017432735040312    -0.028527740425800    -0.031735948570169
    -0.017126886841774    -0.031264484284455    -0.028419432634165
33 60
    -0.005956714348702     0.004549608213656    -0.004540438429075
     0.004627247102545    -0.002269325743260     0.003649575239355
    -0.004465198349710     0.003521714128244    -0.002137583427816
33 61
    -0.000464212364575    -0.000443850119677    -0.001494337238599
     0.000916036785084     0.003000112748803    -0.000390613252708
    -0.001505051524313     0.000977849048879    -0.000346777872260
33 62
    -0.005770960380448    -0.004507417579995     0.004429210380448
    -0.004366576310154    -0.001821639235324     0.003416610953641
     0.004397091332829     0.003379345080625    -0.001971418745276
33 63
     0.000001740016377    -0.001319588214916    -0.000660480095742
    -0.001330409643487     0.000188483780549     0.000665408572688
     0.000673164745528    -0.000673099363820     0.003389392762661
34 1
     0.001710809460821     0.000913088372386     0.000882507999496
     0.000092195515243     0.000157936161502    -0.001580718411439
    -0.000004861048123    -0.001578835474931    -0.000091801681784
34 2
    -0.003877355221718     0.001807385991434     0.001333287761401
     0.000580634007307    -0.002093047965482    -0.000232400951121
     0.000520750062988    -0.000433434681280    -0.002288333427816
34 3
     0.000185632873520    -0.003543649722852    -0.003259168587805
    -0.003737653691106     0.003862071082137    -0.001302518014613
    -0.003649095175107    -0.001291744205089     0.003682289588057
34 4
    -0.029054430618544    -0.032496088214916     0.013709515936004
    -0.032966858056185    -0.024462913044848     0.015483900636180
    -0.016065533667171    -0.011177428728899     0.029192674508692
34 5
    -0.192491545697909    -0.043801485040312     0.053562244110607
    -0.043497673532376    -0.194689286060721     0.044397307382212
     0.047258845301083     0.041343202223482    -0.197089277872260
34 6
    -0.028757259983623     0.013107632023180    -0.032118422556059
    -0.016480552500630     0.029440650447216    -0.011419192617788
    -0.032924781683044     0.015326343096498    -0.025464734221466
34 7
    -0.191434831412194     0.051955957420005    -0.043539154698917
     0.046136278848576    -0.196176909076594     0.040266325239355
    -0.043173573349710     0.042824918493323    -0.193761365173847
34 8
     0.003060293587805     0.001208284800957    -0.000656747952885
    -0.001294729087931     0.000101729812295    -0.001408448570169
     0.000322105221718    -0.001374597379693    -0.000890019935752
34 9
    -0.002804381015369     0.003593951467624     0.004276609189972
     0.004188118134291    -0.006126012251197    -0.004735924760645
     0.004095599269337    -0.004128714443185    -0.003309194538927
34 10
    -0.000885275856639    -0.000789766786344    -0.000459232079869
     0.000067774880322     0.008698894494835     0.000526382779038
    -0.000260351127488     0.000376624842530    -0.000786892951625
34 11
    -0.000348674666163    -0.001769909643487    -0.007443251921139
    -0.005290790595868    -0.005813581695641    -0.005507369205089
    -0.001711017794155    -0.003051740236835    -0.006360311602419
34 12
    -0.001117208396321     0.001465191546989     0.000495629031242
     0.001137526864449    -0.000467601536911     0.000819666509196
    -0.000495460254472    -0.001677625157470     0.002392529667423
34 13
     0.002537609063996    -0.001535889802217     0.003441710380448
    -0.000039453294281     0.004124206002771     0.001040694286974
     0.001071105221718     0.001422944286974     0.002821763794407
34 14
    -0.025092680618544    -0.017022983056185     0.028155900856639
     0.015942876070799     0.029337989732930    -0.017190744205089
     0.028447964348702     0.016029620874276    -0.025132095332577
34 15
     0.004654803508440     0.000626235197783    -0.002693874937012
     0.000482187578735     0.004553027431343     0.002251906588561
    -0.002893853111615     0.001834152620307     0.001633630857899
34 16
     0.002416428508440    -0.000291685437138     0.000945132999496
     0.000579516943815    -0.001271198759133    -0.001355954522550
    -0.001593617000504    -0.001296438649534    -0.000632996126228
34 17
    -0.003102994110607     0.004586530832703     0.003450519904258
     0.004303673689846    -0.003481415028975    -0.004055127141597
     0.004049091332829    -0.004718071586042    -0.006492575491308
34 18
    -0.000872359189972    -0.000427899722852    -0.000891759857647
    -0.000217985040312    -0.000743885267070     0.000517793493323
    -0.000158224143361     0.000592083175863     0.008642630857899
34 19
    -0.000431682602671    -0.007397604087931    -0.002144690413202
    -0.002019756865709    -0.005903000346435    -0.003074976347947
    -0.005295156683044    -0.005194807697153    -0.005720238189720
34 20
    -0.025958849269337     0.028783798689846    -0.017536214222726
     0.028745104245402    -0.025793133282943     0.015699426429831
     0.015851642920131    -0.017287948570169     0.028525158635676
34 21
     0.004439442397329    -0.002613401706979     0.000382188555052
    -0.003010814405392     0.001508692113883     0.001533529604434
     0.000197781809020     0.002029593096498     0.004009061413454
34 22
    -0.001267581412195     0.000573860197783     0.001306472285210
    -0.000401806468884     0.002470327034518    -0.001579127141597
     0.000977777840766     0.000899319286974    -0.000670960411943
34 23
     0.002826234063996     0.003499449483497    -0.001389740016377
     0.001546548689846     0.002742541320232     0.001295690318720
    -0.000003029698917     0.000771174445704     0.004017672524565
34 24
     0.002096565413202     0.000383501070799     0.000304799666163
    -0.000724552500630    -0.000552403124213     0.000509989921895
    -0.000783799540186     0.000587110953641    -0.000768736205593
34 25
     0.002130906683044     0.001303673689846     0.001170714348702
     0.001168866150164     0.001090981796422    -0.001714541824137
     0.001102234189972    -0.001651920792391     0.001267503873772
34 26
    -0.000757595301083    -0.000381865992693    -0.000385668587805
    -0.000117405675233    -0.000759450743260    -0.000331424760645
    -0.000118144778282    -0.000360335474931    -0.000754464380197
34 27
     0.001318920571932    -0.001098104087931    -0.001221503905266
    -0.001255298532376     0.000754245685311    -0.001493404919375
    -0.001471011841774    -0.001495170792391     0.000589136810280
34 28
    -0.001834257999496    -0.001337102103804    -0.000765960254472
    -0.001214546548249    -0.000965716616276     0.001626245874276
    -0.000506037635425    -0.000658916824137     0.001992553476946
34 29
    -0.005920269904258    -0.003853893770471     0.004220305618544
    -0.004132193373646    -0.002978825743260     0.003923837144117
     0.004224140936004     0.003359081191736    -0.002326154856387
34 30
    -0.001715990142353    -0.000780917579995    -0.001408501921139
    -0.000589397738725     0.002337737748803    -0.000766672776518
    -0.001294200333837     0.001447545477450    -0.000895349300831
34 31
    -0.005972222285210     0.004296405832703    -0.003873521762409
     0.004362778848576    -0.002148811854371     0.003375491906022
    -0.004214763825901     0.003863426429831    -0.002936381046863
34 32
     0.031691396762409    -0.016090746945074    -0.016258051524313
     0.016084548689846    -0.030306333679768    -0.032681349363820
     0.015728071491560    -0.032640061665407    -0.030277101284958
34 33
    -0.200283331412194     0.047695981229529     0.047412236174099
     0.048466253054926    -0.202184345584530    -0.047322262062232
     0.048085140936004    -0.047261873173343    -0.201372817554800
34 34
     0.887688456286218    -0.003443169564122     0.001269900856639
    -0.003443169564122     0.899989815129755     0.011157402620307
     0.001269900856639     0.011157402620307     0.906940763794407
34 35
    -0.192052248078861    -0.040216935437138    -0.040639083270345
    -0.037974746945074    -0.196909216616276    -0.041292954522550
    -0.038304805492567    -0.041251779919375    -0.196268186602419
34 36
    -0.031277257999496     0.032806876070799     0.015802027840766
     0.032659564562862    -0.029187885267070    -0.016918230316201
    -0.015984492000504     0.017468017699672     0.031890071334089
34 37
     0.002254843190980    -0.002988179484757     0.001637121094734
    -0.001474891786344     0.003679243701184    -0.001094246189216
     0.002642166729655     0.000649557382212     0.002648757842026
34 38
    -0.031477160777274     0.016257225277148     0.033062353237591
    -0.015756673532376     0.031967198066264     0.017219934366339
     0.032847168713782    -0.017241041824137    -0.029661345332577
34 39
     0.002149190413202     0.001877689562862    -0.003050363032250
     0.002769882023180     0.002884202034518     0.000842745874276
    -0.001677249937012    -0.000974613252709     0.003741101095994
34 40
     0.027042242000504     0.017394022896196    -0.017661829302091
    -0.016040758849836    -0.028806565822625     0.033986870874276
     0.016799107205845     0.032581168493323    -0.030646581443689
34 41
     0.004414009857647    -0.000201240992693     0.002713740142353
    -0.000172715199043     0.003872563145629    -0.002845422776518
     0.002701000062988    -0.003168319601915     0.002333226095994
34 42
    -0.001737759983623     0.000321630039053     0.000184583396321
     0.000088828451751    -0.002274974552784    -0.000355115236835
     0.000284611174099     0.000303035556815    -0.003972619142101
34 43
     0.004134615016377    -0.000316306468884    -0.003198922556059
     0.000020681626354     0.004543370685311    -0.002601141030486
    -0.002630886841774    -0.002927377141597     0.001209253873772
34 44
    -0.001250438555052    -0.001530881865709     0.000440948475687
    -0.001971270754598     0.000026043304359    -0.001170918808264
    -0.001137573349710     0.000819918493323     0.002969482048375
34 45
    -0.002874353237591    -0.005935409643487     0.002668323475687
    -0.004269030675233    -0.007649667013102     0.004495626826657
     0.002688363158226     0.005544855001260    -0.003048371126228
34 46
    -0.028619563555052    -0.014847288611741    -0.031842511841774
     0.015692927658100     0.031573509574200     0.016676305398085
    -0.031847438429075    -0.015626216427312    -0.027741952475435
34 47
    -0.002229569507433     0.004383512975561    -0.003852553508440
     0.004592139959688    -0.006576280108340     0.004624704207609
    -0.003505525730663     0.004547880794911    -0.002495381046863
34 48
     0.026813432476694    -0.017784481072058     0.017613543713782
     0.017062649880322    -0.031061696775006     0.033189489921895
    -0.015874674540186     0.034269263731418    -0.029516462396070
34 49
     0.004272073349710     0.002768447499370    -0.000231325333837
     0.002694485197783     0.001912561161502    -0.003294137062232
    -0.000321361048123    -0.003019605316201     0.003514249905518
34 50
    -0.001225777840766     0.000131471308894     0.000171482205845
     0.000286967340640    -0.003390980505165     0.000106226033006
    -0.000016432476694    -0.000580170792391    -0.002096311602419
34 51
     0.004333333270345    -0.003029084246662    -0.000513283667171
    -0.002498941389519     0.001640898463089    -0.002943912855883
    -0.000131682476694    -0.002602601347947     0.004458315381708
34 52
    -0.028896000062988    -0.032032588214916    -0.015216194381456
    -0.031749256865709    -0.027364478521038    -0.015833436665407
     0.015727428634417     0.016683422461577     0.031810406651549
34 53
    -0.002155238158226    -0.003777677500630     0.004227081412194
    -0.003365086230789    -0.002228786060721     0.004436237937768
     0.004510055618544     0.004566718096498    -0.006612087396070
34 54
    -0.001003333396321     0.000544872102545    -0.001486418587806
    -0.001005621945074     0.003236065129756     0.000870055398085
    -0.001911555492567    -0.001077754125724     0.000097916572184
34 55
    -0.002913434586798     0.002766981229529    -0.006010245968758
     0.002831205435878    -0.002906782092467     0.005522307382212
    -0.004337990016377     0.004575549445704    -0.007837799697657
34 56
     0.030764321365583     0.016272453451751     0.016143956412195
    -0.017975778691106    -0.029591389235324    -0.032827494205089
    -0.017963855095742    -0.032704383093978    -0.029805696523054
34 57
    -0.005699982205845     0.004473554642227     0.004360450459814
     0.004440546705719    -0.002584607489292    -0.004535148966994
     0.004346476253464    -0.004479061665407    -0.002598065570673
34 58
     0.009654222159234    -0.000115858056185    -0.000126527714790
     0.000125590356513    -0.001643764235324    -0.000117815633661
     0.000085063555052    -0.000192988252708    -0.001720200491308
34 59
    -0.006401890936004    -0.004914131865709    -0.004984057476694
    -0.004007510833963    -0.002810454711514    -0.004993672776518
    -0.004068722159234    -0.004957194601915    -0.003020476284958
34 60
    -0.000623676650290     0.001372810594608    -0.000934303508440
     0.001426471308894    -0.000417415028975    -0.000668273966994
     0.000117341332829     0.000951628810784     0.002980497921391
34 61
     0.000861325333837    -0.001190397738725     0.000886172682036
    -0.001160989008566     0.000886773463089     0.001031662540942
     0.000738738158226     0.001326763731418     0.000874303476946
34 62
    -0.000402047682036    -0.000800465199043     0.001106970301083
     0.000306397896196     0.003389146478962     0.000768011747292
     0.001154006015369    -0.000858240236835    -0.000329462396070
34 63
     0.001369402714790     0.001184614166037    -0.001545345175107
     0.000974689562862     0.001540394494835     0.001048309366339
    -0.001512920571932     0.000788690318720     0.001157849111867
35 1
     0.000880355095742     0.000796635991434     0.000864801650290
     0.000799554642227     0.001002529415470    -0.000852775951121
     0.000824904824893    -0.000936442617788     0.001013622921391
35 2
     0.000963940413202     0.000587183610481     0.000363706412195
    -0.004361256865709     0.001888045288486     0.002014166509196
    -0.004196234063996     0.002043458175863     0.001641341175359
35 3
    -0.001123071491560    -0.000212352103804     0.000040250062988
    -0.000452294564122    -0.001507210663895     0.000058799445704
    -0.000177954302091     0.000045398652053    -0.001374535808768
35 4
    -0.003623884983623    -0.004306165595868     0.004284809586798
    -0.003643873929201    -0.002055069790879     0.005383593096498
     0.004008357205845     0.002299714128244    -0.006774025888133
35 5
    -0.028095875062988    -0.030497937421265    -0.018819712238599
    -0.031796314405392    -0.029338567806752    -0.017743125157470
     0.016357736174099     0.018126845080625     0.030530521730915
35 6
    -0.003865714348702     0.004143679642227    -0.004063628905266
     0.003915306626354    -0.006831256298816     0.002484499842530
    -0.003733265810028     0.005459360953641    -0.002214184618292
35 7
    -0.027381410777274    -0.018715619960947    -0.029578486048123
     0.016070262975561     0.030177059177375     0.017382267699672
    -0.030791557476694    -0.018026813649534    -0.029603565570673
35 8
    -0.002291910777274     0.003444332420005     0.004209170697909
     0.004082880039053    -0.001612176933736    -0.004258756109851
     0.004371996094734    -0.004504954522550    -0.005412845332577
35 9
     0.003408664619552    -0.000724750913328     0.000783152840766
     0.000757852261275     0.000179581002771    -0.001420857300328
    -0.000681009857647    -0.001241696586042    -0.000020519935752
35 10
    -0.002773355221718    -0.004218094167297    -0.003841563429075
    -0.004294615992693    -0.006395262251197    -0.004577924760645
    -0.003587960254472    -0.004616107300328    -0.002182468348450
35 11
    -0.000597504031242     0.000094137975561     0.000101166729655
     0.001430193531116     0.007582261558327     0.002423448255228
    -0.000042876921139     0.000225027620307    -0.001684511999244
35 12
     0.000922587238599    -0.001056510833963     0.001441297682036
    -0.000749864008566     0.001056366717057     0.000886358969514
     0.001482805618544     0.000867892699672     0.000993079270597
35 13
    -0.001720220301083     0.002021532816830     0.000102254031242
     0.001440655832703    -0.000551325743260    -0.000400613252708
     0.001018746094734     0.000390212144117     0.002110688397581
35 14
     0.001753615016377     0.002285814562862    -0.002571680492567
     0.001826735197783     0.004675957986898     0.000627948255228
    -0.002797769778282     0.000488013731418     0.004841829270597
35 15
    -0.028364900856639     0.017554532816830     0.032194293713782
    -0.017871578294281     0.031463620685311     0.017479349048879
     0.031674662761401    -0.017919329522550    -0.028397194538927
35 16
    -0.003053650856639     0.004161737181910     0.003387926650290
     0.004471126070799    -0.006175855505165    -0.004361262062232
     0.003962023872512    -0.004001295792391    -0.002309696523054
35 17
     0.003349426524313     0.000786703451751    -0.000642686444948
    -0.000689467183170    -0.000276946775006    -0.001250434681280
     0.000760607205845    -0.001454928728899     0.000100349111867
35 18
    -0.002676938555052    -0.003884852103804    -0.004289841206853
    -0.003619000913328    -0.002196417013102    -0.004647264046359
    -0.004317333270345    -0.004497648966994    -0.006399069538927
35 19
    -0.000612261967750    -0.000263056468884     0.000172103237591
    -0.000468772738725    -0.001581532092467     0.000409091112371
     0.001471484189972     0.002394585159990     0.007818811413454
35 20
     0.001283696365583    -0.002649028691106     0.002111079428068
    -0.002985411627614     0.004348459971025     0.000357993890149
     0.001681158793147     0.000525694286974     0.004065333238851
35 21
    -0.028499511967750     0.031797145912069     0.017080982205845
     0.031135294721592    -0.028278589632149    -0.017797777935248
    -0.017997077317964     0.017373485953641     0.030865611016629
35 22
     0.000797089222726     0.001375907816830    -0.001112484063996
     0.001492177658100     0.000916670288486     0.000996440318720
    -0.000844831286218     0.000979962144117     0.000983089191232
35 23
    -0.001710470301083     0.000246247102545     0.002022803634417
     0.001186032816830     0.001998884574200     0.000283257779038
     0.001544236174099    -0.000523307697153    -0.000437402872260
35 24
     0.001928361048123     0.002264298689846     0.002348343316956
     0.002076806626354     0.004595940129756    -0.001199067617788
     0.002125091332829    -0.001270996189216     0.004652688397581
35 25
     0.003003077317964    -0.000664028691106    -0.000643367000504
     0.000506475277148    -0.000752174949609     0.001428275636180
     0.000575375062988     0.001399722064752    -0.000454821523054
35 26
     0.001084700333837    -0.001693568373646    -0.001580124937012
    -0.001593171548249     0.001227517510708    -0.001444482300328
    -0.001484128905266    -0.001473067617788     0.001382585222978
35 27
    -0.000706033793147     0.000256443531116     0.000244914745528
     0.000254185594608    -0.000551911060721    -0.000195587459058
     0.000226504031242    -0.000170277935248    -0.000595813586546
35 28
    -0.002512837364575    -0.004646429484757     0.003886083396321
    -0.003431812421265    -0.006301748362308     0.003857563334593
     0.003988228237591     0.004485226033006    -0.003263771919879
35 29
    -0.000610849269337    -0.001102346151424     0.000571099269337
    -0.001070084246662    -0.000426982489292    -0.000799720395566
    -0.000707343190980     0.000659224048879     0.003256019746788
35 30
    -0.002492819507433     0.003656755039053    -0.004420083270345
     0.003770961388259    -0.003075043997229     0.004233144683799
    -0.003389184460821     0.003757563334593    -0.006219674697657
35 31
    -0.000599176650290     0.000544453451751    -0.001173103111615
    -0.000727112024439     0.003353656399597     0.000687184366339
    -0.001085747952885    -0.000806930713026    -0.000260581443689
35 32
    -0.006062557602671     0.004631800673973     0.004401492126480
     0.005032907816830    -0.002491615425800    -0.004487156903502
     0.004800462364575    -0.004499543808264    -0.002195426681784
35 33
     0.031383464222726     0.016691903848576     0.016529654824893
    -0.017527512818090    -0.028532002330562    -0.031629444601915
    -0.017144218190980    -0.031634230316201    -0.028336017951625
35 34
    -0.192052248078861    -0.037974746945074    -0.038304805492567
    -0.040216935437138    -0.196909216616276    -0.041251779919375
    -0.040639083270345    -0.041292954522550    -0.196268186602419
35 35
     0.891185797556059    -0.006280637818090    -0.012969039619551
    -0.006280637818090     0.882286751637692     0.011376112937768
    -0.012969039619551     0.011376112937768     0.879011363000756
35 36
     0.004075162635425    -0.002789951310154     0.000222821491560
    -0.003064201310154     0.001424207986898     0.002577462144117
     0.000831023872512     0.002655660556815     0.004463620937264
35 37
    -0.033099236174099     0.029676618134291    -0.011388335254472
     0.035316967340640    -0.028253163044848     0.013577321271101
     0.015965182602671    -0.018193299760645     0.029310057445200
35 38
     0.004012759857647     0.000096772896196    -0.002603728111615
     0.000676060594608     0.004406666320232     0.002703751826657
    -0.002955315413202     0.002600976033006     0.001281954270597
35 39
    -0.032564513951877    -0.010421887818090     0.028805805618544
     0.016261491150164     0.028722920288486    -0.018125811665407
     0.034471640936004     0.012880904604434    -0.026871474300831
35 40
     0.004735037635425     0.002389070515243    -0.000175660651298
     0.002354850277148     0.001867652431343    -0.002818186665407
     0.000429498078861    -0.002486063649534     0.004052468159486
35 41
     0.029820180492567    -0.016441318373646     0.016738908793147
     0.017098643927942    -0.027190468600403     0.030916769683799
    -0.016342984063996     0.030883698255228    -0.028158599300831
35 42
     0.004393910651298    -0.000281197341900    -0.002692247952885
    -0.000384062421265     0.003749618701184    -0.002323047776518
    -0.002933747952885    -0.001837071586042     0.001819055461073
35 43
    -0.001258839348702     0.000401491150164    -0.000046503905266
     0.000114165753338    -0.001105786060721     0.000007301429831
    -0.000094995968758     0.000035265715545    -0.000759196523054
35 44
    -0.006122517920131    -0.004909584246662     0.004019617126480
    -0.004846036627614    -0.001901613441673     0.003041898652053
     0.004424817523306     0.003172686350466    -0.001970843348450
35 45
    -0.001420682602671    -0.001571237024439    -0.001234882873520
    -0.001717796548249    -0.000977698759133     0.000977194286974
     0.000500504031242    -0.000901627141597     0.002556053476946
35 46
    -0.192009142920131     0.035865634007307    -0.041120718190980
     0.036458036785084    -0.191235522171832     0.042138497858403
    -0.036570047556059     0.041520676429831    -0.194210652872260
35 47
    -0.028049398872512     0.016894060594608    -0.030813634857647
    -0.016351625913328     0.029672313145629    -0.016133228332074
    -0.031662134857647     0.017069023652053    -0.028453081443689
35 48
     0.004422728111615    -0.000509558453011     0.002438087364575
     0.000245634007307     0.003880396478962    -0.002499567617788
     0.002372216332829    -0.002867468411439     0.001640087207105
35 49
     0.029426243984631     0.016444120118418    -0.016382031683044
    -0.016365155675233    -0.028175095584530     0.030395430398085
     0.017215904824893     0.030483912540942    -0.027137075491308
35 50
     0.004798142794155    -0.002738231072058    -0.000209099143361
    -0.002938298532376     0.002228987748803    -0.002116081506677
    -0.000344791603679    -0.002494277935248     0.004201613000756
35 51
    -0.000904246094734     0.000013838372386     0.000304509983623
    -0.000026207262535    -0.000503508282943    -0.000033470395566
     0.000016958396321    -0.000041958490804    -0.000987135015117
35 52
    -0.194357454428067    -0.044593790595868     0.038261974269337
    -0.039606647738725    -0.196004635267070     0.043507630794911
     0.039082194507433     0.044879815318720    -0.193258168745276
35 53
    -0.027951567523306    -0.030716879881582     0.017137375062988
    -0.031668352103804    -0.028326442806752     0.017218305398085
    -0.016689678508440    -0.016476639046359     0.029954962207105
35 54
    -0.005993037761401     0.003832669721592    -0.004653624937012
     0.004298862181910    -0.002015341616276     0.003321622858403
    -0.004643789619552     0.003198013731419    -0.001918533824641
35 55
    -0.001427388951877    -0.001234221151424    -0.001569077317964
     0.000502814562862     0.002617936161502    -0.000838000157470
    -0.001731349143361     0.000965317302847    -0.000952125094482
35 56
    -0.203586757999496     0.049757501070799     0.049838875062988
     0.050388455435878    -0.203042795981355    -0.049553176744772
     0.049984910777274    -0.049165865236835    -0.202542646919879
35 57
     0.031000688429075    -0.017418147738725    -0.017251130889393
     0.016750405832703    -0.028063389235324    -0.031923456506677
     0.016803117126480    -0.031931668808264    -0.028015140967498
35 58
    -0.006386857205845    -0.004477810437138    -0.004428359063996
    -0.004587550516503    -0.001926545981356    -0.003742998173343
    -0.004572670571932    -0.003714345395566    -0.001931525888133
35 59
     0.009062279698917     0.000230915753338     0.000240486174099
    -0.000125151706979    -0.000653986457546     0.000396019683799
    -0.000008081286218     0.000401448255228    -0.000692301681784
35 60
     0.004622868984631    -0.000456016786344     0.002186490142353
    -0.000335919564122     0.004681678224994     0.002434168493323
     0.002398857205845     0.002671021667926     0.001932672524565
35 61
    -0.000540004031242     0.001447649880322     0.000637216332829
     0.001479120118418    -0.000546758282943     0.000969480001260
    -0.000947870968758    -0.000317093411439     0.003059728080121
35 62
     0.004835247952885     0.002256707420005    -0.000583361048123
     0.002416132023180     0.002211989732930     0.002473954207609
    -0.000504353111615     0.002274652620307     0.004870337207105
35 63
    -0.000051176650290     0.000801661785084     0.001189448475687
    -0.000814326310154     0.003545987748803    -0.000601248173343
     0.001217220301083     0.000707333175863    -0.000146726284958
36 1
    -0.031749029824893     0.014510572499370     0.031217490142353
    -0.024638633849836     0.031083860764676     0.019057396667926
     0.034071265936004    -0.011207468411439    -0.025301119142101
36 2
    -0.032490569507433    -0.034331254881582    -0.012894230095742
    -0.033295695357773    -0.026351248362308    -0.015451910871756
     0.015619502047115     0.013319057382212     0.031012099111867
36 3
     0.000057793587805    -0.007741415595868     0.002007688555052
    -0.002960483056185    -0.006190129314689     0.003280847064752
     0.004994906809020     0.005514997858403    -0.005712152872260
36 4
    -0.002409894904258     0.001240270912069    -0.000918126921139
    -0.000387562421265    -0.000776488441673    -0.000031734284455
     0.000351218316956    -0.000396061665407    -0.001694017951625
36 5
     0.002591615016377    -0.003197500913328    -0.001695773746536
    -0.001685002897455     0.002764263542454     0.000330922461577
    -0.002941527714790    -0.000490680713026     0.002830779667423
36 6
     0.000504150730663    -0.000936633849836     0.000737309586798
    -0.000236381865709    -0.000183049949609     0.000741297461577
     0.000034345301083    -0.000455289840010    -0.000836176681784
36 7
    -0.002557045697909     0.003448691546989     0.005741452443941
     0.003238699483497    -0.003488234473419    -0.005577684681280
     0.004852303634417    -0.004300839443185    -0.007659807634165
36 8
    -0.026684545697909    -0.017085356072058    -0.029588265810028
     0.015369066546989     0.029502779415470     0.016820041509196
    -0.030459767794155    -0.015511980316201    -0.027409087396070
36 9
    -0.003396095301083     0.003703935594608    -0.004419533667171
     0.004003038769211    -0.006347087648022     0.004345065318720
    -0.004086023746536     0.004341902620307    -0.003043136999244
36 10
    -0.001327490142353     0.001364217340640    -0.000303499937012
     0.001155820515243    -0.000655180901990    -0.000697252141597
     0.000467150856639     0.001831741906022     0.001752789588057
36 11
     0.001025611048123    -0.001264800516503     0.001214730221718
    -0.001748619960947     0.000368967907533     0.001344995874276
     0.001341109189972     0.001354876826657     0.000507745937264
36 12
    -0.001126172682036    -0.000112824326027     0.000111611174099
    -0.000202052500630     0.008517448066264    -0.000117218411439
    -0.000225458270345    -0.000213633093978    -0.001101037792895
36 13
    -0.002891855221718    -0.005405280675233    -0.003505807476694
    -0.004175157659360    -0.008124369394054    -0.004339565633661
    -0.002941517794155    -0.004797313649534    -0.003600553665911
36 14
     0.002554355095742     0.000849626070799     0.000681132999496
    -0.001592953294281    -0.000264710663895     0.001508745874276
    -0.000334283667171     0.001167487937768    -0.000895037792895
36 15
     0.001050339222726     0.000934469324767     0.001517482205845
     0.000915983213656     0.001163202034518    -0.001041853332074
     0.001573023872512    -0.000746605316201     0.000995938397581
36 16
    -0.001598160777274     0.000618673689846    -0.001274759857647
    -0.000737437421265     0.002053225844041     0.001418410556815
    -0.001170615016377    -0.000759571586042    -0.000918563586546
36 17
    -0.003115708396321     0.003907139959688    -0.003992872952885
     0.003628094324767    -0.003328490425800     0.004597612937768
    -0.004013031683044     0.004648795477450    -0.006275767951625
36 18
    -0.026535073475687     0.032131709404132     0.017022222285210
     0.028836435594608    -0.026439460663895    -0.014942216427312
    -0.014919097159234     0.016966575239355     0.028850188397581
36 19
    -0.000155646888385    -0.004022994960947     0.003553916729655
    -0.003305336230789     0.002943549256740     0.001276888731418
     0.003615220301083     0.001224934366339     0.003242069349962
36 20
    -0.000992813555052    -0.000582092183170     0.000491392920131
    -0.000340100119677    -0.001188333679768    -0.000091583490804
     0.000463394904258    -0.000944456506677     0.008422591175359
36 21
    -0.002379521888385    -0.004096917579995    -0.004572954302091
    -0.003802143770471    -0.002771883282943    -0.004411480316201
    -0.004742091206853    -0.004366289840010    -0.006608256046863
36 22
     0.001652829302091    -0.000415155675233    -0.000609920571932
     0.000330114166037    -0.001295748362308     0.001293112937768
     0.001840279824893     0.001423936350466    -0.000620152872260
36 23
     0.001985269778282     0.001572058610481     0.002504617126480
     0.002857219324767     0.002378965923406    -0.000218819601915
     0.001581222285210     0.000826416509196     0.003350980064248
36 24
    -0.001948773872512    -0.001061889802217     0.001416031809020
    -0.000541631865709     0.002662771478962     0.001093355001260
     0.000807452443941    -0.001090146982867    -0.000817428665911
36 25
     0.002048192397329     0.001363782816830    -0.001429553508440
     0.001609036785084     0.000804156399597     0.001725948255228
    -0.001217763825901     0.001469196271101     0.001123061413454
36 26
    -0.002031309586798    -0.001283381865709     0.001269313555052
    -0.002182985040312    -0.000163651140086     0.000023065318720
     0.000257982205845     0.000485656588561     0.002187843159486
36 27
    -0.000343043713782    -0.003075494960947     0.005507228237591
    -0.003028627897455    -0.007139454711514     0.005257085159990
     0.001744990142353     0.003571321271101    -0.005605430650038
36 28
    -0.001117097285210    -0.000059242976820     0.000086646888385
     0.000011874086672    -0.001390667013102     0.000618860953641
    -0.000007035651298     0.000512825239355    -0.001216388983371
36 29
     0.000645640810028    -0.001210409643487    -0.001030587238599
    -0.001245272738725     0.000486973859914    -0.001049672776518
    -0.000970482079869    -0.000973426744772     0.000678027683296
36 30
     0.001756670571932     0.000441441546989    -0.000179394778282
    -0.001506352103804    -0.001226837648022    -0.000728432697153
     0.001058551650290    -0.000685587459058    -0.000561041761149
36 31
    -0.002533561570925     0.003777764959688     0.004238960380448
     0.004554199483497    -0.007015262251197    -0.004429393014613
     0.003825113158226    -0.004159956506677    -0.002916948507181
36 32
    -0.030578067523306     0.016067737181910    -0.032143444381456
    -0.016267030675233     0.031189965923406    -0.017197734284455
    -0.032346176524313     0.017462055398085    -0.029584918745276
36 33
    -0.200589045697909     0.048239590356513    -0.047612656683044
     0.048879798689846    -0.202220045981355     0.045472103017133
    -0.047818732079869     0.045299243890149    -0.201188385015117
36 34
    -0.031277257999496     0.032659564562862    -0.015984492000504
     0.032806876070799    -0.029187885267070     0.017468017699672
     0.015802027840766    -0.016918230316201     0.031890071334089
36 35
     0.004075162635425    -0.003064201310154     0.000831023872512
    -0.002789951310154     0.001424207986898     0.002655660556815
     0.000222821491560     0.002577462144117     0.004463620937264
36 36
     0.892393527714789    -0.002291389802217     0.002806759983623
    -0.002291389802217     0.919801164336104    -0.013497865236835
     0.002806759983623    -0.013497865236835     0.903048878873771
36 37
    -0.185715371094734    -0.033381570357773    -0.044431771762409
    -0.034672596151424    -0.190878081695641    -0.038092131109851
    -0.038354831286218    -0.037965200554296    -0.194038684618292
36 38
     0.031119749937012    -0.016893415595868     0.016121960380448
     0.016075247102545    -0.031311127330562     0.033060424445704
    -0.016668954302091     0.034058450239355    -0.031264037792895
36 39
     0.002030851127488     0.003789673689846     0.001247744110607
     0.001648302658100     0.002467376637692    -0.001766639046359
     0.000096252047115    -0.001216871189216     0.003349783635677
36 40
    -0.028104097285210    -0.015178117976820     0.031030777840766
     0.016039661785084     0.031382358780549    -0.015160014046359
     0.030538984189972     0.016974785556815    -0.027289148904006
36 41
     0.003740045571932     0.000055493134291    -0.003245402714790
    -0.000167544564122     0.002959862748803     0.003269567302847
    -0.002520372952885     0.002208922461577     0.001831533635676
36 42
    -0.001853599269337    -0.001836260833963     0.000204690539179
    -0.001789750913328    -0.000649299949609     0.001257374842530
     0.001089988158226    -0.001217722379693     0.002327313397581
36 43
    -0.006873099269337    -0.004403822341900     0.004718184586798
    -0.004439147738725    -0.003152454711514     0.005028099048879
     0.004704115142353     0.004645989921895    -0.002941188586546
36 44
    -0.001964652840766    -0.000867147738725    -0.000338819381456
    -0.000439225119677    -0.003112032092467    -0.000175803728899
    -0.000087321365583     0.000105035556815    -0.003325085411943
36 45
     0.002448682476694    -0.000685175516503    -0.001104944381456
    -0.000179235040312     0.004870882590073    -0.001355758093978
    -0.001594134857647    -0.002233902935248     0.000107186413454
36 46
     0.026801222159234     0.017265320515243     0.017671720301083
    -0.015594651706979    -0.029369565822625    -0.035864079522550
    -0.016515686444948    -0.032879224363820    -0.033185394935752
36 47
    -0.006491783793147     0.004065872102545     0.004393053634417
     0.004818685594608    -0.002732730505165    -0.003102055713026
     0.005097476253464    -0.003429127141597    -0.003232073507181
36 48
    -0.001678156809020     0.000259378054926     0.001712525856639
    -0.001260429484757     0.002536852828168    -0.000220769998740
     0.001091827443941     0.000926005794911    -0.000136654856387
36 49
     0.003677859063996     0.003162556626354    -0.000150468190980
     0.002135155832703     0.001472985764676     0.002133228017133
    -0.000356109063996     0.001999636747292     0.003606307445200
36 50
    -0.028651242126480    -0.031161919564122     0.015761339348702
    -0.031228362024439    -0.027020430901990     0.015994966112371
    -0.015288055492567    -0.016163303728899     0.030747745937264
36 51
    -0.187730006015369    -0.035619850119677     0.038510448475687
    -0.035998895754598    -0.193181301933736     0.036726702223482
     0.037359819507433     0.035563515715545    -0.191785502078609
36 52
    -0.001724589348702    -0.000368729087931    -0.000301337238599
     0.000212913769211    -0.003990053917863    -0.000024696586042
    -0.000012694381456     0.000048289525069    -0.002470535808768
36 53
     0.004130047556059    -0.002017568373646    -0.000801936444948
    -0.002271665595868     0.000880388542454    -0.001128146982867
    -0.000180817397329    -0.002123414840010     0.003670470143613
36 54
     0.029337452317964    -0.018266643770471    -0.016814311444948
     0.017455173689846    -0.030501510267070    -0.031066329522550
     0.015574946491560    -0.034954012062232    -0.026350275888133
36 55
    -0.187511023872512     0.041221090356513     0.033847861174099
     0.048135751070799    -0.205725732489292    -0.048201702538423
     0.033149761967750    -0.040694833490804    -0.188774492157974
36 56
    -0.001037267920131    -0.000945312421265    -0.001365936444948
    -0.000047233056185     0.002757285367851    -0.000684504125724
    -0.001577853111615     0.000913733969514    -0.000743638983371
36 57
    -0.006070946491560     0.004082538769211    -0.004328317397329
     0.003992217340640    -0.002632557886117     0.004154341112371
    -0.004450771762409     0.004366305398085    -0.002667633030990
36 58
    -0.000923742126480     0.001201126070799     0.001005329428068
     0.000929510991434    -0.000333339632149     0.001090799445704
    -0.000203184460821    -0.000464121189216     0.003172982048375
36 59
     0.003756769778282    -0.000883772738725     0.003243049666163
    -0.000645715199043     0.004724469891660     0.002621692302847
     0.003014154824893     0.003148547461577     0.001578581254724
36 60
     0.009659359063996    -0.000106080278408     0.000241428634417
     0.000136141943815    -0.002526615425800    -0.000136908887629
    -0.000018281683044     0.000058245874276    -0.002354694538927
36 61
    -0.007296763951877    -0.004281663611741    -0.004093970175107
    -0.004663193373646    -0.003811301933736    -0.003573597379693
    -0.004294634857647    -0.003476994205089    -0.003002388983371
36 62
     0.029989238032250     0.016037018927942    -0.015931797556059
    -0.017567056468884    -0.028626803917863     0.031003501826657
     0.018356757999496     0.031206376826657    -0.028709154856387
36 63
     0.004421688429075     0.000163973293021     0.002397761967750
     0.000150485197783     0.004105194098010    -0.002292575554296
     0.002912581412195    -0.001888192617788     0.001087406651550
37 1
     0.000306821365583    -0.001338758849836    -0.003686726127488
    -0.003092939405392     0.001118364732930     0.002826186350466
    -0.001774765810028     0.001088265715545     0.003631942365835
37 2
    -0.234784843316956    -0.143744836230789     0.067801803634417
    -0.127315875913328    -0.251563369394054     0.121466503810784
     0.064594095301083     0.141528166509196    -0.236478714380196
37 3
    -0.030362480221718    -0.029526496945074     0.023468222285210
    -0.029227788611741    -0.032786625346435     0.015331386747292
    -0.014464874937012    -0.025171768014613     0.025691283635676
37 4
    -0.001308293713782     0.002504314562862    -0.002198593190980
     0.000715132023180     0.003395015526581    -0.004411194601915
     0.001025811570925    -0.005740077538423     0.003009668556311
37 5
    -0.002945033793147    -0.000836207262535    -0.000655990016377
     0.001237691546989    -0.003243732489292     0.000392837144117
     0.000347565539179     0.000677178413958    -0.001613408824641
37 6
    -0.002634498078861    -0.000321340199043     0.002367718316956
    -0.002571687421265    -0.006672670981356     0.005151962144117
     0.001896938555052    -0.000301305713026    -0.001787740173847
37 7
     0.001448305492567     0.000019610197783    -0.000780388825901
    -0.000389106072058    -0.001312730505165    -0.007941894998740
     0.000974646888385    -0.001376730316201    -0.002480746126228
37 8
    -0.194603444507432     0.040611062578735    -0.047425232079869
     0.040652760991434    -0.191469841616276     0.037759831191736
    -0.042121549540186     0.040496753810784    -0.187894525888133
37 9
    -0.028768619110607     0.016900729245402    -0.031619374937012
    -0.014398516786344     0.031510541320232    -0.014509644998740
    -0.033504305492567     0.016365011747292    -0.029453075491308
37 10
     0.002295736048123     0.001025885991434     0.001395783793147
    -0.000002360040313     0.003156198066264     0.002241037540942
     0.002777244110607     0.001282726033006     0.002068476095994
37 11
    -0.001488787761401     0.001689243134291     0.001283513951877
     0.005471074483497    -0.003116903124213     0.002420410556815
    -0.000251547556059    -0.000067264046359     0.000784557445200
37 12
    -0.003597946491560    -0.004282780675233    -0.003615855095742
    -0.004715608056185    -0.008383547965482    -0.005430178728899
    -0.003012240016377    -0.004272523966994    -0.002903851284958
37 13
    -0.000948504031242     0.002654387975561    -0.001151023746536
    -0.002108338214916     0.014584009574200     0.002637849048879
    -0.002015049540186    -0.002053454522550    -0.000968617157974
37 14
     0.003042456286218     0.001061419721592     0.003563916729655
     0.001511741150164     0.004075668304359    -0.001467589443185
     0.001357559586798    -0.000028277935248     0.003014773715042
37 15
     0.002236940413202    -0.000395362024439     0.000134015936004
     0.000428177658100    -0.000617293997229     0.001959561350466
     0.001038742126480     0.001396753810784    -0.001606250094482
37 16
    -0.005643684586798     0.001196717340640    -0.002866226127488
     0.005524382023180     0.000145479812295     0.000863325239355
    -0.005648646762409     0.007304537540942    -0.006694252078609
37 17
    -0.000485482205845     0.000331433610481    -0.001439089222726
     0.000458788769211     0.001265888542454    -0.000551847379693
    -0.001653188429075    -0.000405470395566    -0.000779331443689
37 18
     0.003056652714790    -0.003734621945074     0.000988506015369
    -0.002986744960947    -0.000391081695641     0.003497198255228
     0.001035746094734     0.003367684366339     0.002990999905518
37 19
    -0.030120920697909     0.031167798689846    -0.014136299540186
     0.032769858213656    -0.030549071775006     0.015799803413958
     0.016230813555052    -0.014481081506677     0.024721380857899
37 20
    -0.006181837364575    -0.007164423532376    -0.005381698349710
    -0.001576905675233    -0.000892079711514    -0.005639668808264
    -0.003118011841774    -0.002260472379693    -0.005951472316704
37 21
    -0.001781795697909     0.000014001070799     0.002169454428068
    -0.000214699326027    -0.000974504314689     0.001101809366339
     0.000106252047115    -0.000123805713026     0.007413930461073
37 22
     0.000472680492567     0.001193387975561     0.001244988158226
     0.001345058610481     0.000704755605946    -0.001902222379693
     0.001244373078861    -0.001298204522550     0.000453783635676
37 23
     0.000787495968758     0.001443477261275     0.002615150856639
    -0.000002086230789    -0.001847655108340     0.004824095080625
     0.000149190539179     0.001345150636180    -0.002770708427816
37 24
     0.004508702317964     0.001279778848576     0.000866565539179
     0.001484937578735     0.001786525447216     0.002784769683799
    -0.001554079302091     0.002268587144117     0.001930132842026
37 25
    -0.000820206412195     0.001181326467624     0.001843480221718
     0.000207606229529     0.001739910367851    -0.001327762062232
     0.000711829428068     0.000207055398085    -0.002216627078609
37 26
    -0.006936583396321    -0.004849588214916     0.004483972285210
    -0.004137665595868    -0.002148772171832     0.001744855001260
     0.003593200459814     0.002478765715545    -0.002414220332577
37 27
    -0.001235317523306    -0.001238201310154    -0.000043988032250
     0.000101816546989    -0.000763325743260     0.001845499842530
     0.001677458396322    -0.001547319601915     0.000778505857899
37 28
     0.000197378905266    -0.001308949326027    -0.001293944381456
    -0.002658806468884     0.000242211955152    -0.000988974363820
    -0.001568817397329    -0.000764940633661     0.000226797524565
37 29
    -0.001066007999496     0.000561884007307     0.000324696491560
    -0.000153828294281    -0.001550397171832     0.000188991906022
     0.000348111174099    -0.000368442617788    -0.000999910808768
37 30
    -0.002871478237591     0.002647485197783     0.004118013951877
     0.002128217340640    -0.003735208679768    -0.003970768014613
     0.006261894904258    -0.004316978332074    -0.006422605253212
37 31
     0.002141789619552    -0.000535316389519     0.001055369110607
     0.000893893927942    -0.001536383282943    -0.001206228332074
    -0.000289918587805    -0.001380222379693    -0.001310136999244
37 32
    -0.002479341332829     0.004636155832703    -0.003164035651298
     0.005727413769211    -0.008321030108340     0.004235930398085
    -0.003245583270345     0.004014664525069    -0.002644357237339
37 33
    -0.029181444507433    -0.016136615992693    -0.033178122952885
     0.014135118134291     0.031744207986898     0.014339767699672
    -0.031128263825901    -0.016746771982867    -0.028571698507181
37 34
     0.002254843190980    -0.001474891786344     0.002642166729655
    -0.002988179484757     0.003679243701184     0.000649557382212
     0.001637121094734    -0.001094246189216     0.002648757842026
37 35
    -0.033099236174099     0.035316967340640     0.015965182602671
     0.029676618134291    -0.028253163044848    -0.018193299760645
    -0.011388335254472     0.013577321271101     0.029310057445200
37 36
    -0.185715371094734    -0.034672596151424    -0.038354831286218
    -0.033381570357773    -0.190878081695641    -0.037965200554296
    -0.044431771762409    -0.038092131109851    -0.194038684618292
37 37
     0.911317980095741     0.069866973293021     0.002563761967750
     0.069866973293021     0.994923922272612    -0.070572341427312
     0.002563761967750    -0.070572341427312     0.911807001889644
37 38
     0.001958601127488     0.000123003054926     0.001716869110607
     0.001238566546989     0.002980126637692    -0.002069535871756
     0.003767263951877    -0.001728440633661     0.002366398715042
37 39
     0.023904327317964     0.024411342340640    -0.015182222159234
    -0.015071002897455    -0.031352119394054     0.031284650636180
     0.025335470301083     0.030395737937768    -0.031649904856387
37 40
     0.001254128905266     0.002090550673973    -0.002887813429075
     0.001440356229529     0.005048487748803     0.000322525636180
    -0.002151172556059     0.000116519683799     0.004328787603930
37 41
    -0.030550478237591     0.015097911785084     0.035831256015369
    -0.017044100119678     0.026364491717057     0.017923731985387
     0.033913970301083    -0.015066468411439    -0.031597154856387
37 42
    -0.001771873078861    -0.005827217183170     0.001236849269337
    -0.002974431468884    -0.008166545981355     0.002711414525069
     0.002366081412195     0.005350636747292    -0.001035125094482
37 43
    -0.001971123078861    -0.001340278691106     0.000895093316956
    -0.001805578294281    -0.000939450743260    -0.000557861268582
    -0.000178416603679     0.000610974048879     0.001801622921391
37 44
     0.003259573349710    -0.000583479087931    -0.003225160651298
     0.000004719324767     0.003377346875787    -0.002284889046359
    -0.002147978111615    -0.002258980316201     0.002037101095994
37 45
    -0.001393716332829    -0.000543631865709     0.000933089348702
    -0.000216790595868    -0.001772488441673    -0.000051468411439
    -0.001061416603678     0.001411581191736    -0.004246627078609
37 46
    -0.174202676650290     0.042965239166037     0.028141254031242
     0.065914792737465    -0.190673186854371    -0.065763539840010
     0.027814906809020    -0.042542240236835    -0.172862083427816
37 47
     0.029408317397329    -0.014098334246662    -0.011438037635425
     0.018080630039053    -0.029244476536911    -0.030144391030486
     0.015577319507433    -0.035267893014613    -0.033915386999244
37 48
     0.000126194381456     0.000491921705719    -0.001422940413202
     0.000850014959688     0.000762231796422     0.003591394683799
    -0.000776829302091     0.001360114921895     0.001061656651550
37 49
    -0.001940414745528     0.000419975277148     0.001479440539179
     0.001460975277148     0.001531989732930     0.000588642699672
     0.001348109189972    -0.001025254125724    -0.002047881046863
37 50
    -0.001515890936004    -0.003179250913328     0.003206373078861
    -0.001921792579995    -0.003322551933736     0.001007380794911
     0.003864287761401     0.003621555398085    -0.006327567554800
37 51
    -0.027879904824893    -0.030928306468884    -0.015892642794155
    -0.030664076310154    -0.029586672965483    -0.016611383093978
     0.017531662761401     0.017669624842530     0.029792434429327
37 52
     0.002263386841774    -0.002903435437138    -0.001235678508440
    -0.003209266786344     0.002288575050391    -0.002420906903502
     0.000702648872512    -0.001341851347947     0.004925525699169
37 53
    -0.001505101253464     0.000313225277148    -0.000451402714790
    -0.000126096151424    -0.002002232489292    -0.000062732300327
    -0.000448724143361    -0.000131180713026    -0.001485218348450
37 54
    -0.008044321491560     0.004150774880322     0.003491472285210
     0.003607243134291    -0.003157006298816    -0.002693039840010
     0.003952039745528    -0.003518152935248    -0.000901714380197
37 55
     0.031492327317964     0.018837759007307     0.016736269904258
    -0.017504179484757    -0.030525978521038    -0.032060287855883
    -0.015985519778282    -0.032251349363820    -0.030293180650038
37 56
    -0.003055666729655     0.002658356229529    -0.005227152714790
     0.003289211388259    -0.003622460663895     0.003650785556815
    -0.004376509857647     0.004374343096498    -0.005651827475435
37 57
    -0.000752345301083     0.001313832420005    -0.001322283667171
    -0.001172338214916     0.002415571082137     0.001083755794911
    -0.001348178508440    -0.001387835474931    -0.000695946523054
37 58
     0.000849109063996    -0.001363455278408     0.000997988158226
    -0.001206044564122     0.000618039336105     0.000945214128244
     0.001147658793147     0.001088737937768     0.001243043556311
37 59
    -0.001324379031242     0.001465645912069    -0.000304791603679
     0.000847854245402    -0.001007901140086    -0.000845643014613
     0.001053498078861     0.000571531588561     0.002505892762661
37 60
    -0.006334664745528    -0.005058411627614    -0.005038662635425
    -0.004018788611741    -0.003797861457546    -0.003881619205089
    -0.004609688429075    -0.002592394998740    -0.002343758030990
37 61
     0.007753462238599     0.000884005039053     0.000377563555052
    -0.000709123929201    -0.001301922965483     0.000754692302847
     0.002132208396322    -0.000037885078105    -0.002122952475435
37 62
     0.004792839222726     0.002389437578735     0.000400236174099
     0.002604387975561     0.001564575050391    -0.002761333490804
     0.000210351253464    -0.002687389046359     0.004492281651550
37 63
     0.030173664619552    -0.017530233056185     0.018280170697909
     0.015890304642227    -0.029543051933736     0.030360089128244
    -0.016034450333837     0.030331166509196    -0.027859531840514
38 1
    -0.032490057602671     0.031816209404132     0.014789775856639
     0.034719965356513    -0.025809680901990    -0.011603662855883
    -0.024408783667171     0.019027571271101     0.030873714191232
38 2
    -0.030962222285210    -0.012078867976820    -0.032885069381456
     0.016044028848576     0.030893459971025     0.013232904604434
    -0.031781172556059    -0.015305402935248    -0.025510692554800
38 3
    -0.000120484189972     0.001534971308894    -0.007305650730663
     0.004563366150164    -0.006051670981355     0.005740162540942
    -0.002716392794155     0.003297537540942    -0.006271444538927
38 4
     0.000682077317964     0.000472032816830    -0.000571216206853
    -0.000001838214916    -0.000776905108340    -0.000394543808264
    -0.000067081286218     0.000768228017133    -0.000196184618292
38 5
    -0.002318037761401     0.005769760991434     0.003345636967750
     0.004805846308894    -0.007258653124213    -0.004180137062232
     0.003233172682036    -0.005449516030486    -0.003039136999244
38 6
    -0.002897127047115    -0.001247871945074     0.001336720301083
     0.000175217340640    -0.002129216616276    -0.000349762062232
    -0.000106079302091     0.000046499842530    -0.001124093348451
38 7
     0.002228051524313    -0.001468421548249    -0.003156761841774
    -0.002867451310154     0.002281098859914    -0.000702244205089
    -0.001696495968758     0.000228950239355     0.002132150699169
38 8
    -0.000981573475687    -0.001174344167297     0.000551894904258
    -0.001080834246662    -0.000399387251197    -0.000831518014613
    -0.000824067397329     0.001375434366339     0.002499495937264
38 9
    -0.003083123078861    -0.003975677500630     0.004055127047115
    -0.004066612024439    -0.006342254314689     0.004606005794911
     0.003677426650290     0.004493817302847    -0.003248553665911
38 10
    -0.026011392920131     0.016888979245402     0.031554285777274
    -0.014897205278408     0.028639652431343     0.016894688334593
     0.028362601253464    -0.014906343411439    -0.026039252078609
38 11
    -0.000176166729655     0.003571711388259    -0.003689984063996
     0.003647104245402     0.002928051240867     0.001063811350466
    -0.003062690413202     0.001128541509196     0.002890579270597
38 12
     0.001754924540186    -0.000669937421265    -0.000284478111615
     0.001880546705719    -0.000724718600403     0.001345847064752
     0.000465867126480     0.001136781588561    -0.001268829459562
38 13
     0.001990367000504     0.002361731229529     0.001382728237591
     0.001377566546989     0.003269213939279     0.001025124842530
     0.002791682602671     0.000000351033006     0.002264404667423
38 14
    -0.000633297682036     0.000619262975561    -0.000312081286218
     0.000463145912069     0.008915372669438    -0.000713188649534
    -0.000122208270345     0.000053152620307    -0.000652079459562
38 15
    -0.002141063555052    -0.004585393770471    -0.003763482079869
    -0.004602667579995    -0.006357089632149    -0.004204412855883
    -0.003512150730663    -0.004273815633661    -0.002702728269085
38 16
    -0.027004813555052    -0.028779689405392    -0.017392349143361
    -0.029560338214916    -0.027370815822625    -0.015645148966994
     0.015723835380448     0.016643968096498     0.028797144746788
38 17
    -0.003511111174099    -0.004487348135551     0.003751412761401
    -0.004084931468884    -0.003469157092467     0.004331178413958
     0.004097543713782     0.004461960159990    -0.006577309618292
38 18
    -0.001293101253464    -0.000338153691106     0.001410132999496
     0.000377409800957     0.001613372669438     0.001891474048879
     0.001236353237591    -0.000592635078105    -0.000760978269085
38 19
     0.000988700333837     0.000830516943815    -0.001062672556059
     0.000896387975561     0.000369882590073     0.001411704207609
    -0.001577829302091     0.001410599048879     0.000453777683296
38 20
     0.002169658667171     0.000398294721592     0.000905928634417
    -0.000516125913328    -0.001619875346435     0.000977606985387
    -0.001596654698917     0.001296958175863    -0.000909450491308
38 21
     0.000617450333837     0.001210594324767     0.000810581412194
     0.001301705435878     0.000701575050391    -0.000911914840010
     0.000824484189972    -0.001200125157470     0.000678952286470
38 22
    -0.001162698475687     0.000256356229529     0.000006240142353
    -0.000291411627614    -0.001167540028975    -0.000276071586042
    -0.000301519778282    -0.000015523966994     0.008496680461073
38 23
    -0.002997382999496    -0.003560679484757    -0.005270472159234
    -0.002868806468884    -0.003807075743260    -0.004949129125724
    -0.003904202317964    -0.004406668808264    -0.008346186602419
38 24
    -0.001938801650290     0.001353497102545    -0.000902307476694
     0.000856467340640    -0.000876270187705    -0.001066204522550
    -0.000376347159234     0.001111267699672     0.002570154667423
38 25
     0.002018414619552    -0.001494580278408     0.001487232205845
    -0.001269489008566     0.000686614732930     0.001439263731418
     0.001659436570925     0.001686110953641     0.001033019746788
38 26
    -0.002043087364575     0.001109005039053    -0.001092900730663
     0.000093114166037     0.001960432193248     0.000495005794911
    -0.001996567397329    -0.000007678728899    -0.000128948507181
38 27
    -0.000399071491560     0.005613891943815    -0.003065361048123
     0.001837346308894    -0.005806371378181     0.003627150636180
    -0.002993434460821     0.005194735953641    -0.007143347316704
38 28
     0.001564249937012    -0.000276106072058     0.000733557602671
     0.000977848293021    -0.000902708679768    -0.000565073570169
    -0.001121835254472    -0.000625510078105    -0.001436555650038
38 29
    -0.002537136967750     0.004082727261275     0.003944073475687
     0.003686326467624    -0.003089817806752    -0.004104732300328
     0.004702468316956    -0.004423637062232    -0.007157388983371
38 30
    -0.001080732205845    -0.000186171548249     0.000162890936004
    -0.000242752897455    -0.001164004314689     0.000387007779038
     0.000245377047115     0.000467827223482    -0.001193708427816
38 31
     0.000555535651298    -0.001147223135551    -0.001143003905266
    -0.001002951310154     0.000683446082137    -0.000990702538423
    -0.001131686444948    -0.001053541824137     0.000599509826153
38 32
    -0.031511595301083    -0.032282000913328     0.015971341332829
    -0.032560556468884    -0.029619700743260     0.017376456191736
    -0.016958726127488    -0.017663904919375     0.031306039588057
38 33
    -0.204245198475686    -0.051480022738725     0.052145004031242
    -0.051852102103804    -0.204748962648022     0.048837793493323
     0.052870093316956     0.049062533572688    -0.205154176681784
38 34
    -0.031477160777274    -0.015756673532376     0.032847168713782
     0.016257225277148     0.031967198066264    -0.017241041824137
     0.033062353237591     0.017219934366339    -0.029661345332577
38 35
     0.004012759857647     0.000676060594608    -0.002955315413202
     0.000096772896196     0.004406666320232     0.002600976033006
    -0.002603728111615     0.002703751826657     0.001281954270597
38 36
     0.031119749937012     0.016075247102545    -0.016668954302091
    -0.016893415595868    -0.031311127330562     0.034058450239355
     0.016121960380448     0.033060424445704    -0.031264037792895
38 37
     0.001958601127488     0.001238566546989     0.003767263951877
     0.000123003054926     0.002980126637692    -0.001728440633661
     0.001716869110607    -0.002069535871756     0.002366398715042
38 38
     0.899892222159234     0.014610971308894    -0.010607878905266
     0.014610971308894     0.915905081002771    -0.013418510078105
    -0.010607878905266    -0.013418510078105     0.927877045540438
38 39
    -0.189335426650290    -0.048378439405392    -0.037748095175107
    -0.042967223135551    -0.196086165028974    -0.039418573570169
    -0.039599047556059    -0.039415956506677    -0.194279383030990
38 40
    -0.001454750062988     0.001642893927942     0.000518563555052
     0.001157885991434    -0.000043057886117     0.000938551429831
    -0.001044190413202    -0.000285549760645     0.002676809429327
38 41
     0.003782392794155     0.000020380039053     0.003447382999496
    -0.000411445357773     0.003738446082137     0.001988257779038
     0.002422952443941     0.002200212144117     0.001923991969010
38 42
    -0.029005752047115     0.015756876070799    -0.031003398746536
    -0.015046526706979     0.030308908383724    -0.015921434681280
    -0.031177311444948     0.016177567302847    -0.027579478269085
38 43
    -0.187118877047115     0.036930564562862    -0.034316904698917
     0.035693576467624    -0.191652996378181     0.034766039525069
    -0.034208809460821     0.035673654604434    -0.191839855253212
38 44
     0.029123319381456    -0.017135510833963    -0.018311783667171
     0.015220124086672    -0.026605823759133    -0.034961238252708
     0.017410254031242    -0.031226924760645    -0.030675877078609
38 45
    -0.186505220301083     0.033111961388259     0.041369216332829
     0.032635614166037    -0.188762034076594    -0.040114817617788
     0.048515440539179    -0.048114363252709    -0.205880730253212
38 46
    -0.002043930618544    -0.000357917579995    -0.000193243984631
    -0.000093552500630    -0.002776607489292     0.000086860953641
     0.000283388951877    -0.000016559681280    -0.004337061602419
38 47
     0.003913438429075    -0.000812865992693    -0.002026785651298
    -0.000221090199043     0.003453727828168    -0.002118490236835
    -0.002159823349710    -0.001086587459058     0.000673259826153
38 48
    -0.028204684586798     0.030894014959688    -0.014993688429075
     0.030080669721592    -0.027550313838498     0.016656045477450
     0.015936027840766    -0.015161579522550     0.031064428476946
38 49
     0.003479331286218    -0.003484431468884     0.000116692523306
    -0.002671619960947     0.001199569098010     0.002192168493323
    -0.000079033667171     0.003205926429831     0.002670640778534
38 50
    -0.001403019904258     0.000142842340640    -0.001661124937012
     0.001043737181910     0.002567402431343    -0.001337593411439
    -0.001668355095742     0.001018610953641    -0.000356045729403
38 51
    -0.006650783793147     0.004676661785084    -0.004372015810028
     0.004574828451751    -0.003044718600403     0.004664517699672
    -0.004301730095742     0.004975805398085    -0.003192418745276
38 52
     0.026610507873520     0.017787907816830     0.017582573475687
    -0.016263362024439    -0.032956220584530    -0.033217506109851
    -0.015140493984631    -0.035757795792391    -0.029192577475435
38 53
    -0.006635105221718     0.004172318531116     0.003977474269337
     0.005022808610481    -0.003294403124213    -0.003529956506677
     0.004847257999496    -0.003159875157470    -0.002841696523054
38 54
    -0.001770325459814    -0.000352881865709    -0.000536150730663
    -0.000097602103804    -0.003327176933736     0.000208735953641
    -0.000141353111615    -0.000071472379693    -0.002904317554800
38 55
     0.002433948349710    -0.001192397738725    -0.000571853111615
    -0.001682149722852    -0.000050649155959    -0.002221512062232
    -0.000089037635425    -0.001308293808264     0.004839091175359
38 56
    -0.001077670697909    -0.001331300516503    -0.000852525730663
    -0.001468508849836    -0.000756506298816     0.000924311350466
     0.000015347285210    -0.000692226347947     0.002553569349962
38 57
    -0.006071974269337    -0.004493449326027     0.004258718316956
    -0.004526308453011    -0.002868599552784     0.004374656588561
     0.004135053634417     0.004116220080625    -0.002520299697657
38 58
    -0.000959019904258     0.000938262975561     0.001369490142353
    -0.000263889802217     0.003043993701184    -0.000475260078105
     0.001043140936004     0.001085043493323    -0.000396684618292
38 59
     0.003698367000504     0.003166614166037    -0.000702414619552
     0.002903009007307     0.001460303224994     0.003088132779038
    -0.000422519778282     0.002533837144117     0.004521539588057
38 60
     0.029759831286218    -0.015951193373646     0.016286339348702
     0.018441491150164    -0.029097282092467     0.031450781588561
    -0.017326956286218     0.031083285556815    -0.028829361205593
38 61
     0.003912958270345     0.002534223293021     0.000145315539179
     0.003035155832703     0.000528156399597    -0.001533281903502
     0.000123440539179    -0.002048329522550     0.003465319349962
38 62
     0.009889585254472     0.000294405832703    -0.000152511841774
    -0.000028332262535    -0.002292845584530    -0.000205057697153
     0.000072833396321    -0.000353833490804    -0.002405821523054
38 63
    -0.006903464348702    -0.004080764802217    -0.004458327317964
    -0.004199165595868    -0.002533347568657    -0.003750510078105
    -0.004770468190980    -0.003835402935248    -0.003491635015117
39 1
     0.000142293587806    -0.003270235040312    -0.001137767794155
    -0.001543820357773     0.003367573066264     0.001003640715545
    -0.003040374937012     0.002744382779038     0.001612160619803
39 2
    -0.220437496094734     0.050925812578735    -0.125633738032250
     0.047552493134291    -0.224095161060721     0.127529083175863
    -0.111688638825901     0.110162408572688    -0.242547871126228
39 3
    -0.030400007999496     0.022740651864449    -0.031519069381456
    -0.014719919564122     0.025597457986898    -0.025373408887629
    -0.029482609063996     0.015339849048879    -0.033004998110355
39 4
    -0.002617571491560     0.002535963372386    -0.000333509857647
     0.001931251070799    -0.001658026140086    -0.000075365236835
    -0.001620422556059     0.004513414525069    -0.006374238189720
39 5
     0.001747688429075    -0.000803183453011    -0.000158406683044
     0.000971435594608    -0.001885024155959    -0.000976458490804
    -0.000601293587805    -0.006916329522550    -0.000823940570673
39 6
    -0.001127525856639    -0.002275316389519     0.002093051650290
     0.000560931626354     0.002839537351978    -0.005582333490804
    -0.000026545571932    -0.004062813649534     0.004255228080121
39 7
    -0.003295097285210    -0.000490990992693    -0.000844430492567
     0.000466137975561    -0.002130772171832     0.000798184366339
     0.001138162761401     0.000602886747291    -0.004159527872260
39 8
    -0.005025222285210    -0.002657038611741     0.001084226253464
    -0.005413869960947    -0.006336883282943     0.007830410556815
     0.005427966332829     0.001123620874276     0.000768942365835
39 9
    -0.000434896888385    -0.001476371945074     0.000242333396321
    -0.001689897738725    -0.000773000346435    -0.000160690633661
     0.000401210380448    -0.000393996189216     0.001893892762661
39 10
     0.002868458270345     0.001150284800957    -0.003652007873520
     0.001221884007307     0.003028406399597     0.003557741906022
    -0.003032615016377     0.003572593096498    -0.000223680650038
39 11
    -0.030457565539179    -0.013961233056185     0.031815847285210
     0.015792068531116     0.024160305209121    -0.013869385078105
     0.033393468316956     0.015882728017133    -0.030384474300831
39 12
     0.000507150730663     0.001417868134291     0.001171478237591
     0.001404385991434     0.000324285367851    -0.001256849363820
     0.001258400856639    -0.001687281903502     0.001041991969010
39 13
     0.000693968190980     0.002520036785084     0.001284809586798
     0.000095905832703    -0.002936032092467     0.001674803413958
    -0.000317783667171     0.005273412540942    -0.001496523904006
39 14
    -0.006151321491560    -0.005408806468884    -0.007338624937012
    -0.003043764802217    -0.005619873362308    -0.001829260078105
    -0.001741299540186    -0.005214160871756    -0.000242508030990
39 15
    -0.001598712364575     0.002420911785084     0.000099099269337
     0.000263421705719     0.007720289336105     0.000111390715545
    -0.000038617000504     0.001484370874276    -0.000555406840514
39 16
    -0.193946212364575    -0.047067633849836     0.037542607205845
    -0.041992623929201    -0.187372186854371     0.040673029604434
     0.037423994110607     0.037819154604434    -0.190915783824641
39 17
    -0.028594009983623    -0.031421292579995     0.016908369110607
    -0.033139217183170    -0.029977528124213     0.016514731985387
    -0.014661672556059    -0.014786603332074     0.031802886810280
39 18
     0.002441499937012     0.001504401864449     0.000860214348702
     0.002792624086672     0.001930501637692     0.001591902620307
    -0.000192988032250     0.002545926429831     0.003278093159486
39 19
    -0.001447198475687     0.001005072499370     0.001627658793147
    -0.000532772738725     0.000669386558327     0.000385007779038
     0.004887954428068     0.002727410556815    -0.002676150888133
39 20
     0.002503134857647     0.003306475277148     0.000870009983623
     0.001083463372386     0.002196753621819    -0.000126964443185
     0.001351379031242    -0.001575730316201     0.003980245937264
39 21
     0.001793551524313     0.000025149880322    -0.000616212238599
     0.000993544721592    -0.001793920981356     0.001434638731418
     0.000217642920131     0.001921936350466    -0.000691976284958
39 22
    -0.003643972285210    -0.003457713214916    -0.004405803508440
    -0.002843322341900    -0.002824661060721    -0.003915768014613
    -0.005001486048123    -0.005394212459058    -0.008157873110355
39 23
    -0.001032031809020    -0.000951998929201     0.002601984189972
    -0.001765342183170    -0.001080071775006    -0.002070450554296
    -0.001739668587805     0.002460017699672     0.015067259826153
39 24
     0.004395174540186     0.000843927658100     0.001122148872512
    -0.001503193373646     0.001702108780549     0.002418099048879
     0.001501686570925     0.002796329207609     0.001831726095994
39 25
    -0.000751734189972     0.001831225277148     0.001204313555052
     0.000618350277148    -0.002479131298816     0.000397567302847
     0.000162595301083    -0.000935702538423     0.002205841175359
39 26
    -0.007240611174099     0.004371435594608    -0.004734694381456
     0.003612828451751    -0.002518063838498     0.002624309366339
    -0.004171158667171     0.001989507779038    -0.001870502078609
39 27
    -0.001182095301083     0.000074947499370    -0.001263529698917
     0.001680435594608     0.000671632590073    -0.001454545792391
    -0.000083900730663     0.001990797461577    -0.000512400888133
39 28
    -0.003102398872512     0.003936199483497     0.003010763951877
     0.006269937578735    -0.006367079711514    -0.004101519998740
     0.002215448475687    -0.003619823570169    -0.003835984221466
39 29
     0.002025464222726     0.001125657816830    -0.000592970175107
    -0.000211709246662    -0.001559563838498    -0.001189928728899
     0.000852627047115    -0.001030825554296    -0.001323692554800
39 30
     0.000159243984631    -0.001408115992693    -0.001244152714790
    -0.001734038611741     0.000342999653565    -0.000800188649534
    -0.002460839222726    -0.000969736268581     0.000782613000756
39 31
    -0.001110488158226     0.000329207420005     0.000481077443941
     0.000363762975561    -0.000929924949609    -0.000178273966994
    -0.000243777714790     0.000409769683799    -0.001100043745276
39 32
    -0.002576119110607    -0.002886070357773     0.004363547682036
    -0.003147342183170    -0.002889071775006     0.004172634763165
     0.005639557602671     0.004463156588561    -0.007816138983371
39 33
    -0.029854722285210    -0.033169342183170    -0.016181789619552
    -0.031427387818090    -0.028376833679768    -0.016685402935248
     0.014387002047115     0.014565845080625     0.032006894746788
39 34
     0.002149190413202     0.002769882023180    -0.001677249937012
     0.001877689562862     0.002884202034518    -0.000974613252709
    -0.003050363032250     0.000842745874276     0.003741101095994
39 35
    -0.032564513951877     0.016261491150164     0.034471640936004
    -0.010421887818090     0.028722920288486     0.012880904604434
     0.028805805618544    -0.018125811665407    -0.026871474300831
39 36
     0.002030851127488     0.001648302658100     0.000096252047115
     0.003789673689846     0.002467376637692    -0.001216871189216
     0.001247744110607    -0.001766639046359     0.003349783635677
39 37
     0.023904327317964    -0.015071002897455     0.025335470301083
     0.024411342340640    -0.031352119394054     0.030395737937768
    -0.015182222159234     0.031284650636180    -0.031649904856387
39 38
    -0.189335426650290    -0.042967223135551    -0.039599047556059
    -0.048378439405392    -0.196086165028974    -0.039415956506677
    -0.037748095175107    -0.039418573570169    -0.194279383030990
39 39
     0.882449424540185     0.041878241150164     0.081983986174099
     0.041878241150164     0.884208088939279    -0.082579019998740
     0.081983986174099    -0.082579019998740     0.956270188397581
39 40
     0.000303976127488    -0.001281550516503     0.000662019904258
    -0.000665024722852     0.001180321082137     0.001534605001260
     0.000947093316956     0.003494761747292     0.001219380857899
39 41
    -0.001796131015369     0.001490310594608     0.000459464348702
     0.001486768927942    -0.001671549949609    -0.000759563649534
     0.001484361174099     0.000933523652053     0.002250563397581
39 42
    -0.002022650856639     0.003147431626354    -0.003083317397329
     0.003831062578735    -0.006943587648022     0.003997743890149
    -0.001986527714790     0.001384253810784    -0.003429281840514
39 43
    -0.027871525856639    -0.015121254881582    -0.030598323349710
     0.018121040753338     0.029853257590073     0.018071968096498
    -0.030301775730663    -0.016020533887629    -0.029407533824641
39 44
    -0.008171454428068     0.003366544721592     0.003950797682036
     0.003939213372386    -0.001308819790879    -0.003510059681280
     0.003560537761401    -0.002691113252709    -0.003031180650038
39 45
     0.031162755889393     0.016326016943815     0.018318422682036
    -0.016127046548249    -0.031195030108340    -0.033426514046359
    -0.017733650730663    -0.033217801744772    -0.031540658824641
39 46
     0.001859545571932    -0.001342487024439    -0.003026537635425
     0.000793411785084     0.004481021478962    -0.000998210474931
    -0.003382452317964    -0.002223123173343     0.002115009826153
39 47
    -0.001710335380448    -0.000402935437138     0.000244170697909
    -0.000367500913328    -0.001666893203578     0.000128688334593
    -0.000288039619551     0.000283724048879    -0.001825418745276
39 48
     0.000708041603678    -0.003101679484757     0.002071767920131
    -0.001978490992693     0.003964190129756     0.000377599048879
     0.001541311570925     0.000401856985387     0.005296499905518
39 49
    -0.028522567523306     0.033379249086672     0.014128148872512
     0.031487094324767    -0.030247801933736    -0.014114402935248
    -0.016303624937012     0.017284737937768     0.025742212207105
39 50
    -0.000848793713782     0.000831522896196    -0.005488543587805
     0.001824701467624    -0.000311593600403     0.005094835159990
    -0.002795071365583     0.002531922461577    -0.007573099300831
39 51
    -0.001747807602671     0.001065842340640    -0.001525184460821
     0.000033792737465     0.001915160367851     0.000743071271101
    -0.001911696365583    -0.000387008093978    -0.000597847316704
39 52
    -0.156195265936004     0.009455213372386     0.025629654824893
     0.009506602261275    -0.154458966616276    -0.025733702538423
     0.048704039745528    -0.049118734284454    -0.174592006046863
39 53
     0.029189120968758    -0.010683750913328    -0.013542194381456
     0.015656522896196    -0.032912399155959    -0.033983277935248
     0.018147416729655    -0.028917438649534    -0.027654875094482
39 54
     0.003322900730663    -0.002857951310154    -0.000647694381456
    -0.002187512818090     0.001822952034518    -0.002056960474931
     0.000087555618544    -0.002093535871756     0.004080128873772
39 55
    -0.001522450459814     0.000946532816830    -0.000625271762409
    -0.000972310437138    -0.004247770187705     0.001664416509196
    -0.000367753905266     0.000092392699672    -0.001569087396070
39 56
    -0.002960069507433    -0.005109244960947     0.002373430618544
    -0.004321544564122    -0.005401502330562     0.004573739921895
     0.003055756015369     0.003818960159990    -0.003292859221466
39 57
    -0.000811248078861    -0.001236268770471     0.001285799666163
    -0.001276344167297    -0.000867470584530    -0.001223414840010
    -0.001214912635425     0.001278531588561     0.002728021730915
39 58
     0.000800706286218     0.001034318531116    -0.001377553508440
     0.001194074483497     0.001222122669438     0.001266168493323
    -0.001274450333837     0.001165480001260     0.000834261810280
39 59
    -0.001416031809020    -0.000249955278408     0.001423041729655
     0.001029223293021     0.002454932193248     0.000809061350466
     0.000875638951877    -0.000699351347947    -0.000757013983371
39 60
     0.004447932476694     0.000583862181910     0.002222670697909
     0.000351455435878     0.004229971875787    -0.002338414840010
     0.002486952443941    -0.002427402935248     0.001666210222978
39 61
     0.029737684460821     0.018425903848576    -0.017375728111615
    -0.015439504881582    -0.028027464632149     0.030177896667926
     0.015814349269337     0.030375481985387    -0.029204484221466
39 62
    -0.005975813555052    -0.005072663611741    -0.005411930492567
    -0.004390992976820    -0.001867716616276    -0.002340004125724
    -0.004237882873520    -0.003842021982867    -0.003155250094482
39 63
     0.008155011841774     0.000527415753338     0.000595004031242
     0.002348048689846    -0.001788093600403    -0.000115831506677
    -0.001077434460821     0.000552783572688    -0.000676063586546
40 1
    -0.005621029824893     0.000068499086672    -0.001167910651298
     0.005039387975561    -0.001554194790879     0.005072547461577
    -0.001218591206853     0.000119007779038    -0.005621146919879
40 2
     0.002868180492567    -0.000836703294281    -0.000656255889393
     0.002789951467624     0.000327571082137    -0.004471760078105
     0.001188769904258    -0.003021841427312    -0.002147803665911
40 3
    -0.002524456412195     0.003106135991434     0.004611037761401
    -0.000204961230789    -0.002159434870244    -0.005835377141597
     0.002744424666163    -0.003232775951121    -0.005298055650038
40 4
    -0.037910769904258    -0.010627427500630    -0.048678277714790
    -0.014931665595868     0.018914081002771    -0.014878333490804
    -0.048761638825901    -0.010462460474931    -0.037538795729403
40 5
    -0.163604259983623     0.049044925673973    -0.015540424540186
     0.026000393927942    -0.174011917013101     0.025852448255228
    -0.015661884857647     0.048826795477450    -0.163748123110355
40 6
    -0.002114224269337    -0.003006582262535     0.001149908793147
    -0.004541610040312    -0.000085355505165     0.003077073255228
    -0.000628886841774    -0.000705813649534     0.002711420540438
40 7
    -0.005314170697909    -0.003106006865709     0.002690051650290
    -0.005738153691106    -0.002088165028975    -0.000302158887629
     0.004683696491560     0.003247386747292    -0.002624210411943
40 8
    -0.002878670697909     0.000554820515243    -0.000098166603679
     0.000311213372386    -0.000968026140086    -0.000411682697153
    -0.000454749937012     0.000304120874276    -0.000880240173847
40 9
     0.001650779698917    -0.001955637818090    -0.002940559460821
    -0.002616064405392     0.004442606796422     0.000566341112371
    -0.002954380889393    -0.000794246189216     0.004956585222978
40 10
     0.002698009857647     0.000965393927942     0.000502724269337
    -0.000235157659360     0.000003888542454     0.001642023652053
    -0.001064081286218     0.001129093096498    -0.001440738189720
40 11
     0.001232736048123     0.001557876070799     0.000624454428068
     0.003520526864449     0.001136162351978    -0.001326853332074
     0.000947127047115    -0.000724021982867     0.000239843159486
40 12
    -0.027394172682036    -0.015179397738725     0.031165710380448
     0.016998594324767     0.031357892510708    -0.015212817617788
     0.030593059586798     0.016066468096498    -0.028136190570673
40 13
     0.004263144778282     0.000384770912069    -0.002886958270345
     0.000283989166037     0.005240325050391     0.002045335159990
    -0.002106874937012     0.001422162540942     0.001125043556311
40 14
    -0.030446894904258     0.033996802658100    -0.017451392794155
     0.032824193531116    -0.028772016219451     0.017579521667926
     0.017059484189972    -0.016091035871756     0.027345809429327
40 15
     0.004124589222726    -0.002803229087931    -0.000165293587805
    -0.002474119960947     0.001970271478962     0.002500172461577
     0.000490541729655     0.002444370874276     0.004773785619803
40 16
    -0.000945910777274     0.000111975277148    -0.000302535651298
    -0.000230415595868    -0.000836454711514    -0.000280938649534
    -0.000318097159234     0.000079529604434    -0.000933966364324
40 17
     0.001466166603679    -0.001252308453011    -0.001246148746536
    -0.000997633849836     0.000986829018645    -0.001005236268582
    -0.001235388825901    -0.001251603332074     0.001419579270597
40 18
     0.002820676524313    -0.000936614008566    -0.000969178508440
    -0.000366417579995    -0.001790016219451     0.000900684366339
     0.001151170697909     0.001431551429831    -0.000724339380197
40 19
     0.002088728111615     0.000948431626354     0.002569265936004
     0.001292185594608     0.004686618701184    -0.001572710474931
     0.003123738158226     0.000962535556815     0.002174666572184
40 20
    -0.000755188555052     0.000321959404132     0.000662617126480
    -0.000782328294281     0.001931860764676    -0.000804057697153
     0.000640287761401     0.000285519683799    -0.000813186602419
40 21
     0.004508103111615     0.002212384007307    -0.001274230095742
     0.001972003054926     0.002003936161502     0.001981670477450
    -0.001247198349710     0.002241311350466     0.004540841175359
40 22
    -0.000737420697909     0.001410270912069     0.001160678634417
     0.000930760991434    -0.001756053917863    -0.000345736268582
    -0.000953577317964    -0.000897212459058     0.002790319349962
40 23
     0.001973019778282     0.000941485197783     0.003026841332829
    -0.001562883849836     0.004624785367851     0.001513331191736
     0.002529865142353     0.001125142699672     0.001985952286470
40 24
    -0.001048648872512    -0.000452713214916     0.001700631015369
     0.001242264959688    -0.001023284076594     0.001203630794911
     0.001373095301083     0.001603329207609     0.009969043556311
40 25
    -0.002940557602671    -0.004169415595868    -0.005778329302091
    -0.005184066389519    -0.001853274155959    -0.004655900951121
    -0.005707120968758    -0.004895827538423    -0.006675091364324
40 26
     0.002980440413202     0.000749919721592    -0.000757837238599
     0.000135036785084     0.000128668304359    -0.002003908887629
     0.001065250062988    -0.001827742220962    -0.000158559618292
40 27
    -0.000987793713782     0.004078931626354     0.001585202443941
     0.002523268927941    -0.007168760267070    -0.002873764046359
     0.002294132999496    -0.004833327538423    -0.002998458427816
40 28
    -0.000980097285210    -0.001060816389519    -0.001912753905266
    -0.000103104087931     0.003152527431343    -0.000206363252708
    -0.002569017794155     0.001238676429831    -0.001287291761149
40 29
    -0.006208609189972     0.004913641943815    -0.004786488032250
     0.004114874086672    -0.002542081695641     0.003763978017133
    -0.004075839222726     0.004228674445704    -0.003387875094482
40 30
    -0.030649829428068    -0.030879506865709     0.017531204428068
    -0.029246830278408    -0.030456518203578     0.016953218096498
    -0.016331305492567    -0.016470361268581     0.031649805461073
40 31
    -0.194550436570925    -0.042375933453011     0.042174809586798
    -0.040463778691106    -0.191545317806752     0.035470132779038
     0.038577506015369     0.037176644683799    -0.191352726284958
40 32
    -0.001120567523306     0.000492788769211    -0.000390970175107
    -0.000236133849836    -0.001267214632149     0.000222041509196
    -0.000049783667171     0.000448656588561    -0.003099946523054
40 33
     0.004967954302091    -0.000784233056185    -0.002915932476694
     0.000583945515243     0.004446273463089    -0.002625746189216
    -0.002952589222726    -0.001939029919375     0.001632337207105
40 34
     0.027042242000504    -0.016040758849836     0.016799107205845
     0.017394022896196    -0.028806565822625     0.032581168493323
    -0.017661829302091     0.033986870874276    -0.030646581443689
40 35
     0.004735037635425     0.002354850277148     0.000429498078861
     0.002389070515243     0.001867652431343    -0.002486063649534
    -0.000175660651298    -0.002818186665407     0.004052468159486
40 36
    -0.028104097285210     0.016039661785084     0.030538984189972
    -0.015178117976820     0.031382358780549     0.016974785556815
     0.031030777840766    -0.015160014046359    -0.027289148904006
40 37
     0.001254128905266     0.001440356229529    -0.002151172556059
     0.002090550673973     0.005048487748803     0.000116519683799
    -0.002887813429075     0.000322525636180     0.004328787603930
40 38
    -0.001454750062988     0.001157885991434    -0.001044190413202
     0.001642893927942    -0.000043057886117    -0.000285549760645
     0.000518563555052     0.000938551429831     0.002676809429327
40 39
     0.000303976127488    -0.000665024722852     0.000947093316956
    -0.001281550516503     0.001180321082137     0.003494761747292
     0.000662019904258     0.001534605001260     0.001219380857899
40 40
     0.868715027714789     0.017845308610481     0.002053377047115
     0.017845308610481     0.865006053224993     0.018584386747292
     0.002053377047115     0.018584386747292     0.869257073318216
40 41
    -0.195535079428067    -0.046325580278408    -0.039357928508440
    -0.046617772738725    -0.199873942806752    -0.046372406903502
    -0.039442855095742    -0.046198851347947    -0.195417869142101
40 42
     0.029445900730663     0.017824790753338     0.019227414745528
    -0.016589854087931    -0.030404105505165    -0.033782474363820
    -0.017075368984631    -0.033746746189216    -0.031906589380197
40 43
    -0.006987849269337     0.005633354245402     0.004075533793147
     0.004446499086672    -0.002096885267070    -0.004063375157470
     0.003623257999496    -0.003108408887629    -0.002571341364324
40 44
    -0.031813652840766    -0.015880221151424    -0.036747970175107
     0.016900296705719     0.032416787351978     0.016878222064752
    -0.036757053508440    -0.015854738252708    -0.031768738189720
40 45
    -0.000438317523306     0.005090876070799    -0.001570845175107
     0.002221036785084    -0.003908922965483     0.002233642699672
    -0.001565867000504     0.005081323255228    -0.000468216364324
40 46
    -0.031888652840766    -0.033699002897455    -0.016961180492567
    -0.033762504881582    -0.030285996378181    -0.016480553728899
     0.019259956412194     0.017939376826657     0.029523577286470
40 47
    -0.002522283793147    -0.003087326310154     0.003615277840766
    -0.004085917579995    -0.002076786060721     0.004444220080625
     0.004068244110607     0.005646474048879    -0.006960226284958
40 48
     0.009906218190980     0.001552054642227     0.001398375062988
     0.001178717340640    -0.001003327727387     0.001258130794911
     0.001637720301083    -0.000544143014613    -0.001059057634165
40 49
    -0.006682390936004    -0.005016016786344    -0.005764118984631
    -0.004786322341900    -0.001779944790879    -0.005285871189216
    -0.005800716206853    -0.004231887062232    -0.003004095332577
40 50
     0.031822007873520    -0.016621742976820    -0.016433561444948
     0.016935784800957    -0.030541111457546    -0.029430133093978
     0.017465337364575    -0.031185452538423    -0.030699906840514
40 51
    -0.191422256015369     0.037562576467624     0.038749172682036
     0.035787251070799    -0.191890232489292    -0.040750146982867
     0.042419462364575    -0.042675133093978    -0.194934279856387
40 52
    -0.001100464348702     0.001186822499370    -0.002597363032250
    -0.000219814405392     0.003359390526581    -0.000062920792391
    -0.001929426524313    -0.001045984284455    -0.000774063586546
40 53
    -0.003302577443941     0.004290233213656    -0.004072087238599
     0.003777231229529    -0.002440417013102     0.004104628810784
    -0.004787674540186     0.004898061350466    -0.006170807634165
40 54
    -0.000104547682036    -0.001829342183170     0.001112412761401
    -0.001988554484757     0.000197559177375     0.000216946271101
    -0.000733160651298     0.000832339128244     0.003052571334089
40 55
    -0.002971773872512    -0.004826358056185     0.002254460380448
    -0.002902102103804    -0.007200163044848     0.002457823255228
     0.001604904824893     0.004022017699672    -0.000991644935752
40 56
    -0.001679642920131     0.000188114166037    -0.000371337238599
     0.000029038769211    -0.001336520187705     0.000032521667926
    -0.000374585254472     0.000169210159990    -0.001719916761149
40 57
     0.004707428508440    -0.002681534643487    -0.000951718190980
    -0.002659885833963     0.002059511558327    -0.002637883093978
    -0.000971003905266    -0.002645218411439     0.004687964191232
40 58
     0.030622132873520     0.016556802658100    -0.016806821365583
    -0.016241717183170    -0.028329520187705     0.031926700239355
     0.017051833396321     0.032236480001260    -0.029053045729403
40 59
     0.004398394778282     0.000486528848576     0.003251023872512
     0.000383306626354     0.004107164336105    -0.002408906903502
     0.002596547682036    -0.002357601347947     0.002329553476946
40 60
    -0.000452765936004    -0.000503403691106     0.001056152840766
     0.001331413769211     0.003072204018644     0.001348241906022
     0.001064986174099    -0.000470652935248    -0.000484097316704
40 61
     0.001100111048123     0.001593012975561    -0.001410120968758
     0.001774953451751     0.001000892510708     0.001822928413958
    -0.001398742000504     0.001615731985387     0.001080208238851
40 62
    -0.029008886967750     0.032270570515243     0.016968926650290
     0.031962840356513    -0.028416484473419    -0.016286472379693
    -0.016841224143361     0.016552728017133     0.030705067365835
40 63
     0.002508563429075    -0.002331975119677     0.002528111174099
    -0.002423367976820     0.004259388542454     0.000326325239355
     0.003174849269337     0.000448658572688     0.004557878873772
41 1
    -0.006244386967750    -0.000952957262535    -0.009619267794155
    -0.012201000913328     0.007069934177375    -0.012210315633661
    -0.009539146762409    -0.000976035871756    -0.005990839380197
41 2
    -0.002594051650290     0.002415715356513     0.005686636967750
     0.004722062578735     0.000215575050391    -0.004429123173343
     0.004878589348702    -0.002571385078105    -0.006296996126228
41 3
    -0.000432688555052     0.001332554642227     0.000194305618544
    -0.000497475119677    -0.001430430901990    -0.001071865236835
     0.001418869110607    -0.001940694601915    -0.002068748110355
41 4
    -0.006641502047115     0.002050991150164    -0.005743759857647
     0.003774070515243     0.003348584971025     0.003814303413958
    -0.005623319381456     0.001751120874276    -0.006490863189720
41 5
    -0.028354117126480    -0.016651155675233    -0.033078781683044
     0.016048005039053     0.025397711955152     0.016077460159990
    -0.033043065413202    -0.016499373173343    -0.027943815570673
41 6
    -0.006426331412194    -0.002796413611741     0.005122426650290
    -0.004415123929201     0.000123523463089     0.004504085159990
     0.005797432602671     0.002369392699672    -0.002462521919879
41 7
    -0.002309777840766    -0.001836963214916     0.001371069507433
    -0.001001917579995    -0.001455536060721    -0.000341771982867
     0.000206890936004     0.001495718096498    -0.000482527872260
41 8
     0.002363597159234    -0.002843635833963    -0.003155648746536
    -0.002563425516503     0.003539227828168    -0.000094170792391
    -0.002457180492567     0.000098077223482     0.004673317365835
41 9
    -0.001738327443941     0.000171405832703    -0.000088166603679
     0.000174671705719     0.000031985764676    -0.000326271982867
     0.000026063555052     0.000206960159990     0.000024767762661
41 10
     0.001808152714790     0.002040937578735     0.003416242126480
     0.002239203451751     0.003775142510708     0.000000785556815
     0.002385238158226    -0.000420325554296     0.003938819349962
41 11
     0.002069628905266    -0.000766955278408     0.000464847285210
     0.000984762975561    -0.001704833679768     0.001438783572688
     0.001481446491560     0.001408309366339    -0.001727099300831
41 12
     0.001723845175107     0.003324520912069    -0.003293771762409
     0.002290205435878     0.002889021478962     0.000051194286974
    -0.002549995968758    -0.000164825554296     0.003893616969010
41 13
    -0.031471837364575     0.018336189562862     0.035416809586798
    -0.014920649722852     0.026380579018645     0.015076222064752
     0.033427444507433    -0.017199631109851    -0.030015648904006
41 14
     0.002388872952885    -0.002825903691106     0.002913250062988
    -0.003088820357773     0.004045612748803    -0.000123716427312
     0.002872678634417    -0.000141079522550     0.004781491969010
41 15
    -0.027979892920131     0.030763564562862     0.016721349269337
     0.030752491150164    -0.027064849552784    -0.016371190633661
    -0.016157138825901     0.017098327223482     0.030020718159486
41 16
     0.000892982079869    -0.001291731072058    -0.001761767794155
    -0.001160804484757     0.001981924256740    -0.001198176744772
    -0.001759652714790    -0.001345639046359     0.001084966175359
41 17
     0.000518809460821    -0.000053639802217     0.000147619110607
     0.000023852261275    -0.000025917013102     0.000006400636180
     0.000139430618544    -0.000070271982867     0.000633761810280
41 18
     0.001178819381456     0.001518679642227     0.001397964348702
     0.001685943531116     0.002194362748803    -0.001190303728899
     0.001700115142353    -0.001394617220962     0.001220468159486
41 19
     0.002466620968758     0.000885225277148     0.000490283793147
    -0.000086203294281    -0.000646127330562     0.000885301429831
    -0.001036192397329     0.002057991906022    -0.001928525888133
41 20
     0.001148704302091     0.001228503054926    -0.001651365016377
     0.001135907816830     0.002011614732930     0.001101454207609
    -0.001665642794155     0.001165101033006     0.001257745937264
41 21
    -0.000659379031242    -0.000738697341900     0.001231287761401
     0.000425364166037     0.003081690129756     0.000433932382212
     0.001233496094734    -0.000750732300328    -0.000539476284958
41 22
     0.001057847159234    -0.001400185437138     0.001673446491560
    -0.001196877897455     0.002203825050391     0.001666525636180
     0.001393117126480     0.001520743890149     0.001287501889645
41 23
    -0.002163087364575     0.002052278848576    -0.001020890810028
     0.000875727261275    -0.000624210663895     0.000091968096498
     0.000456559586798     0.001108974048879     0.002530134826153
41 24
    -0.001620131015369    -0.003982044564122    -0.004769226127488
    -0.005027123929201    -0.002776530108340    -0.005701357300328
    -0.004634460254472    -0.005870339443185    -0.006774898904006
41 25
     0.001438835254472    -0.000503121945074     0.001265063555052
     0.000006044721592     0.001341229812295     0.000560360953641
     0.000641198475687     0.001266003810784     0.009479466175359
41 26
    -0.001204791729655     0.003694713372386     0.005518180618544
     0.004093272896196    -0.001950952727387    -0.005629646982867
     0.003812944507433    -0.004918410871756    -0.006089877078609
41 27
     0.002298974143361    -0.001615524722852    -0.000708904698917
     0.003175130039053    -0.002037631298816    -0.002362502141597
     0.000598077443941    -0.002465121189216    -0.001635900888133
41 28
    -0.002629204428068     0.004666602261275    -0.005009486048123
     0.004228132023180    -0.002208843600403     0.005205273652053
    -0.004559073349710     0.004214257779038    -0.006263484221466
41 29
    -0.000728966332829     0.001012560594608    -0.001783845175107
    -0.000521639802217     0.002698672272613     0.000810989921895
    -0.001554519778282    -0.000790244205089    -0.000520192554800
41 30
    -0.001728311570925    -0.004628213214916     0.004907472285210
    -0.005256469167297    -0.002402764235324     0.005663355001260
     0.004255888951877     0.004204970080625    -0.005833511999244
41 31
    -0.028527668713782    -0.031045014802217    -0.016494422556059
    -0.030724917579995    -0.027412188838498    -0.016546605316201
     0.016205075459814     0.017100976033006     0.030639581254724
41 32
     0.004293950333837     0.000253332420005    -0.002388577317964
     0.000118852261275     0.003193414336105    -0.002679696586042
    -0.003075464222726    -0.002881887062232     0.002197361016629
41 33
    -0.000103652840766     0.000206435594608     0.000043085380448
    -0.000304193373646    -0.000000097568657     0.000179640715545
    -0.000077769778282     0.000164301429831    -0.001633230253212
41 34
     0.004414009857647    -0.000172715199043     0.002701000062988
    -0.000201240992693     0.003872563145629    -0.003168319601915
     0.002713740142353    -0.002845422776518     0.002333226095994
41 35
     0.029820180492567     0.017098643927942    -0.016342984063996
    -0.016441318373646    -0.027190468600403     0.030883698255228
     0.016738908793147     0.030916769683799    -0.028158599300831
41 36
     0.003740045571932    -0.000167544564122    -0.002520372952885
     0.000055493134291     0.002959862748803     0.002208922461577
    -0.003245402714790     0.003269567302847     0.001831533635676
41 37
    -0.030550478237591    -0.017044100119678     0.033913970301083
     0.015097911785084     0.026364491717057    -0.015066468411439
     0.035831256015369     0.017923731985387    -0.031597154856387
41 38
     0.003782392794155    -0.000411445357773     0.002422952443941
     0.000020380039053     0.003738446082137     0.002200212144117
     0.003447382999496     0.001988257779038     0.001923991969010
41 39
    -0.001796131015369     0.001486768927942     0.001484361174099
     0.001490310594608    -0.001671549949609     0.000933523652053
     0.000459464348702    -0.000759563649534     0.002250563397581
41 40
    -0.195535079428067    -0.046617772738725    -0.039442855095742
    -0.046325580278408    -0.199873942806752    -0.046198851347947
    -0.039357928508440    -0.046372406903502    -0.195417869142101
41 41
     0.920371563429075    -0.004449536627614    -0.020506535651298
    -0.004449536627614     0.919297311161501    -0.007067019998740
    -0.020506535651298    -0.007067019998740     0.912137438397581
41 42
    -0.203465581412194     0.064156459404132     0.049429307602671
     0.063577007023180    -0.216789976536911    -0.064385962459058
     0.050444950459814    -0.063465039840010    -0.206517031840514
41 43
     0.029901793587805    -0.017011852103804    -0.017013698349710
     0.018219110197783    -0.029120006298816    -0.030456988252708
     0.017243952443941    -0.032176827538423    -0.028949908824641
41 44
    -0.201030009983623     0.049850072499370    -0.044797202317964
     0.049141907816830    -0.206286583679768     0.049430108969514
    -0.044875234063996     0.050201718096498    -0.200915180650038
41 45
    -0.026680299666163     0.020146294721592    -0.030142577317964
    -0.007563852103804     0.028065706002772    -0.007660220395566
    -0.030092047556059     0.020049654604434    -0.026586033824641
41 46
    -0.207881509983623    -0.064992834246662     0.051869087364575
    -0.065766643770471    -0.217903367409927     0.065114708175863
     0.050817525856639     0.065795083175863    -0.204634365173847
41 47
    -0.029176015936004    -0.032291532659360     0.017304420697909
    -0.030621931468884    -0.029294782092467     0.018289231985387
    -0.017083186444948    -0.017083319601915     0.030023456254724
41 48
    -0.006942138951877    -0.005887776706979    -0.004662482079869
    -0.005672671548249    -0.002772073759133    -0.005036982300328
    -0.004692210254472    -0.003924436665407    -0.001437875094482
41 49
     0.009255626921139     0.001139401864449     0.000611523872512
     0.000421288769211     0.001298184177375    -0.000071734284455
     0.001216853237591    -0.000624930713026     0.001422337207105
41 50
    -0.005788474269337     0.004201550673973     0.004192706412195
     0.005644520912069    -0.002310982489292    -0.005235121189216
     0.004873906809020    -0.004592746189216    -0.001457349300831
41 51
     0.030557011841774     0.017048870118418     0.016153815539179
    -0.016652137818090    -0.027525228521038    -0.030892260078105
    -0.016673093190980    -0.031298301744772    -0.028467597316704
41 52
    -0.006231196491560     0.004249991150164    -0.004591470175107
     0.005195796705719    -0.002046105505165     0.004260216112371
    -0.005098232079869     0.004752347064752    -0.002388131046863
41 53
    -0.000558559586798    -0.000742848135551    -0.001580694381456
     0.000854217340640     0.002798336955152    -0.000550734284455
    -0.001798980095742     0.000961142699672    -0.000538750094482
41 54
    -0.006177904824893    -0.004894548532376     0.003847055618544
    -0.005562693373646    -0.001836061854371     0.004105833175863
     0.005510783793147     0.003746045477450    -0.000988621126228
41 55
    -0.001744381015369    -0.002438064405392     0.000615103237591
    -0.002337115992693    -0.002019659076594     0.003151960159990
    -0.000715525730663    -0.001632775951121     0.002415662603930
41 56
     0.004567124937012    -0.002216717183170    -0.000605319381456
    -0.002680475119677     0.002043483780549    -0.002720091427312
    -0.000591140810028    -0.002280333490804     0.004702265778534
41 57
    -0.000793178634417    -0.000097740992693    -0.000177575333837
    -0.000035649722852    -0.000803109473419    -0.000014121189216
    -0.000164309460821    -0.000074512062232    -0.000662478269085
41 58
     0.004820775730663     0.002313471308894     0.000416196491560
     0.002627393927942     0.002452858780549    -0.002626662855883
     0.000147277840766    -0.002539313649534     0.005045011810280
41 59
     0.030110412635425    -0.017078677500630     0.016781291729655
     0.017190042737465    -0.028116331695641     0.031467230001260
    -0.017209757873520     0.031689105001260    -0.028178138983371
41 60
     0.004650626921139     0.002480764959688    -0.000677579302091
     0.002345024880322     0.002297957986898     0.002344378810784
    -0.000702069381456     0.002440803413958     0.004743710222978
41 61
    -0.000444496094734     0.000980056626354     0.001199896888385
    -0.000440560437138     0.002440896478962    -0.000416309681280
     0.001182827443941     0.000996563334593    -0.000339234221466
41 62
     0.004928380889393    -0.002545010833963     0.000099569507433
    -0.002636423532376     0.002457894494835     0.002588039525069
     0.000383220301083     0.002268184366339     0.005061124905518
41 63
    -0.028216043713782     0.031886318531116    -0.017394370968758
     0.031720368134291    -0.028310482489292     0.017298462144117
     0.016595668713782    -0.017092635078105     0.030378436413454
42 1
     0.003948218190980     0.002979336388259    -0.000429781683044
    -0.001750129881582     0.000468021478962    -0.000835335474931
    -0.000604928508440    -0.001257353332074    -0.002032684618292
42 2
    -0.003194821491560     0.000424634007307    -0.000461251921139
    -0.002543441389519     0.007468162351978     0.002370981985387
    -0.000383317397329     0.000126297461577    -0.003021966364323
42 3
    -0.003267083396321    -0.004596026706979    -0.002870708270345
    -0.001764979087931    -0.007379593600403    -0.004002010078105
    -0.002252162635425    -0.004326137062232    -0.002496718348451
42 4
    -0.002294896888385     0.002580534800957    -0.000009648746536
     0.003219816546989    -0.001567202727387     0.000313533572688
     0.000040773872512    -0.000403696586042     0.002067041572184
42 5
     0.004028363032250    -0.000998487024439     0.002945454428068
    -0.000808748929201     0.005727299256740     0.001491440318720
     0.001073277840766     0.001807184366339     0.000937464191232
42 6
    -0.039838226253464     0.013588505039053     0.050133912761401
     0.015869747102545     0.020909985764676    -0.012721184681280
     0.050134650856639    -0.012229049760645    -0.039987117157974
42 7
     0.002214702317964    -0.000814419564122    -0.003593694381456
     0.001749078451751     0.005568801240867     0.001529958175863
    -0.003650640810028     0.001356650636180     0.001894251889645
42 8
     0.002926577317964    -0.000878342183170    -0.000410912635425
     0.001491320515243     0.000008565129756     0.001839559366339
     0.000915537761401     0.001531384763165    -0.001401152872260
42 9
     0.001255027714790     0.002103324483497     0.003065319507433
     0.002430792737465     0.003771448066264     0.000547958175863
     0.003174781809020    -0.000889482300328     0.004575422524565
42 10
    -0.004424617126480     0.000061481229529    -0.000248021762409
    -0.000018800516503    -0.002793770187705    -0.000338859284455
     0.000224331412195    -0.000053518014613    -0.002022025888133
42 11
     0.002267234063996    -0.001055661627614    -0.003051291603679
    -0.002310365992693     0.004408378621819    -0.001168611268582
    -0.003397960254472     0.000852866906022     0.001839055461073
42 12
    -0.033227424666163    -0.035725060437138     0.017520964348702
    -0.032938173532376    -0.029357766219451     0.017343799445704
    -0.016695527714790    -0.015435893014613     0.026745021730915
42 13
    -0.172895482205845    -0.066207516786344     0.028952920697909
    -0.042933778691106    -0.190130583679768     0.043098577223482
     0.028679787761401     0.065948551429831    -0.174485619142101
42 14
    -0.027759896888385     0.016783764959688    -0.031998888825901
    -0.015652449326027     0.031786450050391    -0.014827611268582
    -0.031866353111615     0.015915603017133    -0.028537353269085
42 15
    -0.193904162761401     0.042049608213656    -0.040857414619552
     0.041665737181910    -0.190894262251197     0.035654039525069
    -0.036389795571932     0.036172009763165    -0.191981502078609
42 16
     0.001467587238599     0.001115937578735     0.001371093316956
     0.000710441546989    -0.002682613441673     0.000906053413958
    -0.000550059460821     0.001359918493323    -0.001475754062736
42 17
     0.001193164619552     0.001297778848576     0.001177230221718
     0.001365223293021     0.001160545288486    -0.001187494205089
     0.001207523872512    -0.001334589443185     0.001078416572184
42 18
    -0.001470200459814    -0.000004276706979     0.000396075459814
     0.000113939562862    -0.001283174949609     0.000025551429831
     0.000451708396322     0.000124690318720    -0.001366127078609
42 19
     0.000492726127488    -0.001608731072058    -0.000722855095742
    -0.002907707262535     0.000037834971025    -0.001430343411439
    -0.000862849143361    -0.001089825554296     0.000244878873772
42 20
    -0.001384315539179    -0.001460328294281    -0.000735128905266
    -0.001338721151423    -0.002315672965482    -0.000595190633661
     0.001538450459814    -0.000804591427312     0.001673400699169
42 21
    -0.006624273872512    -0.004821278691106     0.004188773872512
    -0.003549639802217    -0.002687722568657     0.003827162540942
     0.003544589348702     0.003749450239355    -0.003572946523054
42 22
    -0.000987172682036    -0.000272266786344    -0.000772692397329
     0.001004743134291     0.001414662351978    -0.001152869205089
    -0.000738039619552     0.000755176429831    -0.001464343348450
42 23
    -0.006625357205845     0.004109072499370    -0.003708529698917
     0.006307348293021    -0.003324123362308     0.002345448255228
    -0.004026597159234     0.002904156588561    -0.003918835411943
42 24
     0.002955599143361    -0.001148750913328     0.001178634983623
    -0.000215752897455    -0.001305442806752    -0.002648627141597
    -0.000328992000504    -0.002009781903502    -0.001568119142101
42 25
    -0.002413809586798     0.004582796705719     0.004049049666163
     0.004214665753338    -0.003029057886117    -0.004613408887629
     0.005092166729655    -0.004961438649534    -0.006462379062736
42 26
    -0.003675811570925    -0.000833117976820    -0.000888458270345
    -0.001456231072058    -0.003369990425800     0.000086583175863
     0.000561537761401     0.000075521667926     0.009747027683296
42 27
    -0.004632170697909    -0.003087856072058    -0.004160043587806
    -0.002347373929201    -0.002915668997229    -0.004850771982867
    -0.003395079302091    -0.004026438649534    -0.007617371126228
42 28
    -0.030380974269337     0.028238395912069    -0.016359749937012
     0.028691128054926    -0.030418256298816     0.016677378810784
     0.016681144904258    -0.016420684681280     0.030601795540438
42 29
     0.003805513825901    -0.002128895754598     0.001309765936004
    -0.001889518770471     0.001468634574200     0.002176720080625
     0.000991698475687     0.002237188334593     0.004032712207105
42 30
    -0.001723331412195     0.001148955435878     0.001994583396321
     0.000242901864449     0.002777448066264    -0.000571039840010
     0.002582107205845     0.001017402620307    -0.001570857237339
42 31
     0.003286186444948     0.002775028848576     0.000408438555052
     0.002505328451751     0.001234148463089     0.002397749842530
     0.000086543713782     0.002353033572688     0.004120236016629
42 32
     0.026292930492567     0.015564626070799    -0.016931716206853
    -0.017134776706979    -0.029424248362308     0.032737283572688
     0.017261879031242     0.034693920477450    -0.031482984221466
42 33
     0.004495702317964     0.000751979245402     0.003042946491560
    -0.000221572341900     0.003914739732930    -0.002592129125724
     0.003032698475687    -0.002302266030486     0.001236674508692
42 34
    -0.001737759983623     0.000088828451751     0.000284611174099
     0.000321630039053    -0.002274974552784     0.000303035556815
     0.000184583396321    -0.000355115236835    -0.003972619142101
42 35
     0.004393910651298    -0.000384062421265    -0.002933747952885
    -0.000281197341900     0.003749618701184    -0.001837071586042
    -0.002692247952885    -0.002323047776518     0.001819055461073
42 36
    -0.001853599269337    -0.001789750913328     0.001089988158226
    -0.001836260833963    -0.000649299949609    -0.001217722379693
     0.000204690539179     0.001257374842530     0.002327313397581
42 37
    -0.001771873078861    -0.002974431468884     0.002366081412195
    -0.005827217183170    -0.008166545981355     0.005350636747292
     0.001236849269337     0.002711414525069    -0.001035125094482
42 38
    -0.029005752047115    -0.015046526706979    -0.031177311444948
     0.015756876070799     0.030308908383724     0.016177567302847
    -0.031003398746536    -0.015921434681280    -0.027579478269085
42 39
    -0.002022650856639     0.003831062578735    -0.001986527714790
     0.003147431626354    -0.006943587648022     0.001384253810784
    -0.003083317397329     0.003997743890149    -0.003429281840514
42 40
     0.029445900730663    -0.016589854087931    -0.017075368984631
     0.017824790753338    -0.030404105505165    -0.033746746189216
     0.019227414745528    -0.033782474363820    -0.031906589380197
42 41
    -0.203465581412194     0.063577007023180     0.050444950459814
     0.064156459404132    -0.216789976536911    -0.063465039840010
     0.049429307602671    -0.064385962459058    -0.206517031840514
42 42
     0.919620523746535    -0.025618496945074    -0.033882706286218
    -0.025618496945074     0.923985985764676     0.023898517699672
    -0.033882706286218     0.023898517699672     0.920784247921390
42 43
    -0.191793101253464    -0.036054058453011    -0.035433212238599
    -0.035819893770471    -0.191609418997228    -0.040750133093978
    -0.040832954302091    -0.040999394998740    -0.195090379062736
42 44
    -0.033552904824893     0.032328991150164     0.015565033793147
     0.032000528848576    -0.030977246378181    -0.017894785871756
    -0.016736265810028     0.017752275636180     0.031705849111867
42 45
     0.000363805492567    -0.002333411627614     0.002744408793147
    -0.001513106072058     0.003847293304359     0.000769384763165
     0.002001420697909     0.000089837144117     0.003265995937264
42 46
    -0.035164779824893     0.014520209404132     0.039019823475687
    -0.014130522738725     0.030797469891660     0.014553063334593
     0.039897744110607    -0.014104734284454    -0.035144085411943
42 47
     0.001757339222726     0.002418510991434    -0.002945218190980
     0.002169189562862     0.003452805209121     0.000520962144117
    -0.003280343190980     0.000870487937768     0.003938611016629
42 48
     0.031120716206853     0.017232766943815     0.017051754031242
    -0.016344300516503    -0.030488486457546    -0.028602502141597
    -0.016225867000504    -0.030042504125724    -0.030476470332577
42 49
    -0.006550517920131     0.004520570515243     0.005575259983623
     0.003984534800957    -0.002163228521038    -0.005066879125724
     0.004050071491560    -0.004353623173343    -0.002848133030990
42 50
     0.009770380889393    -0.000391280675233     0.000409567523306
     0.000158891943815    -0.001771645187705    -0.000139141030486
    -0.000310499937012    -0.001874063649534    -0.001911319538927
42 51
    -0.006909757999496    -0.005044211230789    -0.003854948349710
    -0.004457516786344    -0.002572891219451    -0.003780029919375
    -0.003720999937012    -0.003260494205089    -0.003194192554800
42 52
    -0.001706591332829     0.002081909800957    -0.000570609063996
     0.002646167737465    -0.001690018203578     0.000467196271101
     0.001144486174099     0.001375029604434     0.002917148715042
42 53
     0.000921295571932    -0.001347929484757     0.001177166729655
    -0.001159161627614     0.000858799256740     0.001469870874276
     0.001110488158226     0.001656450239355     0.000942404667423
42 54
    -0.000579049666163    -0.000300254881582     0.001898291729655
     0.000786552658100     0.002398275447216     0.000458438334593
     0.001442627047115    -0.001140396982867    -0.000530966364324
42 55
     0.000179099143361     0.001172104245402    -0.000901660651298
     0.000730880039053    -0.000385696775006     0.000641065318720
    -0.001582057476694     0.001204906588561     0.000276692365835
42 56
     0.029788105095742    -0.016410923532376     0.016914791729655
     0.016191895912069    -0.029053928917863     0.031325013731419
    -0.016849547556059     0.031841474048879    -0.029800829459562
42 57
     0.004445926524313     0.003103052658100     0.000978535777274
     0.002559096308894     0.001656352828168    -0.002744766030486
     0.001287408793147    -0.003089204522550     0.004181801492819
42 58
    -0.002122119110607    -0.000142235040312     0.000293557602671
     0.000146514959688    -0.001483053917863     0.000003442302847
     0.000205371094734     0.000030868890149    -0.001891333427816
42 59
     0.003776142794155    -0.002250258849836    -0.000299097159234
    -0.002354336230789     0.001410130605946    -0.002270914840010
     0.000501585380448    -0.002760837459058     0.003213140778534
42 60
    -0.030770767920131    -0.033017941389519    -0.017117718190980
    -0.032398104087931    -0.030059329711514    -0.016679641030486
     0.017514648872512     0.017031985953641     0.030290614984883
42 61
    -0.003526640936004    -0.003766649722852     0.003766757999496
    -0.003677939405392    -0.002867766219451     0.003781420477450
     0.004322420697909     0.004898745874276    -0.006992454459562
42 62
    -0.000578013951877     0.000939157816830    -0.001302944381456
    -0.000805802500630     0.002845481796422     0.000795144683799
    -0.001336811444948    -0.000658258093978    -0.000766595332577
42 63
    -0.002377188555052     0.003133362181910    -0.003623884857647
     0.003842364166037    -0.002205895187705     0.004462067302847
    -0.004356988032250     0.004998172461577    -0.006903533824641
43 1
    -0.003820031809020     0.004041689562862     0.005197095301083
     0.005553683610481    -0.002714883282943    -0.005765873173343
     0.008488440539179    -0.007420504125724    -0.005839686602419
43 2
    -0.004894071491560    -0.003706137818090    -0.003701124937012
    -0.004201502897455    -0.006957367409927    -0.002817680713026
    -0.004489323349710    -0.005444353332074    -0.002837218348451
43 3
    -0.001151208396321    -0.000105673532376    -0.000575706286218
    -0.001159290595868     0.007224626637692    -0.002335672776518
     0.000467581412195    -0.000219162855883    -0.002287220332577
43 4
     0.000488103111615    -0.000659737024439     0.000545728237591
    -0.000293869960947     0.000843642510708     0.001130495874276
     0.000664142920131     0.000649527620307     0.000799914588057
43 5
    -0.001290886967750     0.001641366150164    -0.001062418587805
     0.001275189562862    -0.000757605505165    -0.000667347379693
     0.000061146888385     0.001591908572688     0.002544712207105
43 6
     0.000823523746536     0.000432608213656    -0.000368710254472
     0.004023060594608     0.001424456002771    -0.001742472379693
    -0.003743105095742    -0.001961950554296     0.000949880857899
43 7
    -0.032871172682036     0.010951433610481     0.028843182602671
    -0.016221358056185     0.028073896478962     0.018091295477450
     0.033792728237591    -0.013683625157470    -0.027100875094482
43 8
     0.001148077317964     0.001400760991434     0.001253589348702
     0.001291384007307     0.001257910367851    -0.000988353332074
     0.001210031809020    -0.000938016030486     0.001117595143613
43 9
     0.002876902714790     0.001154427658100     0.000820446491560
    -0.000313268770471    -0.000340081695641     0.001452920477450
    -0.000685724143361     0.001403491906022    -0.000233079459562
43 10
     0.000621632873520    -0.002099915595868    -0.002057519778282
    -0.001056112024439     0.003498950050391    -0.000852896982867
    -0.002207049540186    -0.000229793808264     0.003910972127740
43 11
    -0.001922140936004     0.000129941546989     0.000239085380448
     0.000258197499370    -0.001695901140086    -0.000421273966994
    -0.000259216206853    -0.000401533887629    -0.001768946523054
43 12
    -0.003295424666163    -0.003037707262535     0.004386216332829
    -0.003404985040312    -0.002737670981356     0.004067511747292
     0.005087341332829     0.004819206191736    -0.006460230253212
43 13
    -0.034258357205845    -0.030071288611741    -0.011470577317964
    -0.035386215199043    -0.029134488441673    -0.014078460474931
     0.015627031809020     0.018149150636180     0.029181878873772
43 14
    -0.002416646888385     0.004690868134291    -0.003761386841774
     0.004603739166037    -0.006412079711514     0.004454226033006
    -0.003423484063996     0.004686827223482    -0.002087480253212
43 15
    -0.028512037761401    -0.016095913611741    -0.030868287635425
     0.017134300673973     0.029778582986898     0.017007251826657
    -0.031733426524313    -0.016345516030486    -0.028094004062736
43 16
     0.000676587238599     0.002715665753338     0.001981095301083
     0.003098255039053     0.003806856796422    -0.000323859284455
     0.001906809586798    -0.000438857300328     0.003752743953137
43 17
     0.002813789619552    -0.000361992976820    -0.000724017794155
     0.000987536785084    -0.000593859473419     0.001266593096498
     0.000609142920131     0.001616009763165    -0.000419210411943
43 18
     0.000400674540186    -0.001081798532376    -0.001044672556059
    -0.001120996945074     0.000499795288486    -0.000940486268582
    -0.001111047556059    -0.001035585474931     0.000509870937264
43 19
    -0.001338273872512     0.000263747102545    -0.000158978111615
    -0.000447268770471    -0.001195069790879     0.000526743890149
     0.000389019904258     0.000480773652053    -0.000996623110355
43 20
    -0.003418815539179    -0.003893225119677     0.003372248078861
    -0.004171532659360    -0.006377327727387     0.004179146667926
     0.003869444507433     0.004164757779038    -0.002584851284958
43 21
    -0.000828398872512    -0.001189800516503     0.000480900856639
    -0.001140951310154    -0.000777002330562    -0.000818625157470
    -0.001008416603679     0.000467299445704     0.002886426492819
43 22
    -0.003166797682036     0.004128461388259    -0.004478065413202
     0.003796681626354    -0.002596742409927     0.004735718096498
    -0.004176670571932     0.003941900636180    -0.007191345332577
43 23
    -0.001657107205845     0.001274800673973    -0.001074777714790
    -0.000052088214916     0.001953096875787     0.000721535556815
    -0.001226603111615    -0.000656869205089    -0.001377337396070
43 24
    -0.002786025856639     0.004956977261275     0.004239511967750
     0.004092560594608    -0.006381722568657    -0.004129539840010
     0.003759252047115    -0.004916307697153    -0.003701246126228
43 25
     0.002394065413202     0.000996524880322    -0.000832198349710
    -0.000541145754598    -0.001188212648022    -0.001543196586042
     0.000772410777274    -0.001765964443185    -0.000809006046863
43 26
    -0.002849936570925    -0.003692889802217    -0.004607956286218
    -0.003620792579995    -0.003663895187705    -0.004607204522550
    -0.004249593190980    -0.004774629125724    -0.007372974300831
43 27
    -0.000568295697909    -0.000434377897455    -0.000020666603679
    -0.000862060437138    -0.001358573759133    -0.000057309681280
    -0.000706085254472    -0.000999089443185     0.009728751889645
43 28
     0.001474650730663    -0.002024625913328     0.002164752047115
    -0.001791683453011     0.003763838939279     0.001113841112371
     0.002119263951877     0.001455914525069     0.004016168556311
43 29
    -0.027820111174099     0.029949582420005     0.016740642920131
     0.030783544721592    -0.027802020187705    -0.016557692617788
    -0.016682682476694     0.016820037540942     0.028999460222978
43 30
     0.000874293587805     0.001520558610481    -0.001293664619552
     0.001359965356513     0.001022293304359     0.001209297461577
    -0.001165898746536     0.001168376826657     0.001098890778534
43 31
    -0.000986188555052    -0.000262867976820     0.001409940539179
     0.001281516943815     0.002793993701184     0.000670712144117
     0.001361537761401    -0.000656492220962    -0.000866515967498
43 32
     0.004242680492567     0.003139604245402     0.000297285777274
     0.003453661785084     0.001129471875787    -0.002405504125724
     0.000742748078861    -0.002725105316201     0.004618763794407
43 33
     0.030255952317964    -0.016997792579995     0.016903573475687
     0.017025491150164    -0.028867790028975     0.032172333175863
    -0.017036057476694     0.032224833175863    -0.028832452475435
43 34
     0.004134615016377     0.000020681626354    -0.002630886841774
    -0.000316306468884     0.004543370685311    -0.002927377141597
    -0.003198922556059    -0.002601141030486     0.001209253873772
43 35
    -0.001258839348702     0.000114165753338    -0.000094995968758
     0.000401491150164    -0.001105786060721     0.000035265715545
    -0.000046503905266     0.000007301429831    -0.000759196523054
43 36
    -0.006873099269337    -0.004439147738725     0.004704115142353
    -0.004403822341900    -0.003152454711514     0.004645989921895
     0.004718184586798     0.005028099048879    -0.002941188586546
43 37
    -0.001971123078861    -0.001805578294281    -0.000178416603679
    -0.001340278691106    -0.000939450743260     0.000610974048879
     0.000895093316956    -0.000557861268582     0.001801622921391
43 38
    -0.187118877047115     0.035693576467624    -0.034208809460821
     0.036930564562862    -0.191652996378181     0.035673654604434
    -0.034316904698917     0.034766039525069    -0.191839855253212
43 39
    -0.027871525856639     0.018121040753338    -0.030301775730663
    -0.015121254881582     0.029853257590073    -0.016020533887629
    -0.030598323349710     0.018071968096498    -0.029407533824641
43 40
    -0.006987849269337     0.004446499086672     0.003623257999496
     0.005633354245402    -0.002096885267070    -0.003108408887629
     0.004075533793147    -0.004063375157470    -0.002571341364324
43 41
     0.029901793587805     0.018219110197783     0.017243952443941
    -0.017011852103804    -0.029120006298816    -0.032176827538423
    -0.017013698349710    -0.030456988252708    -0.028949908824641
43 42
    -0.191793101253464    -0.035819893770471    -0.040832954302091
    -0.036054058453011    -0.191609418997228    -0.040999394998740
    -0.035433212238599    -0.040750133093978    -0.195090379062736
43 43
     0.907200023746535     0.003556169721592    -0.013699460254472
     0.003556169721592     0.898624176240867    -0.014750420792391
    -0.013699460254472    -0.014750420792391     0.894486243953136
43 44
     0.004271720175107    -0.002191655675233     0.000521160777274
    -0.002918032659360     0.001260098859914     0.001854426429831
     0.000406728237591     0.001722249842530     0.003850847127740
43 45
    -0.027147444507433     0.028772191546989    -0.018786714222726
     0.028851457420005    -0.028259986457546     0.019092597064752
     0.011272039745528    -0.011435313649534     0.030480618953137
43 46
     0.003897845175107     0.000481312578735    -0.002940674540186
     0.000791165753338     0.003438565129756     0.002462025636180
    -0.003276011841774     0.002195239921895     0.001762412603930
43 47
    -0.029890785777274    -0.017189260833963     0.033102408793147
     0.018271253054926     0.030260650447216    -0.017199200554296
     0.032507775856639     0.018293962144117    -0.029889390967498
43 48
    -0.190142408793147     0.040073995118418     0.033383381015369
     0.036846887975561    -0.192660891219451    -0.038964789840010
     0.035366627047115    -0.040610779919375    -0.190144722316704
43 49
     0.030080982079869    -0.016104326310154    -0.016376613032250
     0.016003473293021    -0.028672008282943    -0.030491541824137
     0.017129315539179    -0.030976648966994    -0.027760885015117
43 50
    -0.006600619110607    -0.003702052500630    -0.004384930492567
    -0.003928294564122    -0.002816674949609    -0.003863178728899
    -0.005029005889393    -0.003334339443185    -0.002515821523054
43 51
     0.008808242000504     0.000273141943815     0.000309803634417
     0.000500046705719    -0.001325545981356    -0.000367567617788
     0.000167619110607    -0.000259269998740    -0.001440694538927
43 52
     0.003967533667171     0.000495137975561     0.002302767920131
     0.000083981229529     0.003564952034518     0.002452533572688
     0.002185855221718     0.002714128810784     0.001293146730915
43 53
    -0.000984579428068     0.001557798689846     0.000585793713782
     0.001519401864449    -0.000839855505165     0.001223333175863
    -0.000714017794155    -0.000273075554296     0.002773027683296
43 54
     0.003872950333837     0.002665223293021    -0.000450206286218
     0.003190366150164     0.001712245685311     0.002125775636180
    -0.000949753905266     0.002162077223482     0.003942031651549
43 55
    -0.001709025856639     0.000690457420005     0.001539716332829
    -0.000987431468884     0.001484773463089    -0.000112347379693
     0.002379561570925     0.001418880794911    -0.001972184618292
43 56
     0.004047105095742     0.000645304642227     0.002153793713782
     0.000562959404132     0.004318666320232    -0.002540523966994
     0.002200196491560    -0.002942426744772     0.001478418556311
43 57
     0.030012051524313     0.017672030832703    -0.017416587238599
    -0.016261090199043    -0.028206801933736     0.031342446271101
     0.016669027840766     0.031513519683799    -0.027922325491308
43 58
     0.004046505889393    -0.001938131865709    -0.000363565413202
    -0.002062046548249     0.001622041320232    -0.002568095395566
    -0.000437759857647    -0.002298906903502     0.004631539588057
43 59
    -0.001529857205845     0.000268594324767     0.000113404824893
     0.000343477261275    -0.000899649155959     0.000113797461577
     0.000016579428068     0.000080386747292    -0.001258236205593
43 60
    -0.205198267920131    -0.050921338214916     0.051005408793147
    -0.051725790595868    -0.204241609473419     0.051912821271101
     0.051375642920131     0.051229335159990    -0.204240386999244
43 61
    -0.029513015936004    -0.031731796548249     0.017202134983623
    -0.031641625913328    -0.029584545981356     0.017787632779038
    -0.017612835254472    -0.017239404919375     0.030521418556311
43 62
    -0.006281513951877     0.004617760991434    -0.004418817397329
     0.004886510991434    -0.002078547965482     0.003571856985387
    -0.004674067397329     0.003498091112371    -0.002397972316704
43 63
    -0.000608438555052    -0.000214284643487    -0.001480257873520
     0.001165677658100     0.003061200050391    -0.000561095395566
    -0.001388993984631     0.000822146667926    -0.000384285808768
44 1
    -0.040585335380448     0.012042487181910    -0.053742591206853
     0.034144483213656     0.010988164336105     0.034138672461577
    -0.053745063429075     0.011980468096498    -0.040576208427816
44 2
    -0.002344625062988     0.001104159800957     0.000298688555052
     0.001951921705719     0.000324055209121    -0.000860135078105
     0.001238172682036     0.001132868890149     0.002423259826153
44 3
     0.000523863032250    -0.001835375913328     0.001199482205845
    -0.002339990992693     0.000664174256740     0.001131747858403
     0.000819452443941     0.000755559366339     0.000672257842026
44 4
    -0.004035075459814    -0.000045939405392    -0.001099833270345
    -0.001360570357773     0.003283815129756    -0.001281208490804
    -0.001124236048123     0.000035624842530    -0.004078607237339
44 5
    -0.001565065539179    -0.004911961230789    -0.002417355095742
    -0.005578885833963    -0.004412557886117    -0.005503426744772
    -0.002405107079869    -0.004841119205089    -0.001383559618292
44 6
     0.002394095175107     0.001024280832703     0.001226228237591
    -0.001003514802217     0.000094878621819     0.002036448255228
     0.000353515936004     0.001139896667926    -0.002350140967498
44 7
     0.000532523746536     0.000744106229529     0.000804996094734
     0.001178441546989     0.000659569098010    -0.002222033887629
     0.001185849269337    -0.001658027935248     0.000451853080121
44 8
    -0.027974226253464     0.016651683610481     0.031952402840766
    -0.017160066389519     0.031295832986898     0.016214317302847
     0.031264902840766    -0.017088043808264    -0.028153426681784
44 9
     0.001749349143361     0.001744225277148    -0.003747865016377
     0.001809655832703     0.003954090923406    -0.000367908887629
    -0.002977478111615     0.000878964128244     0.004364023715042
44 10
    -0.030568420697909    -0.034723117976820    -0.018113081286218
    -0.030998437421265    -0.026426377330562    -0.016947226347947
     0.017443196491560     0.015330053413958     0.029129950302343
44 11
    -0.002977194507433    -0.003468760833963     0.003970398872512
    -0.002654127897455    -0.001229853521038     0.003350021667926
     0.003545404824893     0.003899813334593    -0.008215468348450
44 12
    -0.003379728237591    -0.000189409643487    -0.000375720175107
     0.000083314562862    -0.003163248362308    -0.000825317617788
    -0.000107037635425    -0.000422321586042    -0.001914752078609
44 13
     0.001911839222726    -0.002233240992693    -0.003175513825901
    -0.002187040595868     0.003575809177375    -0.000579789840010
    -0.002114347159234     0.000036997858403     0.003192982048375
44 14
     0.003154674540186    -0.001149334246662     0.000607551650290
     0.000836163769211     0.000219842907533    -0.001447978332074
    -0.000980113032250    -0.001872825554296    -0.000974127078609
44 15
    -0.001973466332829     0.003059884007307     0.004049400856639
     0.003200225277148    -0.001902119394054    -0.004837202538423
     0.004428819507433    -0.004760668808264    -0.006032400888133
44 16
    -0.001184091332829    -0.000945536627614     0.000758283793147
     0.000612804642227     0.001685279415470     0.000589311350466
     0.000761430618544    -0.000925260078105    -0.001146777872260
44 17
     0.001172611048123     0.000868804642227    -0.001440829302091
     0.000989586388259     0.001182563145629     0.001015513731418
    -0.001437611048123     0.000883856985387     0.001193767762661
44 18
    -0.000209129031242    -0.001262125913328     0.000470640936004
    -0.002135947341900    -0.002232782092467     0.000173934366339
    -0.000025426524313     0.001165386747292     0.001995849111867
44 19
    -0.001958452443941    -0.005199080278408     0.002705585380448
    -0.004522094167297    -0.007303397171832     0.003675164525069
     0.002203265936004     0.004545995874276    -0.002496519935752
44 20
    -0.001117619110607    -0.000533677500630    -0.000333563429075
    -0.000265983056185    -0.001262405108340    -0.000257557697153
    -0.000333559460821    -0.000533019998740    -0.001093873110355
44 21
     0.000926047556059    -0.001898627897455    -0.001614410651298
    -0.001778401706979     0.000797295288486    -0.001737204522550
    -0.001603295571932    -0.001837853332074     0.000981779667423
44 22
     0.001937773746536     0.001100009007307    -0.000041251921139
     0.000106356229529    -0.002208819790879    -0.002074986268582
     0.000474450459814    -0.001202752141597    -0.000218117157974
44 23
    -0.002666410777274     0.004491973293021     0.002180660777274
     0.003658211388259    -0.007429105505165    -0.004293668808264
     0.002646517920131    -0.004911021982867    -0.001998234221466
44 24
    -0.000072954428068     0.000635899880322    -0.001852924540186
     0.000074985197783     0.002657200050391     0.000822005794911
    -0.002014376921139    -0.000985960474931    -0.000459392951625
44 25
    -0.002337363158226     0.003642822499370    -0.004879134857647
     0.004031903848576    -0.001827165028975     0.003674974048879
    -0.005678468190980     0.005417257779038    -0.006458902872260
44 26
    -0.029349490142353     0.030105907816830     0.017431107205845
     0.030088882023180    -0.029353847568657    -0.016657408887629
    -0.016685972159234     0.017369718096498     0.031881753873772
44 27
     0.001723400730663    -0.004633455278408    -0.000673103111615
    -0.005871510833963     0.006669473859914     0.004883735953641
     0.004636035777274    -0.002566992220962     0.000865480064248
44 28
    -0.003401027840766    -0.001019953294281     0.000120315539179
    -0.001505008849836    -0.003848488441673     0.000552636747292
     0.000090884983623    -0.000903363252708     0.009642521730915
44 29
    -0.003582414745528    -0.003796244960947    -0.004803293587805
    -0.003724405675233    -0.002900347568657    -0.004369896982867
    -0.004670561444948    -0.004747240236835    -0.007401436602419
44 30
     0.002514615016377    -0.001486393770471    -0.000206476127488
     0.000093139959688    -0.000531659076594     0.001796093096498
     0.000853722285210     0.001325224048879    -0.000394006046863
44 31
     0.001669632873520     0.002021179642227     0.002611754031242
     0.002009941546989     0.003878291320232    -0.000526742220962
     0.003076408793147    -0.001039269998740     0.003892337207105
44 32
    -0.028348373078861    -0.016784973135551     0.031285349269337
     0.016379961388259     0.031012394494835    -0.017193208490804
     0.031858119110607     0.016504491906022    -0.028111633030990
44 33
     0.004264773746536     0.000858755039053    -0.002956238032250
    -0.000405709246662     0.003968632590073     0.001874628810784
    -0.003704561444948     0.001784055398085     0.001784400699169
44 34
    -0.001250438555052    -0.001971270754598    -0.001137573349710
    -0.001530881865709     0.000026043304359     0.000819918493323
     0.000440948475687    -0.001170918808264     0.002969482048375
44 35
    -0.006122517920131    -0.004846036627614     0.004424817523306
    -0.004909584246662    -0.001901613441673     0.003172686350466
     0.004019617126480     0.003041898652053    -0.001970843348450
44 36
    -0.001964652840766    -0.000439225119677    -0.000087321365583
    -0.000867147738725    -0.003112032092467     0.000105035556815
    -0.000338819381456    -0.000175803728899    -0.003325085411943
44 37
     0.003259573349710     0.000004719324767    -0.002147978111615
    -0.000583479087931     0.003377346875787    -0.002258980316201
    -0.003225160651298    -0.002284889046359     0.002037101095994
44 38
     0.029123319381456     0.015220124086672     0.017410254031242
    -0.017135510833963    -0.026605823759133    -0.031226924760645
    -0.018311783667171    -0.034961238252708    -0.030675877078609
44 39
    -0.008171454428068     0.003939213372386     0.003560537761401
     0.003366544721592    -0.001308819790879    -0.002691113252709
     0.003950797682036    -0.003510059681280    -0.003031180650038
44 40
    -0.031813652840766     0.016900296705719    -0.036757053508440
    -0.015880221151424     0.032416787351978    -0.015854738252708
    -0.036747970175107     0.016878222064752    -0.031768738189720
44 41
    -0.201030009983623     0.049141907816830    -0.044875234063996
     0.049850072499370    -0.206286583679768     0.050201718096498
    -0.044797202317964     0.049430108969514    -0.200915180650038
44 42
    -0.033552904824893     0.032000528848576    -0.016736265810028
     0.032328991150164    -0.030977246378181     0.017752275636180
     0.015565033793147    -0.017894785871756     0.031705849111867
44 43
     0.004271720175107    -0.002918032659360     0.000406728237591
    -0.002191655675233     0.001260098859914     0.001722249842530
     0.000521160777274     0.001854426429831     0.003850847127740
44 44
     0.911765416603678    -0.007858483056185     0.003175849269337
    -0.007858483056185     0.921041271478962    -0.010285902935248
     0.003175849269337    -0.010285902935248     0.910002700302343
44 45
    -0.173160373078861    -0.041931010833963    -0.013447525730663
    -0.044419242976820    -0.192876938838498    -0.044295732300327
    -0.013282214222726    -0.041729091427312    -0.173247152872260
44 46
     0.031736916603678    -0.018053514802217     0.015665388951877
     0.017584840356513    -0.030650637251197     0.032139946271101
    -0.016690265810028     0.031803462144117    -0.033425734221466
44 47
     0.003843160651298     0.001807161785084     0.000526222285210
     0.001679177658100     0.001239573066264    -0.002135529919375
     0.000419646888385    -0.002878815633661     0.004357712207105
44 48
    -0.000537962364575    -0.001059457262535    -0.002045680492567
     0.000767437578735     0.002623531399597     0.000129005794911
    -0.001881501921139     0.000672692302847    -0.000122869142101
44 49
    -0.006624946491560     0.005251346308894    -0.005669174540186
     0.003498897896196    -0.001839085663895     0.004012003810784
    -0.004867813429075     0.003679823255228    -0.002407156840514
44 50
    -0.000251047682036     0.001261870118418     0.000797757999496
     0.001721130039053    -0.000386502330562     0.000213991906022
    -0.000265884857647    -0.001391117220962     0.002726406651550
44 51
     0.003905688429075    -0.001061435437138     0.003060242126480
    -0.000559403691106     0.003926626637692     0.002025978017133
     0.002608990142353     0.002063702223482     0.001749783635676
44 52
     0.009756980095742    -0.000954064405392     0.000078081412195
     0.000440155832703    -0.003677250346435    -0.001480045792391
     0.000104976253464    -0.001078148966994    -0.003265875094482
44 53
    -0.007349007999496    -0.004808653691106    -0.004688642794155
    -0.004373173532376    -0.002768432886117    -0.003676246189216
    -0.004803021762409    -0.003721603332074    -0.003475744142101
44 54
     0.031880896762409     0.017342520912069    -0.016737642794155
    -0.016705084246662    -0.029211831695641     0.030148946271101
     0.017432367126480     0.030196924445704    -0.029251990173847
44 55
     0.000852420571932    -0.002582244960947     0.004615904824893
     0.004832243134291     0.006650821082137    -0.005842426744772
    -0.000673567397329    -0.004584021982867     0.001753043556311
44 56
    -0.000690073475687     0.000426352261275     0.000633107205845
    -0.000987365992693     0.002883213939279    -0.000956103332074
     0.000610942523306     0.000484420477450    -0.000665853269085
44 57
     0.004477872952885     0.002503703451751    -0.001126148746536
     0.002264084404132     0.001761120685311     0.002328116906022
    -0.001125351127488     0.002543491906022     0.004490277683296
44 58
    -0.030137297682036    -0.033327959246662     0.018066373078861
    -0.033300621945074    -0.029308036060721     0.018006700239355
    -0.017367138825901    -0.017195684681280     0.031531017762661
44 59
    -0.200505410777274    -0.045111983056185     0.044142968316956
    -0.044858598135550    -0.198558976536911     0.044526093096498
     0.047809575459814     0.047486358969514    -0.200080383030990
44 60
    -0.002101696491560    -0.000184290595868    -0.000353902714790
    -0.000065615992693    -0.001905686854371    -0.000008383093978
    -0.000352486048123    -0.000137817617788    -0.002084908824641
44 61
     0.003818055492567    -0.002750123929201    -0.001148426524313
    -0.002362076310154     0.001177126637692    -0.002312946586042
    -0.001161464222726    -0.002672182697153     0.003862896730915
44 62
     0.031499307476694    -0.017260441389519    -0.017437503905266
     0.017841560594608    -0.029284125346435    -0.033260472379693
     0.017965303634417    -0.033306811665407    -0.029934119142101
44 63
    -0.199772617126480     0.047339512975561     0.047632180618544
     0.044654727261275    -0.198603127330562    -0.044965424760645
     0.043993502047115    -0.045047131109851    -0.200403057634165
45 1
    -0.220317750062988     0.105202602261275    -0.017332529698917
     0.050630205435878    -0.174030670981355     0.050642108969514
    -0.017175063429075     0.105121388731418    -0.220383811602419
45 2
     0.001339460254472    -0.001510475119678     0.002543500062988
     0.000679268927942     0.000725469891660     0.000925176429831
    -0.000736952317964     0.000620289525069     0.001298406651549
45 3
    -0.001416051650290     0.001032989166037     0.000100793713782
     0.001934856229529    -0.002042661060721     0.001389684366339
    -0.000017547556059    -0.001171019998740     0.000696404667423
45 4
    -0.001586990142353     0.000919050673973    -0.001217771762409
    -0.001132598135550     0.002063854812295    -0.001080896982867
    -0.001217736048123     0.000886170477450    -0.001672835411943
45 5
    -0.000809980221718    -0.002599971151424     0.001159956412195
     0.002859086388259     0.007226481796422     0.002811384763165
     0.001148142920131    -0.002592198570169    -0.000678412792895
45 6
     0.001369680492567     0.000535270912069    -0.000713335254472
     0.000942832420005     0.000641293304359     0.000653384763165
     0.002621890936004    -0.001491932697153     0.001292630857899
45 7
     0.000538484063996    -0.001116528691106    -0.000006942397329
     0.001413038769211    -0.002050516219451     0.002115402620307
     0.000071974269337     0.001143892699672    -0.001477875094482
45 8
     0.003911609063996     0.000599298689846    -0.002946660651298
     0.000418030832703     0.003714372669438     0.003082503810784
    -0.002620472159234     0.002393626826657     0.001228845143613
45 9
    -0.029282815539179    -0.017193534643487     0.033309821491560
     0.015785628054926     0.033409130605946    -0.016320847379693
     0.034269646888385     0.015977634763165    -0.030028954459562
45 10
    -0.205040335380448    -0.039500627897455     0.040581355221718
    -0.047491090199043    -0.188138962648022     0.032581835159990
     0.047563946491560     0.031885224048879    -0.186259027872260
45 11
    -0.030944734189972    -0.032598395754598     0.018405835380448
    -0.032507905675233    -0.030638188838498     0.016332083175863
    -0.017572470175107    -0.016002266030486     0.031174053476946
45 12
     0.000119232079869    -0.001318169564122    -0.001139033667171
    -0.002172713214916     0.004812541320232    -0.000694756109851
    -0.001658037635425    -0.000180525951121     0.002473519746788
45 13
    -0.004317825459814     0.000075624086672     0.000916172682036
     0.001517056626354    -0.001691776140086    -0.000538978332074
    -0.001029722159234    -0.000235706506677    -0.001501621126228
45 14
    -0.002879615142353     0.004604905832703     0.002869488158226
     0.005649635991434    -0.007445867409927    -0.005874291824137
     0.002894761967750    -0.004217904919375    -0.002665855253212
45 15
     0.002631368984631     0.001023249086672    -0.001167037635425
    -0.000828427500630    -0.000905079711514    -0.001561016030486
     0.000573819507433    -0.001682873173343    -0.001356504062736
45 16
     0.003374743984631     0.003113578451751    -0.000796279698917
     0.003549776864449    -0.000777805901990     0.003491872858403
    -0.000792694381456     0.003081660556815     0.003469618953137
45 17
    -0.000487928634417     0.001206919721592     0.001938732205845
    -0.000529441389519     0.001150727828168    -0.000540549760645
     0.001932513951877     0.001217152620307    -0.000481960411943
45 18
    -0.007178418713782    -0.003081510833963     0.003554827443941
    -0.003009975119678    -0.000482242409927     0.001794995874276
     0.005143198475687     0.005549432382212    -0.005772754062736
45 19
    -0.000552867126480    -0.001616215199043    -0.001289853111615
    -0.000287246945074    -0.001330982489292     0.001820851033006
     0.001985515936004     0.000141791509196     0.000866501889645
45 20
     0.000432341206853    -0.001218687421265    -0.001498751921139
    -0.001420885833963     0.000940259574200    -0.001492121189216
    -0.001493309460821    -0.001269599363820     0.000396523715042
45 21
    -0.000856117126480     0.000113862181910    -0.000309349143361
     0.000115570515243    -0.000815165028975     0.000106856985387
    -0.000318420571932     0.000106817302847    -0.000859948507181
45 22
    -0.005838140936004     0.005581749086672     0.005119559586798
     0.001826078451751    -0.000485405108340    -0.003009424760645
     0.003577700459814    -0.003097206506677    -0.007185220332577
45 23
     0.000690549540186     0.000181713372386     0.001945847285210
     0.001812558610481    -0.001327690822625    -0.000134982300328
    -0.001366357079869    -0.001386226347947    -0.000600587396070
45 24
    -0.007316369110607     0.004057014959688    -0.004786863032250
     0.002511332420005    -0.001220135267070     0.002173442302847
    -0.002857126921139     0.001434460159990    -0.003178371126228
45 25
    -0.002245902840766    -0.001676812421265    -0.002511073349710
     0.003129501070799     0.001919499653565     0.000527910556815
    -0.002415343190980    -0.000685696586042    -0.001853381046863
45 26
     0.006855970175107    -0.004577977103804    -0.002461706286218
    -0.005847645754598     0.001697067113883     0.004634777620307
     0.005033527840766    -0.000665986268582     0.000988400699169
45 27
    -0.037021888951877     0.025450534800957    -0.025985416603678
     0.041979211388259    -0.036886361457546     0.006587297461577
     0.006520410777274    -0.026020571586042     0.027914251889645
45 28
    -0.002842067523306    -0.003069838214916    -0.004031747952885
    -0.002416661627614    -0.004539823759133    -0.003302051744772
    -0.004937990016377    -0.004125567617788    -0.007466456443689
45 29
    -0.001289079428068    -0.000528254881582    -0.000952357079869
    -0.000918183453011    -0.000504932886117    -0.000683960474931
    -0.000020186444948     0.000053680398085     0.009890335222978
45 30
    -0.000203174666163     0.000989096308894     0.001292960380448
     0.000408737181910     0.000464005605946    -0.000972470395566
     0.000848972285210    -0.001645730316201     0.000483765778534
45 31
     0.001542093190980     0.001377044721592     0.000650190539179
    -0.000187961230789    -0.001823418997229     0.001555944286974
    -0.001015591206853     0.002436775636180    -0.001382765967498
45 32
     0.000990462238599     0.002635141943815    -0.002551214222726
     0.003313433610481     0.003423309177375     0.000326353017133
    -0.002883880889393     0.000455912540942     0.003630138794407
45 33
    -0.029846015936004     0.015936245118418     0.034078448475687
    -0.016136737024439     0.033427547272613     0.015872065318720
     0.033032938555052    -0.017193773966994    -0.029119077475435
45 34
    -0.002874353237591    -0.004269030675233     0.002688363158226
    -0.005935409643487    -0.007649667013102     0.005544855001260
     0.002668323475687     0.004495626826657    -0.003048371126228
45 35
    -0.001420682602671    -0.001717796548249     0.000500504031242
    -0.001571237024439    -0.000977698759133    -0.000901627141597
    -0.001234882873520     0.000977194286974     0.002556053476946
45 36
     0.002448682476694    -0.000179235040312    -0.001594134857647
    -0.000685175516503     0.004870882590073    -0.002233902935248
    -0.001104944381456    -0.001355758093978     0.000107186413454
45 37
    -0.001393716332829    -0.000216790595868    -0.001061416603678
    -0.000543631865709    -0.001772488441673     0.001411581191736
     0.000933089348702    -0.000051468411439    -0.004246627078609
45 38
    -0.186505220301083     0.032635614166037     0.048515440539179
     0.033111961388259    -0.188762034076594    -0.048114363252709
     0.041369216332829    -0.040114817617788    -0.205880730253212
45 39
     0.031162755889393    -0.016127046548249    -0.017733650730663
     0.016326016943815    -0.031195030108340    -0.033217801744772
     0.018318422682036    -0.033426514046359    -0.031540658824641
45 40
    -0.000438317523306     0.002221036785084    -0.001565867000504
     0.005090876070799    -0.003908922965483     0.005081323255228
    -0.001570845175107     0.002233642699672    -0.000468216364324
45 41
    -0.026680299666163    -0.007563852103804    -0.030092047556059
     0.020146294721592     0.028065706002772     0.020049654604434
    -0.030142577317964    -0.007660220395566    -0.026586033824641
45 42
     0.000363805492567    -0.001513106072058     0.002001420697909
    -0.002333411627614     0.003847293304359     0.000089837144117
     0.002744408793147     0.000769384763165     0.003265995937264
45 43
    -0.027147444507433     0.028851457420005     0.011272039745528
     0.028772191546989    -0.028259986457546    -0.011435313649534
    -0.018786714222726     0.019092597064752     0.030480618953137
45 44
    -0.173160373078861    -0.044419242976820    -0.013282214222726
    -0.041931010833963    -0.192876938838498    -0.041729091427312
    -0.013447525730663    -0.044295732300327    -0.173247152872260
45 45
     0.901016087238599    -0.024654895754598    -0.068410214222726
    -0.024654895754598     0.907118600844041    -0.021995670792391
    -0.068410214222726    -0.021995670792391     0.902291743953136
45 46
     0.003286626921139     0.000746725277148     0.002786700459814
     0.000082812578735     0.003815027431343    -0.002291617220962
     0.002021359189972    -0.001477617220963     0.000391787603930
45 47
     0.030509870968758     0.019068901864449    -0.018920716206853
    -0.011349975119678    -0.028162512251197     0.028854281588561
     0.011342521888385     0.028856230001260    -0.027191140967498
45 48
    -0.003207127047115     0.001410532816830    -0.002866368984631
     0.002125909800957    -0.001277053917863     0.002437067302847
    -0.004748376921139     0.004003237937768    -0.007376972316704
45 49
    -0.001914611174099    -0.000795413611741    -0.002454113032250
     0.000402620118418     0.001940079018645     0.003094065318720
    -0.002558813429075    -0.001731506109851    -0.002305510015117
45 50
     0.000679912635425    -0.001681264802217     0.000822319507433
    -0.001006647738725     0.000591287351978     0.000460803413958
     0.001251615142353     0.001028678413958    -0.000041071523054
45 51
    -0.001308726253464     0.002464179642227    -0.001064696365583
     0.001594568531116    -0.001776708679768    -0.000225210474931
     0.000623740142353     0.001352372858403     0.001567680461073
45 52
    -0.007264434586798    -0.004145949326027    -0.004965982079869
    -0.003309746945074    -0.004342710663895    -0.002473484284454
    -0.004063398746536    -0.003138728332074    -0.002668103269085
45 53
     0.009985327317964     0.000081836388259    -0.000047456286218
    -0.000658076310154    -0.000407143203578    -0.000985184681280
    -0.000929521762409    -0.000598057697153    -0.001240472316704
45 54
     0.001057107079869    -0.000668614008566     0.005070293713782
     0.004630012975561     0.001754332986898    -0.005790242220962
    -0.002428132873520    -0.004506404919375     0.006930281651550
45 55
     0.027855255889393    -0.026015129881582     0.006529091332829
     0.006642340356513    -0.036787139235324     0.041894509763164
    -0.025984067397329     0.025446148652053    -0.036975059618292
45 56
     0.000624636841774     0.001150842340640    -0.001661956286218
     0.001256981229529     0.000633003621819     0.001237333175863
    -0.001654682476694     0.001126966112371     0.000602793556311
45 57
    -0.000816291729655    -0.000892556468884     0.001610912761401
     0.001165931626354     0.002639285367851     0.001169428413958
     0.001618523872512    -0.000866962459058    -0.000825825491308
45 58
    -0.002921462364575    -0.002839469167297     0.003223184586798
    -0.003646774722852    -0.003272996378181     0.005011136747292
     0.004621361174099     0.004903360953641    -0.007984585411943
45 59
    -0.031037575459814    -0.034188742976820    -0.015085220175107
    -0.032824625913328    -0.027905186854371    -0.019335720395566
     0.014805825459814     0.015615529604434     0.032433138794407
45 60
     0.004892263825901    -0.001607800516503    -0.000490466206853
    -0.002727768770471     0.000138602828168    -0.002728196586042
    -0.000502736048123    -0.001611271982867     0.004864613000756
45 61
    -0.001971984189972     0.001293616150164     0.000181509983623
     0.000631020912069    -0.003411583679768     0.000637989921895
     0.000186035777274     0.001300362937768    -0.002018581443689
45 62
    -0.007913857205845     0.004940173689846     0.004596432602671
     0.005008907816830    -0.003270085663895    -0.003699535871756
     0.003181553634417    -0.002878641030486    -0.002817347316704
45 63
     0.032572218190980     0.015602128054926     0.014728742126480
    -0.019398425516503    -0.027876087648022    -0.033036488252708
    -0.015208622952885    -0.034333085474931    -0.030907410808768
46 1
    -0.002023835380448    -0.001234439405392    -0.000581706286218
    -0.000869548532376     0.000522380605946    -0.001804962459058
    -0.000420773746536     0.002999067302847     0.003940982048375
46 2
    -0.039906375062988    -0.011995266786344     0.049934198475687
    -0.012781985040312     0.021152146478962     0.015766980001260
     0.049936462364575     0.013159468096498    -0.039331924697657
46 3
     0.001935613032250     0.001187447499370    -0.003629507873520
     0.001312852261275     0.005656015526581     0.001817112937768
    -0.003663507873520    -0.000830841427312     0.002430198318216
46 4
     0.002172799540186    -0.000507740992693     0.000048426650290
     0.000155772896196    -0.001277468600403     0.003092406588561
    -0.000092071365583     0.002606099048879    -0.002368041761149
46 5
     0.000824434460821     0.001755737181910     0.001106654824893
     0.001464582420005     0.005693158383724    -0.000700311665407
     0.002935307602671    -0.001022519998740     0.004166880857899
46 6
    -0.002957279824893    -0.000000270754598    -0.000419511841774
     0.002383953451751     0.007236719891660    -0.002409186665407
    -0.000455944381456     0.000500995874276    -0.003165950491308
46 7
    -0.002514101253464    -0.004310695357773    -0.002079118984631
    -0.003980215199043    -0.007390589632149    -0.001492293808264
    -0.002830236048123    -0.004421053728899    -0.003294831443689
46 8
    -0.031050851253464     0.034624507023180     0.017022162761401
     0.032672776864449    -0.029219325743260    -0.017217192617788
    -0.017032682476694     0.015713180398085     0.026644138794407
46 9
     0.001241849143361    -0.002382701310154     0.003020769904258
    -0.002611000913328     0.003952682193248    -0.000182793808264
     0.003055311570925     0.000740188334593     0.004504464191232
46 10
    -0.027645170697909    -0.015997544564122    -0.031024946365583
     0.016102280832703     0.030309588939279     0.015705263731419
    -0.031194638825901    -0.015106722379693    -0.028904359221466
46 11
    -0.003380194507433     0.004002062578735    -0.003074716206853
     0.001209090356513    -0.006864637251197     0.003111011747292
    -0.001868430492567     0.003855037540942    -0.001972777872260
46 12
     0.002376646762409     0.001247413769211     0.000197539745528
    -0.001273592183170    -0.000664782092467    -0.001814952538423
     0.001086377047115    -0.001783722379693    -0.001781436602419
46 13
    -0.001085035777274     0.002691957420005     0.001257371094734
     0.005486177658100    -0.008069724552784    -0.005838424760645
     0.002329442523306    -0.002918152935248    -0.001795202475435
46 14
    -0.003815825459814    -0.000338260833963     0.000361936570925
     0.000322007023180    -0.002094565822625     0.000373011747292
     0.000439801650290     0.000178148652053    -0.001506436602419
46 15
     0.001904408667171    -0.002366667579995    -0.002626089222726
    -0.001865556468884     0.003872846875787    -0.000176212459058
    -0.002861765810028    -0.000300694601915     0.004505289588057
46 16
    -0.001485466332829     0.001368286785084    -0.000512581286218
     0.000965647896196    -0.002640129314689     0.000648801429831
     0.001332095301083     0.001105964128244     0.001517037603930
46 17
     0.001112736048123    -0.001358996945074     0.001243305618544
    -0.001238695357773     0.001178654415470     0.001391003810784
     0.001194178634417     0.001318956191736     0.001197458238851
46 18
    -0.001447879031242     0.000711322499370    -0.000696724143361
    -0.001235854087931     0.001452309177375     0.001039674445704
    -0.000719136841774    -0.000223014046359    -0.000939335411943
46 19
    -0.003791702443941     0.002563118134291    -0.003921654698917
     0.002112999086672    -0.003220680901990     0.006336029604434
    -0.003660194381456     0.004182470080625    -0.006594454459562
46 20
     0.001733505889393    -0.000761604087931     0.001542446491560
    -0.000601639802217    -0.002275063838498    -0.001372442617788
    -0.000706269778282    -0.001491670792391    -0.001409307634165
46 21
    -0.003565577443941     0.003705695515243     0.003580349269337
     0.003789066546989    -0.002701988441673    -0.003535714443185
     0.004161744110607    -0.004757379125724    -0.006662029856387
46 22
    -0.001371851253464     0.000054582420005     0.000482507999496
    -0.000037675516503    -0.001254228521038     0.000187378810784
     0.000412615142353     0.000059097064752    -0.001455801681784
46 23
     0.000114714222726    -0.001108703294281    -0.000900204302091
    -0.001462070357773    -0.000004139235324    -0.002627678728899
    -0.000776942397329    -0.001356422776518     0.000498081254724
46 24
    -0.030438079428068    -0.030082151706979    -0.016225914619552
    -0.028645671548249    -0.030503458679768    -0.016350254125724
     0.017040287761401     0.017313888731418     0.031207797524565
46 25
    -0.002780988158226    -0.004394354087931     0.004140000062988
    -0.005078127897455    -0.002197198759133     0.004182214128244
     0.005644571491560     0.004705356985387    -0.006401587396070
46 26
    -0.000598240142353    -0.001250268770471     0.001442992126480
     0.000337975277148     0.002345743701184     0.000823706191736
     0.001896067523306    -0.000252182697153    -0.000599805650038
46 27
     0.000279900730663     0.001166243134291    -0.001582093190980
     0.000577957420005    -0.000370184870244     0.000755976033006
    -0.000904174540186     0.001196731985387     0.000186795540438
46 28
     0.002731472159234     0.001346495118418     0.001161825459814
     0.000453584404132    -0.001860897171832     0.002627376826657
    -0.000527075333837     0.002077485953641    -0.001829162792895
46 29
     0.000904085254472     0.001646703451751     0.001154841332829
     0.001450437578735     0.000794118701184    -0.001161406903502
     0.001211353237591    -0.001340391030486     0.000888003873772
46 30
    -0.002020759983623    -0.001939445357773    -0.000268841206853
    -0.000246641786344    -0.001903442806752     0.000279958175863
     0.000453386967750    -0.000348801744772     0.009697434429327
46 31
    -0.003208242126480    -0.003266996945074    -0.003645736048123
    -0.003777340199043    -0.002604242409927    -0.004433877141597
    -0.003805301524313    -0.004995920792391    -0.006924722316704
46 32
    -0.001634748078861     0.001728475277148     0.001030984189972
     0.001963179642227    -0.000270889235324     0.001491031588561
    -0.000296591206853    -0.000919783887629     0.002689057445200
46 33
     0.004515023746536    -0.000919046548249     0.003145521888385
     0.000520509007307     0.003845598859914     0.002442618890149
     0.003076978237591     0.002122654604434     0.001289591175359
46 34
    -0.028619563555052     0.015692927658100    -0.031847438429075
    -0.014847288611741     0.031573509574200    -0.015626216427312
    -0.031842511841774     0.016676305398085    -0.027741952475435
46 35
    -0.192009142920131     0.036458036785084    -0.036570047556059
     0.035865634007307    -0.191235522171832     0.041520676429831
    -0.041120718190980     0.042138497858403    -0.194210652872260
46 36
     0.026801222159234    -0.015594651706979    -0.016515686444948
     0.017265320515243    -0.029369565822625    -0.032879224363820
     0.017671720301083    -0.035864079522550    -0.033185394935752
46 37
    -0.174202676650290     0.065914792737465     0.027814906809020
     0.042965239166037    -0.190673186854371    -0.042542240236835
     0.028141254031242    -0.065763539840010    -0.172862083427816
46 38
    -0.002043930618544    -0.000093552500630     0.000283388951877
    -0.000357917579995    -0.002776607489292    -0.000016559681280
    -0.000193243984631     0.000086860953641    -0.004337061602419
46 39
     0.001859545571932     0.000793411785084    -0.003382452317964
    -0.001342487024439     0.004481021478962    -0.002223123173343
    -0.003026537635425    -0.000998210474931     0.002115009826153
46 40
    -0.031888652840766    -0.033762504881582     0.019259956412194
    -0.033699002897455    -0.030285996378181     0.017939376826657
    -0.016961180492567    -0.016480553728899     0.029523577286470
46 41
    -0.207881509983623    -0.065766643770471     0.050817525856639
    -0.064992834246662    -0.217903367409927     0.065795083175863
     0.051869087364575     0.065114708175863    -0.204634365173847
46 42
    -0.035164779824893    -0.014130522738725     0.039897744110607
     0.014520209404132     0.030797469891660    -0.014104734284454
     0.039019823475687     0.014553063334593    -0.035144085411943
46 43
     0.003897845175107     0.000791165753338    -0.003276011841774
     0.000481312578735     0.003438565129756     0.002195239921895
    -0.002940674540186     0.002462025636180     0.001762412603930
46 44
     0.031736916603678     0.017584840356513    -0.016690265810028
    -0.018053514802217    -0.030650637251197     0.031803462144117
     0.015665388951877     0.032139946271101    -0.033425734221466
46 45
     0.003286626921139     0.000082812578735     0.002021359189972
     0.000746725277148     0.003815027431343    -0.001477617220963
     0.002786700459814    -0.002291617220962     0.000391787603930
46 46
     0.920257416603678     0.027326433610481    -0.036005101127488
     0.027326433610481     0.923881454018644    -0.030036313649534
    -0.036005101127488    -0.030036313649534     0.917915081254724
46 47
    -0.194338964348702    -0.040228014802217    -0.040287017794155
    -0.040023104087931    -0.191190960663895    -0.035356539840010
    -0.034837938429075    -0.035489466427312    -0.191195472316704
46 48
    -0.001591712364575    -0.002072883849836    -0.000351670571932
    -0.002705719167297    -0.001325377330562    -0.000221254125724
     0.001163287761401    -0.001150833490804     0.002934321334089
46 49
    -0.006508571491560    -0.005175455278408     0.005086210380448
    -0.004826383849836    -0.002986119394054     0.004278368890149
     0.004023851253464     0.004651797461577    -0.002473216364324
46 50
    -0.001393922682036     0.000899693531116     0.002572517920131
    -0.000668651706979     0.002933713939279     0.000291481985387
     0.001990654824893     0.001193356985387    -0.001533527872260
46 51
     0.004195188429075     0.002289762975561     0.000068752047115
     0.002367689562862     0.001304342907533     0.002511843096498
     0.000360154824893     0.002784176429831     0.003367349111867
46 52
     0.030750980095742    -0.016602740992693     0.016793591332829
     0.016690249086672    -0.030471409076594     0.028962194286974
    -0.016372859063996     0.028685075239355    -0.030470684618292
46 53
     0.004082492000504     0.002207794721592     0.001024867126480
     0.002126669721592     0.001567408383724    -0.001908756109851
     0.001317767920131    -0.002143754125724     0.003919821334089
46 54
     0.009834521762409     0.000007219324767     0.000560617126480
     0.000037884007307    -0.003289740425800    -0.001368313649534
    -0.000840843190980    -0.000757976347947    -0.003585924697657
46 55
    -0.007621579428068    -0.004085296548249    -0.003362335254472
    -0.004840913611741    -0.002873712648022    -0.002309436665407
    -0.004095527714790    -0.003134672776518    -0.004638640967498
46 56
    -0.029697948475687     0.031769675673973    -0.016804257873520
     0.031277602261275    -0.029043194790879     0.016320636747291
     0.016901607205845    -0.016430730316201     0.029817212207105
46 57
     0.004195747952885    -0.003157348135551     0.001279986174099
    -0.002781947341900     0.001705586955152     0.002590731985387
     0.000992938555052     0.003147591112371     0.004459218159486
46 58
    -0.000851047682036    -0.000676385833963    -0.001261242000504
     0.000773471308894     0.002839930209121    -0.000749684681280
    -0.001217224143361     0.000989164525069    -0.000553666761149
46 59
    -0.007035660777274     0.004971965356513    -0.004284646762409
     0.004460995118418    -0.002267010267070     0.003765583175863
    -0.003520134857647     0.003111333175863    -0.002470692554800
46 60
     0.030326678508440     0.016951657816830     0.017519982205845
    -0.016723147738725    -0.029898095584530    -0.032244018014613
    -0.017050821365583    -0.032838968411439    -0.030657843348450
46 61
    -0.006999569507433     0.004821449483497     0.004340833396321
     0.003735141943815    -0.002820657092467    -0.003601831506677
     0.003821325459814    -0.003638583490804    -0.003482037792895
46 62
    -0.001878817523306    -0.000009617976820     0.000182131015369
    -0.000053096151424    -0.001474784076594     0.000129642699672
     0.000278843316956    -0.000186962459058    -0.002000178665911
46 63
     0.003377882873520    -0.002792913611741     0.000429315539179
    -0.002299804484757     0.001573588939279    -0.002392309681280
    -0.000369333270345    -0.002293156903502     0.003971382842026
47 1
    -0.005822091332829    -0.007423602103804     0.008494706412195
    -0.005716746945074    -0.002718659076594     0.005552259763165
     0.005240059586798     0.004036091112371    -0.003798696523054
47 2
     0.000978368984631    -0.002074679484757    -0.003742263825901
    -0.001873308453011     0.001623731796422     0.004063827223482
    -0.000511954302091     0.000574741906022     0.000969146730915
47 3
    -0.026963767920131    -0.013861340199043     0.033684404824893
     0.017926653848576     0.028183475844041    -0.016185414840010
     0.028878325459814     0.010942432382212    -0.032512355253212
47 4
     0.000904793587806     0.000688096308894     0.000646714348702
     0.001196699483497     0.000805616717057    -0.000279621189216
     0.000545636967750    -0.000661252141597     0.000426779667423
47 5
     0.002444178508440     0.001563324483497     0.000044692523306
    -0.000714490992693    -0.000712881298816     0.001276535556815
    -0.001058234063996     0.001670628810784    -0.001088797713530
47 6
    -0.002948660777274    -0.005535683453011    -0.004532974143361
    -0.002958494960947    -0.007148694790879    -0.004165214443185
    -0.003834986048123    -0.003677355316201    -0.004996629062736
47 7
    -0.002357982205845    -0.000148983056185     0.000483043713782
    -0.002361413611741     0.007171745685311    -0.001075196586042
    -0.000568402714790     0.000030095080625    -0.001207010015117
47 8
     0.004919017794155    -0.002660280675233     0.000680325459814
    -0.002349296548249     0.001464009574200     0.003263779604434
     0.000234150856639     0.002961579207609     0.004484335222978
47 9
    -0.028801406809020     0.032055510991434    -0.017177942397329
     0.032170425673973    -0.028809357489292     0.017175428413958
     0.016959394904258    -0.017006912855883     0.030440785619803
47 10
    -0.192865676650290     0.035864417737465    -0.035335158667171
     0.036847957420005    -0.192462575743260     0.038009735953641
    -0.035385180492567     0.036811051429831    -0.188089037792895
47 11
    -0.029422950459814     0.017999774880322    -0.030470053508440
    -0.016002108056185     0.029736073066264    -0.015246766030486
    -0.030278972159234     0.017936936350466    -0.027681456443689
47 12
    -0.002933859189972     0.005074251070799     0.004711452443941
     0.004702834404132    -0.003202946775006    -0.004423230316201
     0.004676710380448    -0.004440823570169    -0.006849115173847
47 13
     0.001800583270345    -0.000441080278408     0.000897908793147
     0.000695229245402    -0.000815764235324    -0.001329702538423
    -0.000121724143361    -0.001816254125724    -0.002040256046863
47 14
     0.001415168587805    -0.002527048532376    -0.003066650730663
    -0.002843816389519     0.004707144494835    -0.000239891030486
    -0.002487365016377     0.000111797461577     0.004368134826153
47 15
    -0.000664222285210     0.000027169721592    -0.000012051524313
     0.000050870118418    -0.001035817806752     0.000455384763165
    -0.000045182476694     0.000170329207609    -0.001171513983371
47 16
     0.003768402714790    -0.000409000913328     0.001877581412195
    -0.000265675516503     0.003818831002771     0.003077148652053
     0.001975303634417     0.002642362937768     0.000716234032502
47 17
    -0.000374644904258     0.001631215356513     0.000600593316956
     0.001274356229529    -0.000609385267070     0.000997851033006
    -0.000709988032250    -0.000353019998740     0.002856404667423
47 18
    -0.007141134983623     0.003912034800957    -0.004198811444948
     0.004700822499370    -0.002602230505165     0.003857271667926
    -0.004474678508440     0.004204509763165    -0.003136013983371
47 19
    -0.001315958396321    -0.000869044564122    -0.001186367000504
     0.000503925673973     0.002030529415470    -0.000048748173343
    -0.001015986048123     0.001266118890149    -0.001458383030990
47 20
    -0.002559500062988     0.004205733213656     0.003849609189972
     0.004241411785084    -0.006387728521038    -0.004205845395566
     0.003370188555052    -0.003898771982867    -0.003385361205593
47 21
     0.002906541603679     0.000473782816830    -0.001000738032250
    -0.000823256865709    -0.000775653124213    -0.001130242220962
     0.000485452443941    -0.001197480316201    -0.000776708427816
47 22
     0.000521392794155    -0.001056580278408    -0.001104579302091
    -0.000944748929201     0.000492231796422    -0.001078523966994
    -0.001037176524313    -0.001048629125724     0.000410769746788
47 23
    -0.001112166729655     0.000473009007307     0.000376208396321
     0.000529606229529    -0.001227803917863    -0.000245206506677
    -0.000188984063996     0.000470476033006    -0.001344472316704
47 24
    -0.190493085380448    -0.041039939405392     0.035760623078861
    -0.039288869960947    -0.193122998362308     0.037342218096498
     0.033939496094734     0.040709037540942    -0.190575131046863
47 25
    -0.027616744110607    -0.030839141786344     0.017178037761401
    -0.030468201310154    -0.028702238441673     0.016189061350466
    -0.016345095175107    -0.016031619205089     0.030204109032502
47 26
     0.003888878905266     0.002105943531116    -0.000970845175107
     0.002086026864449     0.001632954018645     0.003169553413958
    -0.000460099143361     0.002658466112371     0.003849015778534
47 27
    -0.001961105221718     0.001429080435878     0.002381194507433
    -0.000118365992693     0.001496650447216    -0.000969551744772
     0.001534533793147     0.000692630794911    -0.001673258030990
47 28
     0.001141091206853     0.002746957420005     0.002264488158226
     0.002487385991434     0.003317438145629     0.000159974048879
     0.002338132999496     0.000563759763165     0.003880033635676
47 29
     0.002741704302091    -0.000249084246662    -0.000702245968758
     0.001250489166037    -0.000936170981356     0.001488940318720
     0.000599811570925     0.001532132779038    -0.001019049697657
47 30
    -0.002643265936004    -0.003381858056185    -0.004973803508440
    -0.003891465199043    -0.002983357489292    -0.003835194601915
    -0.004359654698917    -0.003623402935248    -0.006747369142101
47 31
    -0.001428498078861    -0.000265159643487     0.000187051650290
    -0.000377288611741    -0.001335657092467     0.000486970080625
     0.000358281809020     0.000259728017133     0.008771599111867
47 32
     0.000893995968758    -0.000732937421265     0.001268396888385
    -0.000791768770471     0.000937946082137     0.001205253810784
     0.001346992126480     0.001331864921895     0.000926003873772
47 33
    -0.000201732205845     0.001438665753338    -0.000668440413202
     0.001446310594608    -0.000316065822625    -0.000296908887629
     0.000835561570925     0.001177178413958     0.002908412603930
47 34
    -0.002229569507433     0.004592139959688    -0.003505525730663
     0.004383512975561    -0.006576280108340     0.004547880794911
    -0.003852553508440     0.004624704207609    -0.002495381046863
47 35
    -0.028049398872512    -0.016351625913328    -0.031662134857647
     0.016894060594608     0.029672313145629     0.017069023652053
    -0.030813634857647    -0.016133228332074    -0.028453081443689
47 36
    -0.006491783793147     0.004818685594608     0.005097476253464
     0.004065872102545    -0.002732730505165    -0.003429127141597
     0.004393053634417    -0.003102055713026    -0.003232073507181
47 37
     0.029408317397329     0.018080630039053     0.015577319507433
    -0.014098334246662    -0.029244476536911    -0.035267893014613
    -0.011438037635425    -0.030144391030486    -0.033915386999244
47 38
     0.003913438429075    -0.000221090199043    -0.002159823349710
    -0.000812865992693     0.003453727828168    -0.001086587459058
    -0.002026785651298    -0.002118490236835     0.000673259826153
47 39
    -0.001710335380448    -0.000367500913328    -0.000288039619551
    -0.000402935437138    -0.001666893203578     0.000283724048879
     0.000244170697909     0.000128688334593    -0.001825418745276
47 40
    -0.002522283793147    -0.004085917579995     0.004068244110607
    -0.003087326310154    -0.002076786060721     0.005646474048879
     0.003615277840766     0.004444220080625    -0.006960226284958
47 41
    -0.029176015936004    -0.030621931468884    -0.017083186444948
    -0.032291532659360    -0.029294782092467    -0.017083319601915
     0.017304420697909     0.018289231985387     0.030023456254724
47 42
     0.001757339222726     0.002169189562862    -0.003280343190980
     0.002418510991434     0.003452805209121     0.000870487937768
    -0.002945218190980     0.000520962144117     0.003938611016629
47 43
    -0.029890785777274     0.018271253054926     0.032507775856639
    -0.017189260833963     0.030260650447216     0.018293962144117
     0.033102408793147    -0.017199200554296    -0.029889390967498
47 44
     0.003843160651298     0.001679177658100     0.000419646888385
     0.001807161785084     0.001239573066264    -0.002878815633661
     0.000526222285210    -0.002135529919375     0.004357712207105
47 45
     0.030509870968758    -0.011349975119678     0.011342521888385
     0.019068901864449    -0.028162512251197     0.028856230001260
    -0.018920716206853     0.028854281588561    -0.027191140967498
47 46
    -0.194338964348702    -0.040023104087931    -0.034837938429075
    -0.040228014802217    -0.191190960663895    -0.035489466427312
    -0.040287017794155    -0.035356539840010    -0.191195472316704
47 47
     0.893347154698916    -0.015026677500630    -0.012885230095742
    -0.015026677500630     0.898587874653565    -0.000301817617788
    -0.012885230095742    -0.000301817617788     0.903889974111866
47 48
    -0.003722593316956    -0.004931546548249     0.003757742126480
    -0.004109417579995    -0.006406667013102     0.004054593096498
     0.004243871094734     0.004976690318720    -0.002758982237339
47 49
    -0.000856077443941    -0.001881742976820     0.000737873078861
    -0.001663457262535    -0.001167409076594    -0.000569408887629
    -0.000839440413202     0.000945196271101     0.002396480064248
47 50
     0.001277946365583     0.001132655832703    -0.001216944381456
     0.001189024880322     0.001161049256740     0.001440704207609
    -0.001342011841774     0.001577005794911     0.001065168556311
47 51
    -0.000782317523306    -0.000627774722852     0.001328539745528
     0.000683991150164     0.002844053224994     0.001289065318720
     0.001389113158226    -0.000266674760645    -0.000912579459562
47 52
     0.004172224143361     0.001472471308894     0.002087254031242
     0.001137675673973     0.004000551240867    -0.001777958490804
     0.002111599269337    -0.001983650951121     0.001679261810280
47 53
     0.029114361048123     0.016934132023180    -0.016734220175107
    -0.016537778691106    -0.027749131298816     0.030771341112371
     0.016811226253464     0.030047269683799    -0.027767982237339
47 54
    -0.007290734189972    -0.004740318373646    -0.004173220175107
    -0.004594064405392    -0.003570155108340    -0.003507341427312
    -0.004602134857647    -0.003587702538423    -0.002695978269085
47 55
     0.009733789619552    -0.001002084246662    -0.000708422556059
    -0.000086362024439    -0.001352877330562    -0.000876714443185
    -0.000033444381456    -0.000445523966994    -0.000509569538927
47 56
     0.001505170571932    -0.002890237024439     0.002190904824893
    -0.002491596151424     0.004346265526581     0.000584608969514
     0.002108565539179     0.000671168493323     0.004075033635676
47 57
    -0.027839882999496     0.031405614166037     0.016708898872512
     0.031186979245402    -0.028121327727387    -0.016235920792391
    -0.017352853111615     0.017641739921895     0.030037914588057
47 58
    -0.002468928634417     0.003514576467624    -0.004620204302091
     0.003596022896196    -0.002061109473419     0.004907537540942
    -0.004391390810028     0.004654313334593    -0.006228720332577
47 59
    -0.000540791729655     0.000881427658100    -0.001299234063996
    -0.000496578294281     0.002946325050391     0.001158930398085
    -0.001401926524313    -0.000242643014613    -0.000710746126228
47 60
    -0.203508327443940     0.050346245118418     0.050541019904258
     0.051028403848576    -0.203432760267070    -0.050894670792391
     0.050072136967750    -0.049961819601915    -0.204474521919879
47 61
     0.030526299540186    -0.017192088214916    -0.017598378905266
     0.017757568531116    -0.029534446775006    -0.031577734284455
     0.017171033793147    -0.031634559681280    -0.029472466364324
47 62
     0.004684801524313    -0.002284155675233    -0.000492456286218
    -0.002555544564122     0.001636426240867    -0.002107385078105
    -0.000425073349710    -0.001967563649534     0.004218142762661
47 63
    -0.001070748078861     0.000126048689846    -0.000064021762409
     0.000132372102545    -0.000772700743260     0.000293662540942
     0.000030000062988     0.000207491906022    -0.001327045729403
48 1
    -0.005784589348702    -0.001350717183170     0.000140057602671
    -0.001275240992693    -0.005779950743260     0.000021267699672
     0.005158906809020     0.005039751826657    -0.002080027872260
48 2
     0.002424745968758    -0.000793544564122    -0.000648162635425
     0.000876572499370    -0.002054684870244    -0.002791164840010
     0.003645642920131    -0.005065222379693    -0.000415184618292
48 3
    -0.002861890936004     0.004540669721592     0.003243131015369
     0.002300909800957    -0.005436940822625    -0.003071531903502
    -0.000446452317964    -0.005853156903502    -0.002048311602419
48 4
    -0.002000829428068     0.000925731229529    -0.002913434460821
    -0.000818919564122     0.002729325050391    -0.000841363252708
    -0.005055765810028     0.003198783572688     0.000059448318216
48 5
    -0.005253694507433     0.002669959404132    -0.003261706286218
     0.004693639959688    -0.002315047965483     0.003301668493323
    -0.005972136841774     0.000064664525069    -0.001844129062736
48 6
    -0.038269408793147    -0.049486173532376    -0.011345372952885
    -0.049380864008566    -0.039016236457546    -0.011587331506677
    -0.015399513825901    -0.015535694601915     0.017786914588057
48 7
    -0.165660980221718    -0.018879848135550     0.050564644904258
    -0.018629282659360    -0.165410170981355     0.050854436350466
     0.027613694507433     0.027840005794911    -0.174643966364323
48 8
    -0.000508980221718    -0.000301520754598    -0.000099448349710
    -0.000288790595868    -0.000550157092467     0.000020662540942
    -0.000456501921139    -0.000348635078105    -0.000555371126228
48 9
     0.001303470175107    -0.001345479087931    -0.001327591206853
    -0.001360693373646     0.001376475844041    -0.001332688649534
    -0.001035632873520    -0.001041252141597     0.000945704270597
48 10
     0.002505825333837    -0.001078697341900    -0.000970307476694
     0.001114213372386    -0.000901242409927     0.001311618890149
    -0.000443958270345     0.000778587144117    -0.002002119142101
48 11
     0.001875301524313     0.002465534800957     0.001114797682036
     0.002743522896196     0.001663031399597     0.000819866906022
     0.001475125062988    -0.001412652935248     0.004273587207105
48 12
    -0.000848732205845     0.001098510991434     0.001347053634417
    -0.001093034643487     0.002551011558327    -0.001085972379693
     0.000748182602671    -0.000573412855883    -0.001980571523054
48 13
     0.001772085254472     0.002749179642227     0.000852259983623
     0.002393485197783     0.001869194098010     0.001214430398085
    -0.001428626921139     0.001499656588561     0.004306412603930
48 14
    -0.000601954428068     0.000568711388259     0.000409325459814
     0.000605564562862    -0.000392147171832     0.000420991906022
    -0.000667142794155    -0.000673791824137     0.002296428476946
48 15
     0.004663154698917    -0.001210820357773     0.002359174666163
    -0.001250248929201     0.004634890526581     0.002293517699672
     0.002135289745528     0.002104614921895     0.001946154667423
48 16
    -0.003633845301083     0.000004884007307     0.000319307602671
    -0.000366419564122    -0.001583335663895     0.000301031588561
     0.000105400856639    -0.000476226347947    -0.001707722316704
48 17
     0.001374732079869    -0.003052024722852    -0.001930680492567
    -0.003084387818090     0.004558698066264    -0.000819516030486
    -0.002676015810028     0.000590890715545     0.004135073318216
48 18
     0.002469867000504     0.000341544721592     0.000904789745528
    -0.001193296548249    -0.001733522171832     0.001139529604434
    -0.000276331286218     0.001713045477450    -0.000254220332577
48 19
     0.000996668587806     0.000257340356513     0.001583984189972
     0.000553681626354     0.000116487748803    -0.000586240236835
     0.003743111174099    -0.001291345395566     0.001207285619803
48 20
    -0.031366748078861    -0.017987756865709     0.034293960380448
     0.016766667737465     0.026355604812295    -0.015774337459058
     0.032807160777274     0.017347763731418    -0.029422942554800
48 21
     0.003582668587805    -0.000576082262535    -0.002974761841774
     0.000110499086672     0.004364930209121     0.002180765715545
    -0.002625825333837     0.002208305398085     0.001309085222978
48 22
    -0.027371605221718     0.030638304642227    -0.015120478111615
     0.029976382023180    -0.028110559870244     0.015881983969514
     0.016641045697909    -0.014937593411439     0.031066063397581
48 23
     0.003924085254472    -0.002992731072058     0.000457434586798
    -0.001932012818090     0.000785529415470     0.001517801429831
     0.000327988158226     0.002067386747292     0.005127696334089
48 24
    -0.001111208396321     0.001465570515243    -0.000680400730663
     0.001229010991434     0.009697084971025     0.001463601033006
     0.001353343316956     0.001273448255228    -0.001127712396070
48 25
    -0.003003742126480    -0.005930756865709    -0.003956736048123
    -0.005779070357773    -0.007210530108340    -0.004710055713026
    -0.005154872952885    -0.004680333490804    -0.001548847316704
48 26
     0.002794130889393    -0.000992421548249     0.000829631015369
     0.000866282816830    -0.000504587648022    -0.001874188649534
     0.000268498078861    -0.002021248173343    -0.000018190570673
48 27
    -0.001276728237591     0.001446090356513     0.003937920697909
     0.002050514959688    -0.003154641219451    -0.004751168808264
     0.002367881015369    -0.002916958490804    -0.007426839380197
48 28
    -0.030738406809020     0.017228092340640    -0.030631035651298
    -0.016397108056185     0.031205771478962    -0.016282268014613
    -0.028987644778282     0.017132295477450    -0.030775422713530
48 29
    -0.193101168713782     0.040242675673973    -0.040911769778282
     0.036940995118418    -0.190068712648022     0.035825198255228
    -0.039271216206853     0.033689293493323    -0.190558256046863
48 30
    -0.001129263951877    -0.002247223135551    -0.001039327317964
    -0.002890959246662    -0.001348149155959     0.001056313334593
    -0.000071057476694    -0.000423242220962     0.003168174508692
48 31
    -0.006355371094734    -0.004918899722852     0.004953277840766
    -0.004095407659360    -0.003523698759133     0.004309853017133
     0.004004629031242     0.003751138731418    -0.002501982237339
48 32
    -0.001315502047115    -0.000246927500630     0.000196123078861
     0.000135112181910    -0.003399970584530     0.000436886747292
    -0.000568410651298     0.000187400636180    -0.001361952475435
48 33
     0.004753019778282    -0.003150324326027    -0.000793839222726
    -0.003003058453011     0.001479267510708    -0.001987275951121
     0.000573908793147    -0.002705910871756     0.004207581254724
48 34
     0.026813432476694     0.017062649880322    -0.015874674540186
    -0.017784481072058    -0.031061696775006     0.034269263731418
     0.017613543713782     0.033189489921895    -0.029516462396070
48 35
     0.004422728111615     0.000245634007307     0.002372216332829
    -0.000509558453011     0.003880396478962    -0.002867468411439
     0.002438087364575    -0.002499567617788     0.001640087207105
48 36
    -0.001678156809020    -0.001260429484757     0.001091827443941
     0.000259378054926     0.002536852828168     0.000926005794911
     0.001712525856639    -0.000220769998740    -0.000136654856387
48 37
     0.000126194381456     0.000850014959688    -0.000776829302091
     0.000491921705719     0.000762231796422     0.001360114921895
    -0.001422940413202     0.003591394683799     0.001061656651550
48 38
    -0.028204684586798     0.030080669721592     0.015936027840766
     0.030894014959688    -0.027550313838498    -0.015161579522550
    -0.014993688429075     0.016656045477450     0.031064428476946
48 39
     0.000708041603678    -0.001978490992693     0.001541311570925
    -0.003101679484757     0.003964190129756     0.000401856985387
     0.002071767920131     0.000377599048879     0.005296499905518
48 40
     0.009906218190980     0.001178717340640     0.001637720301083
     0.001552054642227    -0.001003327727387    -0.000544143014613
     0.001398375062988     0.001258130794911    -0.001059057634165
48 41
    -0.006942138951877    -0.005672671548249    -0.004692210254472
    -0.005887776706979    -0.002772073759133    -0.003924436665407
    -0.004662482079869    -0.005036982300328    -0.001437875094482
48 42
     0.031120716206853    -0.016344300516503    -0.016225867000504
     0.017232766943815    -0.030488486457546    -0.030042504125724
     0.017051754031242    -0.028602502141597    -0.030476470332577
48 43
    -0.190142408793147     0.036846887975561     0.035366627047115
     0.040073995118418    -0.192660891219451    -0.040610779919375
     0.033383381015369    -0.038964789840010    -0.190144722316704
48 44
    -0.000537962364575     0.000767437578735    -0.001881501921139
    -0.001059457262535     0.002623531399597     0.000672692302847
    -0.002045680492567     0.000129005794911    -0.000122869142101
48 45
    -0.003207127047115     0.002125909800957    -0.004748376921139
     0.001410532816830    -0.001277053917863     0.004003237937768
    -0.002866368984631     0.002437067302847    -0.007376972316704
48 46
    -0.001591712364575    -0.002705719167297     0.001163287761401
    -0.002072883849836    -0.001325377330562    -0.001150833490804
    -0.000351670571932    -0.000221254125724     0.002934321334089
48 47
    -0.003722593316956    -0.004109417579995     0.004243871094734
    -0.004931546548249    -0.006406667013102     0.004976690318720
     0.003757742126480     0.004054593096498    -0.002758982237339
48 48
     0.878344408667170     0.016459213372386     0.015930968316956
     0.016459213372386     0.877315791320232     0.014980976033006
     0.015930968316956     0.014980976033006     0.872472061413454
48 49
    -0.193876575459813    -0.038796233056185    -0.044820400730663
    -0.038723701310154    -0.193859825743260    -0.045073150951121
    -0.044827843190980    -0.045192768014613    -0.199405226284958
48 50
     0.029435323349710     0.019270290753338     0.018130156809020
    -0.016735469167297    -0.031167742409927    -0.033737037855883
    -0.016066789619552    -0.033819208490804    -0.030022037792895
48 51
    -0.007057940539179     0.003919985197783     0.005598765936004
     0.003377497102545    -0.002602738441673    -0.003235801744772
     0.004305210380448    -0.004293014046359    -0.002350785808768
48 52
    -0.031229523872512    -0.016728893770471    -0.033683519778282
     0.019387681626354     0.029165884574200     0.017936174445704
    -0.033751428508440    -0.016248865236835    -0.030255944538927
48 53
    -0.002679636967750     0.003390266943815    -0.003234993984631
     0.003923602261275    -0.007155672965482     0.005601974048879
    -0.004226426524313     0.004346305398085    -0.002363813586546
48 54
    -0.031869732205845    -0.036839683453011    -0.015991118984631
    -0.036816183453011    -0.031982571775006    -0.016010833490804
     0.016972337364575     0.017046583175863     0.032354690381708
48 55
    -0.000617708396321    -0.001661199326027     0.005030803634417
    -0.001666731072058    -0.000565793997229     0.005026543493323
     0.002386027840766     0.002355761747292    -0.003861525888133
48 56
    -0.001849827443941    -0.000440852103804     0.000032256015369
    -0.000423965199043    -0.001787651140086     0.000067116906022
    -0.000080837238599    -0.000053295792391    -0.001573672713530
48 57
     0.004527493984631    -0.001215875913328    -0.002610749937012
    -0.001190889802217     0.004466630605946    -0.002614662855883
    -0.002649005889393    -0.002656599363820     0.001870708238851
48 58
     0.030303448349710    -0.016994288611741     0.016541271888385
     0.016851403848576    -0.029276901140086     0.032278795477450
    -0.016046793587805     0.031916724048879    -0.028608051681784
48 59
     0.004248960254472     0.003068187578735     0.000620492126480
     0.002409177658100     0.002171783383724    -0.002321311665407
     0.000527295697909    -0.002416857300328     0.003931797524565
48 60
    -0.029582950459814     0.017064255039053     0.032144121094734
    -0.016882840199043     0.030265948066264     0.016591712144117
     0.031776484189972    -0.015925533887629    -0.028631103269085
48 61
     0.001742676524313     0.002598546705719    -0.002414027714790
     0.003278699483497     0.003990511558327     0.000762523652053
    -0.002475868984631     0.000684351033006     0.003513077286470
48 62
    -0.000473571491560     0.001088479245402    -0.000654230095742
     0.001065836388259    -0.000430115425800    -0.000706377141597
     0.001181523872512     0.001150597064752     0.003129936413454
48 63
     0.001319503905266    -0.001369941389519     0.001324954428068
    -0.001398871945074     0.001338132590073     0.001268920477450
     0.001528097285210     0.001447027620307     0.001271122921391
49 1
    -0.006196698475687    -0.009511881865709    -0.001051503905266
    -0.009609062421265    -0.006565567806752    -0.001030101347947
    -0.012314462238599    -0.012323750157470     0.007099184429327
49 2
    -0.002721863158226     0.005362790753338     0.002035275856639
     0.005170001070799    -0.006768801933736    -0.002702033887629
     0.004236148872512    -0.004197474363820    -0.000103347316704
49 3
    -0.000581000062988    -0.000107369960947     0.001533069507433
     0.000872588372386    -0.002552807886117    -0.001915525951121
    -0.000166696365583    -0.001196408887629    -0.001643474300831
49 4
    -0.006524938555052     0.004920816546989    -0.002451370968758
     0.005265134007307    -0.002865417013102     0.002101392699672
    -0.004240384857647     0.004497406588561    -0.000139464380197
49 5
    -0.002044553634417     0.001184919721592    -0.001980392794155
     0.000150443531116    -0.000021915028975     0.001514424445704
    -0.001239880889393    -0.000228587459058    -0.001285916761149
49 6
    -0.006647267920131    -0.006135838214916     0.001519815539179
    -0.006312935437138    -0.007024853521038     0.001923424445704
     0.003700367126480     0.003608553413958     0.003107751889645
49 7
    -0.027741464348702    -0.031987512818090    -0.017050666603678
    -0.031999604087931    -0.028177163044848    -0.017406557697153
     0.015671825459814     0.015590753810784     0.024183995937264
49 8
     0.001472160651298    -0.001806935437138    -0.001606384857647
    -0.001824987024439     0.001176725844041    -0.001501706506677
    -0.001431620968758    -0.001367762062232     0.002265216175359
49 9
     0.000453361048123    -0.000017643770471    -0.000138027714790
    -0.000005264802217     0.000263733780549    -0.000175682697153
    -0.000051626921139    -0.000086129125724    -0.000081458427816
49 10
     0.000932716206853     0.001382262975561     0.001423756015369
     0.001596516943815     0.000744765526581    -0.001543375157470
     0.001643672682036    -0.001305664840010     0.001987718159486
49 11
     0.002086442397329     0.000250370118418     0.001198861174099
    -0.001040923532376    -0.002487335663895     0.001743872858403
     0.000157381015369     0.000522845080625    -0.000848450491308
49 12
     0.001026158667171     0.001614096308894    -0.001478382873520
     0.001413643927942     0.000779019494835     0.001311908572688
    -0.001265936444948     0.001566710159990     0.002020765778534
49 13
    -0.002322148872512    -0.001271860040312     0.001761073475687
     0.000153163769211     0.001843577034518     0.001194686350466
     0.000618129031242     0.000176529604434    -0.000925000094482
49 14
     0.001352811444948    -0.001776578294281     0.001303138951877
    -0.001742631865709     0.001307110764676     0.001324247858403
     0.001200238158226     0.001193206191736     0.002293140778534
49 15
    -0.000476079428068     0.001355014959688    -0.000630511841774
     0.001338804642227    -0.000660976536911    -0.000648726347947
     0.000590795697909     0.000538362937768     0.003017241969010
49 16
     0.001439045571932    -0.003020280675233    -0.002952503905266
    -0.002269115992693     0.003579172272613    -0.000066587459058
    -0.002895343190980    -0.000095603332074     0.002805864984883
49 17
    -0.001849502047115    -0.000204189405392     0.000119382999496
    -0.000052584246662    -0.000646918997228     0.000118489921895
     0.000134615142353    -0.000389736268581    -0.000363714380197
49 18
     0.001634507873520     0.003267505039053     0.001966478237591
     0.002236132023180     0.003417985764676    -0.000401089443185
     0.002133174666163    -0.000126956506677     0.003509241969010
49 19
     0.002120934460821     0.000080675673973    -0.000720452317964
     0.001093860197783    -0.002140754314689     0.001551015715545
     0.000808617126480     0.001611902620307    -0.001934502078609
49 20
     0.001797517794155     0.002599703451751    -0.002923726127488
     0.002523846308894     0.003711737748803    -0.000342706506677
    -0.003270708270345    -0.000322238252708     0.003326769746788
49 21
    -0.028675565539179     0.016486003054926     0.030692551650290
    -0.016671447341900     0.029184813145629     0.017094771667926
     0.030483930618544    -0.016599571586042    -0.027436452475435
49 22
     0.001384035651298    -0.003386485040312     0.003186335380448
    -0.002619439405392     0.003276198066264    -0.000118385078105
     0.002137676650290     0.000072904604434     0.002740650699169
49 23
    -0.030561773872512     0.034134479245402     0.016854748078861
     0.032385540753338    -0.029448337648022    -0.016144942617788
    -0.014225255889393     0.014137009763165     0.025883033635676
49 24
    -0.001609317523306    -0.004902469167297    -0.004066087238599
    -0.004793935437138    -0.007067032092467    -0.005939143014613
    -0.005237275730663    -0.005856928728899    -0.003078875094482
49 25
     0.001129523746536     0.001076328451751    -0.000739297556059
     0.000375733213656     0.008728352828168     0.001157575239355
    -0.000058242000504     0.000490164525069     0.001122114984883
49 26
    -0.001459603237591     0.005294038769211     0.003813694507433
     0.003591086388259    -0.006834579711514    -0.004888432697153
     0.004073504031242    -0.005613625157470    -0.002199603269085
49 27
     0.002134412635425    -0.000815574326027    -0.001693140810028
     0.000421443531116    -0.002084133282943    -0.002591787855883
     0.003131011967750    -0.002448710474931    -0.002288627078609
49 28
    -0.001865765936004     0.004581177658100    -0.004354097159234
     0.003935945515243    -0.006655595584530     0.004166487937768
    -0.005078638825901     0.005705793493323    -0.002882585411943
49 29
    -0.028605152840766    -0.016433989008566    -0.031348581286218
     0.015910423689846     0.030000545288486     0.016989704207609
    -0.030703085254472    -0.016575208490804    -0.027939668745276
49 30
    -0.002747123078861    -0.005481262818090     0.004930611174099
    -0.005006155675233    -0.006474391219451     0.003974444286974
     0.004417948475687     0.004992880794911    -0.002283363189720
49 31
    -0.000891605221718    -0.001913064405392     0.000895591332829
    -0.001723604087931    -0.000869065822625    -0.000829766030486
    -0.000602990016377     0.000751886747292     0.002635105064248
49 32
     0.004088263825901    -0.002200592183170    -0.000051438429075
    -0.002906709246662     0.001554412351978    -0.002979107300328
    -0.000219529698917    -0.002818226347947     0.003229134826153
49 33
    -0.000241089348702    -0.000059864008566     0.000147349269337
    -0.000224879881582    -0.001959224552784     0.000075480001260
    -0.000367210254472     0.000081462144117    -0.000235206443689
49 34
     0.004272073349710     0.002694485197783    -0.000321361048123
     0.002768447499370     0.001912561161502    -0.003019605316201
    -0.000231325333837    -0.003294137062232     0.003514249905518
49 35
     0.029426243984631    -0.016365155675233     0.017215904824893
     0.016444120118418    -0.028175095584530     0.030483912540942
    -0.016382031683044     0.030395430398085    -0.027137075491308
49 36
     0.003677859063996     0.002135155832703    -0.000356109063996
     0.003162556626354     0.001472985764676     0.001999636747292
    -0.000150468190980     0.002133228017133     0.003606307445200
49 37
    -0.001940414745528     0.001460975277148     0.001348109189972
     0.000419975277148     0.001531989732930    -0.001025254125724
     0.001479440539179     0.000588642699672    -0.002047881046863
49 38
     0.003479331286218    -0.002671619960947    -0.000079033667171
    -0.003484431468884     0.001199569098010     0.003205926429831
     0.000116692523306     0.002192168493323     0.002670640778534
49 39
    -0.028522567523306     0.031487094324767    -0.016303624937012
     0.033379249086672    -0.030247801933736     0.017284737937768
     0.014128148872512    -0.014114402935248     0.025742212207105
49 40
    -0.006682390936004    -0.004786322341900    -0.005800716206853
    -0.005016016786344    -0.001779944790879    -0.004231887062232
    -0.005764118984631    -0.005285871189216    -0.003004095332577
49 41
     0.009255626921139     0.000421288769211     0.001216853237591
     0.001139401864449     0.001298184177375    -0.000624930713026
     0.000611523872512    -0.000071734284455     0.001422337207105
49 42
    -0.006550517920131     0.003984534800957     0.004050071491560
     0.004520570515243    -0.002163228521038    -0.004353623173343
     0.005575259983623    -0.005066879125724    -0.002848133030990
49 43
     0.030080982079869     0.016003473293021     0.017129315539179
    -0.016104326310154    -0.028672008282943    -0.030976648966994
    -0.016376613032250    -0.030491541824137    -0.027760885015117
49 44
    -0.006624946491560     0.003498897896196    -0.004867813429075
     0.005251346308894    -0.001839085663895     0.003679823255228
    -0.005669174540186     0.004012003810784    -0.002407156840514
49 45
    -0.001914611174099     0.000402620118418    -0.002558813429075
    -0.000795413611741     0.001940079018645    -0.001731506109851
    -0.002454113032250     0.003094065318720    -0.002305510015117
49 46
    -0.006508571491560    -0.004826383849836     0.004023851253464
    -0.005175455278408    -0.002986119394054     0.004651797461577
     0.005086210380448     0.004278368890149    -0.002473216364324
49 47
    -0.000856077443941    -0.001663457262535    -0.000839440413202
    -0.001881742976820    -0.001167409076594     0.000945196271101
     0.000737873078861    -0.000569408887629     0.002396480064248
49 48
    -0.193876575459813    -0.038723701310154    -0.044827843190980
    -0.038796233056185    -0.193859825743260    -0.045192768014613
    -0.044820400730663    -0.045073150951121    -0.199405226284958
49 49
     0.911439690413202     0.009243352261275    -0.010624337238599
     0.009243352261275     0.922627557193248    -0.003689644998740
    -0.010624337238599    -0.003689644998740     0.924351486016629
49 50
    -0.197108910777274     0.043281001070799     0.058770470301083
     0.044016084404132    -0.200113109473419    -0.057035781903502
     0.057302716332829    -0.057449710474931    -0.210783450491308
49 51
     0.029807450333837    -0.016968054484757    -0.017240045571932
     0.017455675673973    -0.029490855505165    -0.032909045792391
     0.018453466332829    -0.031200891030486    -0.029843448507181
49 52
    -0.197870757999496     0.041638191546989    -0.054418831286218
     0.040810360197783    -0.194781232489292     0.055814055398085
    -0.054909547556059     0.054541757779038    -0.208828857237339
49 53
    -0.029180996094734     0.017420602261275    -0.032699555492567
    -0.016867469167297     0.029523459971025    -0.017175144998740
    -0.030857045571932     0.018269553413958    -0.029539226284958
49 54
    -0.204266841332829    -0.049323098135550     0.054798944507433
    -0.049158754881582    -0.204198313838498     0.054014047461577
     0.053970843316956     0.053348331191736    -0.210442222316704
49 55
    -0.026974692523306    -0.030265489008566     0.019865242126480
    -0.030373302500630    -0.027120786060721     0.019930299445704
    -0.007934091206853    -0.007839365236835     0.027724936413454
49 56
     0.004445563429075    -0.000728016786344    -0.002305680492567
    -0.000763161627614     0.004258606796422    -0.002221252141597
    -0.002770081286218    -0.002711797776518     0.001642539588057
49 57
    -0.000947740142353    -0.000304415595868    -0.000129686444948
    -0.000306086230789    -0.001240361457546    -0.000159406903502
    -0.000053999937012    -0.000103476347947    -0.000988579459562
49 58
     0.004579839222726     0.000311421705719     0.002206835380448
    -0.000005667579995     0.004587981796422    -0.002641573570169
     0.002590837364575    -0.002732777935248     0.002238535619803
49 59
     0.029936601127488     0.016590772896196    -0.017300944381456
    -0.017338143770471    -0.028902083679768     0.032155694286974
     0.017372051650290     0.031829390715545    -0.029065365173847
49 60
     0.004549315413202     0.000126965356513    -0.002685940413202
     0.000437588372386     0.004269831002771     0.002294218096498
    -0.002791884857647     0.002667964128244     0.002013359032502
49 61
    -0.029015432602671    -0.017007617976820     0.031796160777274
     0.016957378054926     0.029560144494835    -0.017224345395566
     0.031335761967750     0.017199599048879    -0.028843960411943
49 62
     0.004710694381456    -0.000878560437138     0.002109333396322
    -0.000855860040312     0.004574892510708     0.002121753810784
     0.002016529824893     0.002003845080625     0.002173773715042
49 63
    -0.000108605221718     0.001254268927942     0.000683517920131
     0.001284931626354    -0.000283859473419     0.000615051429831
    -0.000758271762409    -0.000845349363820     0.002670210222978
50 1
     0.004557200333837    -0.000553399722852     0.003085799666163
    -0.000807163611741    -0.001634484473419    -0.001380541824137
    -0.001661404698917    -0.001130387062232     0.000777747921391
50 2
    -0.002737339348702    -0.000526852103804     0.000286079428068
    -0.000569850119677    -0.002492968600403     0.000169775636180
    -0.001858918587806     0.002055013731418     0.007420091175359
50 3
    -0.002853726253464    -0.003131762818090    -0.004219126921139
    -0.002385012818090    -0.002293599552784    -0.004478716427312
    -0.001676513825901    -0.004249920792391    -0.006807535808768
50 4
    -0.037803164745528     0.048583173689846     0.014058057602671
     0.048844532816830    -0.038165833679768    -0.013110172776518
     0.015065672682036    -0.012354480316201     0.021084099111867
50 5
     0.003111345175107    -0.003611848135550    -0.000789214222726
    -0.003702282659360     0.002739043304359     0.001395733969514
     0.001856676650290     0.001580900636180     0.006528896730915
50 6
    -0.001972744110607    -0.000281106072058     0.002570994110607
    -0.000132161627614     0.002180979812295    -0.000290016030486
     0.002915424666163     0.000268291509196    -0.001193809618292
50 7
     0.004251309460821     0.003097219324767    -0.001059738032250
     0.001033419721592     0.000711420288486     0.001569876826657
    -0.000858742000504     0.001251241906022     0.005407434429327
50 8
     0.002677684460821     0.001289796705719     0.000957793713782
    -0.000453213214916    -0.000482315822625     0.001118728017133
     0.000364061570925     0.000700226033006    -0.001769845332577
50 9
     0.001724509857647     0.001119463372386     0.001291775856639
     0.001157134007307     0.001529567113883    -0.001489748173343
     0.001414305618544    -0.001411141030486     0.001674105064248
50 10
    -0.001037134983623     0.000361995118418     0.000092184586798
     0.000470165753338    -0.001000276140086    -0.000137690633661
     0.000159105221718    -0.000206301744772    -0.000905718348450
50 11
     0.000932216206853    -0.000795897738725    -0.001311210254472
    -0.001023274722852     0.000485122669438    -0.001412067617788
    -0.002496686444948    -0.001712166824137     0.000300863000756
50 12
    -0.000375317523306    -0.000741796548249    -0.000230454302091
    -0.000685082262535    -0.001124772171832     0.000494093096498
     0.000991371094734    -0.001419426744772     0.001947829270597
50 13
    -0.006199750062988    -0.003929252897455     0.004032502047115
    -0.004370312421265    -0.003485839632149     0.002754120874276
     0.006232561570925     0.002120267699672    -0.002740311602419
50 14
    -0.000519914745528    -0.000774971151424    -0.001301557476694
     0.001448391943815     0.002693569098010    -0.000654067617788
    -0.001193954302091    -0.000420555713026    -0.001297920729403
50 15
    -0.005993055618544     0.004248622102545    -0.004401458270345
     0.003764953451751    -0.002865393203578     0.003756833175863
    -0.003401771762409     0.003894726033006    -0.002286444538927
50 16
     0.002679819381456    -0.000191923532376    -0.000914700333837
     0.001185782816830    -0.001582869394054     0.001478972064752
     0.001404339348702     0.001658009763165    -0.000230446523054
50 17
     0.001599396762409     0.002854917737465     0.002093936570925
     0.003019939562862     0.004556289336105    -0.001095700554296
     0.002421547682036     0.000333501826657     0.004062224111867
50 18
    -0.003722968316956    -0.000410637818090     0.000100781809020
     0.000129280832703    -0.001652305901990    -0.000132154919375
    -0.000024142794155    -0.000387093411439    -0.002451819538927
50 19
     0.002491958270345    -0.003386342183170    -0.001016648746536
    -0.003665240992693     0.002313454018644     0.000684700239355
    -0.002108825333837    -0.001433609284455     0.005100686413454
50 20
    -0.027229958396321    -0.031820564405392     0.016571327443941
    -0.031779254881582    -0.028821803917863     0.015418103017133
    -0.015741900730663    -0.015231375157470     0.031550208238851
50 21
    -0.196060416729655    -0.044652889802217     0.044616105221718
    -0.039504548532376    -0.193772853521038     0.039106206191736
     0.042820738158226     0.038119166509196    -0.193478013983371
50 22
    -0.032799815539179     0.017879997102545    -0.036062986048123
    -0.016209790595868     0.026831406399597    -0.015478075554296
    -0.033198640810028     0.017408267699672    -0.029278035808768
50 23
    -0.154936000062988     0.008669836388259    -0.048787323349710
     0.008655189562862    -0.156068379314689     0.049000241906022
    -0.025111823349710     0.025409997858403    -0.175076027872260
50 24
     0.003380206286218     0.000987137975561    -0.001041033667171
    -0.000445786627614    -0.001144823759133    -0.002176208490804
    -0.000046093190980    -0.002832940633661    -0.000903686602419
50 25
    -0.002113077443941     0.004031560594608     0.004930381015369
     0.004987132023180    -0.006409938838498    -0.005314865236835
     0.004373940539179    -0.004794847379693    -0.002568696523054
50 26
    -0.003325954428068    -0.001044854087931    -0.000980876921139
     0.000248985197783     0.009953253621819    -0.000068498173343
    -0.001327313429075    -0.000024012062232    -0.003078414777022
50 27
    -0.004218563555052    -0.004302467183170    -0.003263087238599
    -0.003473282659360    -0.007108424949609    -0.004220353332074
    -0.002459555492567    -0.005057847379693    -0.002645188586546
50 28
    -0.001381117126480     0.001949284800957     0.001363706412195
     0.002531594324767    -0.001476762251197     0.001053797461577
     0.000406293713782    -0.000585843411439     0.003014478080121
50 29
     0.003868620968758     0.000241118134291     0.002742097285210
    -0.000153427500630     0.004219628621819     0.002042013731418
     0.002467972285210     0.002210279604434     0.001454394746788
50 30
    -0.030537724269337    -0.016968530675233     0.029427539745528
     0.016528493134291     0.031033317113883    -0.016753746189216
     0.029419756015369     0.016670493890149    -0.030540799697657
50 31
     0.004321668587805     0.001285417737465    -0.002038480095742
     0.000956669721592     0.004423517510708     0.002001418493323
    -0.001836182476694     0.001960124842530     0.001957668556311
50 32
     0.026489162635425    -0.016470735040312     0.015576740142353
     0.017216189562862    -0.030758379314689     0.034209577223482
    -0.017031597159234     0.032212761747291    -0.028855926681784
50 33
     0.005026684460821     0.002955993134291     0.000862277840766
     0.002866893927942     0.001515483780549    -0.002430960474931
    -0.000054777714790    -0.002653174760645     0.004235857048375
50 34
    -0.001225777840766     0.000286967340640    -0.000016432476694
     0.000131471308894    -0.003390980505165    -0.000580170792391
     0.000171482205845     0.000106226033006    -0.002096311602419
50 35
     0.004798142794155    -0.002938298532376    -0.000344791603679
    -0.002738231072058     0.002228987748803    -0.002494277935248
    -0.000209099143361    -0.002116081506677     0.004201613000756
50 36
    -0.028651242126480    -0.031228362024439    -0.015288055492567
    -0.031161919564122    -0.027020430901990    -0.016163303728899
     0.015761339348702     0.015994966112371     0.030747745937264
50 37
    -0.001515890936004    -0.001921792579995     0.003864287761401
    -0.003179250913328    -0.003322551933736     0.003621555398085
     0.003206373078861     0.001007380794911    -0.006327567554800
50 38
    -0.001403019904258     0.001043737181910    -0.001668355095742
     0.000142842340640     0.002567402431343     0.001018610953641
    -0.001661124937012    -0.001337593411439    -0.000356045729403
50 39
    -0.000848793713782     0.001824701467624    -0.002795071365583
     0.000831522896196    -0.000311593600403     0.002531922461577
    -0.005488543587805     0.005094835159990    -0.007573099300831
50 40
     0.031822007873520     0.016935784800957     0.017465337364575
    -0.016621742976820    -0.030541111457546    -0.031185452538423
    -0.016433561444948    -0.029430133093978    -0.030699906840514
50 41
    -0.005788474269337     0.005644520912069     0.004873906809020
     0.004201550673973    -0.002310982489292    -0.004592746189216
     0.004192706412195    -0.005235121189216    -0.001457349300831
50 42
     0.009770380889393     0.000158891943815    -0.000310499937012
    -0.000391280675233    -0.001771645187705    -0.001874063649534
     0.000409567523306    -0.000139141030486    -0.001911319538927
50 43
    -0.006600619110607    -0.003928294564122    -0.005029005889393
    -0.003702052500630    -0.002816674949609    -0.003334339443185
    -0.004384930492567    -0.003863178728899    -0.002515821523054
50 44
    -0.000251047682036     0.001721130039053    -0.000265884857647
     0.001261870118418    -0.000386502330562    -0.001391117220962
     0.000797757999496     0.000213991906022     0.002726406651550
50 45
     0.000679912635425    -0.001006647738725     0.001251615142353
    -0.001681264802217     0.000591287351978     0.001028678413958
     0.000822319507433     0.000460803413958    -0.000041071523054
50 46
    -0.001393922682036    -0.000668651706979     0.001990654824893
     0.000899693531116     0.002933713939279     0.001193356985387
     0.002572517920131     0.000291481985387    -0.001533527872260
50 47
     0.001277946365583     0.001189024880322    -0.001342011841774
     0.001132655832703     0.001161049256740     0.001577005794911
    -0.001216944381456     0.001440704207609     0.001065168556311
50 48
     0.029435323349710    -0.016735469167297    -0.016066789619552
     0.019270290753338    -0.031167742409927    -0.033819208490804
     0.018130156809020    -0.033737037855883    -0.030022037792895
50 49
    -0.197108910777274     0.044016084404132     0.057302716332829
     0.043281001070799    -0.200113109473419    -0.057449710474931
     0.058770470301083    -0.057035781903502    -0.210783450491308
50 50
     0.867761988032250     0.004065483213656    -0.040043726127488
     0.004065483213656     0.875792223859914     0.043420527620307
    -0.040043726127488     0.043420527620307     0.886760113000756
50 51
    -0.192530650856639    -0.037542072341900    -0.038201992000504
    -0.043376800516503    -0.195713772171832    -0.042569861268581
    -0.037798601127488    -0.041751652935248    -0.193462135015117
50 52
    -0.033455234189972     0.037777548689846     0.014028222285210
     0.038636259007307    -0.033541774155959    -0.013820135078105
    -0.013789365016377     0.014016120874276     0.031240956254724
50 53
     0.002459527714790    -0.003034915595868     0.002444623078861
    -0.003280570357773     0.004344293304359     0.000627164525069
     0.002296261967750     0.000303916509196     0.004012837207105
50 54
    -0.032243567523306     0.015728259007307     0.031778748078861
    -0.016664606072058     0.031972769494835     0.017510231985387
     0.031415525856639    -0.018093680713026    -0.029411908824641
50 55
     0.000857956286218     0.002688243134291    -0.002391704302091
     0.002065721308894     0.003679047272613    -0.000105516030486
    -0.001478908667171     0.000654622858403     0.004058999905518
50 56
     0.030462712238599     0.016998965356513    -0.016511626921139
    -0.016703637818090    -0.029531434870244     0.031753057382212
     0.016344476253464     0.031245440318720    -0.028848646919879
50 57
     0.004865283667171     0.000792941546989     0.003148742126480
     0.001064812578735     0.004393596875787    -0.003257847379693
     0.002657307602671    -0.002909363252708     0.002177234032502
50 58
    -0.001648636967750     0.000246028848576    -0.000141736048123
     0.000128106229529    -0.001528559870244    -0.000112764046359
     0.000190769904258    -0.000120039840010    -0.001152775888133
50 59
     0.004184499937012    -0.000595244960947    -0.002032765810028
     0.000247505039053     0.003671124653565    -0.002812121189216
    -0.002111015810028    -0.002359746189216     0.001628823318216
50 60
    -0.000334410777274    -0.001118927500630     0.000990738158226
    -0.001208637818090    -0.000650085663895    -0.000640847379693
    -0.000838702317964     0.000836077223482     0.002891047524565
50 61
    -0.002189408793147    -0.003485635833963     0.002921214348702
    -0.004338348135551    -0.006801897171832     0.005105339128244
     0.003625069507433     0.004507462144117    -0.002238271919879
50 62
    -0.030041406809020    -0.016792203294281    -0.033060488032250
     0.017629288769211     0.031009850844041     0.016799313334593
    -0.032376412635425    -0.016812666824137    -0.029408537792895
50 63
    -0.002438706412195     0.003918501070799    -0.003792053508440
     0.004373205435878    -0.006268526140086     0.004386110953641
    -0.003758089222726     0.003398513731418    -0.002079101284958
51 1
    -0.003363188555052     0.005343816546989     0.003747674666163
     0.008507905832703    -0.005621855505165    -0.007546097379693
     0.005351579428068    -0.005709150951121    -0.002491375094482
51 2
    -0.004706728237591    -0.004034635833963    -0.003840045571932
    -0.004588780675233    -0.002793214632149    -0.005557154919375
    -0.004367059460821    -0.002939375157470    -0.007087031840514
51 3
    -0.000895490142353    -0.000728921548249    -0.000035251921139
     0.000266431626354    -0.002180720584530    -0.000274271982867
    -0.001058154698917    -0.002354434681280     0.007463216175359
51 4
     0.002043946365583    -0.000684485040312     0.000789682602671
    -0.004075647738725     0.001317920288486    -0.002246353332074
     0.004235031809020    -0.002047994205089     0.001637476095994
51 5
    -0.031347918713782     0.028696368134291     0.011124285777274
     0.033203036785084    -0.026149577727387    -0.013915071586042
    -0.015932714222726     0.018068511747291     0.029077773715042
51 6
     0.000581117000504     0.000549735197783    -0.000734880889393
     0.000620157816830     0.000864983780549     0.000649678413958
    -0.000296466206853     0.001168402620307     0.000688067365835
51 7
    -0.001243079428068    -0.000836939405392     0.001456386967750
     0.000212364166037     0.002258674256740     0.001463946271101
     0.001102617126480    -0.000858146982867    -0.001277688586546
51 8
     0.001701795571932     0.002222887975561     0.002331918713782
     0.002104356229529     0.004657938145629    -0.000467702538423
     0.002840545697909    -0.000336537855883     0.004495031651550
51 9
     0.003213495968758    -0.000704320357773    -0.000432474143361
     0.000636203451751    -0.000107428917863     0.001560071271101
     0.000901164745528     0.001183720080625    -0.000241642951625
51 10
     0.000637726127488    -0.000942163611741    -0.001194315413202
    -0.001025764802217     0.000741852828168    -0.001167371189216
    -0.001168660651298    -0.001017315633661     0.000618783635677
51 11
    -0.001041047682036    -0.000161931468884     0.000465414745528
     0.000416419721592    -0.000896373362308     0.000303126826657
    -0.000263827317964     0.000319569286974    -0.001095885015117
51 12
    -0.002867831412195    -0.004389330278408     0.004215045697909
    -0.004106137818090    -0.007008143203578     0.003772912540942
     0.003757355221718     0.004538684366339    -0.002480293745276
51 13
    -0.001310138951877    -0.001076661627614     0.001029627047115
    -0.001252617976820    -0.001371960663895    -0.000525934681280
    -0.000314329302091     0.000937753810784     0.002081815381708
51 14
    -0.002696553634417     0.003424620118418    -0.003772557476694
     0.003945836388259    -0.001930176933736     0.004369751826657
    -0.004111345175107     0.004420430398085    -0.005693793745276
51 15
    -0.000127819507433     0.000729088372386    -0.001152458270345
    -0.000749977103804     0.003469360764676     0.000578527620307
    -0.001072412635425    -0.000677037855883    -0.000493692554800
51 16
     0.000797430492567     0.001488792737465     0.001163799666163
     0.001446852261275     0.000773884574200    -0.000873583490804
     0.001046198475687    -0.000919129125724     0.000727555461073
51 17
     0.003169632873520     0.000848759007307     0.001103061570925
    -0.000618865992693    -0.000231331695641     0.001417743890149
    -0.000392593190980     0.001425112937768    -0.000267023904006
51 18
     0.001025142794155    -0.001933421548249    -0.002158343190980
    -0.002163024722852     0.004104948066264    -0.000198835474931
    -0.001183408667171    -0.000744982300328     0.003505682445200
51 19
    -0.001501555618544    -0.000016000913328     0.000096726253464
    -0.000485296548249    -0.001484417013102    -0.000326355316201
     0.000195658793147    -0.000336623173343    -0.001430561602419
51 20
    -0.002338722285210    -0.003806223135551     0.004515327443941
    -0.003388560437138    -0.002315924949609     0.004395672461577
     0.004433083396321     0.004171860953641    -0.006822164777022
51 21
    -0.028326805618544    -0.030673923532376    -0.016654144778282
    -0.031602479087931    -0.027844974552784    -0.016750099363820
     0.016905222285210     0.016842902620307     0.029568863000756
51 22
    -0.003096204428068     0.004164213372386    -0.003299486048123
     0.005034278848576    -0.006631339632149     0.004844618890149
    -0.003580656683044     0.003965628810784    -0.002896033824641
51 23
    -0.032374763951877    -0.010512822341900    -0.028920573349710
     0.015720384007307     0.029363999653565     0.018038686350466
    -0.033698339222726    -0.013581516030486    -0.027681900888133
51 24
    -0.002408057602671     0.004326604245402     0.004914466332829
     0.003771532816830    -0.003412194790879    -0.004905764046359
     0.004039890936004    -0.004131829522550    -0.006311309618292
51 25
     0.002751533667171    -0.000772348135551     0.000904131015369
     0.000820951467624    -0.000846934870244    -0.001808045792391
    -0.000594200333837    -0.001617611268582    -0.000744319538927
51 26
    -0.002375218316956    -0.004777637818090    -0.003565001921139
    -0.004245945357773    -0.007235117409927    -0.004763803728899
    -0.003501079302091    -0.004685900951121    -0.003310662792895
51 27
    -0.000242952443941     0.000070374086672    -0.000656337238599
    -0.000641213214916     0.010023579018645    -0.000941533887629
    -0.001029071365583    -0.000134611268582    -0.001257561602419
51 28
     0.001117868984631    -0.001342748929201     0.001621456412195
    -0.001163461230789     0.001033116717057     0.001215241906022
     0.001469527840766     0.001308017699672     0.000973730064248
51 29
    -0.000627017920131     0.001550584404132    -0.000309402714790
     0.001473266943815    -0.000821742409927    -0.000679041824137
     0.001211831412195     0.000605640715545     0.002848521730915
51 30
     0.001863136841774     0.001976310594608    -0.002057335254472
     0.001918187578735     0.004330821082137     0.001302073255228
    -0.001841259857647     0.000984355001260     0.004224952286470
51 31
    -0.027675095301083     0.017062009007307     0.030239144904258
    -0.016653385833963     0.029349521478962     0.017029362937768
     0.030807301650290    -0.016735139046359    -0.027689704459562
51 32
     0.004405273746536     0.000516731229529     0.002775115142353
     0.000942759007307     0.004817374653565    -0.002871103332074
     0.003065886967750    -0.002527877141597     0.001382450302343
51 33
     0.030472420571932     0.017069959404132    -0.016768222159234
    -0.017309036627614    -0.028713012251197     0.031926108969514
     0.017065331412195     0.032320561350466    -0.028526265967498
51 34
     0.004333333270345    -0.002498941389519    -0.000131682476694
    -0.003029084246662     0.001640898463089    -0.002602601347947
    -0.000513283667171    -0.002943912855883     0.004458315381708
51 35
    -0.000904246094734    -0.000026207262535     0.000016958396321
     0.000013838372386    -0.000503508282943    -0.000041958490804
     0.000304509983623    -0.000033470395566    -0.000987135015117
51 36
    -0.187730006015369    -0.035998895754598     0.037359819507433
    -0.035619850119677    -0.193181301933736     0.035563515715545
     0.038510448475687     0.036726702223482    -0.191785502078609
51 37
    -0.027879904824893    -0.030664076310154     0.017531662761401
    -0.030928306468884    -0.029586672965483     0.017669624842530
    -0.015892642794155    -0.016611383093978     0.029792434429327
51 38
    -0.006650783793147     0.004574828451751    -0.004301730095742
     0.004676661785084    -0.003044718600403     0.004975805398085
    -0.004372015810028     0.004664517699672    -0.003192418745276
51 39
    -0.001747807602671     0.000033792737465    -0.001911696365583
     0.001065842340640     0.001915160367851    -0.000387008093978
    -0.001525184460821     0.000743071271101    -0.000597847316704
51 40
    -0.191422256015369     0.035787251070799     0.042419462364575
     0.037562576467624    -0.191890232489292    -0.042675133093978
     0.038749172682036    -0.040750146982867    -0.194934279856387
51 41
     0.030557011841774    -0.016652137818090    -0.016673093190980
     0.017048870118418    -0.027525228521038    -0.031298301744772
     0.016153815539179    -0.030892260078105    -0.028467597316704
51 42
    -0.006909757999496    -0.004457516786344    -0.003720999937012
    -0.005044211230789    -0.002572891219451    -0.003260494205089
    -0.003854948349710    -0.003780029919375    -0.003194192554800
51 43
     0.008808242000504     0.000500046705719     0.000167619110607
     0.000273141943815    -0.001325545981356    -0.000259269998740
     0.000309803634417    -0.000367567617788    -0.001440694538927
51 44
     0.003905688429075    -0.000559403691106     0.002608990142353
    -0.001061435437138     0.003926626637692     0.002063702223482
     0.003060242126480     0.002025978017133     0.001749783635676
51 45
    -0.001308726253464     0.001594568531116     0.000623740142353
     0.002464179642227    -0.001776708679768     0.001352372858403
    -0.001064696365583    -0.000225210474931     0.001567680461073
51 46
     0.004195188429075     0.002367689562862     0.000360154824893
     0.002289762975561     0.001304342907533     0.002784176429831
     0.000068752047115     0.002511843096498     0.003367349111867
51 47
    -0.000782317523306     0.000683991150164     0.001389113158226
    -0.000627774722852     0.002844053224994    -0.000266674760645
     0.001328539745528     0.001289065318720    -0.000912579459562
51 48
    -0.007057940539179     0.003377497102545     0.004305210380448
     0.003919985197783    -0.002602738441673    -0.004293014046359
     0.005598765936004    -0.003235801744772    -0.002350785808768
51 49
     0.029807450333837     0.017455675673973     0.018453466332829
    -0.016968054484757    -0.029490855505165    -0.031200891030486
    -0.017240045571932    -0.032909045792391    -0.029843448507181
51 50
    -0.192530650856639    -0.043376800516503    -0.037798601127488
    -0.037542072341900    -0.195713772171832    -0.041751652935248
    -0.038201992000504    -0.042569861268581    -0.193462135015117
51 51
     0.886090960254472    -0.010547606072058     0.002145257999496
    -0.010547606072058     0.885271731796422    -0.005645666824137
     0.002145257999496    -0.005645666824137     0.892296366969010
51 52
     0.004354376921139    -0.002857985040312     0.000437347285210
    -0.003060921548249     0.002306229812295     0.002246934366339
     0.000804369110607     0.002356106985387     0.003989958238851
51 53
    -0.029368861174099     0.033122175673973    -0.017335501921139
     0.032392499086672    -0.029400702727387     0.018016483969514
     0.017997496094734    -0.017245347379693     0.030341339191232
51 54
     0.004727918587805     0.000464350277148    -0.002086251921139
     0.000407338372386     0.004187398463089     0.001754801429831
    -0.002800615016377     0.001914555398085     0.001569843159486
51 55
    -0.026788932602671    -0.018945165595868     0.028430795697909
     0.011486415753338     0.030781926240867    -0.011244446586042
     0.028427825459814     0.019031733969514    -0.027658873110355
51 56
     0.004447323349710     0.002210056626354     0.000522373078861
     0.002222806626354     0.001741694098010    -0.002877623173343
     0.000525710380448    -0.002529823570169     0.004325980064248
51 57
     0.030303269778282    -0.017389467183170     0.017434492126480
     0.016740257023180    -0.027551649155959     0.031190722064752
    -0.016265458270345     0.030926872858403    -0.027721513983371
51 58
     0.004467724143361    -0.000357629881582    -0.002027611048123
    -0.000458574326027     0.004830444098010    -0.002269944601915
    -0.002148245968758    -0.002554178728899     0.001694101095994
51 59
    -0.001174638951877     0.000098471308894     0.000200484189972
     0.000032449483497    -0.000982371378181     0.000050698255228
     0.000283218316956     0.000038364921895    -0.000795299697657
51 60
    -0.005978924666163    -0.004267586230789     0.004534613158226
    -0.004418568373646    -0.002340456695641     0.003594222064752
     0.004729406809020     0.003635313334593    -0.002098825491308
51 61
    -0.000789172682036    -0.001177419564122    -0.000477035651298
    -0.001073653691106    -0.000587393203578     0.001096033572688
     0.000963803634417    -0.000284051744772     0.002657480064248
51 62
    -0.201525670697909     0.047316512975561    -0.047525488032250
     0.048036858213656    -0.201373645187705     0.048009007779038
    -0.048269303508440     0.048301194286974    -0.200799535808768
51 63
    -0.028662220301083     0.017543592340640    -0.031894303508440
    -0.017224100119677     0.031188352828168    -0.017342819601915
    -0.031835355095742     0.017506499842530    -0.029062974300831
52 1
    -0.001758771888385    -0.000623748929201    -0.001312214222726
    -0.000420473135551     0.004399267510708     0.003031426429831
    -0.000967581286218    -0.001607924760645     0.000643341175359
52 2
    -0.038437686570925     0.049261048689846    -0.013276059460821
     0.049017715356513    -0.038742466616276     0.014734993890149
    -0.012140970175107     0.015332976033006     0.020874309429327
52 3
     0.002117426524313    -0.003773737024439     0.001442734189972
    -0.003579822341900     0.002468902431343    -0.000766123173343
     0.001614434586798     0.001783916509196     0.006079807445200
52 4
    -0.002640511967750    -0.000311175516503     0.000320418713782
    -0.000309401706979    -0.002872331695641     0.000249545477450
     0.001959621094734    -0.002031268014613     0.007585317365835
52 5
    -0.002258877047115    -0.002248447341900    -0.004447978111615
    -0.002758342183170    -0.002607704711514    -0.004248047776518
    -0.004222499937012    -0.001805387062232    -0.006527635015117
52 6
     0.002058658667171     0.000056544721592    -0.000107144778282
     0.000026278848576    -0.002207768203578     0.002562327223482
     0.000596373078861     0.003116378810784    -0.001659841364324
52 7
     0.000596712238599     0.001207995118418     0.001786248078861
     0.003338610197783     0.004085547272613    -0.001049904919375
     0.001390081412195    -0.001039795792391     0.005500277683296
52 8
    -0.000577162761401    -0.000311427500630     0.001140154824893
     0.001552727261275     0.002418061161502     0.001030696271101
     0.000632884983623     0.000511563334593    -0.001835252078609
52 9
     0.001341412635425     0.001334989166037    -0.001356113032250
     0.001318199483497     0.001556319098010     0.001252845080625
    -0.001255370968758     0.001369571271101     0.001616448318216
52 10
    -0.001298232205845    -0.000516854087931     0.000683170697909
    -0.000590893770471    -0.000661274155959    -0.000270347379693
    -0.001163321365583     0.000946660556815     0.001787374905518
52 11
    -0.003629006015369    -0.004168496945074     0.002939525856639
    -0.003651334246662    -0.006174125346435     0.003926525636180
     0.002141511967750     0.006255170477450    -0.002867668745276
52 12
    -0.001059664745528     0.000633729245402     0.000035406809020
     0.000531983213656    -0.001203270187705    -0.000042313649534
    -0.000051555492567     0.000015660556815    -0.000914702475435
52 13
     0.000330777714790    -0.000928602103804    -0.001334136841774
    -0.000654746945074     0.000586537351978    -0.001328660871756
    -0.001585615016377    -0.002582019998740     0.000287281651550
52 14
     0.002387238032250     0.001640929642227    -0.000599446365583
    -0.000632667579995    -0.000543178917863    -0.001288474363820
    -0.000338880889393    -0.001156968411439    -0.001393952475435
52 15
    -0.003034277840766     0.003921772896196     0.003910652840766
     0.004485643927942    -0.006085641219451    -0.004534198570169
     0.004038551650290    -0.003408811665407    -0.002308476284958
52 16
    -0.031403527840766     0.017533977261275     0.034383910777274
    -0.016249526706979     0.025827257590073     0.015213440318720
     0.032351037761401    -0.017041902935248    -0.029053853269085
52 17
     0.001291799540186     0.003097693531116    -0.002240702317964
     0.003115255039053     0.004603916320232     0.000859017699672
    -0.002541878905266    -0.000146410871756     0.004051567365835
52 18
    -0.027067690539179    -0.030870987024439    -0.015911357079869
    -0.030925403691106    -0.028996803917863    -0.015102686665407
     0.016247305618544     0.015929868890149     0.030670023715042
52 19
    -0.003232263951877    -0.003292691389519     0.003913587364575
    -0.002224675516503    -0.001832918997229     0.003910918493323
     0.001585248078861     0.003314728017133    -0.006358720332577
52 20
    -0.003819430618544     0.000178586388259    -0.000460561444948
     0.000367935594608    -0.001729676933736    -0.000059928728899
     0.000219672682036     0.000163587144117    -0.002324948507181
52 21
     0.001760861048123    -0.002705239008566    -0.002477408667171
    -0.002903483056185     0.004475898463089    -0.000526950554296
    -0.002111938429075    -0.000417121189216     0.003816579270597
52 22
     0.002361212238599     0.000354897896196     0.001125750062988
     0.001266024880323    -0.001662341616276    -0.001688732300328
    -0.001167067397329    -0.001667519998740    -0.000383817554800
52 23
    -0.000456347285210     0.001082237181910     0.002772412761401
     0.002150505039053    -0.001120752330562    -0.002896664840010
     0.005146875062988    -0.005529539840010    -0.007486809618292
52 24
    -0.030797265936004    -0.016396211230789    -0.030995172556059
     0.017131028848576     0.031463303224994     0.017257634763165
    -0.029226644778282    -0.016497603332074    -0.030788718348450
52 25
    -0.002698424666163     0.004261211388259    -0.004393132873520
     0.005768697499370    -0.006423561854371     0.004776478017133
    -0.005104736048123     0.004074364921895    -0.001641228269085
52 26
    -0.000360426650290     0.001496296705719    -0.001141265810028
     0.001954800673973    -0.000438119394054    -0.000332529919375
     0.000498759983623     0.000768950239355     0.002811178476946
52 27
     0.000456089222726    -0.001487316389519     0.001175773872512
    -0.000795467183170     0.000496577034518     0.001207114921895
     0.000605142920131     0.000769989921895    -0.000117095332577
52 28
    -0.001833089348702    -0.000179064405392    -0.001783682476694
     0.000361159800957     0.009522239732930    -0.000189234284455
     0.000007992126480     0.000410743890149    -0.001874928665911
52 29
    -0.002900476253464    -0.003595356072058    -0.003238166603679
    -0.003803362024439    -0.006743994394054    -0.005097893014613
    -0.003804329302091    -0.004420133093978    -0.002464136999244
52 30
     0.002990428508440     0.000932620118418     0.001382400856639
    -0.000663691389519    -0.001386555901990     0.001969097064752
     0.000429579428068     0.002557456191736    -0.001325331443689
52 31
     0.001080696365583     0.001240943531116     0.001625881015369
     0.001329610197783     0.001195144494835    -0.001337863252708
     0.001498890936004    -0.001192912855883     0.001243761810280
52 32
    -0.001457434586798     0.001403915753338     0.001420726253464
     0.000062630039053     0.002759372669438    -0.000876454522550
     0.001707101253464     0.001388974048879     0.000067666572184
52 33
     0.004766712238599     0.003275268927942    -0.000971111048123
     0.003059584404132     0.001473985764676     0.002050507779038
     0.000454795697909     0.002398162540942     0.003993200302343
52 34
    -0.028896000062988    -0.031749256865709     0.015727428634417
    -0.032032588214916    -0.027364478521038     0.016683422461577
    -0.015216194381456    -0.015833436665407     0.031810406651549
52 35
    -0.194357454428067    -0.039606647738725     0.039082194507433
    -0.044593790595868    -0.196004635267070     0.044879815318720
     0.038261974269337     0.043507630794911    -0.193258168745276
52 36
    -0.001724589348702     0.000212913769211    -0.000012694381456
    -0.000368729087931    -0.003990053917863     0.000048289525069
    -0.000301337238599    -0.000024696586042    -0.002470535808768
52 37
     0.002263386841774    -0.003209266786344     0.000702648872512
    -0.002903435437138     0.002288575050391    -0.001341851347947
    -0.001235678508440    -0.002420906903502     0.004925525699169
52 38
     0.026610507873520    -0.016263362024439    -0.015140493984631
     0.017787907816830    -0.032956220584530    -0.035757795792391
     0.017582573475687    -0.033217506109851    -0.029192577475435
52 39
    -0.156195265936004     0.009506602261275     0.048704039745528
     0.009455213372386    -0.154458966616276    -0.049118734284454
     0.025629654824893    -0.025733702538423    -0.174592006046863
52 40
    -0.001100464348702    -0.000219814405392    -0.001929426524313
     0.001186822499370     0.003359390526581    -0.001045984284455
    -0.002597363032250    -0.000062920792391    -0.000774063586546
52 41
    -0.006231196491560     0.005195796705719    -0.005098232079869
     0.004249991150164    -0.002046105505165     0.004752347064752
    -0.004591470175107     0.004260216112371    -0.002388131046863
52 42
    -0.001706591332829     0.002646167737465     0.001144486174099
     0.002081909800957    -0.001690018203578     0.001375029604434
    -0.000570609063996     0.000467196271101     0.002917148715042
52 43
     0.003967533667171     0.000083981229529     0.002185855221718
     0.000495137975561     0.003564952034518     0.002714128810784
     0.002302767920131     0.002452533572688     0.001293146730915
52 44
     0.009756980095742     0.000440155832703     0.000104976253464
    -0.000954064405392    -0.003677250346435    -0.001078148966994
     0.000078081412195    -0.001480045792391    -0.003265875094482
52 45
    -0.007264434586798    -0.003309746945074    -0.004063398746536
    -0.004145949326027    -0.004342710663895    -0.003138728332074
    -0.004965982079869    -0.002473484284454    -0.002668103269085
52 46
     0.030750980095742     0.016690249086672    -0.016372859063996
    -0.016602740992693    -0.030471409076594     0.028685075239355
     0.016793591332829     0.028962194286974    -0.030470684618292
52 47
     0.004172224143361     0.001137675673973     0.002111599269337
     0.001472471308894     0.004000551240867    -0.001983650951121
     0.002087254031242    -0.001777958490804     0.001679261810280
52 48
    -0.031229523872512     0.019387681626354    -0.033751428508440
    -0.016728893770471     0.029165884574200    -0.016248865236835
    -0.033683519778282     0.017936174445704    -0.030255944538927
52 49
    -0.197870757999496     0.040810360197783    -0.054909547556059
     0.041638191546989    -0.194781232489292     0.054541757779038
    -0.054418831286218     0.055814055398085    -0.208828857237339
52 50
    -0.033455234189972     0.038636259007307    -0.013789365016377
     0.037777548689846    -0.033541774155959     0.014016120874276
     0.014028222285210    -0.013820135078105     0.031240956254724
52 51
     0.004354376921139    -0.003060921548249     0.000804369110607
    -0.002857985040312     0.002306229812295     0.002356106985387
     0.000437347285210     0.002246934366339     0.003989958238851
52 52
     0.884278543587805    -0.002940925516503     0.034408333396321
    -0.002940925516503     0.879280727828168    -0.034619041824137
     0.034408333396321    -0.034619041824137     0.888570299508692
52 53
    -0.197091944507433    -0.044288389802217    -0.043801390810028
    -0.038453879881582    -0.193756954711514    -0.039180992220962
    -0.042793539619552    -0.038566496189216    -0.194206069538927
52 54
     0.031863335254472    -0.016517715199043     0.017827484189972
     0.015725709404132    -0.032578978521038     0.032098075239355
    -0.017786775730663     0.031740281588561    -0.029998690570673
52 55
     0.003521859063996     0.002242268927942    -0.000006093190980
     0.002822911785084     0.000657799256740    -0.002480172776518
     0.000779289745528    -0.001540039840010     0.004084093159486
52 56
    -0.029915384983623    -0.016572383849836     0.031946609189972
     0.017239302658100     0.030278317113883    -0.016455599363820
     0.031399924666163     0.016168652620307    -0.028882928665911
52 57
     0.004351686444948     0.001289217340640    -0.003109521762409
     0.000963503054926     0.004609098859914     0.003130870874276
    -0.002803993984631     0.002634724048879     0.002102327286470
52 58
    -0.000694734189972    -0.001186195357773    -0.000626749937012
    -0.001111953294281    -0.000317932886117     0.001024704207609
     0.000834593316956    -0.000777202538423     0.003073942365835
52 59
    -0.006754972285210    -0.004352344167297     0.005158970301083
    -0.003536304484757    -0.002036623362308     0.003058472064752
     0.004502557602671     0.003837341112371    -0.001985208427816
52 60
    -0.001859382999496     0.000439973293021    -0.000092025730663
     0.000529302658100    -0.001935333679768     0.000000870874276
    -0.000094003905266     0.000316914525069    -0.001395859221466
52 61
     0.003154868984631     0.000638514959688    -0.002766174540186
    -0.000216282659360     0.003737104812295    -0.001885192617788
    -0.002339482079869    -0.001944825554296     0.001150946334089
52 62
     0.030833995968758     0.017847197499370     0.016967373078861
    -0.016714895754598    -0.030501897171832    -0.033412343411439
    -0.016735214222726    -0.032727329522550    -0.029712569538927
52 63
    -0.006351803634417     0.004566651864449     0.004579932602671
     0.004061395912069    -0.002695899155959    -0.004013545792391
     0.003564359189972    -0.003888523966994    -0.002192758030990
53 1
    -0.005679384983623     0.008501546705719    -0.007529837238599
     0.005271812578735    -0.003456040028975     0.003789597064752
    -0.005791930492567     0.005372624842530    -0.002452777872260
53 2
     0.001155450333837    -0.004145030675233    -0.002148307476694
    -0.000559248929201     0.001853725844041     0.000759539525069
    -0.001904819381456     0.004344025636180     0.001514815381708
53 3
    -0.026785061570925     0.033146808610481    -0.013914263825901
     0.028467088372386    -0.032199905108340     0.011174547461577
     0.018054835380448    -0.015911658887629     0.028671188397581
53 4
    -0.002576500062988    -0.004489629881582    -0.005485329302091
    -0.003787365992693    -0.004562139235324    -0.003839033887629
    -0.002815478111615    -0.004377593411439    -0.006929926681784
53 5
    -0.001939990142353     0.000534473293021    -0.000346351127488
    -0.000498681468884    -0.000499137251197     0.000060622858403
    -0.002324474143361    -0.000895962459058     0.007837495937264
53 6
     0.000860045571932     0.000628340356513     0.000614357205845
     0.000535064562862     0.000417424256740    -0.000680752141597
     0.001107523872512    -0.000291196586042     0.000801914588057
53 7
     0.002192849143361     0.000223915753338     0.001556625062988
    -0.000875479087931    -0.001445510267070     0.001357015715545
    -0.000717642794155     0.001082128810784    -0.001297966364324
53 8
     0.004628724143361     0.002152493134291    -0.000545718190980
     0.002212137975561     0.001531753621819     0.002518991906022
    -0.000460464222726     0.002959112937768     0.004483628873772
53 9
    -0.000204700459814     0.000655034800957     0.001567263951877
    -0.000724764802217     0.003093886558327    -0.000416109284455
     0.001200404824893     0.000913120874276    -0.000209420729403
53 10
    -0.007107220301083    -0.004068308453011     0.003903922682036
    -0.004372358056185    -0.003018456695641     0.004112823255228
     0.004645829428068     0.003681835159990    -0.002492494142101
53 11
    -0.001293994110607    -0.001146201310154    -0.000574472159234
    -0.000969423532376    -0.001492182886117     0.001080071271101
     0.000903912761401    -0.000269029919375     0.002043212207105
53 12
     0.000748472159234    -0.001001600119677    -0.001091091206853
    -0.000924606072058     0.000535797272613    -0.001254893014613
    -0.000989904698917    -0.001257289840010     0.000707303476946
53 13
    -0.000981835380448     0.000318068531116     0.000318240142353
    -0.000265961230789    -0.001306770187705     0.000558384763165
     0.000340910777274    -0.000201720395566    -0.001082212396070
53 14
    -0.002116125062988     0.003979225277148     0.004364180618544
     0.003417743134291    -0.002697486457546    -0.003800178728899
     0.004398019904258    -0.004098418808264    -0.005640821523054
53 15
     0.003393734063996    -0.000745431468884     0.000603029824893
     0.000703804642227    -0.000258823759133    -0.001089652935248
    -0.000665422556059    -0.001051387062232    -0.000491220332577
53 16
     0.004434984063996     0.000824022896196    -0.002907462238599
     0.000436759007307     0.004010075050391     0.002918110953641
    -0.002553811444948     0.003211271667926     0.001009152683296
53 17
    -0.028847188555052    -0.017056135833963     0.032243549666163
     0.017009540753338     0.029837733780549    -0.016834811665407
     0.032327771888385     0.016751888731418    -0.028661801681784
53 18
    -0.191510553634417    -0.033856691389519     0.033806019904258
    -0.033903742976820    -0.186158486457546     0.035484483969514
     0.034884456412194     0.036769793493323    -0.190444970332577
53 19
    -0.029327627047115    -0.031360395754598     0.018047589348702
    -0.031042639802217    -0.028349976536911     0.017975714128244
    -0.016369351127488    -0.015467347379693     0.029995285619803
53 20
     0.001257581286218    -0.003116367976820    -0.002613059460821
    -0.002611528691106     0.003896140526581    -0.000180133093978
    -0.002960176524313    -0.000512738252708     0.004302182445200
53 21
    -0.000860377047115    -0.000096568373646    -0.000175281683044
    -0.000162197341900    -0.001132534076594    -0.000089279919375
    -0.000163412635425     0.000201178413958    -0.001245914777022
53 22
    -0.003065775856639     0.004689818531116     0.004945377047115
     0.004643810594608    -0.006774149155959    -0.004288436665407
     0.004609583396321    -0.004293970395566    -0.003070186602419
53 23
     0.001794289619552     0.001191157816830    -0.000372960254472
     0.000079290753338    -0.001883559870244    -0.001926869205089
     0.000768650856639    -0.001529240236835    -0.000544053665911
53 24
    -0.191242629031242     0.036599334404132    -0.041664670571932
     0.034556064562862    -0.190591629314689     0.041089180398085
    -0.039867493984631     0.037622946271101    -0.193910462396069
53 25
    -0.027911287761401     0.016994757023180    -0.031458255889393
    -0.016669391786344     0.030071255605946    -0.016568351347947
    -0.030841710254472     0.016043414525069    -0.028609972316704
53 26
     0.004003960254472    -0.000988407659360     0.002161861174099
    -0.000518163611741     0.003830573066264     0.002666515715545
     0.002119535777274     0.003143499842530     0.001914309429327
53 27
    -0.001819023872512     0.002464729245402     0.001368525856639
     0.001618693531116    -0.001454730505165     0.000616910556815
    -0.000178581286218    -0.001069460474931     0.001577535619803
53 28
    -0.002559202443941    -0.005083518770471    -0.003234305492567
    -0.004425304484757    -0.006922442806752    -0.003612813649534
    -0.003799857079869    -0.003785081506677    -0.003058672713530
53 29
    -0.001364214348702     0.000263564562862    -0.000234164619552
     0.000417423689846     0.008812073066264     0.000228152620307
    -0.000344053508440     0.000367416509196    -0.001384506046863
53 30
     0.001373190413202     0.002018415753338     0.002788777840766
     0.002171844324767     0.004216386558327     0.000267892699672
     0.002519605221718    -0.000079369205089     0.003731174508692
53 31
     0.002869833270345    -0.000645760833963    -0.000306242000504
     0.000634645912069    -0.000775788044848     0.001495182382212
     0.001234166729655     0.001417011747292    -0.000638857237339
53 32
     0.001030202317964     0.001563586388259    -0.001012396762409
     0.001577790753338     0.000924940129756     0.001254966112371
    -0.001043747952885     0.001170023652053     0.001131922524565
53 33
    -0.000076525856639    -0.000644310437138     0.001389515936004
     0.000855245118418     0.003088553224994     0.001110053413958
     0.001451196491560    -0.000381787855883    -0.000211668745276
53 34
    -0.002155238158226    -0.003365086230789     0.004510055618544
    -0.003777677500630    -0.002228786060721     0.004566718096498
     0.004227081412194     0.004436237937768    -0.006612087396070
53 35
    -0.027951567523306    -0.031668352103804    -0.016689678508440
    -0.030716879881582    -0.028326442806752    -0.016476639046359
     0.017137375062988     0.017218305398085     0.029954962207105
53 36
     0.004130047556059    -0.002271665595868    -0.000180817397329
    -0.002017568373646     0.000880388542454    -0.002123414840010
    -0.000801936444948    -0.001128146982867     0.003670470143613
53 37
    -0.001505101253464    -0.000126096151424    -0.000448724143361
     0.000313225277148    -0.002002232489292    -0.000131180713026
    -0.000451402714790    -0.000062732300327    -0.001485218348450
53 38
    -0.006635105221718     0.005022808610481     0.004847257999496
     0.004172318531116    -0.003294403124213    -0.003159875157470
     0.003977474269337    -0.003529956506677    -0.002841696523054
53 39
     0.029189120968758     0.015656522896196     0.018147416729655
    -0.010683750913328    -0.032912399155959    -0.028917438649534
    -0.013542194381456    -0.033983277935248    -0.027654875094482
53 40
    -0.003302577443941     0.003777231229529    -0.004787674540186
     0.004290233213656    -0.002440417013102     0.004898061350466
    -0.004072087238599     0.004104628810784    -0.006170807634165
53 41
    -0.000558559586798     0.000854217340640    -0.001798980095742
    -0.000742848135551     0.002798336955152     0.000961142699672
    -0.001580694381456    -0.000550734284455    -0.000538750094482
53 42
     0.000921295571932    -0.001159161627614     0.001110488158226
    -0.001347929484757     0.000858799256740     0.001656450239355
     0.001177166729655     0.001469870874276     0.000942404667423
53 43
    -0.000984579428068     0.001519401864449    -0.000714017794155
     0.001557798689846    -0.000839855505165    -0.000273075554296
     0.000585793713782     0.001223333175863     0.002773027683296
53 44
    -0.007349007999496    -0.004373173532376    -0.004803021762409
    -0.004808653691106    -0.002768432886117    -0.003721603332074
    -0.004688642794155    -0.003676246189216    -0.003475744142101
53 45
     0.009985327317964    -0.000658076310154    -0.000929521762409
     0.000081836388259    -0.000407143203578    -0.000598057697153
    -0.000047456286218    -0.000985184681280    -0.001240472316704
53 46
     0.004082492000504     0.002126669721592     0.001317767920131
     0.002207794721592     0.001567408383724    -0.002143754125724
     0.001024867126480    -0.001908756109851     0.003919821334089
53 47
     0.029114361048123    -0.016537778691106     0.016811226253464
     0.016934132023180    -0.027749131298816     0.030047269683799
    -0.016734220175107     0.030771341112371    -0.027767982237339
53 48
    -0.002679636967750     0.003923602261275    -0.004226426524313
     0.003390266943815    -0.007155672965482     0.004346305398085
    -0.003234993984631     0.005601974048879    -0.002363813586546
53 49
    -0.029180996094734    -0.016867469167297    -0.030857045571932
     0.017420602261275     0.029523459971025     0.018269553413958
    -0.032699555492567    -0.017175144998740    -0.029539226284958
53 50
     0.002459527714790    -0.003280570357773     0.002296261967750
    -0.003034915595868     0.004344293304359     0.000303916509196
     0.002444623078861     0.000627164525069     0.004012837207105
53 51
    -0.029368861174099     0.032392499086672     0.017997496094734
     0.033122175673973    -0.029400702727387    -0.017245347379693
    -0.017335501921139     0.018016483969514     0.030341339191232
53 52
    -0.197091944507433    -0.038453879881582    -0.042793539619552
    -0.044288389802217    -0.193756954711514    -0.038566496189216
    -0.043801390810028    -0.039180992220962    -0.194206069538927
53 53
     0.888793067397329    -0.012142594167297    -0.006293138825901
    -0.012142594167297     0.896014862748803     0.006820178413958
    -0.006293138825901     0.006820178413958     0.890864311413454
53 54
     0.004236097159234     0.000413205435878     0.001830736174099
     0.000457870118418     0.004457963939279    -0.002127129125724
     0.001985375062988    -0.002814793808264     0.001635315381708
53 55
     0.030703120968758     0.011374689562862    -0.011376216206853
    -0.018718802500630    -0.026768508282943     0.028324122858403
     0.019112065539179     0.028464259763165    -0.027838400888133
53 56
     0.001658626921139     0.002250036785084    -0.002989138825901
     0.002286463372386     0.004339134574200     0.000536696271101
    -0.002620549540186     0.000541327223482     0.004327452286470
53 57
    -0.027615551650290     0.016652637975561     0.031352480221718
    -0.017490836230789     0.030101041320232     0.017601791509196
     0.031159531809020    -0.016241601347947    -0.027860041761149
53 58
    -0.002326722285210    -0.004559024722852     0.003523002047115
    -0.004416667579995    -0.005982615425800     0.004622749842530
     0.003573994110607     0.004817472064752    -0.001921926681784
53 59
    -0.000398960380448    -0.001296548532376     0.000936847285210
    -0.001387893770471    -0.000560555901990    -0.000308482300328
    -0.000455041603679     0.001071515715545     0.003057172524565
53 60
     0.004548503905266    -0.000306106072058    -0.002367023746536
    -0.000182036627614     0.004176608780549    -0.001887083490804
    -0.002672478111615    -0.001983410871756     0.001515646730915
53 61
    -0.001427869110607     0.000238060594608    -0.000070672556059
     0.000310003054926    -0.001566577727387     0.000409353017133
    -0.000058331286218     0.000482224048879    -0.001141672713530
53 62
    -0.202975367126480     0.049838868134291     0.050022125062988
     0.049327264959688    -0.203159204711514    -0.049497672776518
     0.050299686570925    -0.049998279919375    -0.202505688586546
53 63
     0.031211958270345    -0.017279802500630    -0.017442190413202
     0.017587556626354    -0.028882831695641    -0.032124500157470
     0.017610509983623    -0.032025099363820    -0.029193502078609
54 1
    -0.040211980221718    -0.053487114008566     0.012107801650290
    -0.053426137818090    -0.040282938838498     0.012217499842530
     0.034469194507433     0.034469192302847     0.010578851095994
54 2
    -0.002014144904258     0.000388433610481     0.001088081412195
     0.001132925673973     0.002561702034517     0.001214817302847
     0.002333680618544    -0.000951406903502     0.000340819349962
54 3
     0.000624843190980     0.000972272896196    -0.001436874937012
     0.000588512975561     0.000631321082137     0.000809075239355
    -0.002158539619552     0.001264533572688     0.001019192365835
54 4
     0.002742904698917     0.001167459404132     0.001273309586798
     0.000336558610481    -0.002016663044848     0.001061243890149
    -0.000849478111615     0.002256849048879     0.000527827286470
54 5
     0.001054039619552     0.000857562578735     0.000817412761401
     0.001278118134291     0.001101338939279    -0.001387349363820
     0.001181775856639    -0.002029269998740     0.001347124905518
54 6
    -0.003982049666163    -0.001080570357773     0.000219246094734
    -0.001044010833963    -0.004150349552784     0.000141525636180
    -0.001091726127488    -0.001199504125724     0.003346043556311
54 7
    -0.001560246094734    -0.002210869960947    -0.004656236048123
    -0.002246929484757    -0.001725659076594    -0.004828831506677
    -0.005437642794155    -0.005615803728899    -0.004844337396070
54 8
    -0.000299246094734     0.000904082420005    -0.000993454302091
     0.000905312578735    -0.000477020187705    -0.000935355316201
     0.000537035777274     0.000634430398085     0.002506382842026
54 9
     0.001489454302091    -0.001421125913328     0.001025652840766
    -0.001419965199043     0.001393112748803     0.000986418493323
     0.001129779824893     0.001082563334593     0.001626458238851
54 10
    -0.000072940539179     0.000513155832703    -0.001100063429075
     0.000034316546989     0.002049644494835     0.001171851033006
    -0.001989295571932     0.000143902620307    -0.001956490173847
54 11
    -0.001768714348702     0.002630262975561    -0.004711583270345
     0.001886876070799    -0.002416956695641     0.004380099048879
    -0.004126712238599     0.003623787540942    -0.007102783824641
54 12
     0.002233501921139     0.000061739166037     0.001253047682036
     0.000521068531116    -0.000124351536911    -0.001226115236835
     0.000237970301083    -0.002120347379693    -0.001918317554800
54 13
    -0.002334055618544     0.001751032816830     0.004461254031242
     0.002571713372386    -0.001935168997228    -0.004775837459058
     0.003619910777274    -0.004070777935248    -0.006938208427816
54 14
    -0.000529345301083    -0.000273935437138    -0.000213430492567
    -0.000290582262535    -0.000491760267070    -0.000240775951121
     0.000047269904258     0.000011148652053    -0.000460567554800
54 15
     0.001499763825901    -0.001415467183170    -0.001493581286218
    -0.001435145754598     0.001378277431343    -0.001570750157470
    -0.001408797556059    -0.001465569601915     0.001236658635677
54 16
    -0.028014361174099     0.031428612181910     0.016385051650290
     0.030874183610481    -0.028076323759133    -0.016496986268581
    -0.016676311444948     0.016026589128244     0.030827656651550
54 17
     0.001929341206853    -0.003558796548249     0.001964313555052
    -0.002939284643487     0.004058709971025     0.000971091112371
     0.002057396888385    -0.000277543808264     0.004217077286470
54 18
    -0.030696523872512    -0.018618602103804    -0.035415591206853
     0.017399431626354     0.029253239732930     0.015381511747292
    -0.031526168587805    -0.017121639046359    -0.026747466364323
54 19
    -0.002938472285210     0.003776318531116    -0.003343771762409
     0.003307784800957    -0.008143125346435     0.004160241906022
    -0.002595851127488     0.003631720080625    -0.000950585411943
54 20
     0.002973736048123     0.000411471308894    -0.001050170571932
    -0.001111354087931    -0.001477758282943    -0.001990730316201
     0.000936823475687    -0.001555170792391    -0.000116438586546
54 21
    -0.002146597285210     0.003745020912069     0.003046482205845
     0.004226477261275    -0.006204932886117    -0.004809252141597
     0.003146087364575    -0.004803879125724    -0.002062910808768
54 22
    -0.003191246094734    -0.000312592183170    -0.000055984063996
    -0.000060014802217    -0.001889672965482    -0.000177158887629
     0.000233083396321    -0.000597777935248    -0.002870182634165
54 23
     0.001995819381456    -0.002811752897455    -0.002006196365583
    -0.002108409643487     0.003180291320232    -0.000030466427312
    -0.001995974143361    -0.000705797776518     0.003962950302343
54 24
     0.000108525730663    -0.001855201310154     0.000888093316956
    -0.001985760833963    -0.000383028124213    -0.000901416824137
     0.000309131015369     0.000957388731418     0.002910041572184
54 25
    -0.002007507999496    -0.004872028691106     0.003835507999496
    -0.005554092183170    -0.006760393203578     0.005466551429831
     0.004101664745528     0.003781106985387    -0.001244968348450
54 26
    -0.028971259983623     0.017375056626354     0.030325375062988
    -0.016784364008566     0.031787424256740     0.017409418493323
     0.030222160777274    -0.016787307697153    -0.029015811602419
54 27
     0.001863505889393    -0.000675931468884    -0.004427585254472
     0.004600618134291     0.000992495685311    -0.002448561665407
    -0.005734706286218     0.004991856985387     0.006893664588057
54 28
     0.002668452317964    -0.000329179484757    -0.001092291603679
     0.000778245118418    -0.000590341616276     0.001542839128244
     0.000533017920131     0.001989485953641    -0.000453793745276
54 29
     0.001908065413202     0.002687028848576     0.002186099269337
     0.003171598293021     0.003856299256740    -0.000956194601915
     0.002144071491560    -0.000479641030486     0.004017247921391
54 30
    -0.003124779824893    -0.000150744960947    -0.000825208270345
    -0.000105356072058     0.009931862748803    -0.000932704522550
    -0.001260769778282     0.000365573255228    -0.003365196523054
54 31
    -0.003315511967750    -0.004736921548249    -0.003527978111615
    -0.004648929484757    -0.007215061854371    -0.004708289840010
    -0.003446958270345    -0.004158545792391    -0.002374853269085
54 32
    -0.027765767920131     0.031045675673973    -0.016907257873520
     0.031759590356513    -0.028017333679768     0.016653118890149
     0.015819002047115    -0.016581908887629     0.031169551492819
54 33
     0.004493503905266    -0.002986221151424     0.001024904824893
    -0.003624830278408     0.001883404415470     0.001891081191736
    -0.000202428508440     0.001964654604434     0.004257460222978
54 34
    -0.001003333396321    -0.001005621945074    -0.001911555492567
     0.000544872102545     0.003236065129756    -0.001077754125724
    -0.001486418587806     0.000870055398085     0.000097916572184
54 35
    -0.005993037761401     0.004298862181910    -0.004643789619552
     0.003832669721592    -0.002015341616276     0.003198013731419
    -0.004653624937012     0.003321622858403    -0.001918533824641
54 36
     0.029337452317964     0.017455173689846     0.015574946491560
    -0.018266643770471    -0.030501510267070    -0.034954012062232
    -0.016814311444948    -0.031066329522550    -0.026350275888133
54 37
    -0.008044321491560     0.003607243134291     0.003952039745528
     0.004150774880322    -0.003157006298816    -0.003518152935248
     0.003491472285210    -0.002693039840010    -0.000901714380197
54 38
    -0.001770325459814    -0.000097602103804    -0.000141353111615
    -0.000352881865709    -0.003327176933736    -0.000071472379693
    -0.000536150730663     0.000208735953641    -0.002904317554800
54 39
     0.003322900730663    -0.002187512818090     0.000087555618544
    -0.002857951310154     0.001822952034518    -0.002093535871756
    -0.000647694381456    -0.002056960474931     0.004080128873772
54 40
    -0.000104547682036    -0.001988554484757    -0.000733160651298
    -0.001829342183170     0.000197559177375     0.000832339128244
     0.001112412761401     0.000216946271101     0.003052571334089
54 41
    -0.006177904824893    -0.005562693373646     0.005510783793147
    -0.004894548532376    -0.001836061854371     0.003746045477450
     0.003847055618544     0.004105833175863    -0.000988621126228
54 42
    -0.000579049666163     0.000786552658100     0.001442627047115
    -0.000300254881582     0.002398275447216    -0.001140396982867
     0.001898291729655     0.000458438334593    -0.000530966364324
54 43
     0.003872950333837     0.003190366150164    -0.000949753905266
     0.002665223293021     0.001712245685311     0.002162077223482
    -0.000450206286218     0.002125775636180     0.003942031651549
54 44
     0.031880896762409    -0.016705084246662     0.017432367126480
     0.017342520912069    -0.029211831695641     0.030196924445704
    -0.016737642794155     0.030148946271101    -0.029251990173847
54 45
     0.001057107079869     0.004630012975561    -0.002428132873520
    -0.000668614008566     0.001754332986898    -0.004506404919375
     0.005070293713782    -0.005790242220962     0.006930281651550
54 46
     0.009834521762409     0.000037884007307    -0.000840843190980
     0.000007219324767    -0.003289740425800    -0.000757976347947
     0.000560617126480    -0.001368313649534    -0.003585924697657
54 47
    -0.007290734189972    -0.004594064405392    -0.004602134857647
    -0.004740318373646    -0.003570155108340    -0.003587702538423
    -0.004173220175107    -0.003507341427312    -0.002695978269085
54 48
    -0.031869732205845    -0.036816183453011     0.016972337364575
    -0.036839683453011    -0.031982571775006     0.017046583175863
    -0.015991118984631    -0.016010833490804     0.032354690381708
54 49
    -0.204266841332829    -0.049158754881582     0.053970843316956
    -0.049323098135550    -0.204198313838498     0.053348331191736
     0.054798944507433     0.054014047461577    -0.210442222316704
54 50
    -0.032243567523306    -0.016664606072058     0.031415525856639
     0.015728259007307     0.031972769494835    -0.018093680713026
     0.031778748078861     0.017510231985387    -0.029411908824641
54 51
     0.004727918587805     0.000407338372386    -0.002800615016377
     0.000464350277148     0.004187398463089     0.001914555398085
    -0.002086251921139     0.001754801429831     0.001569843159486
54 52
     0.031863335254472     0.015725709404132    -0.017786775730663
    -0.016517715199043    -0.032578978521038     0.031740281588561
     0.017827484189972     0.032098075239355    -0.029998690570673
54 53
     0.004236097159234     0.000457870118418     0.001985375062988
     0.000413205435878     0.004457963939279    -0.002814793808264
     0.001830736174099    -0.002127129125724     0.001635315381708
54 54
     0.896861126921139     0.013732669721592    -0.020817249937012
     0.013732669721592     0.902964315129755    -0.018020976347947
    -0.020817249937012    -0.018020976347947     0.905888569349962
54 55
    -0.173704349269337    -0.014405471151424    -0.042485702317964
    -0.014749377897455    -0.173688782092467    -0.042860724363820
    -0.044600184460821    -0.044824172776518    -0.192890396919879
54 56
    -0.000445718316956     0.000745126070799     0.000558125062988
     0.000784387975561    -0.000498889235324     0.000504474048879
    -0.000866799540186    -0.000871105316201     0.003040706254724
54 57
     0.004667853111615    -0.001195022738725     0.002586869110607
    -0.001173786627614     0.004520892510708     0.002576819286974
     0.002412656809020     0.002374091112371     0.002079587207105
54 58
    -0.029630942523306     0.017923939562862    -0.032815234063996
    -0.017324617976820     0.031545735764676    -0.017030222379693
    -0.032818255889393     0.017872914525069    -0.028808047713530
54 59
    -0.197888430618544     0.041451165753338    -0.042449388825901
     0.044909030832703    -0.196993079711514     0.044795045477450
    -0.042269541603679     0.042266583175863    -0.196770448507181
54 60
     0.031445158667171    -0.017164641786344    -0.017085634857647
     0.018168387975561    -0.030005915028975    -0.032855180713026
     0.018070521888385    -0.032896718411439    -0.029086849300831
54 61
    -0.197605339348702     0.045516524880322     0.045259716332829
     0.041821052658100    -0.198219101536911    -0.042693119205089
     0.042112918713782    -0.042241083490804    -0.196894668745276
54 62
    -0.001677337364575    -0.000300667579995    -0.000165986048123
    -0.000293060437138    -0.001780353521038    -0.000211394998740
    -0.000045438429075    -0.000115712459058    -0.001435059618292
54 63
     0.004547488032250    -0.001038088214916    -0.002736176524313
    -0.001020893770471     0.004404019494835    -0.002815597379693
    -0.002375740016377    -0.002430031903502     0.001832876889645
55 1
    -0.218462831412194    -0.014774411627614     0.103199117126480
    -0.015088653691106    -0.218326911060720     0.103380553413958
     0.048020117126480     0.048000319286974    -0.171595240173847
55 2
     0.001336128905266     0.002588510991434    -0.001553103111615
    -0.000820465199043     0.001664479812295     0.000507995874276
     0.000424978237591     0.001382345080625     0.000680853080121
55 3
    -0.001250507999496    -0.000232524722852     0.001207065539179
    -0.000146252897455     0.000490848859914    -0.001218746189216
     0.002323007999496     0.001366910556815    -0.001915148904006
55 4
     0.001631178508440    -0.000791338214916     0.000552375062988
     0.002482042737465     0.001488114732930    -0.001595577538423
     0.001270194507433     0.000488726033006     0.000666236016629
55 5
     0.000893563429075     0.000071889959688    -0.001284021762409
     0.000083352261275    -0.000756258282943     0.001300079207609
     0.001347698475687     0.002265106985387    -0.001580591364323
55 6
    -0.001839650856639    -0.001428617976820     0.001144561570925
    -0.001415276706979    -0.001881446775006     0.001200954207609
    -0.001090053508440    -0.001172752141597     0.002157202286470
55 7
    -0.001084972285210     0.001325082420005    -0.002952795571932
     0.001345054642227    -0.001094506298816    -0.003010027935248
     0.002881029824893     0.002923198255228     0.006392571334089
55 8
     0.004064527714790    -0.000625340199043     0.003002486174099
    -0.000646953294281     0.003876007590073     0.003083323255228
     0.003292083396321     0.003416682382212    -0.000194333427816
55 9
    -0.000418896888385     0.001899201467624     0.001220593316956
     0.001911143927942    -0.000435609473419     0.001200847064752
    -0.000571172556059    -0.000561934681280     0.001391491969010
55 10
    -0.007138291729655     0.003646733213656    -0.003038747952885
     0.005276300673973    -0.005740327727387     0.005585904604434
    -0.002973497952885     0.001801279604434    -0.000349581443689
55 11
    -0.000469940539179    -0.001453534643487    -0.001234892794155
     0.002031985197783     0.000661571082137     0.000006527620307
    -0.000039664619552     0.001626539525069    -0.001183375094482
55 12
    -0.005591474269337     0.005317691546989     0.005524613158226
     0.003619052658100    -0.007139823759133    -0.003071686665407
     0.001750392920131    -0.003022095395566    -0.000287033824641
55 13
     0.000705593190980     0.001956860197783    -0.000044055492567
    -0.001489677500630    -0.000584891219451    -0.001215158887629
     0.001656458396321     0.000070599048879    -0.001244799697657
55 14
     0.000773553508440    -0.001436358056185    -0.001062740016377
    -0.001424973135551     0.000935392510708    -0.001030847379693
    -0.001291682476694    -0.001210724363820     0.001566716175359
55 15
    -0.000523712364575    -0.000171639802217     0.000306734189972
    -0.000156036627614    -0.000490944790879     0.000307553413958
     0.000279500062988     0.000285182382212    -0.000632432634165
55 16
     0.003192412635425    -0.002652310437138     0.000245617126480
    -0.002449457262535     0.000676079018644     0.002542192302847
     0.000235736174099     0.003259966112371     0.003156315381708
55 17
    -0.028871259983623     0.032991155832703    -0.017127370968758
     0.033699449483497    -0.029922012251197     0.015773144683799
     0.015875944507433    -0.016216416824137     0.033254986016629
55 18
    -0.207587875062988     0.043044350277148    -0.042136775730663
     0.050266790753338    -0.188374107489292     0.034926190318720
    -0.049719245968758     0.035239112937768    -0.190312932634165
55 19
    -0.031265698475687     0.018381770912069    -0.033423706286218
    -0.018145981072058     0.031344652431343    -0.016176829522550
    -0.033113303508440     0.016789597064752    -0.031224801681784
55 20
    -0.003226365142353     0.002578298689846     0.004488269904258
     0.002635255039053    -0.003216980505165    -0.004384676744772
     0.005478246094734    -0.006053418808264    -0.008089904856387
55 21
     0.002306301524313    -0.001377901706979     0.000790172682036
     0.000342086388259    -0.001520530108340    -0.001848823570169
    -0.001060365016377    -0.001664877141597    -0.001234002078609
55 22
    -0.000053597285210    -0.001131389802217    -0.001300793587805
    -0.001568905675233     0.002435604812295    -0.000091230316201
    -0.002290993984631    -0.000557650951121     0.004887351095994
55 23
    -0.004231656809020     0.001073449483497     0.000113744110607
    -0.000921300516503    -0.001483055901990    -0.000374912855883
     0.001651573475687    -0.000679045792391    -0.001482890967498
55 24
    -0.007395825459814    -0.004751873929201     0.003964033793147
    -0.002918776706979    -0.003093000346435     0.001484511747292
     0.002397428634417     0.002055390715545    -0.001210299697657
55 25
    -0.002225234189972    -0.002518201310154    -0.001654426524313
    -0.002387358056185    -0.002094365425800    -0.000729894998740
     0.003163587364575     0.000562483969514     0.002211815381708
55 26
     0.006800138825901    -0.002514365992693    -0.004444309460821
     0.004898870118418     0.000913202034518    -0.000687902935248
    -0.005746541603679     0.004585069286974     0.001831347127740
55 27
    -0.036695470301083    -0.026011729087931     0.025407855221718
     0.006673477261275     0.027724523463089    -0.026012383093978
     0.041743716332829     0.006629358969514    -0.036759551681784
55 28
    -0.000285523872512     0.001198647896196     0.001197773872512
     0.000757979245402     0.000283311161502    -0.001477482300328
     0.000639565539179    -0.000780012062232     0.000306864984883
55 29
     0.001541964222726     0.000638106229529     0.001382914745528
    -0.001042292579995    -0.001581922965482     0.002424358969514
    -0.000147880889393     0.001589235953641    -0.001879218348451
55 30
    -0.002768631015369    -0.004273667579995    -0.003214767794155
    -0.005045371945074    -0.007309484473419    -0.004197900951121
    -0.002354097159234    -0.003424424760645    -0.004391662792895
55 31
    -0.001295238158226    -0.000973969167297    -0.000586037635425
    -0.000138445357773     0.009922590923406     0.000026513731418
    -0.000991910651298    -0.000669043808264    -0.000282694538927
55 32
     0.000938630889393    -0.002357371945074     0.002348182602671
    -0.002551300516503     0.003488194098010     0.000419047461577
     0.003081049666163     0.000333093096498     0.003495835222978
55 33
    -0.029997472285210     0.034076231229529     0.015864345301083
     0.033493528848576    -0.029096942806752    -0.017165490236835
    -0.016462755889393     0.015707906588561     0.033311993953137
55 34
    -0.002913434586798     0.002831205435878    -0.004337990016377
     0.002766981229529    -0.002906782092467     0.004575549445704
    -0.006010245968758     0.005522307382212    -0.007837799697657
55 35
    -0.001427388951877     0.000502814562862    -0.001731349143361
    -0.001234221151424     0.002617936161502     0.000965317302847
    -0.001569077317964    -0.000838000157470    -0.000952125094482
55 36
    -0.187511023872512     0.048135751070799     0.033149761967750
     0.041221090356513    -0.205725732489292    -0.040694833490804
     0.033847861174099    -0.048201702538423    -0.188774492157974
55 37
     0.031492327317964    -0.017504179484757    -0.015985519778282
     0.018837759007307    -0.030525978521038    -0.032251349363820
     0.016736269904258    -0.032060287855883    -0.030293180650038
55 38
     0.002433948349710    -0.001682149722852    -0.000089037635425
    -0.001192397738725    -0.000050649155959    -0.001308293808264
    -0.000571853111615    -0.002221512062232     0.004839091175359
55 39
    -0.001522450459814    -0.000972310437138    -0.000367753905266
     0.000946532816830    -0.004247770187705     0.000092392699672
    -0.000625271762409     0.001664416509196    -0.001569087396070
55 40
    -0.002971773872512    -0.002902102103804     0.001604904824893
    -0.004826358056185    -0.007200163044848     0.004022017699672
     0.002254460380448     0.002457823255228    -0.000991644935752
55 41
    -0.001744381015369    -0.002337115992693    -0.000715525730663
    -0.002438064405392    -0.002019659076594    -0.001632775951121
     0.000615103237591     0.003151960159990     0.002415662603930
55 42
     0.000179099143361     0.000730880039053    -0.001582057476694
     0.001172104245402    -0.000385696775006     0.001204906588561
    -0.000901660651298     0.000641065318720     0.000276692365835
55 43
    -0.001709025856639    -0.000987431468884     0.002379561570925
     0.000690457420005     0.001484773463089     0.001418880794911
     0.001539716332829    -0.000112347379693    -0.001972184618292
55 44
     0.000852420571932     0.004832243134291    -0.000673567397329
    -0.002582244960947     0.006650821082137    -0.004584021982867
     0.004615904824893    -0.005842426744772     0.001753043556311
55 45
     0.027855255889393     0.006642340356513    -0.025984067397329
    -0.026015129881582    -0.036787139235324     0.025446148652053
     0.006529091332829     0.041894509763164    -0.036975059618292
55 46
    -0.007621579428068    -0.004840913611741    -0.004095527714790
    -0.004085296548249    -0.002873712648022    -0.003134672776518
    -0.003362335254472    -0.002309436665407    -0.004638640967498
55 47
     0.009733789619552    -0.000086362024439    -0.000033444381456
    -0.001002084246662    -0.001352877330562    -0.000445523966994
    -0.000708422556059    -0.000876714443185    -0.000509569538927
55 48
    -0.000617708396321    -0.001666731072058     0.002386027840766
    -0.001661199326027    -0.000565793997229     0.002355761747292
     0.005030803634417     0.005026543493323    -0.003861525888133
55 49
    -0.026974692523306    -0.030373302500630    -0.007934091206853
    -0.030265489008566    -0.027120786060721    -0.007839365236835
     0.019865242126480     0.019930299445704     0.027724936413454
55 50
     0.000857956286218     0.002065721308894    -0.001478908667171
     0.002688243134291     0.003679047272613     0.000654622858403
    -0.002391704302091    -0.000105516030486     0.004058999905518
55 51
    -0.026788932602671     0.011486415753338     0.028427825459814
    -0.018945165595868     0.030781926240867     0.019031733969514
     0.028430795697909    -0.011244446586042    -0.027658873110355
55 52
     0.003521859063996     0.002822911785084     0.000779289745528
     0.002242268927942     0.000657799256740    -0.001540039840010
    -0.000006093190980    -0.002480172776518     0.004084093159486
55 53
     0.030703120968758    -0.018718802500630     0.019112065539179
     0.011374689562862    -0.026768508282943     0.028464259763165
    -0.011376216206853     0.028324122858403    -0.027838400888133
55 54
    -0.173704349269337    -0.014749377897455    -0.044600184460821
    -0.014405471151424    -0.173688782092467    -0.044824172776518
    -0.042485702317964    -0.042860724363820    -0.192890396919879
55 55
     0.903101674540186    -0.071901518770471    -0.017899511841774
    -0.071901518770471     0.900987620685311    -0.023245045792391
    -0.017899511841774    -0.023245045792391     0.903952636810279
55 56
     0.000605055492567    -0.001577671548249     0.001057690539179
    -0.001603377897455     0.000672763542454     0.001124777620307
     0.001183498078861     0.001229146667926     0.000564489984883
55 57
    -0.000832123078861     0.001561054642227    -0.000836065413202
     0.001549947499370    -0.000907829711514    -0.000846127141597
     0.001153454428068     0.001179468096498     0.002737995937264
55 58
    -0.002866168713782     0.003226516943815    -0.002797043587805
     0.004588616150164    -0.007851861457546     0.004914206191736
    -0.003576083270345     0.005046791509196    -0.003249388983371
55 59
    -0.031120906809020    -0.015230506865709    -0.034026573349710
     0.014572389959688     0.032400198066264     0.015460599048879
    -0.032906868984631    -0.019433039840010    -0.027868164777022
55 60
    -0.008162942523306     0.004696810594608     0.004771305618544
     0.003375872102545    -0.002990137251197    -0.002696127141597
     0.004939694507433    -0.003444341427312    -0.003457315570673
55 61
     0.032070184460821     0.014835727261275     0.015394906809020
    -0.014923838214916    -0.031376698759133    -0.033738065633661
    -0.019389908667171    -0.032535206506677    -0.028025760015117
55 62
     0.005125061444948    -0.000431215199043    -0.001818795571932
    -0.000381326310154     0.005143174256740    -0.001829466427312
    -0.002981390810028    -0.002973710474931     0.000447599111867
55 63
    -0.001546738158226     0.000279864166037     0.001021763951877
     0.000277340356513    -0.001490952727387     0.000998581191736
     0.000361307602671     0.000350470080625    -0.002952714380197
56 1
    -0.001026075459814    -0.000070895754598    -0.000140997952885
    -0.000062931468884    -0.000949768203578    -0.000079879125724
    -0.000129805492567    -0.000093232300328    -0.001063761999244
56 2
     0.002309384857647    -0.000732098135551    -0.000777593190980
     0.000782882023180    -0.001351627330562     0.001355438334593
     0.000760930618544     0.001268043493323    -0.001612668745276
56 3
     0.001736372952885     0.002022991150164     0.002110325459814
     0.001826844324767     0.004712491717057    -0.000644678728899
     0.001928335380448    -0.000585266030486     0.004723579270597
56 4
    -0.001346065539179     0.000757052658100     0.001190884983623
    -0.000784110040312     0.002617257590073    -0.000797635078105
     0.001144396888385     0.000758174445704    -0.001456785808768
56 5
     0.004962569381456     0.002029405832703    -0.000726261841774
     0.002254949483497     0.002336259574200     0.002233396667926
    -0.000715099143361     0.002026430398085     0.005059886810280
56 6
    -0.001586519904258     0.001304647896196     0.000765821491560
     0.001345570515243    -0.001573553917863     0.000809771667926
    -0.000711601127488    -0.000675178728899     0.002180430461073
56 7
     0.004652658667171    -0.000540776706979     0.001978464348702
    -0.000571098135551     0.004691886558327     0.001979914525069
     0.002154732205845     0.002167271667926     0.001640049508692
56 8
    -0.001603341332829     0.000027425673973    -0.000299628905266
     0.000021393927942    -0.001614099552784    -0.000141609284455
    -0.000384964222726    -0.000255244205089     0.009894519746788
56 9
    -0.002068640936004    -0.003611157659360    -0.004937146762409
    -0.003594258849836    -0.001997466616276    -0.004864210474931
    -0.004632345175107    -0.004565736268581    -0.006299279856387
56 10
     0.002588589222726     0.000950624086672    -0.000866363032250
    -0.000661977103804    -0.000750434870244    -0.001367027935248
     0.000002579428068    -0.001510896982867    -0.001072978269085
56 11
    -0.003431809586798     0.004565231229529     0.002482492126480
     0.003798457420005    -0.005395036060721    -0.005236279919375
     0.003147412761401    -0.004300512062232    -0.003147521919879
56 12
    -0.000730718316956    -0.000645042579995    -0.001398751921139
     0.000949899880322     0.002708194098010    -0.000927244205089
    -0.001587904698917    -0.000031271982867    -0.001013180650038
56 13
    -0.005591150856639     0.003726876070799    -0.005298295571932
     0.004485919721592    -0.003594123362308     0.002690533572688
    -0.004332339222726     0.003328422461577    -0.003216196523054
56 14
    -0.029767440539179    -0.032859467183170     0.016386019904258
    -0.032785750913328    -0.029557339632149     0.016441220080625
    -0.017885480095742    -0.017920275951121     0.031000569349962
56 15
    -0.203329456412194    -0.050318373929201     0.051091619110607
    -0.050074064405392    -0.203646051933736     0.051066245874276
     0.051100077443941     0.051381130794911    -0.204673454459562
56 16
    -0.002238706412195     0.000051955435878    -0.000206247952885
    -0.000216110040312     0.009486846875787    -0.000261990236835
    -0.000212811444948    -0.000000710474931    -0.002246706443689
56 17
    -0.002204879031242    -0.004806953294281    -0.003784611048123
    -0.004524703294281    -0.006542994394054    -0.004548787855883
    -0.003805728111615    -0.004831343411439    -0.002228910808768
56 18
     0.002674505889393    -0.000870258849836     0.000856859189972
     0.000008262975561    -0.001053339632149    -0.001479617220962
    -0.000759043587805    -0.001277438649534    -0.000807204459562
56 19
    -0.003152692523306     0.002155661785084     0.004591178634417
     0.002834741150164    -0.002848079711514    -0.004227762062232
     0.003880398872512    -0.004933579522550    -0.005572573507181
56 20
    -0.029725109189972     0.015959814562862    -0.032627220175107
    -0.018040022738725     0.030419537351978    -0.018030734284455
    -0.032668926524313     0.015908029604434    -0.029777551681784
56 21
    -0.201260567523306     0.047179614166037    -0.047359567397329
     0.047972183610481    -0.201286762251197     0.047854993890149
    -0.047491037635425     0.047217446271101    -0.201088398904006
56 22
    -0.000801966332829    -0.001292873929201    -0.000759283667171
    -0.001457308453011    -0.001053377330562     0.000025712144117
     0.000861708396321    -0.000835202538423     0.002613829270597
56 23
    -0.005631150856639    -0.004888909643487     0.003822629031242
    -0.004238453294281    -0.002813038044848     0.002983279604434
     0.004547275856639     0.002292652620307    -0.003151037792895
56 24
    -0.001532069507433     0.000130516943815     0.000076418713782
    -0.000014679484757    -0.001766857489292    -0.000438045792391
    -0.000036743984631    -0.000415285871756    -0.001854571523054
56 25
     0.001740896762409    -0.002176310437138    -0.002313041603679
    -0.002674135833963     0.004231527431343    -0.000594952538423
    -0.002768335254472    -0.000646567617788     0.004526293556311
56 26
     0.002988394778282     0.000449274880322     0.000552450459814
    -0.000923657659360    -0.000581030108340     0.000693914525069
    -0.000893089222726     0.000751517699672    -0.000524174697657
56 27
     0.000577285651298     0.001163411785084     0.001057490142353
     0.001257449483497     0.000677916320232    -0.001586440633661
     0.001183793713782    -0.001628442617788     0.000583676492819
56 28
    -0.028998017920131    -0.016424836230789     0.031931783793147
     0.016106826467624     0.030005204018644    -0.016638414840010
     0.031361017920131     0.017206436350466    -0.030008781840514
56 29
     0.004294345175107     0.000569247102545    -0.003017325333837
     0.000549054642227     0.004224969891660     0.002254676429831
    -0.002626178508440     0.002269434366339     0.001583509826153
56 30
    -0.028967875062988     0.031617473293021    -0.016471257873520
     0.031141725277148    -0.029518466616276     0.016975291509196
     0.016439855221718    -0.016698601347947     0.030227065381708
56 31
     0.004332642794155    -0.002846078294281     0.000573472285210
    -0.002487973135551     0.001682608780549     0.002157956191736
     0.000543666729655     0.002218279604434     0.004363908635676
56 32
     0.009696886841774    -0.000102481072058    -0.000339557476694
     0.000081546705719    -0.001904413044848    -0.000071135078105
    -0.000198747952885    -0.000080833490804    -0.001889186602419
56 33
    -0.006317216332829    -0.004531127897455    -0.004616894778282
    -0.004810623929201    -0.002025299949609    -0.003642922776518
    -0.004926803508440    -0.003687894998740    -0.002112527872260
56 34
     0.030764321365583    -0.017975778691106    -0.017963855095742
     0.016272453451751    -0.029591389235324    -0.032704383093978
     0.016143956412195    -0.032827494205089    -0.029805696523054
56 35
    -0.203586757999496     0.050388455435878     0.049984910777274
     0.049757501070799    -0.203042795981355    -0.049165865236835
     0.049838875062988    -0.049553176744772    -0.202542646919879
56 36
    -0.001037267920131    -0.000047233056185    -0.001577853111615
    -0.000945312421265     0.002757285367851     0.000913733969514
    -0.001365936444948    -0.000684504125724    -0.000743638983371
56 37
    -0.003055666729655     0.003289211388259    -0.004376509857647
     0.002658356229529    -0.003622460663895     0.004374343096498
    -0.005227152714790     0.003650785556815    -0.005651827475435
56 38
    -0.001077670697909    -0.001468508849836     0.000015347285210
    -0.001331300516503    -0.000756506298816    -0.000692226347947
    -0.000852525730663     0.000924311350466     0.002553569349962
56 39
    -0.002960069507433    -0.004321544564122     0.003055756015369
    -0.005109244960947    -0.005401502330562     0.003818960159990
     0.002373430618544     0.004573739921895    -0.003292859221466
56 40
    -0.001679642920131     0.000029038769211    -0.000374585254472
     0.000188114166037    -0.001336520187705     0.000169210159990
    -0.000371337238599     0.000032521667926    -0.001719916761149
56 41
     0.004567124937012    -0.002680475119677    -0.000591140810028
    -0.002216717183170     0.002043483780549    -0.002280333490804
    -0.000605319381456    -0.002720091427312     0.004702265778534
56 42
     0.029788105095742     0.016191895912069    -0.016849547556059
    -0.016410923532376    -0.029053928917863     0.031841474048879
     0.016914791729655     0.031325013731419    -0.029800829459562
56 43
     0.004047105095742     0.000562959404132     0.002200196491560
     0.000645304642227     0.004318666320232    -0.002942426744772
     0.002153793713782    -0.002540523966994     0.001478418556311
56 44
    -0.000690073475687    -0.000987365992693     0.000610942523306
     0.000426352261275     0.002883213939279     0.000484420477450
     0.000633107205845    -0.000956103332074    -0.000665853269085
56 45
     0.000624636841774     0.001256981229529    -0.001654682476694
     0.001150842340640     0.000633003621819     0.001126966112371
    -0.001661956286218     0.001237333175863     0.000602793556311
56 46
    -0.029697948475687     0.031277602261275     0.016901607205845
     0.031769675673973    -0.029043194790879    -0.016430730316201
    -0.016804257873520     0.016320636747291     0.029817212207105
56 47
     0.001505170571932    -0.002491596151424     0.002108565539179
    -0.002890237024439     0.004346265526581     0.000671168493323
     0.002190904824893     0.000584608969514     0.004075033635676
56 48
    -0.001849827443941    -0.000423965199043    -0.000080837238599
    -0.000440852103804    -0.001787651140086    -0.000053295792391
     0.000032256015369     0.000067116906022    -0.001573672713530
56 49
     0.004445563429075    -0.000763161627614    -0.002770081286218
    -0.000728016786344     0.004258606796422    -0.002711797776518
    -0.002305680492567    -0.002221252141597     0.001642539588057
56 50
     0.030462712238599    -0.016703637818090     0.016344476253464
     0.016998965356513    -0.029531434870244     0.031245440318720
    -0.016511626921139     0.031753057382212    -0.028848646919879
56 51
     0.004447323349710     0.002222806626354     0.000525710380448
     0.002210056626354     0.001741694098010    -0.002529823570169
     0.000522373078861    -0.002877623173343     0.004325980064248
56 52
    -0.029915384983623     0.017239302658100     0.031399924666163
    -0.016572383849836     0.030278317113883     0.016168652620307
     0.031946609189972    -0.016455599363820    -0.028882928665911
56 53
     0.001658626921139     0.002286463372386    -0.002620549540186
     0.002250036785084     0.004339134574200     0.000541327223482
    -0.002989138825901     0.000536696271101     0.004327452286470
56 54
    -0.000445718316956     0.000784387975561    -0.000866799540186
     0.000745126070799    -0.000498889235324    -0.000871105316201
     0.000558125062988     0.000504474048879     0.003040706254724
56 55
     0.000605055492567    -0.001603377897455     0.001183498078861
    -0.001577671548249     0.000672763542454     0.001229146667926
     0.001057690539179     0.001124777620307     0.000564489984883
56 56
     0.913580936444948     0.001536219324767    -0.001753924540186
     0.001536219324767     0.911496406399596    -0.000115904919375
    -0.001753924540186    -0.000115904919375     0.914182093159486
56 57
    -0.194897617126480    -0.039415804484757    -0.039899430492567
    -0.039394580278408    -0.195328186854371    -0.039521809681280
    -0.039903218190980    -0.039539208490804    -0.194731775888133
56 58
     0.030716212238599     0.017476657816830     0.017437466332829
    -0.017282286627614    -0.027883218600403    -0.031677101347947
    -0.017226505889393    -0.031597135078105    -0.027955035808768
56 59
    -0.006729525856639     0.004708634007307     0.004748686570925
     0.004095487181910    -0.002332909076594    -0.003910708490804
     0.004102708396321    -0.003904091427312    -0.002388686602419
56 60
    -0.027871436570925    -0.016907548532376    -0.031372309460821
     0.017552844324767     0.030665130605946     0.017550690318720
    -0.031338478111615    -0.016876893014613    -0.027892087396070
56 61
    -0.002685559586798     0.004275243134291    -0.003937083270345
     0.004886259007307    -0.006991305901990     0.004924001826657
    -0.003933831286218     0.004293741906022    -0.002702156840514
56 62
    -0.028018557602671    -0.031761574326027    -0.017386785651298
    -0.031818479087931    -0.027964432886117    -0.017421773966994
     0.017414686570925     0.017454987937768     0.030842827286470
56 63
    -0.002257232205845    -0.003917869960947     0.004031023872512
    -0.003921437421265    -0.002239184870244     0.004026773652053
     0.004678384983623     0.004666043493323    -0.006536986205593
57 1
     0.001149495968758    -0.001040320357773    -0.000992541603679
    -0.001050830278408     0.001035513542454    -0.001027307697153
    -0.000996186444948    -0.001005012062232     0.001168868953137
57 2
     0.001309456286218     0.001109477261275     0.001099238158226
     0.000996733213656     0.001141529415470    -0.001141115236835
     0.000980549666163    -0.001141736268582     0.001088837207105
57 3
     0.002969819381456     0.000946941546989     0.001144031809020
    -0.001353929484757    -0.001006351536911     0.000879642699672
    -0.001084670571932     0.000878204207609    -0.000769289777022
57 4
     0.001279255889393     0.000968253054926    -0.001118158667171
     0.001079616150164     0.001337789336105     0.001094561350466
    -0.001114109063996     0.000967144683799     0.001195595143613
57 5
    -0.000568234189972    -0.001034268770471     0.000813319507433
     0.001231675673973     0.003457541320232     0.001265218096498
     0.000802644904258    -0.001008974363820    -0.000426607237339
57 6
     0.001113926524313    -0.001264401706979     0.001009152840766
    -0.001258953294281     0.000977602828168     0.001034218096498
     0.001138517920131     0.001146166509196     0.001300561413454
57 7
    -0.000887769904258     0.000903048689846    -0.001103579302091
     0.000901253054926    -0.001016831695641    -0.001222264046359
     0.001155101253464     0.001087616906022     0.002860055461073
57 8
    -0.002106894904258    -0.004223748929201    -0.004778297556059
    -0.004259754881582    -0.002290692806752    -0.004657912855883
    -0.004309970175107    -0.004180648966994    -0.005942474300831
57 9
    -0.000491444507433    -0.000045457262535     0.000184309586798
    -0.000044407659360    -0.000640059870244     0.000153985953641
    -0.000005101127488    -0.000050141030486     0.010142976095994
57 10
    -0.002582464348702     0.004395949483497     0.004208843316956
     0.004155374086672    -0.002867778124213    -0.004469831506677
     0.004090698475687    -0.004486926744772    -0.006096722316704
57 11
     0.002740011841774    -0.001248193373646     0.001287323475687
     0.001279308610481    -0.000882004314689    -0.001277333490804
    -0.001208218190980    -0.001287666824137    -0.000842265967498
57 12
    -0.002691146888385     0.004175282816830    -0.004366295571932
     0.004396251070799    -0.002679649155959     0.004085577223482
    -0.004463660651298     0.004000823255228    -0.006072799697657
57 13
    -0.000752829428068     0.001167701467624    -0.001331089222726
    -0.001332604087931     0.002558533383724     0.001333730001260
    -0.001340220175107    -0.001156857300328    -0.000828190570673
57 14
    -0.002466494110607    -0.004569766786344     0.004536976253464
    -0.004547149722852    -0.002442432886117     0.004580541509196
     0.004519763951877     0.004550194286974    -0.005494424697657
57 15
    -0.028128259983623    -0.032155423532376    -0.017245549540186
    -0.032163713214916    -0.028189145187705    -0.017345557697153
     0.016947446491560     0.016923351033006     0.031072051492819
57 16
    -0.002658759983623    -0.004555844167297    -0.004154791603679
    -0.004070383849836    -0.006517996378181    -0.004089543808264
    -0.004158817397329    -0.004586615236835    -0.002605825491308
57 17
    -0.000640682602671     0.000131122102545     0.000009095301083
    -0.000072602103804     0.009754412351978    -0.000026716427312
     0.000015890936004     0.000166376826657    -0.000611279856387
57 18
    -0.002482047682036     0.004197691546989     0.004276315539179
     0.004108239166037    -0.006131057886117    -0.004451545792391
     0.004075325459814    -0.004353718411439    -0.002716573507181
57 19
     0.002776378905266     0.001003237181910    -0.001137990016377
    -0.001488782659360    -0.000890297965482    -0.001186565633661
     0.001310517920131    -0.001117234284455    -0.000613692554800
57 20
    -0.002730037761401     0.004308764959688    -0.004376638825901
     0.004296328451751    -0.006110805901990     0.004287087144117
    -0.004405057476694     0.004286249842530    -0.002744920729403
57 21
    -0.027841246094734    -0.017370435437138    -0.031545486048123
     0.016420409800957     0.030744894494835     0.016450815318720
    -0.031544168587805    -0.017295583490804    -0.027837392951625
57 22
    -0.002753644904258    -0.004431048532376     0.004055297682036
    -0.004504082262535    -0.006125595584530     0.004161533572688
     0.004280452443941     0.004251017699672    -0.002486039777022
57 23
    -0.000756329428068    -0.001119209246662     0.001261835380448
    -0.001182602103804    -0.000921256298816    -0.001255023966994
    -0.001187605095742     0.001231622858403     0.002725593159486
57 24
     0.001924626921139    -0.002646782659360    -0.002598499937012
    -0.002656953294281     0.004499924256740    -0.001145974363820
    -0.002624999937012    -0.001102690633661     0.004547559429327
57 25
    -0.000914531809020    -0.000148985040312    -0.000081835254472
    -0.000084159643487    -0.001259690822625    -0.000165256109851
    -0.000022591206853    -0.000166097379693    -0.000851450491308
57 26
     0.002007966206853     0.002538225277148     0.002590031809020
     0.002300193531116     0.004442251637692    -0.001165514046359
     0.002402904824893    -0.001150387062232     0.004606331254724
57 27
     0.002738857079869    -0.000873387818090    -0.000838803508440
     0.001167175673973    -0.000896051933736     0.001601380794911
     0.001155912761401     0.001577402620307    -0.000840317554800
57 28
     0.001894303508440     0.003129114166037    -0.003090759857647
     0.002622552658100     0.004424235764676     0.001353656588561
    -0.002782613032250     0.001020906588561     0.004212474111867
57 29
    -0.028008333396321     0.017648447499370     0.031443881015369
    -0.016263969167297     0.030033251637692     0.016654247858403
     0.031299940539179    -0.017478845395566    -0.027770734221466
57 30
     0.002009446365583    -0.003347701310154     0.003190823475687
    -0.002958548532376     0.004280065129756     0.000888237937768
     0.002687099269337     0.001161118890149     0.004698196334089
57 31
    -0.027775535777274     0.031186622102545     0.017457928634417
     0.030918378054926    -0.027617734473419    -0.017318722379693
    -0.016260464222726     0.016790374842530     0.030265914588057
57 32
    -0.006193416729655    -0.003994905675233    -0.004227101127488
    -0.004485602103804    -0.002567131298816    -0.004234563649534
    -0.004704878905266    -0.004195613252708    -0.002307555650038
57 33
     0.010123855095742    -0.000081552500630     0.000006311570925
     0.000132227261275    -0.000664518203578    -0.000016476347947
     0.000197565539179    -0.000003299760645    -0.000488271919879
57 34
    -0.005699982205845     0.004440546705719     0.004346476253464
     0.004473554642227    -0.002584607489292    -0.004479061665407
     0.004360450459814    -0.004535148966994    -0.002598065570673
57 35
     0.031000688429075     0.016750405832703     0.016803117126480
    -0.017418147738725    -0.028063389235324    -0.031931668808264
    -0.017251130889393    -0.031923456506677    -0.028015140967498
57 36
    -0.006070946491560     0.003992217340640    -0.004450771762409
     0.004082538769211    -0.002632557886117     0.004366305398085
    -0.004328317397329     0.004154341112371    -0.002667633030990
57 37
    -0.000752345301083    -0.001172338214916    -0.001348178508440
     0.001313832420005     0.002415571082137    -0.001387835474931
    -0.001322283667171     0.001083755794911    -0.000695946523054
57 38
    -0.006071974269337    -0.004526308453011     0.004135053634417
    -0.004493449326027    -0.002868599552784     0.004116220080625
     0.004258718316956     0.004374656588561    -0.002520299697657
57 39
    -0.000811248078861    -0.001276344167297    -0.001214912635425
    -0.001236268770471    -0.000867470584530     0.001278531588561
     0.001285799666163    -0.001223414840010     0.002728021730915
57 40
     0.004707428508440    -0.002659885833963    -0.000971003905266
    -0.002681534643487     0.002059511558327    -0.002645218411439
    -0.000951718190980    -0.002637883093978     0.004687964191232
57 41
    -0.000793178634417    -0.000035649722852    -0.000164309460821
    -0.000097740992693    -0.000803109473419    -0.000074512062232
    -0.000177575333837    -0.000014121189216    -0.000662478269085
57 42
     0.004445926524313     0.002559096308894     0.001287408793147
     0.003103052658100     0.001656352828168    -0.003089204522550
     0.000978535777274    -0.002744766030486     0.004181801492819
57 43
     0.030012051524313    -0.016261090199043     0.016669027840766
     0.017672030832703    -0.028206801933736     0.031513519683799
    -0.017416587238599     0.031342446271101    -0.027922325491308
57 44
     0.004477872952885     0.002264084404132    -0.001125351127488
     0.002503703451751     0.001761120685311     0.002543491906022
    -0.001126148746536     0.002328116906022     0.004490277683296
57 45
    -0.000816291729655     0.001165931626354     0.001618523872512
    -0.000892556468884     0.002639285367851    -0.000866962459058
     0.001610912761401     0.001169428413958    -0.000825825491308
57 46
     0.004195747952885    -0.002781947341900     0.000992938555052
    -0.003157348135551     0.001705586955152     0.003147591112371
     0.001279986174099     0.002590731985387     0.004459218159486
57 47
    -0.027839882999496     0.031186979245402    -0.017352853111615
     0.031405614166037    -0.028121327727387     0.017641739921895
     0.016708898872512    -0.016235920792391     0.030037914588057
57 48
     0.004527493984631    -0.001190889802217    -0.002649005889393
    -0.001215875913328     0.004466630605946    -0.002656599363820
    -0.002610749937012    -0.002614662855883     0.001870708238851
57 49
    -0.000947740142353    -0.000306086230789    -0.000053999937012
    -0.000304415595868    -0.001240361457546    -0.000103476347947
    -0.000129686444948    -0.000159406903502    -0.000988579459562
57 50
     0.004865283667171     0.001064812578735     0.002657307602671
     0.000792941546989     0.004393596875787    -0.002909363252708
     0.003148742126480    -0.003257847379693     0.002177234032502
57 51
     0.030303269778282     0.016740257023180    -0.016265458270345
    -0.017389467183170    -0.027551649155959     0.030926872858403
     0.017434492126480     0.031190722064752    -0.027721513983371
57 52
     0.004351686444948     0.000963503054926    -0.002803993984631
     0.001289217340640     0.004609098859914     0.002634724048879
    -0.003109521762409     0.003130870874276     0.002102327286470
57 53
    -0.027615551650290    -0.017490836230789     0.031159531809020
     0.016652637975561     0.030101041320232    -0.016241601347947
     0.031352480221718     0.017601791509196    -0.027860041761149
57 54
     0.004667853111615    -0.001173786627614     0.002412656809020
    -0.001195022738725     0.004520892510708     0.002374091112371
     0.002586869110607     0.002576819286974     0.002079587207105
57 55
    -0.000832123078861     0.001549947499370     0.001153454428068
     0.001561054642227    -0.000907829711514     0.001179468096498
    -0.000836065413202    -0.000846127141597     0.002737995937264
57 56
    -0.194897617126480    -0.039394580278408    -0.039903218190980
    -0.039415804484757    -0.195328186854371    -0.039539208490804
    -0.039899430492567    -0.039521809681280    -0.194731775888133
57 57
     0.867472829302091     0.004163520912069    -0.004916099143361
     0.004163520912069     0.875763219891660     0.000137261747292
    -0.004916099143361     0.000137261747292     0.866009355064248
57 58
    -0.196189216332829     0.042004733213656     0.041811547682036
     0.042019814562862    -0.196549186854371    -0.041838404919375
     0.041926863158226    -0.041926664840010    -0.196095529856387
57 59
     0.030737920571932    -0.017060290595868    -0.016862107079869
     0.017716588372386    -0.027875252330562    -0.031512262062232
     0.017770577443941    -0.031618871189216    -0.027757180650038
57 60
    -0.194377490142353     0.039594276864449    -0.039836603111615
     0.039647695515243    -0.194521837648022     0.039612761747292
    -0.039875984063996     0.039610452223482    -0.194298456443689
57 61
    -0.027875363158226     0.017838193531116    -0.031329376921139
    -0.016623889802217     0.030356350844041    -0.016542676744772
    -0.031368587238599     0.017880087144117    -0.027873150888133
57 62
    -0.197047236174099    -0.042876248929201     0.042891295697909
    -0.042841502897455    -0.197434901140086     0.043016047461577
     0.042816305618544     0.042988583175863    -0.196771291761149
57 63
    -0.027735160777274    -0.031730669564122     0.017721605221718
    -0.031661461230789    -0.027861653124213     0.017702220080625
    -0.017046745968758    -0.017170486268582     0.030904644746788
58 1
     0.003357950333837     0.001002723293021     0.001015045697909
     0.000859507023180    -0.000077268203578    -0.000468484284455
     0.000906085380448    -0.000504553728899    -0.000096265967498
58 2
    -0.000943214348702     0.000239645912069     0.000244575459814
     0.000313320515243    -0.000254877330562    -0.000166166824137
     0.000412446491560    -0.000212777935248    -0.000420797713530
58 3
     0.000707398746536    -0.001550014802217    -0.001305505889393
    -0.001748467183170     0.001220991717057    -0.001032533887629
    -0.001537898746536    -0.001025087459058     0.001346075302343
58 4
    -0.000606789745528    -0.001346578294281    -0.000583071365583
    -0.001609546548249    -0.001183742409927     0.000412509763165
     0.001021287761401    -0.000418396982867     0.002909335222978
58 5
    -0.005325904824893    -0.004294725119677     0.004717781809020
    -0.004639862024439    -0.002085490425800     0.003157166509196
     0.004422916729655     0.003483108969514    -0.001698992157974
58 6
    -0.000823869110607    -0.000768108056185    -0.001444634857647
     0.000913759007307     0.002819696082137    -0.000369333490804
    -0.001642710254472     0.000578249842530    -0.001434323507181
58 7
    -0.005549690539179     0.004846217340640    -0.004229617000504
     0.004505215356513    -0.002224238441673     0.003485184366339
    -0.004715251921139     0.002983075239355    -0.002896329459562
58 8
     0.003420559460821    -0.000688455278408     0.000680039745528
     0.000766957420005     0.000073775447216    -0.001292589443185
    -0.000519198349710    -0.001398440633661    -0.000337859221466
58 9
    -0.002107615142353     0.003458711388259     0.004476146888385
     0.003440179642227    -0.001859591616276    -0.004540315633661
     0.004436045697909    -0.004361307697153    -0.005820658824641
58 10
    -0.002471634983623    -0.000129131865709    -0.000113694381456
    -0.000260163611741    -0.002255309870244     0.000294866906022
     0.000124595301083    -0.000030843411439     0.009875267762661
58 11
    -0.003396783793147    -0.002406524722852    -0.005315464222726
    -0.003907729087932    -0.002051911060721    -0.005014010078105
    -0.004183946365583    -0.004480208490804    -0.006057525888133
58 12
    -0.028844442523306     0.031077326467624    -0.016042583270345
     0.031322963372386    -0.028696555901990     0.016219150636180
     0.018383236174099    -0.017514343411439     0.030025065381708
58 13
     0.004317624937012    -0.002665004881582     0.000480373078861
    -0.002557016786344     0.001689126637692     0.002391928413958
     0.000265051650290     0.002644851033006     0.004673424508692
58 14
    -0.000245039745528     0.000847651864449     0.001310313555052
    -0.000768437421265     0.003582285367851    -0.000682885078105
     0.001323785777274     0.000402027620307    -0.000188184618292
58 15
     0.004860069381456     0.002558495118418    -0.000490587238599
     0.002372999086672     0.002280948066264     0.002316265715545
    -0.000382656683044     0.002508434366339     0.004860291572184
58 16
     0.002687194381456     0.000927699483497    -0.000818704302091
    -0.000267296548249    -0.000855653124213    -0.001338095395566
     0.000662454428068    -0.001232031903502    -0.000548335411943
58 17
    -0.002191228237591     0.004413915753338     0.003419307602671
     0.004527485197783    -0.005905619394054    -0.004397768014613
     0.003502287761401    -0.004413414840010    -0.001920164777022
58 18
    -0.002501468316956    -0.000176139802217    -0.000125722159234
     0.000032451467624     0.009810660367851     0.000071402620307
    -0.000332527714790     0.000336864921895    -0.002281958427816
58 19
    -0.003195041729655    -0.005605219167297    -0.002293777714790
    -0.004514945357773    -0.006075204711514    -0.004284117220962
    -0.003601710254472    -0.004894025951121    -0.001799202475435
58 20
    -0.000633583396321     0.001108558610481     0.000812323475687
     0.001191540753338    -0.000753587648022     0.000150785556815
    -0.000797410651298    -0.000929916824137     0.002970069349962
58 21
     0.004432583270345    -0.000698391786344     0.002338226253464
    -0.000650752897455     0.004790487748803     0.002328263731418
     0.002082728237591     0.002144124842530     0.001858597127740
58 22
    -0.028972065539179    -0.015883504881582     0.030945884983623
     0.018364130039053     0.029926747669438    -0.017380768014613
     0.031242724269337     0.016118101033006    -0.028546674697657
58 23
     0.004338874937012     0.000472084404132    -0.002496702317964
     0.000296610197783     0.004675961955152     0.002487174445704
    -0.002456458270345     0.002280206191736     0.001917958238851
58 24
     0.003060206286218    -0.000675364008566    -0.000584662635425
     0.001185509007307    -0.000381107489292     0.001105349048879
     0.001228396888385     0.001076767699672    -0.000459950491308
58 25
     0.002151047556059     0.002249308610481     0.002209502047115
     0.002108177658100     0.004540777431343    -0.000719307697153
     0.002127305618544    -0.000672639046359     0.004770664588057
58 26
    -0.001617204428068    -0.000242481072058    -0.000162130889393
    -0.000149719167297    -0.001865030108340    -0.000281815633661
    -0.000018198349710    -0.000282928728899    -0.001737428665911
58 27
     0.000316686444948    -0.001762094167297    -0.001761966206853
    -0.002904612024439     0.005138041320232    -0.000428295792391
    -0.002915190413202    -0.000380764046359     0.005082172524565
58 28
    -0.030016617126480    -0.033372592183170     0.017018202443941
    -0.032693360040312    -0.030694670981356     0.017830605001260
    -0.016708091206853    -0.016775760078105     0.030598839191232
58 29
    -0.203680379031242    -0.050582383849836     0.051011093316956
    -0.051082006865709    -0.204233655108340     0.050914196271101
     0.051448462364575     0.050532487937768    -0.203819619142101
58 30
    -0.029566224269337     0.016747092340640    -0.032834339222726
    -0.016853586230789     0.030828783383724    -0.016797063649534
    -0.032169628905266     0.017627327223482    -0.030080688586546
58 31
    -0.201149706412194     0.048112415753338    -0.047638984063996
     0.048551590356513    -0.201483766219451     0.047593226033006
    -0.048521317397329     0.048270083175863    -0.201880970332577
58 32
     0.031356162635425     0.017419387975561     0.017246111174099
    -0.016193764802217    -0.028652413044848    -0.031608615236835
    -0.016353857079869    -0.031619029919375    -0.028416190570673
58 33
    -0.006450440539179     0.004457116150164     0.004417898872512
     0.004299189562862    -0.001730174949609    -0.003374277935248
     0.004271837364575    -0.003467216427312    -0.001700531840514
58 34
     0.009654222159234     0.000125590356513     0.000085063555052
    -0.000115858056185    -0.001643764235324    -0.000192988252708
    -0.000126527714790    -0.000117815633661    -0.001720200491308
58 35
    -0.006386857205845    -0.004587550516503    -0.004572670571932
    -0.004477810437138    -0.001926545981356    -0.003714345395566
    -0.004428359063996    -0.003742998173343    -0.001931525888133
58 36
    -0.000923742126480     0.000929510991434    -0.000203184460821
     0.001201126070799    -0.000333339632149    -0.000464121189216
     0.001005329428068     0.001090799445704     0.003172982048375
58 37
     0.000849109063996    -0.001206044564122     0.001147658793147
    -0.001363455278408     0.000618039336105     0.001088737937768
     0.000997988158226     0.000945214128244     0.001243043556311
58 38
    -0.000959019904258    -0.000263889802217     0.001043140936004
     0.000938262975561     0.003043993701184     0.001085043493323
     0.001369490142353    -0.000475260078105    -0.000396684618292
58 39
     0.000800706286218     0.001194074483497    -0.001274450333837
     0.001034318531116     0.001222122669438     0.001165480001260
    -0.001377553508440     0.001266168493323     0.000834261810280
58 40
     0.030622132873520    -0.016241717183170     0.017051833396321
     0.016556802658100    -0.028329520187705     0.032236480001260
    -0.016806821365583     0.031926700239355    -0.029053045729403
58 41
     0.004820775730663     0.002627393927942     0.000147277840766
     0.002313471308894     0.002452858780549    -0.002539313649534
     0.000416196491560    -0.002626662855883     0.005045011810280
58 42
    -0.002122119110607     0.000146514959688     0.000205371094734
    -0.000142235040312    -0.001483053917863     0.000030868890149
     0.000293557602671     0.000003442302847    -0.001891333427816
58 43
     0.004046505889393    -0.002062046548249    -0.000437759857647
    -0.001938131865709     0.001622041320232    -0.002298906903502
    -0.000363565413202    -0.002568095395566     0.004631539588057
58 44
    -0.030137297682036    -0.033300621945074    -0.017367138825901
    -0.033327959246662    -0.029308036060721    -0.017195684681280
     0.018066373078861     0.018006700239355     0.031531017762661
58 45
    -0.002921462364575    -0.003646774722852     0.004621361174099
    -0.002839469167297    -0.003272996378181     0.004903360953641
     0.003223184586798     0.005011136747292    -0.007984585411943
58 46
    -0.000851047682036     0.000773471308894    -0.001217224143361
    -0.000676385833963     0.002839930209121     0.000989164525069
    -0.001261242000504    -0.000749684681280    -0.000553666761149
58 47
    -0.002468928634417     0.003596022896196    -0.004391390810028
     0.003514576467624    -0.002061109473419     0.004654313334593
    -0.004620204302091     0.004907537540942    -0.006228720332577
58 48
     0.030303448349710     0.016851403848576    -0.016046793587805
    -0.016994288611741    -0.029276901140086     0.031916724048879
     0.016541271888385     0.032278795477450    -0.028608051681784
58 49
     0.004579839222726    -0.000005667579995     0.002590837364575
     0.000311421705719     0.004587981796422    -0.002732777935248
     0.002206835380448    -0.002641573570169     0.002238535619803
58 50
    -0.001648636967750     0.000128106229529     0.000190769904258
     0.000246028848576    -0.001528559870244    -0.000120039840010
    -0.000141736048123    -0.000112764046359    -0.001152775888133
58 51
     0.004467724143361    -0.000458574326027    -0.002148245968758
    -0.000357629881582     0.004830444098010    -0.002554178728899
    -0.002027611048123    -0.002269944601915     0.001694101095994
58 52
    -0.000694734189972    -0.001111953294281     0.000834593316956
    -0.001186195357773    -0.000317932886117    -0.000777202538423
    -0.000626749937012     0.001024704207609     0.003073942365835
58 53
    -0.002326722285210    -0.004416667579995     0.003573994110607
    -0.004559024722852    -0.005982615425800     0.004817472064752
     0.003523002047115     0.004622749842530    -0.001921926681784
58 54
    -0.029630942523306    -0.017324617976820    -0.032818255889393
     0.017923939562862     0.031545735764676     0.017872914525069
    -0.032815234063996    -0.017030222379693    -0.028808047713530
58 55
    -0.002866168713782     0.004588616150164    -0.003576083270345
     0.003226516943815    -0.007851861457546     0.005046791509196
    -0.002797043587805     0.004914206191736    -0.003249388983371
58 56
     0.030716212238599    -0.017282286627614    -0.017226505889393
     0.017476657816830    -0.027883218600403    -0.031597135078105
     0.017437466332829    -0.031677101347947    -0.027955035808768
58 57
    -0.196189216332829     0.042019814562862     0.041926863158226
     0.042004733213656    -0.196549186854371    -0.041926664840010
     0.041811547682036    -0.041838404919375    -0.196095529856387
58 58
     0.907029988032250     0.007597276864449     0.000203634983623
     0.007597276864449     0.892831156399596    -0.012474081506677
     0.000203634983623    -0.012474081506677     0.891630585222978
58 59
    -0.200115875062988    -0.044440871945074    -0.044542144778282
    -0.044813074326027    -0.198874409076594    -0.045462938649534
    -0.044784400730663    -0.045401787855883    -0.198710315570673
58 60
    -0.027909910777274     0.031141820515243     0.017244109189972
     0.031196282816830    -0.027768744394054    -0.016960039840010
    -0.017283837238599     0.017576160556815     0.030783908635676
58 61
     0.001482216206853    -0.002401012818090     0.002227710380448
    -0.002279052500630     0.004336069098010     0.000699896667926
     0.002473434586798     0.000773420477450     0.004733339191232
58 62
    -0.027933531809020     0.017542044721592     0.031262757999496
    -0.017314415595868     0.031117067113883     0.017416495874276
     0.031390577443941    -0.017409958490804    -0.027838426681784
58 63
     0.001995918587805     0.002396999086672    -0.002635807476694
     0.002593251070799     0.005285940129756     0.000505043493323
    -0.002504599143361     0.000416597064752     0.004741884826153
59 1
     0.007540712238599     0.002500747102545     0.002408259983623
     0.005376733213656     0.000292416320232     0.003396934366339
     0.005428180618544     0.003458839128244     0.000182583238851
59 2
     0.000330797556059    -0.000423330278408    -0.000348585254472
    -0.000565453294281     0.000832682193248    -0.001318248173343
    -0.000420583270345    -0.001374885078105     0.000665801492819
59 3
    -0.000737214348702    -0.000002615992693     0.000267833396321
    -0.000871115992693    -0.000629698759133    -0.000205490236835
    -0.000617678508440    -0.000197444601915    -0.000504575491308
59 4
    -0.003730902840766    -0.004940804484757     0.003988142920131
    -0.004450195357773    -0.006229932886117     0.002880928413958
     0.003211757999496     0.005606745874276    -0.001622940570673
59 5
    -0.001219142920131    -0.001753826310154    -0.000035628905266
    -0.001958385833963     0.000509319098010    -0.000525164840010
    -0.001106113032250     0.000160251826657     0.002763232048375
59 6
    -0.004113982205845     0.004228290753338    -0.004769670571932
     0.003401485197783    -0.002152244394054     0.005771585159990
    -0.004395740016377     0.003072017699672    -0.006630349300831
59 7
    -0.001594428634417    -0.000044758849836    -0.001847902714790
    -0.001065933453011     0.002348821082137    -0.000020896982867
    -0.002030531683044    -0.000742156903502    -0.000159730253212
59 8
    -0.002079303634417     0.004546443531116     0.003703879031242
     0.004665058610481    -0.006049415028975    -0.004300920792391
     0.003442396888385    -0.004604172776518    -0.002061635015117
59 9
     0.003224646762409     0.000696360197783    -0.000593388825901
    -0.000619594167297     0.000055592907533    -0.001379896982867
     0.000762390936004    -0.001363789840010    -0.000140309618292
59 10
    -0.003665873078861    -0.003622108056185    -0.004351855095742
    -0.003734187421265    -0.002618500346435    -0.004091214443185
    -0.004726934460821    -0.004226200554296    -0.006994133030990
59 11
    -0.000838271888385    -0.000068875913328     0.000651500062988
     0.000614747102545    -0.001913101536911     0.000483408572688
    -0.000944351127488     0.002365684366339     0.007958573318216
59 12
     0.000884569381456    -0.002223774722852     0.002419631015369
    -0.001759810437138     0.003978878621819     0.000191694286974
     0.002969581412195     0.000102924445704     0.004334039588057
59 13
    -0.027741988158226     0.030283768927942     0.018018212364575
     0.030185459404132    -0.029439188838498    -0.017414402935248
    -0.015896853111615     0.015990118890149     0.029910523715042
59 14
     0.001163597159234     0.001169300673973    -0.001305972159234
     0.000900913769211     0.001622469891660     0.001221283572688
    -0.001274118984631     0.001023420477450     0.001446289588057
59 15
    -0.000243918713782    -0.000514606072058     0.001302127047115
     0.000777225277148     0.003515132590073     0.000836309366339
     0.001351813555052    -0.000788047776518    -0.000132484221466
59 16
    -0.002531918713782     0.003628098293021     0.004425134983623
     0.003366054642227    -0.002382468600403    -0.004477551744772
     0.004550299666163    -0.004261889046359    -0.006617361205593
59 17
     0.003177158667171    -0.000636935437138     0.000836646888385
     0.000689336388259    -0.000309059870244    -0.001389974363820
    -0.000565117000504    -0.001314771982867    -0.000031440570673
59 18
    -0.003591081412195    -0.004468490992693    -0.003731257873520
    -0.004780072341900    -0.007029905108340    -0.004160303728899
    -0.003816307476694    -0.004007617220962    -0.002746484221466
59 19
    -0.000797779824893     0.000396929642227     0.000035686570925
    -0.001275094167297     0.008108604812295     0.002260051429831
     0.000819759983623     0.000676616906022    -0.001714603269085
59 20
     0.000818553508440    -0.001532792579995     0.001140412761401
    -0.001464108056185     0.000913596875787     0.000792454207609
     0.000859059586798     0.000946351033006     0.001008168556311
59 21
    -0.000592154824893     0.001130007023180    -0.000639434460821
     0.001136598293021    -0.000250077727387    -0.000960442617788
     0.000665323475687     0.000615017699672     0.003129571334089
59 22
     0.000850071365583     0.002438768927942    -0.002220400730663
     0.002847481229529     0.004221932193248     0.000263525636180
    -0.001803180492567     0.000181368890149     0.003831549508692
59 23
    -0.028365238158226     0.018916858213656     0.030595511967750
    -0.015578288611741     0.030135646478962     0.015669218096498
     0.030512136967750    -0.017585650951121    -0.029023942554800
59 24
     0.001110218190980     0.001364534800957     0.001423926650290
     0.001520360197783     0.001288577034518    -0.001376232300328
     0.001643992126480    -0.001410464443185     0.001232648715042
59 25
     0.002538309460821     0.000716082420005     0.000805216332829
    -0.000749096151424    -0.000434913044848     0.001312860953641
    -0.000620599143361     0.001364253810784    -0.000168236205593
59 26
     0.001588557476694    -0.002840957262535    -0.002700041603679
    -0.002464117976820     0.004192904415470    -0.001067646982867
    -0.002344978111615    -0.001035035871756     0.004371795540438
59 27
    -0.003139051650290     0.001069804642227     0.001097623078861
     0.000424239166037    -0.001581774155959     0.000281622858403
     0.000440029824893     0.000255628810784    -0.001695603269085
59 28
    -0.002549730221718    -0.004000318373646     0.004697416729655
    -0.003863258849836    -0.003060736457546     0.004550523652053
     0.003633504031242     0.003987757779038    -0.006603186602419
59 29
    -0.029388367126480    -0.032060610040312    -0.017411442397329
    -0.031940405675233    -0.029090720584530    -0.017384760078105
     0.017695682602671     0.017499130794911     0.031018230064248
59 30
    -0.002388587364575     0.004399991150164    -0.003643874937012
     0.003376014959688    -0.006517407092467     0.003927855001260
    -0.003646158667171     0.004399220080625    -0.002749214380197
59 31
    -0.029215819507433    -0.017273310437138    -0.031760394778282
     0.017545066546989     0.031003168304359     0.017430394683799
    -0.031703472159234    -0.017315398966994    -0.028845746126228
59 32
    -0.193702325459813     0.040674411785084     0.040626825459814
     0.040944336388259    -0.198728228521038    -0.041566321586042
     0.041082238158226    -0.041749137062232    -0.198140466364323
59 33
     0.030744946365583    -0.017432735040312    -0.017126886841774
     0.017830040753338    -0.028527740425800    -0.031264484284455
     0.017991932602671    -0.031735948570169    -0.028419432634165
59 34
    -0.006401890936004    -0.004007510833963    -0.004068722159234
    -0.004914131865709    -0.002810454711514    -0.004957194601915
    -0.004984057476694    -0.004993672776518    -0.003020476284958
59 35
     0.009062279698917    -0.000125151706979    -0.000008081286218
     0.000230915753338    -0.000653986457546     0.000401448255228
     0.000240486174099     0.000396019683799    -0.000692301681784
59 36
     0.003756769778282    -0.000645715199043     0.003014154824893
    -0.000883772738725     0.004724469891660     0.003148547461577
     0.003243049666163     0.002621692302847     0.001578581254724
59 37
    -0.001324379031242     0.000847854245402     0.001053498078861
     0.001465645912069    -0.001007901140086     0.000571531588561
    -0.000304791603679    -0.000845643014613     0.002505892762661
59 38
     0.003698367000504     0.002903009007307    -0.000422519778282
     0.003166614166037     0.001460303224994     0.002533837144117
    -0.000702414619552     0.003088132779038     0.004521539588057
59 39
    -0.001416031809020     0.001029223293021     0.000875638951877
    -0.000249955278408     0.002454932193248    -0.000699351347947
     0.001423041729655     0.000809061350466    -0.000757013983371
59 40
     0.004398394778282     0.000383306626354     0.002596547682036
     0.000486528848576     0.004107164336105    -0.002357601347947
     0.003251023872512    -0.002408906903502     0.002329553476946
59 41
     0.030110412635425     0.017190042737465    -0.017209757873520
    -0.017078677500630    -0.028116331695641     0.031689105001260
     0.016781291729655     0.031467230001260    -0.028178138983371
59 42
     0.003776142794155    -0.002354336230789     0.000501585380448
    -0.002250258849836     0.001410130605946    -0.002760837459058
    -0.000299097159234    -0.002270914840010     0.003213140778534
59 43
    -0.001529857205845     0.000343477261275     0.000016579428068
     0.000268594324767    -0.000899649155959     0.000080386747292
     0.000113404824893     0.000113797461577    -0.001258236205593
59 44
    -0.200505410777274    -0.044858598135550     0.047809575459814
    -0.045111983056185    -0.198558976536911     0.047486358969514
     0.044142968316956     0.044526093096498    -0.200080383030990
59 45
    -0.031037575459814    -0.032824625913328     0.014805825459814
    -0.034188742976820    -0.027905186854371     0.015615529604434
    -0.015085220175107    -0.019335720395566     0.032433138794407
59 46
    -0.007035660777274     0.004460995118418    -0.003520134857647
     0.004971965356513    -0.002267010267070     0.003111333175863
    -0.004284646762409     0.003765583175863    -0.002470692554800
59 47
    -0.000540791729655    -0.000496578294281    -0.001401926524313
     0.000881427658100     0.002946325050391    -0.000242643014613
    -0.001299234063996     0.001158930398085    -0.000710746126228
59 48
     0.004248960254472     0.002409177658100     0.000527295697909
     0.003068187578735     0.002171783383724    -0.002416857300328
     0.000620492126480    -0.002321311665407     0.003931797524565
59 49
     0.029936601127488    -0.017338143770471     0.017372051650290
     0.016590772896196    -0.028902083679768     0.031829390715545
    -0.017300944381456     0.032155694286974    -0.029065365173847
59 50
     0.004184499937012     0.000247505039053    -0.002111015810028
    -0.000595244960947     0.003671124653565    -0.002359746189216
    -0.002032765810028    -0.002812121189216     0.001628823318216
59 51
    -0.001174638951877     0.000032449483497     0.000283218316956
     0.000098471308894    -0.000982371378181     0.000038364921895
     0.000200484189972     0.000050698255228    -0.000795299697657
59 52
    -0.006754972285210    -0.003536304484757     0.004502557602671
    -0.004352344167297    -0.002036623362308     0.003837341112371
     0.005158970301083     0.003058472064752    -0.001985208427816
59 53
    -0.000398960380448    -0.001387893770471    -0.000455041603679
    -0.001296548532376    -0.000560555901990     0.001071515715545
     0.000936847285210    -0.000308482300328     0.003057172524565
59 54
    -0.197888430618544     0.044909030832703    -0.042269541603679
     0.041451165753338    -0.196993079711514     0.042266583175863
    -0.042449388825901     0.044795045477450    -0.196770448507181
59 55
    -0.031120906809020     0.014572389959688    -0.032906868984631
    -0.015230506865709     0.032400198066264    -0.019433039840010
    -0.034026573349710     0.015460599048879    -0.027868164777022
59 56
    -0.006729525856639     0.004095487181910     0.004102708396321
     0.004708634007307    -0.002332909076594    -0.003904091427312
     0.004748686570925    -0.003910708490804    -0.002388686602419
59 57
     0.030737920571932     0.017716588372386     0.017770577443941
    -0.017060290595868    -0.027875252330562    -0.031618871189216
    -0.016862107079869    -0.031512262062232    -0.027757180650038
59 58
    -0.200115875062988    -0.044813074326027    -0.044784400730663
    -0.044440871945074    -0.198874409076594    -0.045401787855883
    -0.044542144778282    -0.045462938649534    -0.198710315570673
59 59
     0.904937761841773     0.005379151864449    -0.003908180492567
     0.005379151864449     0.889634525447216    -0.000919769998740
    -0.003908180492567    -0.000919769998740     0.891396283635676
59 60
     0.004350351127488    -0.002433405675233     0.000551323475687
    -0.002313490992693     0.001743190129756     0.002691753810784
     0.000481757999496     0.002496053413958     0.004917382842026
59 61
    -0.027855271888385     0.030488010991434    -0.016959950333837
     0.031073923689846    -0.027727246378181     0.017226690318720
     0.016815154824893    -0.016491061665407     0.029879813397581
59 62
     0.004596355095742     0.000530943531116    -0.002636402714790
     0.000446810594608     0.005156751637692     0.002318789525069
    -0.002476202317964     0.002548559366339     0.001959047524565
59 63
    -0.027709694507433    -0.017036852103804     0.030922156809020
     0.017215977261275     0.030548499653565    -0.017213412855883
     0.031252746094734     0.017089114921895    -0.027694640967498
60 1
    -0.000313323475687     0.000996604245402    -0.000535926524313
     0.001120550673973     0.003289456002771     0.001126882779038
    -0.000562065413202     0.000997237937768    -0.000340817554800
60 2
    -0.001597988158226    -0.001503723135551     0.000356978237591
    -0.001333385833963    -0.000824653124213    -0.000404674760645
    -0.000403579302091     0.001106388731419     0.002498150699169
60 3
    -0.002983000062988    -0.004698133849836     0.003064896888385
    -0.004369048532376    -0.005694909076594     0.005004208175863
     0.003382075459814     0.004565954207609    -0.002366851284958
60 4
    -0.000420813555052     0.000451927658100    -0.000265168587805
     0.000356497102545    -0.000890768203578     0.000364751826657
    -0.000284988032250     0.000488144683799    -0.000523466364324
60 5
     0.001310821365583    -0.001308969167297    -0.001173815413202
    -0.001127443373646     0.001158983780549    -0.001086091427312
    -0.001191734063996    -0.001291849363820     0.001438456254724
60 6
     0.002553732079869     0.001003022896196    -0.000385982079869
    -0.000525947341900    -0.001021204711514    -0.001359966427312
     0.000422763951877    -0.001502208490804    -0.001666375094482
60 7
    -0.002493089348702     0.004589848293021     0.003424660777274
     0.005069259007307    -0.005658389235324    -0.004193073570169
     0.003050847285210    -0.004558883093978    -0.003121881046863
60 8
    -0.000097464348702     0.000903675673973    -0.001517307476694
    -0.000558373929201     0.003244999653565     0.000963777620307
    -0.001642724143361    -0.000228898966994    -0.000540160808768
60 9
    -0.002124138951877     0.003624842340640    -0.004589700333837
     0.003540348293021    -0.002265492409927     0.004564301429831
    -0.004460605095742     0.004603733969514    -0.006006835411943
60 10
    -0.028881783793147     0.031467749086672     0.016326458396321
     0.031125255039053    -0.029068960663895    -0.016017516030486
    -0.017374555492567     0.018440448255228     0.029784841175359
60 11
     0.001628567397329    -0.002340518770471     0.002229313555052
    -0.002463935437138     0.004215063145629     0.000604481985387
     0.002496277840766     0.000379458175863     0.004401547524565
60 12
    -0.002336966332829    -0.000107167579995     0.000213819507433
     0.000065257023180    -0.002534956695641    -0.000088482300328
    -0.000061164619552     0.000169573255228     0.009690263794407
60 13
    -0.002431398872512    -0.003887498929201    -0.005019474143361
    -0.002511348135551    -0.003728649155959    -0.005047829522550
    -0.004644599143361    -0.004021107300328    -0.006391002078609
60 14
     0.003201061444948    -0.000626342183170    -0.000772658667171
     0.000991106229529    -0.000217990425800     0.001465981985387
     0.000283759983623     0.001482444286974    -0.000391736205593
60 15
     0.002030170571932     0.002495876070799     0.002232440539179
     0.002703042737465     0.004774297272613    -0.000392117220962
     0.002453817523306    -0.000259648966994     0.004642989984883
60 16
    -0.028847579428068    -0.016039544564122    -0.031548801524313
     0.017431122102545     0.030862446082137     0.017396521667926
    -0.031553446365583    -0.016048365236835    -0.028788011999244
60 17
    -0.002112002047115     0.004402171705719    -0.003567914619552
     0.004609028848576    -0.006810145187705     0.004603349048879
    -0.003610363032250     0.004401001826657    -0.002102466364324
60 18
    -0.000559617126480     0.001434866150164    -0.000571319381456
     0.001166745118418    -0.001095990425800    -0.000023855316201
     0.000997321491560     0.001167531588561     0.002853739984883
60 19
     0.000686184460821    -0.001508463214916     0.001201250062988
    -0.001399651706979     0.000668894494835     0.001429374842530
     0.001136888951877     0.001290015715545     0.001113120937264
60 20
    -0.002119357205845    -0.000105935437138    -0.000302523746536
     0.000224209404132     0.009224636558327     0.000206277620307
    -0.000269311444948    -0.000115125157470    -0.002129232237339
60 21
    -0.002287190539179    -0.004468760833963    -0.003781120968758
    -0.004538209246662    -0.006557913044848    -0.004526869205089
    -0.003791922556059    -0.004445958490804    -0.002287954459562
60 22
     0.002828160651298     0.001137251070799     0.000991912761401
    -0.000047826310154    -0.001095778124213     0.001189224048879
    -0.000570676524313     0.001489392699672    -0.000588226284958
60 23
     0.000987726127488     0.001299215356513     0.001102950459814
     0.001423403848576     0.000633186161502    -0.001184833490804
     0.001156640936004    -0.001283377141597     0.000623781651550
60 24
    -0.028569692523306     0.016596016943815     0.032147490142353
    -0.015997072341900     0.030338616717057     0.017117341112371
     0.031817621094734    -0.016832440633661    -0.029555627078609
60 25
     0.002075523746536     0.002358814562862    -0.002650970175107
     0.002706596308894     0.004276876637692     0.000260434366339
    -0.002750970175107     0.000540777620307     0.004635488000756
60 26
    -0.029237103237591    -0.033011725119677    -0.017127603111615
    -0.033038925516503    -0.030158680901990    -0.017151073570169
     0.018115275856639     0.018221487937768     0.031413269746788
60 27
    -0.003452712364575    -0.002713963214916     0.004766436570925
    -0.003459318373646    -0.003008609473419     0.004703821271101
     0.004929658793147     0.003376027620307    -0.008224879062736
60 28
    -0.001560640936004     0.000012538769211    -0.000074394778282
     0.000314558610481    -0.002141196775006     0.000446597064752
    -0.000080242000504     0.000531406588561    -0.002027962396070
60 29
     0.001483847159234    -0.001861752897455    -0.002380378905266
    -0.001960213214916     0.004069694098010    -0.000299186665407
    -0.002668688429075    -0.000182595395566     0.004476204270597
60 30
     0.002753126921139    -0.000704026706979     0.001020813555052
     0.000761082420005    -0.000766742409927    -0.001077946586042
    -0.000785404698917    -0.001165881109851    -0.000498240173847
60 31
    -0.002133480221718     0.003586171705719     0.004555168713782
     0.003653259007307    -0.002393542013102    -0.004239281903502
     0.004769781809020    -0.004434625157470    -0.006085646919879
60 32
    -0.000756361174099    -0.000048606072058    -0.001564611048123
     0.001156653848576     0.002906186161502    -0.000612373173343
    -0.001448007873520     0.000859886747292    -0.000398367157974
60 33
    -0.005956714348702     0.004627247102545    -0.004465198349710
     0.004549608213656    -0.002269325743260     0.003521714128244
    -0.004540438429075     0.003649575239355    -0.002137583427816
60 34
    -0.000623676650290     0.001426471308894     0.000117341332829
     0.001372810594608    -0.000417415028975     0.000951628810784
    -0.000934303508440    -0.000668273966994     0.002980497921391
60 35
     0.004622868984631    -0.000335919564122     0.002398857205845
    -0.000456016786344     0.004681678224994     0.002671021667926
     0.002186490142353     0.002434168493323     0.001932672524565
60 36
     0.009659359063996     0.000136141943815    -0.000018281683044
    -0.000106080278408    -0.002526615425800     0.000058245874276
     0.000241428634417    -0.000136908887629    -0.002354694538927
60 37
    -0.006334664745528    -0.004018788611741    -0.004609688429075
    -0.005058411627614    -0.003797861457546    -0.002592394998740
    -0.005038662635425    -0.003881619205089    -0.002343758030990
60 38
     0.029759831286218     0.018441491150164    -0.017326956286218
    -0.015951193373646    -0.029097282092467     0.031083285556815
     0.016286339348702     0.031450781588561    -0.028829361205593
60 39
     0.004447932476694     0.000351455435878     0.002486952443941
     0.000583862181910     0.004229971875787    -0.002427402935248
     0.002222670697909    -0.002338414840010     0.001666210222978
60 40
    -0.000452765936004     0.001331413769211     0.001064986174099
    -0.000503403691106     0.003072204018644    -0.000470652935248
     0.001056152840766     0.001348241906022    -0.000484097316704
60 41
     0.004650626921139     0.002345024880322    -0.000702069381456
     0.002480764959688     0.002297957986898     0.002440803413958
    -0.000677579302091     0.002344378810784     0.004743710222978
60 42
    -0.030770767920131    -0.032398104087931     0.017514648872512
    -0.033017941389519    -0.030059329711514     0.017031985953641
    -0.017117718190980    -0.016679641030486     0.030290614984883
60 43
    -0.205198267920131    -0.051725790595868     0.051375642920131
    -0.050921338214916    -0.204241609473419     0.051229335159990
     0.051005408793147     0.051912821271101    -0.204240386999244
60 44
    -0.002101696491560    -0.000065615992693    -0.000352486048123
    -0.000184290595868    -0.001905686854371    -0.000137817617788
    -0.000353902714790    -0.000008383093978    -0.002084908824641
60 45
     0.004892263825901    -0.002727768770471    -0.000502736048123
    -0.001607800516503     0.000138602828168    -0.001611271982867
    -0.000490466206853    -0.002728196586042     0.004864613000756
60 46
     0.030326678508440    -0.016723147738725    -0.017050821365583
     0.016951657816830    -0.029898095584530    -0.032838968411439
     0.017519982205845    -0.032244018014613    -0.030657843348450
60 47
    -0.203508327443940     0.051028403848576     0.050072136967750
     0.050346245118418    -0.203432760267070    -0.049961819601915
     0.050541019904258    -0.050894670792391    -0.204474521919879
60 48
    -0.029582950459814    -0.016882840199043     0.031776484189972
     0.017064255039053     0.030265948066264    -0.015925533887629
     0.032144121094734     0.016591712144117    -0.028631103269085
60 49
     0.004549315413202     0.000437588372386    -0.002791884857647
     0.000126965356513     0.004269831002771     0.002667964128244
    -0.002685940413202     0.002294218096498     0.002013359032502
60 50
    -0.000334410777274    -0.001208637818090    -0.000838702317964
    -0.001118927500630    -0.000650085663895     0.000836077223482
     0.000990738158226    -0.000640847379693     0.002891047524565
60 51
    -0.005978924666163    -0.004418568373646     0.004729406809020
    -0.004267586230789    -0.002340456695641     0.003635313334593
     0.004534613158226     0.003594222064752    -0.002098825491308
60 52
    -0.001859382999496     0.000529302658100    -0.000094003905266
     0.000439973293021    -0.001935333679768     0.000316914525069
    -0.000092025730663     0.000000870874276    -0.001395859221466
60 53
     0.004548503905266    -0.000182036627614    -0.002672478111615
    -0.000306106072058     0.004176608780549    -0.001983410871756
    -0.002367023746536    -0.001887083490804     0.001515646730915
60 54
     0.031445158667171     0.018168387975561     0.018070521888385
    -0.017164641786344    -0.030005915028975    -0.032896718411439
    -0.017085634857647    -0.032855180713026    -0.029086849300831
60 55
    -0.008162942523306     0.003375872102545     0.004939694507433
     0.004696810594608    -0.002990137251197    -0.003444341427312
     0.004771305618544    -0.002696127141597    -0.003457315570673
60 56
    -0.027871436570925     0.017552844324767    -0.031338478111615
    -0.016907548532376     0.030665130605946    -0.016876893014613
    -0.031372309460821     0.017550690318720    -0.027892087396070
60 57
    -0.194377490142353     0.039647695515243    -0.039875984063996
     0.039594276864449    -0.194521837648022     0.039610452223482
    -0.039836603111615     0.039612761747292    -0.194298456443689
60 58
    -0.027909910777274     0.031196282816830    -0.017283837238599
     0.031141820515243    -0.027768744394054     0.017576160556815
     0.017244109189972    -0.016960039840010     0.030783908635676
60 59
     0.004350351127488    -0.002313490992693     0.000481757999496
    -0.002433405675233     0.001743190129756     0.002496053413958
     0.000551323475687     0.002691753810784     0.004917382842026
60 60
     0.905183190413202     0.000120201467624    -0.012640488032250
     0.000120201467624     0.914964854812295    -0.002668422776518
    -0.012640488032250    -0.002668422776518     0.905237232048375
60 61
    -0.199571932602671    -0.044844506865709    -0.045930386841774
    -0.044700008849836    -0.200413456695641    -0.044723986268581
    -0.045912716206853    -0.044821787855883    -0.199535087396069
60 62
     0.030849694381456    -0.017003324326027     0.017178785777274
     0.017622378054926    -0.027824083679768     0.031180987937768
    -0.017407698349710     0.031267333175863    -0.027875728269085
60 63
     0.005087269778282     0.002707255039053     0.000482345301083
     0.002525794721592     0.001861289336105    -0.002490464443185
     0.000400125062988    -0.002373861268582     0.004505458238851
61 1
    -0.000144696491560     0.005511518927942     0.003293220301083
     0.002708217340640     0.007365644494835     0.002665517699672
     0.003310410777274     0.005539299445704    -0.000187761999244
61 2
    -0.006963486174099    -0.004169183453011     0.002731250062988
    -0.004684719167297    -0.003928964632149     0.004145210159990
     0.005488021888385     0.003341075239355    -0.002132918745276
61 3
    -0.000419248078861    -0.002034469167297    -0.000739456286218
    -0.001880131865709    -0.001800970584530     0.000171843096498
    -0.000066198349710    -0.000880609284455     0.002109454270597
61 4
     0.000544063429075    -0.000354907659360    -0.001427646762409
    -0.000226086230789     0.000224420288486    -0.000185238252708
    -0.001449511841774    -0.000304918808264     0.000447214191232
61 5
    -0.000669051650290    -0.000390179484757    -0.000385543587805
     0.000480098293021    -0.000394577727387     0.000517793493323
    -0.000393007873520    -0.000364162855883    -0.000554363189720
61 6
    -0.002252015936004     0.003366312578735     0.005526164745528
     0.004189094324767    -0.004217391219451    -0.004601081506677
     0.002829615142353    -0.004146021982867    -0.007103694538927
61 7
     0.002023162635425    -0.000861612024439    -0.000067817397329
     0.000172300673973    -0.001830700743260    -0.001765563649534
    -0.000769301524313    -0.001918696586042    -0.000512700491308
61 8
    -0.006368087364575     0.004857590356513    -0.004479910651298
     0.004717417737465    -0.002299811854371     0.003927287540942
    -0.004804872952885     0.003660412540942    -0.002330480253212
61 9
    -0.000343886967750    -0.000413617976820    -0.001527178508440
     0.000923389959688     0.002994821082137    -0.000417938649534
    -0.001494753905266     0.000937170477450    -0.000487654856387
61 10
     0.003530843190980    -0.001502961230789     0.000166730221718
    -0.002050328294281     0.000513852828168     0.002523493890149
     0.000082545697909     0.003088759763165     0.003938646730915
61 11
    -0.029316430618544     0.030079270912069    -0.017347164619552
     0.030292981229529    -0.027818498362308     0.018136241906022
     0.015882004031242    -0.015525355316201     0.029600228080121
61 12
    -0.002952464348702    -0.003530377897455    -0.004115408667171
    -0.003421576310154    -0.003836893203578    -0.004224597379693
    -0.004319188429075    -0.004654490236835    -0.007278555650038
61 13
    -0.002198896888385     0.000785290753338     0.000367797682036
     0.000025068531116    -0.001177335663895     0.000880680398085
     0.002228127047115    -0.000682670792391     0.007624553476946
61 14
     0.001071313429075     0.001086572499370     0.001050988158226
     0.001360522896196     0.001077823066264    -0.001096633093978
     0.000884861174099    -0.001076119205089     0.001074569349962
61 15
     0.003138047556059     0.000980040753338     0.000701087364575
    -0.000304665595868    -0.000470514235324     0.001500142699672
    -0.000903706286218     0.001537287540942    -0.000492954459562
61 16
    -0.196754952443940     0.038595995118418    -0.039557029698917
     0.038656663769211    -0.191468865425800     0.038694031588561
    -0.039632470175107     0.038709446271101    -0.196563206443689
61 17
    -0.029240625062988     0.018110086388259    -0.032007767794155
    -0.017252179484757     0.030327043304359    -0.017163016030486
    -0.032176886841774     0.018155688334593    -0.029207285808768
61 18
     0.004340259857647    -0.000627219167297     0.002969077443941
    -0.000390588214916     0.003395698066264     0.003134404604434
     0.002413547682036     0.003418718096498     0.001100795540438
61 19
    -0.001074688555052     0.001330076467624     0.000711521888385
     0.000746639959688    -0.001658417013102     0.001379634763165
    -0.000733134857647     0.000049202223482     0.002250926492819
61 20
    -0.003579605221718    -0.004841645754598    -0.005208751921139
    -0.003927873929201    -0.006976424949609    -0.003953962459058
    -0.005216585254472    -0.004853188649534    -0.003641051681784
61 21
    -0.001347188555052     0.000362278848576     0.000114525856639
    -0.000096542579995     0.008666150447216    -0.000053609284455
     0.000116553634417     0.000363603017133    -0.001352898904006
61 22
     0.001074912635425     0.003377665753338     0.002385059586798
     0.003095590356513     0.003408785367851    -0.000333141030486
     0.002950299666163    -0.000562545792391     0.004287204270597
61 23
     0.002097853111615     0.000060005039053    -0.000793652714790
     0.001365570515243    -0.001712125346435     0.000991176429831
     0.000680617126480     0.001552934366339    -0.001122537792895
61 24
     0.003549184460821     0.000720931626354    -0.002420988032250
     0.000648969324767     0.004006055209121     0.002633851033006
    -0.002456027714790     0.003331745874276     0.001747928476946
61 25
    -0.028529099269337    -0.017129520754598     0.031624176650290
     0.017156887975561     0.029552690129756    -0.016885680713026
     0.031207631015369     0.017097714128244    -0.028839331443689
61 26
    -0.197405226253464    -0.043487435437138     0.046056543713782
    -0.042999133849836    -0.199017492409927     0.046360186350466
     0.042772002047115     0.042639924445704    -0.198575174697657
61 27
    -0.028051835380448    -0.033793423532376     0.015457833396321
    -0.032493651706979    -0.031331545981355     0.014923456191736
    -0.019351740016377    -0.014874785871756     0.032074051492819
61 28
     0.001012736048123    -0.001947296548249    -0.002784497952885
    -0.002012149722852     0.003544491717057     0.000720981985387
    -0.002339140810028    -0.000133656903502     0.002948718159486
61 29
    -0.001190525856639     0.000423911785084    -0.000062482079869
     0.000493828451751    -0.001652867409927     0.000220448255228
    -0.000023337238599     0.000317591112371    -0.001534490173847
61 30
    -0.002386371094734     0.004995137975561     0.002980335380448
     0.004438249086672    -0.006975678917863    -0.003399061665407
     0.003631696491560    -0.004233444601915    -0.002408434618292
61 31
     0.002633021762409     0.001065961388259    -0.000450309460821
    -0.000302824326027    -0.000644603521038    -0.001174146982867
     0.001005507999496    -0.001066813649534    -0.000857091364324
61 32
    -0.002471734189972     0.003731433610481    -0.004709839222726
     0.003991570515243    -0.002547500346435     0.004654511747292
    -0.004426281683044     0.004787698255228    -0.006627811602419
61 33
    -0.000464212364575     0.000916036785084    -0.001505051524313
    -0.000443850119677     0.003000112748803     0.000977849048879
    -0.001494337238599    -0.000390613252708    -0.000346777872260
61 34
     0.000861325333837    -0.001160989008566     0.000738738158226
    -0.001190397738725     0.000886773463089     0.001326763731418
     0.000886172682036     0.001031662540942     0.000874303476946
61 35
    -0.000540004031242     0.001479120118418    -0.000947870968758
     0.001447649880322    -0.000546758282943    -0.000317093411439
     0.000637216332829     0.000969480001260     0.003059728080121
61 36
    -0.007296763951877    -0.004663193373646    -0.004294634857647
    -0.004281663611741    -0.003811301933736    -0.003476994205089
    -0.004093970175107    -0.003573597379693    -0.003002388983371
61 37
     0.007753462238599    -0.000709123929201     0.002132208396322
     0.000884005039053    -0.001301922965483    -0.000037885078105
     0.000377563555052     0.000754692302847    -0.002122952475435
61 38
     0.003912958270345     0.003035155832703     0.000123440539179
     0.002534223293021     0.000528156399597    -0.002048329522550
     0.000145315539179    -0.001533281903502     0.003465319349962
61 39
     0.029737684460821    -0.015439504881582     0.015814349269337
     0.018425903848576    -0.028027464632149     0.030375481985387
    -0.017375728111615     0.030177896667926    -0.029204484221466
61 40
     0.001100111048123     0.001774953451751    -0.001398742000504
     0.001593012975561     0.001000892510708     0.001615731985387
    -0.001410120968758     0.001822928413958     0.001080208238851
61 41
    -0.000444496094734    -0.000440560437138     0.001182827443941
     0.000980056626354     0.002440896478962     0.000996563334593
     0.001199896888385    -0.000416309681280    -0.000339234221466
61 42
    -0.003526640936004    -0.003677939405392     0.004322420697909
    -0.003766649722852    -0.002867766219451     0.004898745874276
     0.003766757999496     0.003781420477450    -0.006992454459562
61 43
    -0.029513015936004    -0.031641625913328    -0.017612835254472
    -0.031731796548249    -0.029584545981356    -0.017239404919375
     0.017202134983623     0.017787632779038     0.030521418556311
61 44
     0.003818055492567    -0.002362076310154    -0.001161464222726
    -0.002750123929201     0.001177126637692    -0.002672182697153
    -0.001148426524313    -0.002312946586042     0.003862896730915
61 45
    -0.001971984189972     0.000631020912069     0.000186035777274
     0.001293616150164    -0.003411583679768     0.001300362937768
     0.000181509983623     0.000637989921895    -0.002018581443689
61 46
    -0.006999569507433     0.003735141943815     0.003821325459814
     0.004821449483497    -0.002820657092467    -0.003638583490804
     0.004340833396321    -0.003601831506677    -0.003482037792895
61 47
     0.030526299540186     0.017757568531116     0.017171033793147
    -0.017192088214916    -0.029534446775006    -0.031634559681280
    -0.017598378905266    -0.031577734284455    -0.029472466364324
61 48
     0.001742676524313     0.003278699483497    -0.002475868984631
     0.002598546705719     0.003990511558327     0.000684351033006
    -0.002414027714790     0.000762523652053     0.003513077286470
61 49
    -0.029015432602671     0.016957378054926     0.031335761967750
    -0.017007617976820     0.029560144494835     0.017199599048879
     0.031796160777274    -0.017224345395566    -0.028843960411943
61 50
    -0.002189408793147    -0.004338348135551     0.003625069507433
    -0.003485635833963    -0.006801897171832     0.004507462144117
     0.002921214348702     0.005105339128244    -0.002238271919879
61 51
    -0.000789172682036    -0.001073653691106     0.000963803634417
    -0.001177419564122    -0.000587393203578    -0.000284051744772
    -0.000477035651298     0.001096033572688     0.002657480064248
61 52
     0.003154868984631    -0.000216282659360    -0.002339482079869
     0.000638514959688     0.003737104812295    -0.001944825554296
    -0.002766174540186    -0.001885192617788     0.001150946334089
61 53
    -0.001427869110607     0.000310003054926    -0.000058331286218
     0.000238060594608    -0.001566577727387     0.000482224048879
    -0.000070672556059     0.000409353017133    -0.001141672713530
61 54
    -0.197605339348702     0.041821052658100     0.042112918713782
     0.045516524880322    -0.198219101536911    -0.042241083490804
     0.045259716332829    -0.042693119205089    -0.196894668745276
61 55
     0.032070184460821    -0.014923838214916    -0.019389908667171
     0.014835727261275    -0.031376698759133    -0.032535206506677
     0.015394906809020    -0.033738065633661    -0.028025760015117
61 56
    -0.002685559586798     0.004886259007307    -0.003933831286218
     0.004275243134291    -0.006991305901990     0.004293741906022
    -0.003937083270345     0.004924001826657    -0.002702156840514
61 57
    -0.027875363158226    -0.016623889802217    -0.031368587238599
     0.017838193531116     0.030356350844041     0.017880087144117
    -0.031329376921139    -0.016542676744772    -0.027873150888133
61 58
     0.001482216206853    -0.002279052500630     0.002473434586798
    -0.002401012818090     0.004336069098010     0.000773420477450
     0.002227710380448     0.000699896667926     0.004733339191232
61 59
    -0.027855271888385     0.031073923689846     0.016815154824893
     0.030488010991434    -0.027727246378181    -0.016491061665407
    -0.016959950333837     0.017226690318720     0.029879813397581
61 60
    -0.199571932602671    -0.044700008849836    -0.045912716206853
    -0.044844506865709    -0.200413456695641    -0.044821787855883
    -0.045930386841774    -0.044723986268581    -0.199535087396069
61 61
     0.907404944381456    -0.005740717183170     0.006515384983623
    -0.005740717183170     0.914620731796422    -0.009048476347947
     0.006515384983623    -0.009048476347947     0.908269593159486
61 62
     0.004762321365583     0.000659715356513     0.002180182602671
     0.000724044721592     0.004349604812295    -0.002450252141597
     0.002445527840766    -0.002308605316201     0.001584577286470
61 63
     0.030089646762409     0.017318544721592    -0.017165632873520
    -0.016539913611741    -0.027710647171832     0.030642170477450
     0.016780351253464     0.031132450239355    -0.027810486205593
62 1
    -0.000055069507433    -0.000494844167297     0.000890488158226
    -0.000490600119678    -0.000049357489292     0.000852388731418
     0.000977458396321     0.000960898652053     0.003427972127740
62 2
    -0.001342859189972     0.000546453451751    -0.001662732079869
    -0.000454161627614     0.003080658383724     0.000990831191736
    -0.001402680492567    -0.000770950554296    -0.000702809618292
62 3
    -0.002710246094734     0.002809417737465    -0.004782938429075
     0.003295550673973    -0.002125222568657     0.004467714128244
    -0.004307525730663     0.004696489921895    -0.005406436602419
62 4
     0.003090565413202    -0.000479645754598     0.001006621094734
     0.000448096308894    -0.001169456695641    -0.001648117220962
    -0.000690589222726    -0.001338819601915    -0.000564051681784
62 5
    -0.001781174666163     0.003464582420005     0.004408599269337
     0.003070405832703    -0.002087704711514    -0.004716960474931
     0.004624914745528    -0.004316563649534    -0.005095129062736
62 6
    -0.000375013951877    -0.000293175516503     0.000380557602671
    -0.000258473135551    -0.000427893203578     0.000329289525069
     0.000231787761401     0.000218202223482    -0.000896835411943
62 7
     0.001276289619552    -0.000973225119678    -0.001602299540186
    -0.000976391786344     0.001245672272613    -0.001666567617788
    -0.001358003905266    -0.001459347379693     0.000728658635676
62 8
    -0.028304710380448    -0.031695397738725    -0.016484892794155
    -0.031676774722852    -0.028475438838498    -0.016415966427312
     0.017136174666163     0.017233761747292     0.031695128873772
62 9
    -0.001629009983623    -0.003419856072058     0.004239339348702
    -0.003357927500630    -0.001647805901990     0.004248557382212
     0.004360918713782     0.004377894683799    -0.006314545729403
62 10
    -0.000391529824893    -0.000458824326027     0.001288123078861
     0.001095229245402     0.003090350844041     0.000885739921895
     0.000951093316956    -0.000335391030486    -0.000840244142101
62 11
     0.000842321365583     0.001282907816830    -0.001439271762409
     0.001130913769211     0.001219124653565     0.000965487937768
    -0.001315198349710     0.001133743890149     0.000891712207105
62 12
     0.003194287635425     0.001088259007307     0.000915234189972
    -0.000452518770471    -0.000345645187705     0.001170273652053
    -0.000299140810028     0.000867858969514    -0.000799446523054
62 13
     0.001213980095742     0.001013052658100     0.000947440539179
     0.001186126070799     0.000744662351978    -0.001403573570169
     0.001115424666163    -0.001252071586042     0.000889162603930
62 14
    -0.001566184586798    -0.000069790595868    -0.000031993984631
    -0.000118419564122    -0.001464678917863    -0.000064762062232
     0.000143533793147     0.000119730001260     0.009988178476946
62 15
    -0.001908450459814    -0.003800572341900    -0.004413269778282
    -0.003787608056185    -0.001905141219451    -0.004443486268582
    -0.004593408667171    -0.004596738252708    -0.006235845332577
62 16
    -0.000542825459814    -0.001199117976820     0.000620613158226
    -0.001283903691106    -0.000851867409927    -0.000367597379693
    -0.000873547556059     0.000850170477450     0.002803902683296
62 17
    -0.001870248078861    -0.004434151706979     0.003420625062988
    -0.004403621945074    -0.005906958679768     0.004468605001260
     0.003403410777274     0.004387287540942    -0.002050926681784
62 18
    -0.028514488158226     0.015994542737465     0.031158470301083
    -0.017482780675233     0.029910571082137     0.018342525636180
     0.030918595301083    -0.015822057697153    -0.028801970332577
62 19
     0.001935188429075     0.002073963372386    -0.002457585254472
     0.002275072499370     0.004757581002771     0.000270380794911
    -0.002484587238599     0.000429926429831     0.004607160619803
62 20
     0.003006146762409    -0.000920758849836    -0.000830734063996
     0.000187933610481    -0.000742301933736     0.001118408572688
     0.000767087364575     0.001039285556815    -0.000545817554800
62 21
     0.001883938429075     0.002132165753338     0.002052543713782
     0.002291014959688     0.004812398463089    -0.000680738252708
     0.002291101253464    -0.000725047776518     0.004538710222978
62 22
    -0.002298960380448     0.000318302658100    -0.000401047556059
     0.000031022896196     0.009842033383724     0.000008105001260
    -0.000199902714790    -0.000187696586042    -0.002434186602419
62 23
    -0.001815894904258    -0.004955483056185    -0.003653259857647
    -0.004256871945074    -0.006049627330562    -0.004318702538423
    -0.002276460254472    -0.005477841427312    -0.003056928665911
62 24
    -0.028619438555052     0.032312818531116     0.016547154824893
     0.031985026864449    -0.029202446775006    -0.016979402935248
    -0.016173855095742     0.016829095080625     0.030464412603930
62 25
     0.002298402714790    -0.002619383849836     0.002232319507433
    -0.002703804484757     0.004569438145629     0.000382940318720
     0.002598303634417     0.000076313334593     0.004812152683296
62 26
    -0.028932849269337    -0.017145298532376    -0.032949813429075
     0.017752048689846     0.031487255605946     0.017863932382212
    -0.032925075333837    -0.017396851347947    -0.029594940570673
62 27
    -0.003248458396322     0.004939213372386    -0.002847398746536
     0.005030530832703    -0.007833922965482     0.003174202223482
    -0.003643817397329     0.004567438334593    -0.002780589380197
62 28
     0.002952988032250     0.000989215356513    -0.000663605095742
    -0.000801342183170    -0.000510885267070    -0.001225146982867
     0.000821281809020    -0.001172807697153    -0.000723172713530
62 29
    -0.001987398872512     0.004617173689846     0.003506410777274
     0.004826760991434    -0.006123119394054    -0.004637555713026
     0.003553210380448    -0.004434184681280    -0.002310756046863
62 30
    -0.001308119110607    -0.000174475119677    -0.000153896762409
    -0.000204443373646    -0.001669430901990     0.000248434366339
     0.000185244110607     0.000132529604434    -0.001711450491308
62 31
     0.001661523746536    -0.002261776706979    -0.002030041603678
    -0.002562141786344     0.004807019494835    -0.000421150951121
    -0.002161069381456    -0.000500589443185     0.004528767762661
62 32
    -0.000553982205845    -0.001203679484757    -0.000495946365583
    -0.001116121945074    -0.000237752330562     0.000676882779038
     0.000723515936004    -0.000801202538423     0.003227672524565
62 33
    -0.005770960380448    -0.004366576310154     0.004397091332829
    -0.004507417579995    -0.001821639235324     0.003379345080625
     0.004429210380448     0.003416610953641    -0.001971418745276
62 34
    -0.000402047682036     0.000306397896196     0.001154006015369
    -0.000800465199043     0.003389146478962    -0.000858240236835
     0.001106970301083     0.000768011747292    -0.000329462396070
62 35
     0.004835247952885     0.002416132023180    -0.000504353111615
     0.002256707420005     0.002211989732930     0.002274652620307
    -0.000583361048123     0.002473954207609     0.004870337207105
62 36
     0.029989238032250    -0.017567056468884     0.018356757999496
     0.016037018927942    -0.028626803917863     0.031206376826657
    -0.015931797556059     0.031003501826657    -0.028709154856387
62 37
     0.004792839222726     0.002604387975561     0.000210351253464
     0.002389437578735     0.001564575050391    -0.002687389046359
     0.000400236174099    -0.002761333490804     0.004492281651550
62 38
     0.009889585254472    -0.000028332262535     0.000072833396321
     0.000294405832703    -0.002292845584530    -0.000353833490804
    -0.000152511841774    -0.000205057697153    -0.002405821523054
62 39
    -0.005975813555052    -0.004390992976820    -0.004237882873520
    -0.005072663611741    -0.001867716616276    -0.003842021982867
    -0.005411930492567    -0.002340004125724    -0.003155250094482
62 40
    -0.029008886967750     0.031962840356513    -0.016841224143361
     0.032270570515243    -0.028416484473419     0.016552728017133
     0.016968926650290    -0.016286472379693     0.030705067365835
62 41
     0.004928380889393    -0.002636423532376     0.000383220301083
    -0.002545010833963     0.002457894494835     0.002268184366339
     0.000099569507433     0.002588039525069     0.005061124905518
62 42
    -0.000578013951877    -0.000805802500630    -0.001336811444948
     0.000939157816830     0.002845481796422    -0.000658258093978
    -0.001302944381456     0.000795144683799    -0.000766595332577
62 43
    -0.006281513951877     0.004886510991434    -0.004674067397329
     0.004617760991434    -0.002078547965482     0.003498091112371
    -0.004418817397329     0.003571856985387    -0.002397972316704
62 44
     0.031499307476694     0.017841560594608     0.017965303634417
    -0.017260441389519    -0.029284125346435    -0.033306811665407
    -0.017437503905266    -0.033260472379693    -0.029934119142101
62 45
    -0.007913857205845     0.005008907816830     0.003181553634417
     0.004940173689846    -0.003270085663895    -0.002878641030486
     0.004596432602671    -0.003699535871756    -0.002817347316704
62 46
    -0.001878817523306    -0.000053096151424     0.000278843316956
    -0.000009617976820    -0.001474784076594    -0.000186962459058
     0.000182131015369     0.000129642699672    -0.002000178665911
62 47
     0.004684801524313    -0.002555544564122    -0.000425073349710
    -0.002284155675233     0.001636426240867    -0.001967563649534
    -0.000492456286218    -0.002107385078105     0.004218142762661
62 48
    -0.000473571491560     0.001065836388259     0.001181523872512
     0.001088479245402    -0.000430115425800     0.001150597064752
    -0.000654230095742    -0.000706377141597     0.003129936413454
62 49
     0.004710694381456    -0.000855860040312     0.002016529824893
    -0.000878560437138     0.004574892510708     0.002003845080625
     0.002109333396322     0.002121753810784     0.002173773715042
62 50
    -0.030041406809020     0.017629288769211    -0.032376412635425
    -0.016792203294281     0.031009850844041    -0.016812666824137
    -0.033060488032250     0.016799313334593    -0.029408537792895
62 51
    -0.201525670697909     0.048036858213656    -0.048269303508440
     0.047316512975561    -0.201373645187705     0.048301194286974
    -0.047525488032250     0.048009007779038    -0.200799535808768
62 52
     0.030833995968758    -0.016714895754598    -0.016735214222726
     0.017847197499370    -0.030501897171832    -0.032727329522550
     0.016967373078861    -0.033412343411439    -0.029712569538927
62 53
    -0.202975367126480     0.049327264959688     0.050299686570925
     0.049838868134291    -0.203159204711514    -0.049998279919375
     0.050022125062988    -0.049497672776518    -0.202505688586546
62 54
    -0.001677337364575    -0.000293060437138    -0.000045438429075
    -0.000300667579995    -0.001780353521038    -0.000115712459058
    -0.000165986048123    -0.000211394998740    -0.001435059618292
62 55
     0.005125061444948    -0.000381326310154    -0.002981390810028
    -0.000431215199043     0.005143174256740    -0.002973710474931
    -0.001818795571932    -0.001829466427312     0.000447599111867
62 56
    -0.028018557602671    -0.031818479087931     0.017414686570925
    -0.031761574326027    -0.027964432886117     0.017454987937768
    -0.017386785651298    -0.017421773966994     0.030842827286470
62 57
    -0.197047236174099    -0.042841502897455     0.042816305618544
    -0.042876248929201    -0.197434901140086     0.042988583175863
     0.042891295697909     0.043016047461577    -0.196771291761149
62 58
    -0.027933531809020    -0.017314415595868     0.031390577443941
     0.017542044721592     0.031117067113883    -0.017409958490804
     0.031262757999496     0.017416495874276    -0.027838426681784
62 59
     0.004596355095742     0.000446810594608    -0.002476202317964
     0.000530943531116     0.005156751637692     0.002548559366339
    -0.002636402714790     0.002318789525069     0.001959047524565
62 60
     0.030849694381456     0.017622378054926    -0.017407698349710
    -0.017003324326027    -0.027824083679768     0.031267333175863
     0.017178785777274     0.031180987937768    -0.027875728269085
62 61
     0.004762321365583     0.000724044721592     0.002445527840766
     0.000659715356513     0.004349604812295    -0.002308605316201
     0.002180182602671    -0.002450252141597     0.001584577286470
62 62
     0.890869948349710    -0.008952397738725     0.002953075459814
    -0.008952397738725     0.892022477828168     0.007662118890149
     0.002953075459814     0.007662118890149     0.899560811413454
62 63
    -0.198463601253464    -0.045286068373646    -0.044920615016377
    -0.045310856072058    -0.198617774155959    -0.044945583490804
    -0.044467101127488    -0.044414200554296    -0.199948877078609
63 1
     0.000344255889393     0.003482197499370     0.005364561570925
     0.003453104245402     0.000407640526581     0.005322319286974
     0.002319142920131     0.002383946271101     0.007666908635676
63 2
    -0.006309908793147     0.003106870118418    -0.004543408667171
     0.005790792737465    -0.001821343600403     0.003447386747292
    -0.004865370968758     0.004268847064752    -0.004018248110355
63 3
     0.000091704302091    -0.000823665595868    -0.002088615016377
    -0.000104994960947     0.002457900447216    -0.001176980316201
    -0.001911591206853    -0.000143962459058    -0.001320000094482
63 4
    -0.001538359189972     0.005699145912069     0.003287069507433
     0.003002800673973    -0.006049208679768    -0.004574936665407
     0.004073970301083    -0.004975521982867    -0.003774240173847
63 5
     0.002748275730663     0.000168749086672    -0.001191077317964
    -0.000521264802217     0.000626168304359    -0.002014529919375
    -0.000124400730663    -0.001816766030486    -0.000942567554800
63 6
     0.000819311444948    -0.001410383849836    -0.000490118984631
    -0.001385393770471     0.000757229812295    -0.000578654919375
    -0.000406152714790    -0.000466500157470     0.000458851095994
63 7
    -0.000479134983623    -0.000122933453011    -0.000716976127488
    -0.000131687421265    -0.000519454711514    -0.000829387062232
     0.000188680618544     0.000078075239355    -0.000656154856387
63 8
    -0.199151009983623    -0.042910231072058     0.042460680618544
    -0.042698195357773    -0.199689065822625     0.042424214128244
     0.041717109189972     0.041888434366339    -0.195105684618292
63 9
    -0.028142684586798    -0.031383689405392     0.017852537761401
    -0.031082098135551    -0.028229807886117     0.017749237937768
    -0.017231271762409    -0.017442682697153     0.030863265778534
63 10
     0.004658295571932     0.003178842340640    -0.000791303508440
     0.002630058610481     0.001617723859914     0.003114045477450
    -0.000500722159234     0.002879156588561     0.003919192365835
63 11
    -0.000627478237591     0.000828199483497     0.001352551650290
    -0.000672881865709     0.002541747669438    -0.000363956506677
     0.000799486174099     0.000926541509196    -0.001234851284958
63 12
     0.001723863032250     0.002693425673973     0.003165432602671
     0.003209185594608     0.004772852828168    -0.000926420792391
     0.002945043713782    -0.000658593411439     0.003971739984883
63 13
     0.002567305492567    -0.000742780675233    -0.000385361048123
     0.000680330435878    -0.000744339632149     0.001407981985387
     0.000967234189972     0.000788101033006    -0.001207775888133
63 14
    -0.002676484189972    -0.004841998929201    -0.004923045571932
    -0.004833090199043    -0.002484930901990    -0.004911081506677
    -0.004006906683044    -0.003998472379693    -0.006026385015117
63 15
    -0.000455625062988     0.000460469324767     0.000193553634417
     0.000450096308894    -0.000437893203578     0.000181569286974
    -0.000001974143361    -0.000081565633661     0.009324466175359
63 16
    -0.006510000062988    -0.004215576310154     0.004479686570925
    -0.004397074326027    -0.002301369394054     0.003281208175863
     0.004375261967750     0.003566593096498    -0.002384035808768
63 17
     0.000117077317964    -0.001270235040312    -0.000632301524313
    -0.001349167579995    -0.000202960663895     0.000618785556815
     0.000759970301083    -0.000695789840010     0.003332134826153
63 18
     0.004016712238599     0.000185334404132    -0.001911081286218
     0.000259423689846     0.004323194098010     0.002824956191736
    -0.002291220175107     0.002411239921895     0.001060466175359
63 19
    -0.029034111174099    -0.017887869960947     0.030679238158226
     0.015433026864449     0.030223954018644    -0.015767188649534
     0.030724222285210     0.018905599048879    -0.028165527872260
63 20
     0.001190722159234     0.001031407816830     0.000791214348702
     0.000855387975561     0.001036196082137    -0.001574535871756
     0.001067646888385    -0.001638291824137     0.000960743953137
63 21
     0.003263013825901     0.000651207420005     0.000593867126480
    -0.000951530675233    -0.000133353521038     0.001062317302847
    -0.000721839222726     0.001061374842530    -0.000410728269085
63 22
    -0.002596634983623    -0.004031155675233    -0.003877224143361
    -0.004156272738725    -0.006922093600403    -0.004798339443185
    -0.003809093190980    -0.004532023966994    -0.003463500094482
63 23
    -0.001753944507433     0.000683558610481     0.000681563555052
     0.002301957420005     0.008162995685311    -0.001168771982867
    -0.000077150730663     0.000539581191736    -0.000672742157974
63 24
     0.004128761841774    -0.002303264802217     0.000541353237591
    -0.002433018770471     0.002363801240867     0.003032277620307
     0.000423329428068     0.002397517699672     0.004442724111867
63 25
    -0.028930146888385     0.032173407816830    -0.017203607079869
     0.031947274880322    -0.028733813838498     0.016535370874276
     0.017445113158226    -0.017382514046359     0.030183714191232
63 26
    -0.197290398872512     0.045429993134291    -0.043138115016377
     0.043033753054926    -0.197658121378181     0.042064112937768
    -0.043093390810028     0.045527946271101    -0.198557004062736
63 27
    -0.027847257999496     0.015505630039053    -0.034206700333837
    -0.019458514802217     0.032539325050391    -0.015310742220962
    -0.033073382873520     0.014555485953641    -0.030944902872260
63 28
    -0.002066811570925     0.003100882023180     0.005088093316956
     0.003901237181910    -0.002207012251197    -0.004335466427312
     0.004469716332829    -0.003582135078105    -0.006805111205593
63 29
     0.003148176524313    -0.000249159643487     0.000870359189972
     0.001122965356513    -0.000532371378181    -0.001382625157470
    -0.000533730095742    -0.001469887062232    -0.000298194538927
63 30
     0.001678456286218    -0.002891183453011    -0.002112198349710
    -0.002422489008566     0.003644692113883    -0.000566010078105
    -0.002215446365583     0.000273202223482     0.004227111016629
63 31
    -0.000691150856639     0.000084764959688     0.000157156809020
     0.000079812578735    -0.000905982489292     0.000012404604434
     0.000240615142353    -0.000038541824137    -0.001079295729403
63 32
    -0.002135156809020    -0.004374387818090     0.003377877047115
    -0.004114167579995    -0.006257379314689     0.004545938334593
     0.003645950459814     0.004431220080625    -0.002138765967498
63 33
     0.000001740016377    -0.001330409643487     0.000673164745528
    -0.001319588214916     0.000188483780549    -0.000673099363820
    -0.000660480095742     0.000665408572688     0.003389392762661
63 34
     0.001369402714790     0.000974689562862    -0.001512920571932
     0.001184614166037     0.001540394494835     0.000788690318720
    -0.001545345175107     0.001048309366339     0.001157849111867
63 35
    -0.000051176650290    -0.000814326310154     0.001217220301083
     0.000801661785084     0.003545987748803     0.000707333175863
     0.001189448475687    -0.000601248173343    -0.000146726284958
63 36
     0.004421688429075     0.000150485197783     0.002912581412195
     0.000163973293021     0.004105194098010    -0.001888192617788
     0.002397761967750    -0.002292575554296     0.001087406651550
63 37
     0.030173664619552     0.015890304642227    -0.016034450333837
    -0.017530233056185    -0.029543051933736     0.030331166509196
     0.018280170697909     0.030360089128244    -0.027859531840514
63 38
    -0.006903464348702    -0.004199165595868    -0.004770468190980
    -0.004080764802217    -0.002533347568657    -0.003835402935248
    -0.004458327317964    -0.003750510078105    -0.003491635015117
63 39
     0.008155011841774     0.002348048689846    -0.001077434460821
     0.000527415753338    -0.001788093600403     0.000552783572688
     0.000595004031242    -0.000115831506677    -0.000676063586546
63 40
     0.002508563429075    -0.002423367976820     0.003174849269337
    -0.002331975119677     0.004259388542454     0.000448658572688
     0.002528111174099     0.000326325239355     0.004557878873772
63 41
    -0.028216043713782     0.031720368134291     0.016595668713782
     0.031886318531116    -0.028310482489292    -0.017092635078105
    -0.017394370968758     0.017298462144117     0.030378436413454
63 42
    -0.002377188555052     0.003842364166037    -0.004356988032250
     0.003133362181910    -0.002205895187705     0.004998172461577
    -0.003623884857647     0.004462067302847    -0.006903533824641
63 43
    -0.000608438555052     0.001165677658100    -0.001388993984631
    -0.000214284643487     0.003061200050391     0.000822146667926
    -0.001480257873520    -0.000561095395566    -0.000384285808768
63 44
    -0.199772617126480     0.044654727261275     0.043993502047115
     0.047339512975561    -0.198603127330562    -0.045047131109851
     0.047632180618544    -0.044965424760645    -0.200403057634165
63 45
     0.032572218190980    -0.019398425516503    -0.015208622952885
     0.015602128054926    -0.027876087648022    -0.034333085474931
     0.014728742126480    -0.033036488252708    -0.030907410808768
63 46
     0.003377882873520    -0.002299804484757    -0.000369333270345
    -0.002792913611741     0.001573588939279    -0.002293156903502
     0.000429315539179    -0.002392309681280     0.003971382842026
63 47
    -0.001070748078861     0.000132372102545     0.000030000062988
     0.000126048689846    -0.000772700743260     0.000207491906022
    -0.000064021762409     0.000293662540942    -0.001327045729403
63 48
     0.001319503905266    -0.001398871945074     0.001528097285210
    -0.001369941389519     0.001338132590073     0.001447027620307
     0.001324954428068     0.001268920477450     0.001271122921391
63 49
    -0.000108605221718     0.001284931626354    -0.000758271762409
     0.001254268927942    -0.000283859473419    -0.000845349363820
     0.000683517920131     0.000615051429831     0.002670210222978
63 50
    -0.002438706412195     0.004373205435878    -0.003758089222726
     0.003918501070799    -0.006268526140086     0.003398513731418
    -0.003792053508440     0.004386110953641    -0.002079101284958
63 51
    -0.028662220301083    -0.017224100119677    -0.031835355095742
     0.017543592340640     0.031188352828168     0.017506499842530
    -0.031894303508440    -0.017342819601915    -0.029062974300831
63 52
    -0.006351803634417     0.004061395912069     0.003564359189972
     0.004566651864449    -0.002695899155959    -0.003888523966994
     0.004579932602671    -0.004013545792391    -0.002192758030990
63 53
     0.031211958270345     0.017587556626354     0.017610509983623
    -0.017279802500630    -0.028882831695641    -0.032025099363820
    -0.017442190413202    -0.032124500157470    -0.029193502078609
63 54
     0.004547488032250    -0.001020893770471    -0.002375740016377
    -0.001038088214916     0.004404019494835    -0.002430031903502
    -0.002736176524313    -0.002815597379693     0.001832876889645
63 55
    -0.001546738158226     0.000277340356513     0.000361307602671
     0.000279864166037    -0.001490952727387     0.000350470080625
     0.001021763951877     0.000998581191736    -0.002952714380197
63 56
    -0.002257232205845    -0.003921437421265     0.004678384983623
    -0.003917869960947    -0.002239184870244     0.004666043493323
     0.004031023872512     0.004026773652053    -0.006536986205593
63 57
    -0.027735160777274    -0.031661461230789    -0.017046745968758
    -0.031730669564122    -0.027861653124213    -0.017170486268582
     0.017721605221718     0.017702220080625     0.030904644746788
63 58
     0.001995918587805     0.002593251070799    -0.002504599143361
     0.002396999086672     0.005285940129756     0.000416597064752
    -0.002635807476694     0.000505043493323     0.004741884826153
63 59
    -0.027709694507433     0.017215977261275     0.031252746094734
    -0.017036852103804     0.030548499653565     0.017089114921895
     0.030922156809020    -0.017213412855883    -0.027694640967498
63 60
     0.005087269778282     0.002525794721592     0.000400125062988
     0.002707255039053     0.001861289336105    -0.002373861268582
     0.000482345301083    -0.002490464443185     0.004505458238851
63 61
     0.030089646762409    -0.016539913611741     0.016780351253464
     0.017318544721592    -0.027710647171832     0.031132450239355
    -0.017165632873520     0.030642170477450    -0.027810486205593
63 62
    -0.198463601253464    -0.045310856072058    -0.044467101127488
    -0.045286068373646    -0.198617774155959    -0.044414200554296
    -0.044920615016377    -0.044945583490804    -0.199948877078609
63 63
     0.885181849143360    -0.002261026706979    -0.000033416603679
    -0.002261026706979     0.885138723859914     0.006102597064752
    -0.000033416603679     0.006102597064752     0.897897184429327